customer_id,age,tenure_years,geography,credit_score,balance,num_products,has_credit_card,estimated_salary,spend_trend,complaint_frequency,reward_redemption_rate,monthly_transactions,inactive_months,is_active_member,churn
CUST000001,56,7,Germany,777,54735.7,4,1,153959.58,0.0091,0.01,0.6469,8,4,1,0
CUST000002,69,10,Germany,698,78557.23,2,1,65239.77,0.4733,1.46,0.3025,9,0,1,0
CUST000003,46,5,India,761,172433.26,2,1,137162.02,-0.2638,0.19,0.1393,21,4,0,0
CUST000004,32,6,Germany,720,52382.3,1,1,68834.42,0.3012,2.02,0.4932,11,0,0,1
CUST000005,60,0,USA,781,99822.71,1,1,79975.71,-0.1356,0.35,0.6091,9,1,1,0
CUST000006,25,2,USA,609,144260.08,2,1,75353.59,0.1702,1.45,0.3892,8,4,0,0
CUST000007,38,2,USA,634,104981.55,1,1,60297.66,0.2905,0.39,0.6006,10,0,1,0
CUST000008,56,1,USA,634,45398.98,1,0,142423.74,-0.1618,0.13,0.0452,11,2,1,0
CUST000009,36,6,France,635,3273.96,2,0,129690.33,-0.1028,0.56,0.278,15,8,1,1
CUST000010,40,8,USA,524,151569.66,3,1,130895.67,0.1432,0.24,0.314,6,3,0,0
CUST000011,28,3,France,663,10745.58,1,0,88804.66,-0.21,0.31,0.2561,19,6,1,0
CUST000012,28,11,India,713,52522.92,4,1,93635.57,0.2067,0.3,0.5026,14,0,0,0
CUST000013,41,4,Germany,595,78104.42,2,1,124450.04,0.0692,0.34,0.3208,14,1,1,0
CUST000014,70,2,Germany,576,154332.89,1,0,67696.5,0.1379,0.55,0.2012,12,2,0,0
CUST000015,53,10,Germany,639,137857.87,2,1,82887.94,-0.1372,0.11,0.447,18,0,1,0
CUST000016,57,8,USA,712,85197.27,3,1,150774.4,-0.1502,0.24,0.6164,6,0,1,0
CUST000017,41,13,USA,563,151192.32,2,0,125052.35,-0.301,0.8,0.2061,9,1,0,0
CUST000018,20,3,France,836,164827.12,2,0,161967.67,0.1181,1.13,0.4789,10,4,0,0
CUST000019,39,4,Germany,546,46446.23,2,1,18000.0,-0.2522,0.22,0.4801,15,1,0,0
CUST000020,70,0,India,604,51621.65,2,1,176815.37,-0.0307,0.24,0.213,8,1,1,0
CUST000021,19,10,Germany,740,122450.05,1,1,150765.42,0.2421,0.52,0.6729,10,4,1,0
CUST000022,41,11,USA,727,181213.84,1,1,151657.67,0.5167,3.17,0.4774,13,0,0,1
CUST000023,61,14,India,720,32920.14,1,1,28887.27,0.1347,0.64,0.352,15,1,0,0
CUST000024,47,12,France,595,38211.55,1,0,79778.62,0.0733,1.34,0.1752,16,2,0,1
CUST000025,55,1,USA,610,116275.03,2,1,85884.85,-0.2849,2.01,0.3241,17,2,1,0
CUST000026,19,11,Germany,581,160588.78,2,0,114362.87,-0.0685,0.81,0.7268,16,0,1,0
CUST000027,38,12,India,624,84027.81,1,1,191574.39,-0.0581,0.59,0.637,8,6,1,0
CUST000028,50,8,India,680,239309.56,2,1,116162.56,0.1493,1.16,0.2603,23,1,0,0
CUST000029,29,1,USA,581,24096.54,1,1,162603.85,-0.0323,0.31,0.4365,11,7,1,0
CUST000030,39,4,India,510,29984.23,2,1,173187.27,0.5673,2.88,0.3582,15,0,1,0
CUST000031,61,12,Germany,743,29142.37,2,1,139419.78,0.1752,0.52,0.727,10,0,0,0
CUST000032,42,7,India,635,81400.13,1,1,117052.77,0.2337,2.11,0.6729,15,0,1,0
CUST000033,66,2,USA,709,82820.7,3,1,165745.17,0.1752,1.14,0.823,15,9,1,0
CUST000034,44,5,India,625,28273.73,3,1,30555.31,-0.1983,0.19,0.1337,10,0,1,0
CUST000035,59,3,India,693,145646.69,1,1,136591.98,-0.0915,0.2,0.4487,9,1,1,0
CUST000036,45,10,Germany,836,92603.99,2,1,179792.71,-0.0711,0.34,0.1273,11,1,0,0
CUST000037,33,6,India,558,11841.27,1,0,113190.58,0.3476,0.37,0.4461,19,1,0,0
CUST000038,32,9,USA,587,114051.37,1,1,134344.75,0.301,0.01,0.5037,6,2,1,0
CUST000039,64,13,France,577,49937.7,4,0,155166.0,0.1298,1.55,0.5932,15,4,0,0
CUST000040,68,12,Germany,818,82297.77,2,1,87936.63,0.108,0.22,0.0684,12,0,1,0
CUST000041,61,2,Germany,648,131013.57,1,1,250494.75,0.2185,1.39,0.4466,17,0,1,0
CUST000042,72,5,India,720,137944.74,2,1,47951.22,-0.3244,0.53,0.4646,10,0,1,0
CUST000043,69,14,India,438,132827.04,2,1,18000.0,0.0838,0.72,0.6442,19,10,0,0
CUST000044,74,11,France,679,79081.25,3,0,139187.95,-0.3239,0.62,0.1585,7,5,1,0
CUST000045,20,14,Germany,621,15562.43,1,1,75552.59,-0.0119,2.32,0.3367,17,0,1,0
CUST000046,54,9,USA,761,56245.98,2,1,113537.89,0.2757,0.43,0.0575,15,5,1,0
CUST000047,68,8,Germany,702,77438.04,3,1,118041.1,-0.1895,0.39,0.3608,12,8,0,0
CUST000048,24,10,USA,616,171863.31,2,0,126143.25,0.3799,0.76,0.4146,13,2,1,0
CUST000049,38,9,India,776,43383.49,1,0,41532.47,0.2336,0.38,0.1982,12,3,1,0
CUST000050,26,0,Germany,783,88508.89,1,0,68722.33,0.0622,0.75,0.4551,11,2,1,0
CUST000051,56,2,Germany,770,443.7,1,1,159142.07,0.0475,0.68,0.1774,8,0,0,0
CUST000052,35,1,USA,710,97113.01,1,1,78266.22,-0.194,1.19,0.1739,13,0,1,0
CUST000053,21,7,France,627,73183.59,3,1,98355.41,-0.2381,3.68,0.3919,10,0,0,0
CUST000054,42,6,India,668,67988.0,2,1,75982.59,-0.1726,3.03,0.1271,14,6,0,1
CUST000055,31,1,India,616,128490.96,1,1,126497.99,-0.0933,0.11,0.6519,9,1,1,0
CUST000056,67,5,France,667,33483.87,2,0,82622.85,0.1388,0.48,0.2915,15,0,1,0
CUST000057,26,14,Germany,602,162854.51,2,1,180674.91,-0.1842,0.44,0.238,13,2,1,0
CUST000058,43,2,USA,636,28904.05,2,1,64876.8,-0.0495,0.17,0.4056,13,1,1,0
CUST000059,70,7,India,821,160695.32,1,1,33546.96,0.2492,1.09,0.0989,16,0,0,0
CUST000060,19,9,India,674,22962.08,1,1,44548.11,-0.2921,2.77,0.6495,8,2,0,1
CUST000061,37,12,Germany,615,94962.31,1,1,157304.53,-0.2814,0.13,0.4582,17,5,0,1
CUST000062,45,2,India,561,113838.4,1,1,43997.22,0.0016,0.25,0.1782,8,8,1,0
CUST000063,64,9,Germany,642,53695.55,1,1,36766.34,0.0703,1.54,0.0754,13,4,1,0
CUST000064,24,13,France,709,93222.52,2,1,138792.57,0.0494,0.29,0.4632,18,0,1,0
CUST000065,61,8,Germany,660,53457.15,1,0,188529.01,0.3562,0.47,0.0499,13,1,0,0
CUST000066,25,0,India,645,103761.07,1,1,205024.81,-0.17,1.08,0.4112,16,3,1,0
CUST000067,64,4,Germany,684,91522.43,4,1,96047.12,-0.2668,0.11,0.1917,10,2,0,0
CUST000068,52,2,India,681,213449.74,2,1,18000.0,-0.4375,0.6,0.2234,15,1,0,0
CUST000069,31,5,India,706,9472.06,2,1,93046.64,-0.0191,0.09,0.0733,10,5,1,0
CUST000070,34,9,India,708,88457.44,1,1,160938.73,0.1375,0.29,0.0247,9,6,1,0
CUST000071,53,1,India,642,49910.03,2,1,51758.17,0.15,0.22,0.0433,6,0,1,0
CUST000072,67,8,France,638,83722.85,1,1,75135.12,0.0028,1.05,0.4858,6,0,1,0
CUST000073,57,5,India,650,67577.0,2,1,117493.32,-0.0448,0.13,0.3205,12,1,0,0
CUST000074,21,6,India,694,54391.92,1,1,159831.34,0.0935,0.87,0.4142,10,0,1,0
CUST000075,19,4,France,739,43570.51,2,1,55950.06,0.1022,0.69,0.5606,18,1,1,0
CUST000076,23,8,India,623,120291.44,4,1,154367.23,-0.1981,0.9,0.0779,5,1,1,0
CUST000077,71,0,Germany,636,52865.82,1,1,136848.04,0.1978,1.67,0.3728,13,1,1,0
CUST000078,59,4,India,584,74653.05,1,1,90464.64,0.2008,0.61,0.4016,7,2,1,0
CUST000079,21,10,India,530,87516.58,1,1,139943.67,-0.3442,1.02,0.4209,10,1,0,0
CUST000080,71,9,France,550,31079.66,2,0,151249.88,-0.0725,1.31,0.111,14,2,1,1
CUST000081,46,10,India,569,113775.23,1,1,182341.78,-0.2248,0.95,0.1837,15,4,0,0
CUST000082,35,5,USA,596,16564.19,2,1,175527.43,0.0077,0.31,0.6482,14,6,1,0
CUST000083,43,6,India,686,106587.04,1,1,48213.89,-0.1198,2.6,0.3313,10,4,1,1
CUST000084,61,11,India,564,100916.98,1,1,125872.42,0.0935,0.05,0.1222,13,0,1,0
CUST000085,51,3,India,651,67752.82,2,1,100875.35,-0.2377,0.37,0.2321,12,5,1,0
CUST000086,27,11,India,717,8119.02,2,0,120578.4,0.1481,1.38,0.1975,11,3,1,0
CUST000087,53,12,India,583,76417.79,4,1,105141.98,0.6315,0.34,0.5314,11,8,0,0
CUST000088,31,0,Germany,610,11994.25,1,0,110683.6,0.124,0.63,0.4879,8,4,1,0
CUST000089,48,14,USA,544,69056.5,1,1,102293.65,0.3663,0.12,0.6437,18,0,1,0
CUST000090,65,10,India,573,124911.62,1,1,72948.28,-0.0015,1.56,0.3811,14,0,1,0
CUST000091,32,7,USA,759,75042.28,3,1,114580.06,-0.2113,2.14,0.0848,11,1,1,0
CUST000092,25,9,France,690,153750.2,2,0,147154.49,-0.0449,3.31,0.2902,11,0,1,0
CUST000093,31,3,France,821,94295.18,3,1,93915.53,0.1844,0.06,0.4297,13,1,1,0
CUST000094,40,2,Germany,591,123944.96,4,1,78075.38,0.0395,0.18,0.392,14,2,1,0
CUST000095,74,11,France,770,120436.12,2,1,113134.02,-0.04,0.55,0.4392,12,1,0,0
CUST000096,57,6,India,591,163241.07,1,1,120945.74,0.2311,0.25,0.1088,10,2,1,0
CUST000097,38,11,India,609,4917.07,1,1,69843.9,0.0236,0.82,0.2821,15,2,0,0
CUST000098,33,1,USA,850,43574.54,1,1,83564.91,-0.356,1.49,0.1761,15,1,0,0
CUST000099,62,7,USA,583,77729.7,2,1,48813.66,0.1959,0.11,0.1079,14,2,1,0
CUST000100,35,13,USA,776,125642.24,1,1,118933.46,0.103,0.0,0.6004,18,0,0,0
CUST000101,64,5,USA,647,86438.77,2,0,87188.75,0.3276,4.06,0.3719,8,11,1,1
CUST000102,70,6,France,563,75602.31,1,1,169013.49,0.1436,0.48,0.1671,12,1,1,0
CUST000103,41,13,Germany,535,139883.7,1,1,128150.68,-0.1045,0.06,0.0657,18,4,0,0
CUST000104,43,4,USA,658,55061.14,1,1,136201.57,0.126,0.71,0.3155,11,4,1,0
CUST000105,42,8,Germany,560,52176.79,2,1,110716.72,0.0158,1.12,0.5481,16,1,0,0
CUST000106,62,4,India,626,108290.44,1,0,145454.4,0.0946,1.29,0.3463,13,0,1,0
CUST000107,58,10,India,497,224429.23,2,1,25214.57,0.3106,0.67,0.6387,11,1,1,0
CUST000108,46,4,India,678,74778.02,2,0,102238.47,-0.0521,0.91,0.7496,12,1,1,0
CUST000109,32,2,USA,526,35938.9,4,0,88162.92,-0.0235,0.52,0.5607,11,1,0,0
CUST000110,62,10,India,645,40850.29,3,1,158123.59,-0.5469,0.77,0.4346,7,7,0,0
CUST000111,18,0,Germany,539,53313.52,2,1,41881.35,0.4658,2.42,0.38,11,2,1,0
CUST000112,42,1,India,748,158214.86,2,0,113970.97,0.0467,3.51,0.1249,10,2,0,0
CUST000113,24,7,USA,481,53304.86,1,1,165063.18,-0.1047,0.79,0.1731,12,2,1,1
CUST000114,26,14,India,627,94884.05,2,1,98763.61,0.2851,0.7,0.7376,16,0,0,0
CUST000115,41,0,India,694,70298.76,1,1,98503.35,0.3693,0.34,0.4741,11,3,0,0
CUST000116,18,6,France,678,5415.02,1,1,116790.44,-0.3337,0.31,0.3533,5,1,1,0
CUST000117,61,13,USA,550,55682.05,2,1,93162.73,-0.0969,2.07,0.4957,11,3,1,0
CUST000118,25,13,France,510,77416.62,1,1,122884.15,0.1169,0.88,0.2003,20,1,1,0
CUST000119,41,4,France,712,86856.25,1,0,156700.45,-0.2291,0.49,0.0991,12,0,1,0
CUST000120,28,2,India,640,106351.79,1,1,118970.94,-0.0967,0.88,0.6106,12,2,1,0
CUST000121,68,11,India,564,23572.77,3,0,102391.58,-0.2706,0.1,0.1424,14,1,1,0
CUST000122,34,11,France,715,42390.12,1,1,141511.58,0.0576,2.3,0.6523,16,2,1,0
CUST000123,25,14,France,604,7112.21,1,1,176775.9,-0.1981,0.59,0.336,18,1,1,0
CUST000124,52,10,USA,597,61412.57,3,0,72403.0,0.6626,0.33,0.3086,5,1,0,0
CUST000125,52,6,Germany,580,17382.93,1,0,194666.39,0.4779,0.01,0.2919,15,0,0,0
CUST000126,50,8,Germany,589,116424.27,3,1,75715.11,-0.226,0.9,0.5444,8,2,1,0
CUST000127,22,1,India,586,56515.19,3,1,121465.81,-0.3952,2.79,0.71,15,0,0,1
CUST000128,59,7,USA,676,88980.95,1,1,119143.31,-0.3198,0.65,0.3794,6,4,1,0
CUST000129,56,8,Germany,774,202538.72,2,1,121944.73,-0.0721,0.32,0.1344,8,0,1,0
CUST000130,58,10,Germany,538,137924.95,4,1,24550.04,0.0917,0.43,0.586,10,0,1,0
CUST000131,45,2,India,622,109420.22,2,1,43806.36,-0.2852,0.67,0.7884,14,0,0,0
CUST000132,24,1,India,636,45946.59,1,1,84261.47,-0.0243,0.93,0.3997,12,2,0,0
CUST000133,26,6,India,687,172682.29,3,1,71687.39,-0.0108,0.16,0.3871,13,1,1,0
CUST000134,25,4,India,729,152585.73,1,1,127944.31,-0.2559,2.19,0.3288,11,2,0,0
CUST000135,29,4,France,637,131374.01,1,0,160484.22,0.3948,0.43,0.1787,14,0,1,0
CUST000136,51,9,India,599,75694.94,3,1,18000.0,0.1277,0.78,0.5881,9,0,0,0
CUST000137,50,4,India,696,18678.84,1,0,47480.62,0.1628,1.94,0.0048,11,1,0,0
CUST000138,65,3,India,518,170073.6,2,0,77097.2,0.6557,0.69,0.0443,14,1,1,0
CUST000139,72,12,USA,478,129971.94,1,1,48596.58,-0.2245,0.92,0.5167,10,0,0,0
CUST000140,40,4,USA,850,63378.65,2,0,86431.42,0.28,0.8,0.7136,9,0,1,0
CUST000141,41,12,India,585,58840.11,1,1,61204.56,0.4673,0.23,0.6563,11,3,1,0
CUST000142,54,3,India,616,262.33,1,0,125882.38,0.4289,2.64,0.4003,14,0,1,1
CUST000143,52,14,India,693,123142.23,1,1,232690.99,0.2117,0.51,0.0495,16,1,0,0
CUST000144,61,12,USA,677,86569.96,1,1,61282.77,-0.39,0.08,0.2323,7,1,1,0
CUST000145,57,5,India,720,100660.96,1,1,162566.47,0.1341,4.97,0.2455,9,5,1,1
CUST000146,39,3,France,725,133678.5,1,0,228851.5,-0.0931,0.84,0.3336,8,3,1,0
CUST000147,44,1,USA,534,120760.64,4,1,70098.16,0.1058,0.75,0.5584,9,0,1,0
CUST000148,52,8,India,751,21751.17,2,1,205920.37,0.3074,1.99,0.7018,5,0,1,0
CUST000149,18,1,Germany,690,77387.44,1,1,60155.4,0.1355,0.62,0.4379,11,3,1,1
CUST000150,52,8,India,680,101593.59,2,1,161579.51,-0.2335,0.36,0.5062,5,0,1,0
CUST000151,54,9,Germany,683,106271.39,4,1,63623.0,-0.2974,0.15,0.6213,11,0,1,0
CUST000152,64,5,India,471,22596.95,2,0,18000.0,-0.1465,1.33,0.196,17,1,0,0
CUST000153,31,8,USA,633,13626.01,2,1,151846.22,0.0251,0.32,0.1983,7,7,0,0
CUST000154,20,8,Germany,572,116755.32,1,0,126911.21,0.3923,0.58,0.7155,11,1,0,0
CUST000155,18,2,France,561,115809.66,1,0,97970.78,0.1163,0.57,0.1083,10,2,0,0
CUST000156,22,0,India,610,175800.63,1,0,22401.39,0.0191,1.08,0.1687,6,0,1,0
CUST000157,43,0,India,716,20103.25,2,1,164910.13,-0.0012,0.92,0.4886,11,4,0,0
CUST000158,72,2,USA,672,131652.16,1,1,153834.46,0.0021,0.44,0.5422,17,1,1,0
CUST000159,31,4,France,684,99332.66,2,1,18000.0,0.2613,0.44,0.6144,7,5,1,0
CUST000160,56,12,France,614,10843.66,1,1,112309.97,-0.2131,0.25,0.5594,11,3,1,1
CUST000161,44,2,India,680,33584.49,1,1,127830.23,0.3351,0.33,0.6465,8,0,1,0
CUST000162,26,11,India,634,134336.47,1,1,46777.25,0.236,0.99,0.6208,8,0,1,0
CUST000163,32,8,USA,725,15021.1,1,1,149578.49,-0.0168,0.66,0.4429,14,0,1,0
CUST000164,32,8,India,705,5477.77,1,1,221328.92,0.7332,0.04,0.2259,13,0,1,0
CUST000165,43,2,India,662,104118.92,1,0,153008.75,0.3067,0.57,0.5897,13,4,0,0
CUST000166,59,2,India,585,75400.89,2,1,185532.04,0.0033,2.48,0.6258,13,0,1,0
CUST000167,30,11,USA,671,111627.2,2,1,144628.63,0.2417,0.09,0.3674,6,2,1,0
CUST000168,68,13,France,669,102696.07,1,1,47034.19,-0.0266,0.09,0.426,11,4,0,0
CUST000169,49,4,France,659,283419.43,2,1,141564.95,-0.1367,0.88,0.3245,11,0,1,0
CUST000170,56,1,India,611,120857.13,2,1,38236.77,-0.0723,2.53,0.3119,8,0,1,1
CUST000171,66,5,USA,597,116893.64,2,1,76005.01,0.0483,0.02,0.4167,9,8,1,0
CUST000172,69,6,France,675,21299.84,1,0,88503.69,-0.3725,0.34,0.5713,13,6,0,0
CUST000173,49,12,India,581,172866.25,1,0,83053.06,-0.3013,0.06,0.1824,10,4,0,0
CUST000174,21,8,Germany,629,44669.99,1,0,62139.41,0.1494,0.25,0.0903,8,0,0,0
CUST000175,47,14,USA,696,19555.65,2,1,88010.54,-0.0473,0.65,0.7452,10,5,1,0
CUST000176,54,5,India,685,62887.52,2,1,94241.51,0.5445,0.47,0.7347,14,8,0,0
CUST000177,40,2,USA,557,103286.63,2,1,161926.57,0.2175,0.36,0.2203,11,2,1,0
CUST000178,56,11,India,673,47366.75,1,0,120626.52,0.1599,0.19,0.2564,13,0,0,0
CUST000179,62,4,Germany,812,21661.25,1,1,147743.05,0.1697,0.77,0.6777,13,8,1,0
CUST000180,32,3,India,704,20338.11,1,1,88811.78,0.0049,0.69,0.3439,12,0,1,0
CUST000181,60,14,India,628,88754.31,1,0,146446.7,0.2318,0.87,0.4984,15,3,1,0
CUST000182,46,4,India,754,110740.2,1,1,18000.0,0.0369,1.26,0.4607,8,1,1,0
CUST000183,53,7,France,825,115826.52,1,1,38627.56,0.134,1.05,0.6674,9,1,1,0
CUST000184,30,7,USA,719,20449.24,2,1,148478.27,-0.007,2.52,0.2387,14,5,1,0
CUST000185,49,5,USA,511,24504.1,1,1,71517.4,0.3469,0.15,0.3352,5,1,0,0
CUST000186,24,0,USA,699,133735.12,2,1,105196.63,-0.147,2.42,0.4267,22,0,0,0
CUST000187,68,7,USA,757,49698.8,2,1,18000.0,-0.4706,0.15,0.4196,11,0,0,0
CUST000188,39,7,India,484,88564.01,2,0,81697.88,-0.072,1.48,0.0916,13,0,1,0
CUST000189,45,1,Germany,724,238831.23,3,1,40086.22,0.4315,1.24,0.6888,4,1,0,1
CUST000190,19,3,India,633,63785.44,1,1,67400.77,0.2588,0.88,0.4564,7,0,1,0
CUST000191,59,11,India,755,67986.8,1,1,105904.16,0.3457,0.98,0.5123,14,0,1,0
CUST000192,62,1,Germany,644,119891.31,2,0,104911.86,0.0842,0.94,0.2987,15,0,1,0
CUST000193,74,3,India,677,15131.99,1,1,88392.16,0.0846,0.6,0.4634,13,0,1,0
CUST000194,70,11,India,678,67638.05,4,1,143365.13,-0.1035,0.03,0.6347,13,7,1,0
CUST000195,23,12,USA,707,1584.54,1,1,78918.97,-0.0917,0.69,0.4781,15,0,1,0
CUST000196,45,12,USA,685,111823.18,1,1,87357.36,0.0578,0.39,0.3617,7,1,0,0
CUST000197,45,9,Germany,578,34392.59,2,1,42611.56,0.0554,0.25,0.6536,14,4,1,0
CUST000198,61,6,USA,628,49296.56,1,1,158258.71,0.0252,0.54,0.1435,15,1,0,1
CUST000199,61,8,USA,649,131597.29,1,1,61007.38,0.1252,1.51,0.3684,5,0,1,0
CUST000200,37,13,Germany,748,110478.52,3,1,32263.22,-0.057,0.69,0.3062,19,4,1,0
CUST000201,47,13,India,688,136349.22,1,1,41704.41,0.1504,2.68,0.1335,12,3,0,1
CUST000202,28,7,India,597,184965.3,2,0,109436.22,0.378,0.44,0.6117,7,8,1,0
CUST000203,72,14,USA,576,80568.15,1,1,95428.15,0.5556,0.15,0.8562,12,0,1,0
CUST000204,45,11,India,702,207234.08,1,1,89275.9,-0.1251,0.3,0.3316,7,0,1,0
CUST000205,42,8,France,612,88007.58,1,1,148219.58,0.355,0.13,0.4306,13,2,0,0
CUST000206,56,7,Germany,710,157693.51,1,1,52791.5,0.2482,0.92,0.4507,12,0,1,0
CUST000207,50,1,India,645,74214.35,1,1,123751.59,0.3541,0.14,0.5037,15,4,1,0
CUST000208,18,6,India,766,128101.7,4,0,104541.38,0.5527,0.58,0.0749,18,1,0,0
CUST000209,74,1,India,591,49531.66,2,1,119569.85,0.4304,2.06,0.3353,15,9,1,1
CUST000210,44,12,India,765,159044.92,2,1,105454.56,-0.2572,0.46,0.5854,10,0,1,0
CUST000211,74,11,India,728,147363.39,1,1,64034.19,0.0707,0.41,0.3089,15,3,1,0
CUST000212,69,10,USA,614,62754.3,1,0,18000.0,-0.1483,0.18,0.3406,11,0,1,0
CUST000213,30,1,France,579,85686.13,2,1,138986.41,0.1141,1.12,0.8472,15,1,0,0
CUST000214,58,14,Germany,804,17460.43,2,0,99584.94,0.5679,0.29,0.5606,8,1,1,0
CUST000215,20,3,India,577,133663.01,1,1,105866.73,0.2286,3.72,0.0516,16,0,0,1
CUST000216,56,0,India,674,128117.28,1,1,98547.1,0.0794,0.15,0.6057,12,3,1,0
CUST000217,23,14,USA,677,422.92,1,1,28887.62,-0.1353,0.0,0.6021,14,1,1,0
CUST000218,25,4,Germany,650,210632.38,1,0,110879.82,-0.0273,0.62,0.1377,16,1,0,0
CUST000219,44,5,Germany,712,100648.8,2,0,101439.38,0.3332,0.06,0.0548,15,2,0,0
CUST000220,26,8,France,575,61598.32,1,0,96551.69,-0.1507,0.37,0.4515,15,2,1,0
CUST000221,54,9,USA,804,150319.8,1,1,182382.45,0.4338,0.48,0.598,16,2,1,0
CUST000222,50,7,Germany,584,43633.48,2,1,105853.16,0.2572,0.23,0.2845,18,2,1,0
CUST000223,68,1,India,638,157031.78,1,1,94022.31,-0.2377,3.06,0.3717,6,2,0,1
CUST000224,59,0,USA,534,3072.08,2,1,92706.31,0.4188,0.34,0.4163,13,2,1,0
CUST000225,61,1,India,733,62240.64,3,0,48612.02,-0.2801,0.13,0.2966,6,2,1,0
CUST000226,41,6,USA,801,70579.82,1,1,106696.04,-0.3523,0.03,0.1489,10,7,0,0
CUST000227,32,3,USA,810,42269.24,2,0,112984.96,0.2122,0.3,0.0664,8,0,1,0
CUST000228,71,9,India,740,30322.62,1,1,68206.27,0.2911,1.38,0.4315,12,2,1,0
CUST000229,49,4,India,620,45815.25,1,1,135699.55,-0.0248,0.23,0.2764,14,11,0,0
CUST000230,49,11,India,650,42995.49,2,0,123360.77,-0.1394,0.73,0.6945,9,8,0,0
CUST000231,41,6,India,624,46917.21,2,0,94497.11,0.0016,3.62,0.155,7,4,0,1
CUST000232,58,2,India,552,164920.58,2,1,139787.59,0.1293,0.34,0.2855,12,0,0,0
CUST000233,69,9,India,626,102868.36,2,1,81527.53,0.0797,0.77,0.3813,21,4,1,0
CUST000234,66,1,India,722,70539.98,1,1,138298.3,-0.1261,0.73,0.3468,11,10,0,0
CUST000235,66,12,India,580,123429.83,2,1,76535.64,-0.2588,0.72,0.1178,15,5,0,0
CUST000236,69,6,France,467,70088.92,2,1,175858.84,-0.0414,2.45,0.4124,14,0,0,0
CUST000237,29,4,India,549,26765.68,1,0,71947.03,-0.1983,1.23,0.7578,11,1,0,0
CUST000238,56,13,India,715,23553.39,4,0,92452.54,0.1609,0.01,0.3018,8,3,1,0
CUST000239,19,14,USA,512,137307.14,1,1,58439.75,0.3379,0.02,0.5469,22,0,1,0
CUST000240,20,0,France,612,61993.31,2,0,126360.13,-0.0952,0.03,0.289,18,7,1,0
CUST000241,66,0,Germany,619,17535.21,2,1,45405.8,0.282,0.36,0.59,9,0,1,0
CUST000242,54,8,India,670,107285.71,2,1,94367.43,0.4491,0.46,0.2652,12,1,1,0
CUST000243,66,4,USA,668,74929.46,1,1,33645.72,-0.1268,1.32,0.5082,17,2,1,0
CUST000244,73,0,Germany,682,166468.93,1,1,125777.43,0.1382,0.81,0.3835,12,0,1,0
CUST000245,34,6,Germany,638,36062.22,1,1,128342.55,0.055,8.51,0.6852,12,0,0,1
CUST000246,66,8,Germany,574,123704.39,2,0,105990.47,-0.2321,1.26,0.4,9,1,0,0
CUST000247,19,10,France,722,65060.49,1,1,74574.31,0.0502,1.65,0.425,10,3,1,0
CUST000248,19,0,France,508,110051.42,2,1,133317.55,-0.0612,0.16,0.5505,13,4,1,0
CUST000249,45,9,USA,712,86536.4,1,1,54769.62,-0.0864,0.82,0.5587,18,3,0,0
CUST000250,71,13,USA,741,107249.69,1,0,64301.64,-0.0115,0.13,0.1697,9,6,1,1
CUST000251,40,12,USA,836,89328.31,1,1,133145.68,-0.0797,0.9,0.4804,14,0,1,0
CUST000252,54,3,Germany,589,94196.98,2,1,126140.03,0.3809,1.33,0.8025,19,0,0,0
CUST000253,49,13,India,605,8509.95,2,1,126337.62,-0.4689,0.29,0.2033,8,3,1,0
CUST000254,50,2,France,654,80691.13,1,0,210293.86,-0.1814,0.15,0.5785,11,2,0,0
CUST000255,18,4,India,648,113364.35,1,1,108197.41,0.0298,0.22,0.6822,12,8,1,0
CUST000256,36,6,USA,716,72797.55,4,0,80801.45,-0.1602,1.33,0.2433,16,0,1,0
CUST000257,19,7,France,691,69693.52,1,1,93178.23,0.2212,0.63,0.445,13,0,1,0
CUST000258,70,12,India,621,40742.64,2,1,18000.0,0.1202,0.62,0.0932,15,9,1,0
CUST000259,61,1,USA,642,171113.68,2,1,118559.83,0.0149,0.69,0.4705,12,3,1,0
CUST000260,43,6,India,724,8793.58,1,0,167831.47,0.072,0.54,0.3172,17,2,1,0
CUST000261,49,13,India,548,37674.56,2,1,83339.27,0.0367,1.59,0.4219,12,1,1,0
CUST000262,23,13,India,631,27122.66,4,0,162909.27,-0.2102,0.57,0.3552,7,0,1,0
CUST000263,49,0,India,694,94398.61,3,1,53458.62,0.2076,0.72,0.4432,16,4,0,0
CUST000264,72,6,India,564,97201.61,2,0,62688.59,-0.2486,3.12,0.1502,6,2,0,1
CUST000265,21,7,France,366,116879.14,2,0,62503.98,0.0745,0.49,0.1288,6,1,1,0
CUST000266,72,1,France,765,119635.92,1,1,29716.08,0.1076,0.17,0.2352,13,0,1,0
CUST000267,28,8,India,648,182854.76,1,1,169985.06,-0.0621,0.66,0.4195,9,0,1,0
CUST000268,73,0,Germany,549,57063.91,1,1,124727.57,-0.0879,0.98,0.4724,13,9,0,1
CUST000269,34,12,India,723,24462.23,3,1,129812.45,-0.0863,0.11,0.4457,10,2,0,0
CUST000270,55,5,India,633,61441.14,1,0,65237.35,-0.3636,0.14,0.3832,14,4,1,0
CUST000271,41,0,India,567,7475.48,1,1,138242.05,0.5012,0.02,0.1701,10,4,0,0
CUST000272,22,2,France,679,54594.61,1,1,75630.31,0.2251,1.09,0.1649,13,0,0,0
CUST000273,69,10,France,654,20165.97,1,1,77840.64,0.0957,0.18,0.3761,8,9,0,1
CUST000274,51,5,India,600,24185.29,1,0,151474.32,-0.1253,1.85,0.256,12,6,1,0
CUST000275,23,2,India,588,28623.08,1,0,59382.09,0.0224,0.58,0.2058,16,3,1,0
CUST000276,39,7,India,567,150927.96,1,0,52082.9,-0.0656,2.49,0.5123,11,2,0,0
CUST000277,28,4,USA,708,82887.78,2,1,46375.65,0.4606,0.39,0.3893,10,1,1,0
CUST000278,65,1,USA,550,192579.66,2,1,92978.65,-0.4168,2.5,0.6183,19,2,1,0
CUST000279,33,3,India,586,144854.86,1,1,198982.1,-0.3082,3.04,0.0263,7,1,0,1
CUST000280,50,8,Germany,658,150970.56,2,1,87524.68,-0.3531,0.11,0.3911,15,0,1,0
CUST000281,26,3,India,766,67339.82,2,1,37580.4,0.2427,0.11,0.369,13,1,0,0
CUST000282,23,9,France,660,106381.96,1,0,69998.64,-0.1264,0.44,0.3538,13,4,1,0
CUST000283,33,9,Germany,697,20422.58,1,0,77671.51,0.1758,0.43,0.2173,15,0,1,0
CUST000284,46,7,USA,658,42993.16,2,1,102262.09,0.0421,0.84,0.7251,15,2,1,0
CUST000285,20,4,Germany,722,76868.63,2,1,117429.02,0.2978,0.1,0.7226,13,4,1,0
CUST000286,37,10,Germany,805,31827.93,1,1,18000.0,0.2761,1.13,0.4562,13,0,0,0
CUST000287,53,10,India,614,44597.28,1,1,41270.14,0.0937,0.2,0.533,15,1,1,0
CUST000288,36,9,India,651,125162.94,2,1,37626.85,0.2763,0.13,0.3653,14,3,0,0
CUST000289,43,12,France,663,45608.45,2,1,148940.23,-0.2299,1.27,0.0957,8,0,0,0
CUST000290,20,12,India,692,30352.58,3,1,51299.92,-0.5018,0.07,0.4391,12,0,0,0
CUST000291,36,13,India,660,52163.99,1,0,113420.26,0.1538,0.99,0.2077,8,0,0,0
CUST000292,37,14,USA,606,122378.53,1,1,122358.79,0.035,0.09,0.2579,16,2,1,0
CUST000293,49,0,Germany,649,98380.38,2,1,75771.09,-0.1483,1.08,0.5591,11,0,1,0
CUST000294,24,6,Germany,844,62032.2,1,1,18000.0,-0.0089,1.25,0.3612,14,1,0,0
CUST000295,69,2,France,675,77093.04,1,0,156265.15,-0.399,0.7,0.22,11,5,1,0
CUST000296,58,9,USA,497,129135.78,1,1,162883.2,-0.1252,0.35,0.3778,11,5,1,0
CUST000297,50,7,India,618,157058.11,1,1,99006.77,0.3969,0.22,0.2969,7,8,0,0
CUST000298,57,13,USA,651,46563.91,2,0,67190.1,0.2559,1.32,0.3132,6,2,0,0
CUST000299,56,11,Germany,638,70888.3,2,1,186172.08,0.2688,0.09,0.1183,16,3,0,0
CUST000300,35,2,India,644,153179.93,1,0,65675.49,-0.0363,2.93,0.3484,14,5,0,0
CUST000301,57,0,India,672,108418.19,2,1,138159.95,0.2037,1.21,0.0941,17,3,1,1
CUST000302,18,4,India,690,10980.76,2,1,28236.61,0.4201,0.94,0.4445,9,2,0,0
CUST000303,28,1,USA,670,20623.17,3,1,122019.31,0.2997,3.58,0.2466,14,0,0,0
CUST000304,45,10,France,726,22549.6,3,1,37651.33,0.2389,0.93,0.1854,15,1,0,0
CUST000305,74,3,Germany,530,50227.57,1,1,118175.95,-0.5525,0.09,0.38,12,4,0,0
CUST000306,42,0,France,629,98929.74,3,1,100172.82,0.2095,0.31,0.4921,12,0,1,0
CUST000307,67,8,India,684,192883.88,1,1,82426.36,-0.0126,0.7,0.5827,11,0,0,0
CUST000308,40,5,France,670,70855.68,1,1,81085.82,-0.1963,0.69,0.3905,10,1,0,0
CUST000309,48,7,Germany,597,116890.05,1,0,152010.93,0.2102,0.01,0.706,12,5,1,0
CUST000310,47,10,India,607,146296.43,1,0,95909.67,0.0679,0.24,0.2946,12,4,1,0
CUST000311,59,3,France,582,168182.68,2,1,118964.45,0.1657,1.07,0.2079,15,0,1,0
CUST000312,52,8,India,728,146359.08,2,1,236668.94,-0.1054,0.86,0.3185,14,0,1,0
CUST000313,24,1,France,501,29689.36,2,1,39960.06,-0.2993,1.82,0.65,7,7,0,0
CUST000314,33,8,France,547,13942.81,3,1,63016.06,0.5427,2.58,0.558,9,6,0,0
CUST000315,43,11,Germany,683,37025.39,1,0,20768.08,-0.2313,1.63,0.9626,8,5,1,0
CUST000316,65,4,USA,693,86446.04,1,0,18516.98,-0.0946,0.64,0.5398,7,0,1,0
CUST000317,74,12,India,523,29932.1,2,1,191466.17,0.2703,0.63,0.3452,17,2,1,0
CUST000318,69,5,USA,700,24756.84,3,1,79883.03,0.3976,0.37,0.3593,11,1,1,0
CUST000319,66,2,India,664,647.38,4,1,18000.0,0.1065,1.83,0.6739,4,3,1,0
CUST000320,19,3,Germany,691,262407.97,1,0,86432.66,0.2764,1.42,0.2815,7,4,1,0
CUST000321,18,5,Germany,655,62403.63,2,1,76288.72,0.1784,1.21,0.3692,20,0,0,0
CUST000322,65,6,France,684,187608.25,2,0,49629.33,-0.182,1.21,0.1085,19,0,0,0
CUST000323,29,0,India,686,61446.59,1,0,78825.74,-0.2357,1.51,0.3186,10,0,1,0
CUST000324,22,6,Germany,687,125142.62,2,0,107566.5,0.3012,2.01,0.1669,13,5,1,0
CUST000325,54,0,France,669,67122.37,1,1,80313.8,0.2083,1.38,0.2761,13,3,0,0
CUST000326,49,4,Germany,643,76453.39,1,1,140897.27,0.7407,1.35,0.4989,2,7,1,1
CUST000327,72,5,India,643,124260.79,3,0,97044.98,-0.1565,0.86,0.0889,13,4,0,0
CUST000328,26,12,India,668,51048.67,2,0,100645.55,0.0559,0.49,0.0837,10,1,0,0
CUST000329,58,1,India,716,1962.65,2,1,90767.86,0.0775,0.64,0.2359,10,1,0,0
CUST000330,52,14,USA,807,26077.47,2,1,40775.42,-0.2988,0.61,0.5819,17,1,1,0
CUST000331,36,14,USA,692,25742.83,1,0,42692.64,-0.0849,1.39,0.2137,16,0,1,0
CUST000332,65,12,France,680,81193.93,1,1,105793.53,0.1764,0.25,0.2932,15,1,1,0
CUST000333,33,9,India,747,41552.37,1,1,63604.89,0.1738,0.36,0.3601,11,0,1,0
CUST000334,20,8,India,681,94923.13,2,1,128697.03,-0.1099,0.65,0.3896,12,0,0,0
CUST000335,37,13,USA,565,154510.49,3,1,83913.5,0.0118,3.36,0.349,13,8,1,0
CUST000336,41,9,Germany,591,44501.19,2,0,62901.46,0.5388,0.54,0.2145,12,0,1,0
CUST000337,71,5,France,796,35412.81,4,1,112427.7,0.0402,0.11,0.3225,13,0,1,0
CUST000338,73,6,Germany,592,197974.16,2,0,101307.3,-0.1112,0.9,0.4906,11,0,1,0
CUST000339,50,13,USA,695,167262.7,2,1,20456.85,0.5714,0.77,0.7381,14,2,1,0
CUST000340,41,14,USA,570,102509.71,2,0,18000.0,0.1308,1.5,0.5953,13,5,0,0
CUST000341,69,9,France,752,29653.59,2,0,127420.33,-0.1639,1.54,0.5678,15,4,1,0
CUST000342,28,14,USA,613,112199.49,1,1,64356.67,0.3123,0.24,0.1869,10,4,1,0
CUST000343,66,7,India,656,13472.15,1,1,107287.8,-0.2119,0.04,0.3342,8,0,0,0
CUST000344,25,10,India,631,6023.21,1,1,111156.82,-0.1743,1.23,0.4534,14,4,0,0
CUST000345,53,14,India,690,104035.08,3,0,157759.31,-0.0789,0.85,0.4158,11,0,1,0
CUST000346,55,12,Germany,663,46347.05,3,0,179179.22,-0.1696,0.12,0.4416,10,1,1,0
CUST000347,57,9,India,722,49442.47,1,0,45086.72,-0.144,3.39,0.5475,10,0,1,0
CUST000348,37,0,India,702,112379.33,3,0,92836.92,-0.2265,2.08,0.3713,12,8,1,1
CUST000349,52,13,India,672,166530.76,2,1,94070.01,0.0755,1.03,0.4248,8,0,1,0
CUST000350,65,7,USA,702,116897.03,1,1,172913.44,-0.2603,0.04,0.42,11,0,1,0
CUST000351,42,3,India,706,45074.06,2,1,30906.6,-0.2876,0.19,0.2146,7,7,0,0
CUST000352,52,9,Germany,618,56702.62,2,1,168907.51,0.1647,0.31,0.6147,13,5,1,0
CUST000353,42,7,India,612,85073.84,1,1,127006.05,-0.0059,0.05,0.73,16,1,1,0
CUST000354,46,12,India,774,35272.45,1,1,73631.08,0.0504,1.41,0.9097,13,0,1,0
CUST000355,35,14,USA,706,20122.33,1,1,141869.77,-0.0148,0.06,0.7889,12,0,1,0
CUST000356,63,5,India,682,44699.11,2,1,82004.25,0.6045,0.18,0.3989,22,0,1,0
CUST000357,35,10,India,585,192374.14,1,1,22428.83,0.0548,0.31,0.8949,12,2,0,0
CUST000358,19,8,India,506,7973.91,2,1,105806.95,0.0044,0.32,0.4754,8,0,0,0
CUST000359,71,10,France,626,36938.74,2,1,87313.33,0.144,0.25,0.427,14,0,0,0
CUST000360,52,3,Germany,613,181067.79,1,0,76696.51,0.1308,3.08,0.8095,10,0,0,0
CUST000361,33,1,India,625,77925.87,2,0,62048.21,0.2911,2.59,0.5611,11,0,1,0
CUST000362,58,13,India,718,68309.36,4,1,129540.59,0.0931,0.77,0.252,6,3,0,0
CUST000363,53,1,France,772,95182.68,1,1,99284.92,0.1552,0.11,0.4265,16,0,1,0
CUST000364,50,4,Germany,738,103012.68,2,1,77176.04,0.2421,0.98,0.0628,18,0,1,0
CUST000365,21,9,USA,601,89220.14,2,1,70879.14,0.3203,2.97,0.4065,13,2,0,0
CUST000366,50,8,Germany,693,17418.89,1,1,77920.11,-0.0631,5.12,0.497,13,5,0,1
CUST000367,31,11,Germany,611,22224.53,1,0,72034.54,-0.3203,0.77,0.1324,18,0,0,0
CUST000368,38,2,Germany,502,30803.62,2,1,80484.23,-0.3647,0.17,0.763,15,6,1,0
CUST000369,65,7,USA,643,44373.6,2,1,134880.68,0.1771,1.43,0.3429,5,0,1,0
CUST000370,37,3,USA,750,53678.14,1,1,82171.47,0.1029,0.78,0.454,7,4,1,0
CUST000371,73,5,India,623,90170.93,1,1,107361.28,-0.2808,0.48,0.4658,12,4,1,0
CUST000372,25,9,France,716,58666.8,2,1,81531.49,0.05,0.13,0.5491,9,1,1,0
CUST000373,24,5,USA,596,33796.84,1,0,18000.0,-0.0587,0.22,0.1708,13,0,0,1
CUST000374,20,2,India,705,100472.14,2,0,110486.54,-0.1466,0.69,0.2772,13,2,1,0
CUST000375,34,13,France,630,120257.28,2,1,65620.67,-0.4099,0.24,0.2235,19,0,1,0
CUST000376,50,4,France,771,25855.2,1,0,132021.14,-0.0463,0.52,0.3088,9,2,1,0
CUST000377,65,11,France,624,8812.35,1,1,179441.99,0.1403,1.01,0.8068,13,1,0,0
CUST000378,29,2,France,606,87171.86,2,1,68258.49,0.4989,3.5,0.246,7,0,1,0
CUST000379,68,10,France,767,49919.54,2,1,143450.61,-0.2883,0.04,0.5532,13,1,0,0
CUST000380,39,14,India,603,127837.24,3,1,80219.93,-0.0601,1.27,0.4194,15,1,1,0
CUST000381,72,10,Germany,667,14916.76,1,1,85237.17,0.4555,0.11,0.4167,12,0,1,0
CUST000382,39,14,Germany,604,1240.94,2,1,118135.42,0.2955,2.3,0.0922,11,1,1,0
CUST000383,63,0,India,723,36733.3,1,0,18000.0,0.253,1.18,0.5042,7,8,1,1
CUST000384,47,6,India,753,108226.56,2,0,18000.0,0.0502,0.41,0.5038,10,3,1,0
CUST000385,55,3,France,596,54199.28,1,1,102755.62,0.2557,0.57,0.6195,11,4,0,0
CUST000386,55,13,India,693,70506.96,2,0,18000.0,-0.152,0.9,0.549,14,0,1,0
CUST000387,62,6,France,701,45296.72,1,0,152092.74,-0.1899,0.66,0.4757,17,2,1,1
CUST000388,68,2,India,660,138961.02,1,1,164082.13,-0.348,3.13,0.1373,16,0,0,0
CUST000389,71,11,India,772,105949.25,1,1,116973.96,0.0358,5.27,0.5086,14,3,0,0
CUST000390,25,14,USA,771,18401.38,1,1,93726.18,0.2127,0.05,0.323,10,2,0,0
CUST000391,44,14,India,581,131873.15,1,0,153230.64,0.145,1.04,0.5559,7,4,1,0
CUST000392,44,10,Germany,746,112604.95,1,0,77687.63,0.4793,1.1,0.7104,8,0,0,0
CUST000393,51,4,USA,690,143256.18,1,1,81904.19,-0.1395,1.25,0.4633,12,8,1,1
CUST000394,38,4,India,669,43219.42,1,1,93410.89,0.3238,1.99,0.0664,9,1,0,0
CUST000395,47,14,India,631,17781.64,2,0,60279.03,0.0837,0.72,0.123,9,0,1,0
CUST000396,50,12,India,531,70873.93,2,0,161994.93,0.3097,0.24,0.5545,9,2,1,0
CUST000397,45,1,India,672,86108.82,1,1,160508.31,0.0383,0.89,0.271,14,5,1,1
CUST000398,64,10,Germany,674,149491.67,1,1,54836.41,0.0452,0.31,0.6237,9,5,1,0
CUST000399,50,9,USA,809,115464.52,1,0,64014.85,0.1146,0.34,0.1953,13,1,1,0
CUST000400,22,11,India,596,85243.41,1,1,83235.06,0.057,0.76,0.5765,15,3,0,0
CUST000401,65,1,USA,521,68093.43,1,0,157700.07,0.4107,0.27,0.0933,10,4,0,0
CUST000402,36,3,India,555,76945.93,1,1,82986.36,-0.4876,0.95,0.5937,14,0,1,0
CUST000403,21,14,India,777,51552.29,3,1,107547.06,-0.1146,1.53,0.5957,11,10,1,1
CUST000404,52,3,India,614,118094.1,2,1,48773.31,-0.1063,3.39,0.2893,8,0,1,1
CUST000405,66,3,France,759,14035.58,1,1,173053.15,0.2871,0.15,0.4996,8,0,0,0
CUST000406,34,5,France,650,76539.07,2,0,43878.6,-0.0714,0.49,0.0834,12,4,1,0
CUST000407,61,1,Germany,572,140736.68,1,1,80246.95,0.0383,1.08,0.1429,14,6,1,0
CUST000408,45,5,India,810,5586.44,1,0,18098.77,-0.0412,0.69,0.7039,10,1,1,0
CUST000409,47,6,India,755,196569.36,2,1,159280.0,0.2221,0.05,0.2175,14,2,0,0
CUST000410,46,10,USA,635,9208.1,1,1,98494.24,0.0186,0.34,0.6887,12,0,0,0
CUST000411,63,9,Germany,729,44709.08,2,0,185373.79,0.2651,1.26,0.3406,14,1,1,0
CUST000412,70,2,France,659,139607.92,2,1,52918.1,0.2963,0.54,0.1281,10,3,1,0
CUST000413,23,10,India,685,166026.06,2,1,150366.44,0.5383,0.95,0.4053,9,6,0,0
CUST000414,52,11,India,790,98163.73,1,0,118886.09,0.2669,0.82,0.4044,10,0,1,0
CUST000415,58,7,Germany,528,96530.4,2,1,61920.58,0.1706,2.3,0.7198,17,1,0,0
CUST000416,54,1,Germany,621,186847.98,1,1,68357.04,0.5059,1.56,0.212,15,0,1,0
CUST000417,41,10,Germany,652,8822.6,1,1,126293.77,0.3339,0.34,0.13,13,0,1,0
CUST000418,46,7,Germany,676,30939.74,3,0,98172.51,0.0728,0.55,0.4961,8,0,1,0
CUST000419,66,12,France,550,43310.07,2,1,67146.98,-0.0247,0.52,0.2819,12,2,1,0
CUST000420,63,10,USA,723,23221.92,2,0,183915.83,0.3541,0.26,0.3056,15,2,0,0
CUST000421,70,4,France,557,31602.35,1,0,102131.42,-0.0462,0.78,0.4336,10,0,0,1
CUST000422,48,1,France,550,99595.43,1,1,81996.86,0.1549,0.24,0.2494,15,1,1,0
CUST000423,52,6,Germany,629,138480.59,2,0,48081.19,-0.3405,0.14,0.6091,18,3,1,0
CUST000424,50,13,India,801,132333.85,1,1,75020.4,0.0051,0.09,0.2271,21,2,1,0
CUST000425,69,1,India,850,130521.46,2,0,18000.0,0.4099,0.27,0.6412,12,0,1,0
CUST000426,38,13,USA,689,16600.73,2,1,100096.04,-0.2097,0.51,0.2117,12,0,1,0
CUST000427,49,5,USA,630,99857.42,3,1,135197.69,0.2419,0.1,0.8071,9,2,1,0
CUST000428,40,9,France,662,30505.0,2,1,168890.69,-0.4933,0.9,0.614,20,7,0,0
CUST000429,50,2,India,676,113255.47,1,1,79959.71,0.3664,1.63,0.0265,12,6,1,0
CUST000430,20,8,India,767,78645.42,2,1,123011.18,-0.1481,0.45,0.7127,11,0,1,0
CUST000431,35,2,Germany,552,130866.19,2,1,83382.46,-0.0357,1.65,0.234,20,0,0,1
CUST000432,42,10,India,745,223327.86,3,1,18000.0,0.4032,0.13,0.5596,13,0,0,0
CUST000433,59,14,India,535,73964.21,2,0,18000.0,-0.0442,0.06,0.5364,9,1,1,0
CUST000434,48,11,India,611,7592.79,3,1,94758.6,0.284,1.35,0.2482,13,3,0,0
CUST000435,71,11,USA,649,25134.74,1,1,18000.0,0.226,2.94,0.4272,13,4,0,1
CUST000436,20,2,India,682,20397.92,2,1,87743.83,0.3579,0.33,0.1688,10,12,1,0
CUST000437,57,4,France,649,142143.89,1,1,79442.53,0.2959,0.86,0.4328,19,1,1,0
CUST000438,63,6,USA,664,106038.93,2,1,18000.0,0.0222,0.85,0.7216,10,0,1,0
CUST000439,41,13,France,653,90278.86,2,1,18000.0,0.3447,0.93,0.4756,12,0,1,0
CUST000440,67,7,USA,528,99649.82,1,0,64612.76,0.1126,0.68,0.5657,13,2,1,0
CUST000441,49,11,India,696,120600.89,2,1,170435.4,0.11,0.24,0.3544,15,3,1,0
CUST000442,64,10,India,714,20536.82,1,0,111913.5,0.4796,0.07,0.4607,13,3,0,0
CUST000443,39,6,India,757,137148.0,1,1,64099.95,0.1358,0.01,0.3092,14,3,0,0
CUST000444,40,8,USA,797,100142.42,1,0,60688.38,0.017,0.16,0.4834,10,6,0,0
CUST000445,19,4,India,682,13325.47,1,0,115858.69,0.4676,0.1,0.6949,12,2,1,0
CUST000446,44,9,India,762,96797.2,1,1,103316.17,0.0607,0.03,0.1766,6,2,1,0
CUST000447,59,10,USA,651,4749.93,1,1,131307.48,-0.2223,0.08,0.0106,9,5,1,0
CUST000448,19,14,India,533,107631.14,1,1,183695.93,-0.34,0.04,0.117,9,1,0,1
CUST000449,43,2,India,726,83435.39,1,1,152192.4,0.0204,0.64,0.5662,13,1,1,0
CUST000450,34,5,Germany,709,13430.41,1,1,151104.69,-0.0697,0.05,0.4832,13,1,1,0
CUST000451,57,4,France,650,101637.3,2,0,93253.19,0.3098,4.46,0.5914,13,2,1,1
CUST000452,50,11,India,645,126159.93,2,0,18000.0,-0.0872,0.56,0.1088,10,0,0,0
CUST000453,26,3,India,688,40443.15,4,1,18000.0,-0.2712,1.85,0.7489,16,7,1,0
CUST000454,60,11,France,622,124500.5,1,0,121460.07,0.0515,0.54,0.1865,17,0,1,0
CUST000455,71,1,India,685,58731.39,3,1,71195.2,-0.3492,0.12,0.4768,9,0,1,0
CUST000456,65,6,France,576,130206.82,1,1,176888.27,0.0636,1.47,0.181,16,10,0,1
CUST000457,56,12,India,585,70051.44,1,1,168373.0,0.058,0.22,0.2803,10,6,1,0
CUST000458,46,4,France,544,148735.43,1,1,103902.17,-0.0371,0.03,0.3792,15,5,0,0
CUST000459,59,3,India,829,19356.42,1,1,74809.94,-0.2692,0.17,0.7295,7,10,1,0
CUST000460,72,11,France,655,21151.79,1,0,54192.56,-0.1206,0.73,0.3826,13,1,0,0
CUST000461,43,13,India,746,27144.13,2,1,175461.68,0.0051,0.46,0.2541,15,1,1,0
CUST000462,52,7,Germany,562,83852.86,3,1,106042.61,-0.2679,0.14,0.2824,10,0,1,0
CUST000463,67,8,India,635,66558.57,4,1,64333.71,0.1421,0.61,0.6244,17,3,0,0
CUST000464,42,8,India,694,93766.72,2,0,93768.52,0.1819,2.45,0.5056,11,1,1,0
CUST000465,41,2,Germany,767,3824.13,2,1,86739.05,0.0717,1.04,0.5098,15,2,1,0
CUST000466,30,2,USA,601,31515.6,1,1,184644.54,-0.143,0.06,0.1667,14,0,1,0
CUST000467,24,4,France,617,154779.84,3,0,108255.5,-0.0119,0.31,0.6916,14,0,1,0
CUST000468,74,4,USA,586,99038.49,2,1,100786.03,0.421,0.94,0.5369,25,1,0,0
CUST000469,53,9,France,640,114662.56,1,1,34313.49,0.1953,0.12,0.3629,14,3,1,0
CUST000470,62,1,USA,568,60171.34,2,0,122228.65,0.0092,0.62,0.6495,7,0,0,0
CUST000471,37,0,France,535,94279.94,1,1,102067.58,0.2231,0.63,0.5745,11,8,0,0
CUST000472,18,7,France,670,46557.57,2,0,125425.71,-0.4979,0.07,0.08,9,4,1,0
CUST000473,25,2,India,703,38716.72,3,0,102542.43,0.6787,0.75,0.1805,13,0,0,0
CUST000474,63,0,France,558,140197.12,2,1,83386.1,-0.2535,1.84,0.7645,14,3,0,0
CUST000475,33,0,Germany,596,87295.08,3,1,102382.17,0.1184,0.84,0.4101,13,2,1,0
CUST000476,31,10,India,642,30613.52,3,0,62911.77,-0.1777,1.98,0.2,9,1,1,0
CUST000477,29,14,USA,786,76078.25,1,1,107403.65,-0.2223,0.76,0.7889,8,1,0,0
CUST000478,68,1,India,423,47098.38,1,1,161972.4,0.3098,1.11,0.6094,12,3,1,0
CUST000479,40,5,Germany,685,168905.13,1,1,142329.15,0.0187,1.79,0.222,8,1,0,0
CUST000480,32,5,India,704,117636.66,3,1,85999.8,0.0918,0.5,0.2092,13,3,1,0
CUST000481,45,13,India,593,4834.02,1,1,89978.02,0.1267,0.14,0.2964,9,1,1,0
CUST000482,51,2,USA,622,3568.35,2,1,128098.66,0.1999,0.1,0.5613,11,2,1,0
CUST000483,19,11,USA,676,91533.48,1,1,117895.65,0.1811,2.45,0.4752,12,0,0,0
CUST000484,49,3,France,647,84330.54,2,0,99961.12,0.2678,0.63,0.5635,15,0,1,0
CUST000485,40,11,France,785,108114.17,1,1,73276.38,-0.4113,0.92,0.3918,8,1,1,0
CUST000486,39,12,USA,658,67113.74,1,1,57381.97,-0.1461,0.76,0.0311,9,0,0,0
CUST000487,68,1,India,718,35864.92,1,1,56745.77,-0.1765,0.67,0.3783,11,4,1,0
CUST000488,42,1,Germany,686,107598.16,2,0,92242.69,0.3126,0.66,0.5849,9,4,1,0
CUST000489,39,14,USA,705,112834.07,1,1,116169.95,0.2392,0.51,0.2731,17,4,0,0
CUST000490,39,6,USA,587,153963.42,2,0,18000.0,0.2147,1.73,0.629,14,2,0,0
CUST000491,66,12,India,666,121536.18,1,0,135104.23,-0.1809,0.1,0.6039,7,0,0,0
CUST000492,69,0,USA,644,24116.38,2,1,48837.17,-0.2498,1.01,0.3966,15,1,0,0
CUST000493,59,6,India,592,91900.01,3,1,67135.2,-0.3658,0.91,0.3766,16,3,0,0
CUST000494,23,13,Germany,724,58280.16,2,0,87795.75,0.1362,0.05,0.4722,12,4,0,0
CUST000495,32,11,USA,488,17409.58,1,0,118443.09,-0.3324,0.2,0.7018,7,0,1,0
CUST000496,71,13,France,757,34910.74,2,0,172368.36,0.2363,1.24,0.5655,21,0,1,0
CUST000497,60,11,USA,472,215360.06,1,1,77666.48,-0.1222,0.21,0.563,8,1,1,0
CUST000498,54,13,India,637,41347.85,1,1,151881.01,-0.0793,0.69,0.8037,13,5,1,0
CUST000499,50,0,France,725,68176.25,1,1,80698.28,-0.0245,0.07,0.3514,7,0,0,0
CUST000500,25,13,USA,554,89628.17,1,1,163817.89,-0.264,0.2,0.479,10,8,1,0
CUST000501,70,5,India,683,82924.47,2,1,96587.39,0.2764,1.77,0.0961,11,6,0,1
CUST000502,61,2,USA,675,80337.45,2,0,28658.81,-0.2332,0.36,0.4187,15,0,0,1
CUST000503,61,7,India,676,65724.23,1,0,65777.82,-0.0181,1.31,0.195,15,0,1,0
CUST000504,22,5,Germany,622,185811.63,1,1,100475.8,0.3024,0.52,0.2475,11,1,1,0
CUST000505,56,10,USA,612,62866.19,1,1,89978.52,-0.4335,0.31,0.3234,8,5,1,0
CUST000506,21,1,Germany,524,177377.18,1,0,51250.74,-0.2889,0.67,0.2402,14,2,1,0
CUST000507,23,7,India,641,77947.81,1,1,36577.86,-0.08,0.61,0.7775,16,0,0,0
CUST000508,62,4,India,723,54229.29,1,0,138395.47,0.0358,3.35,0.397,15,0,1,1
CUST000509,49,7,France,613,84953.93,2,1,18000.0,0.1888,0.34,0.1909,17,3,0,0
CUST000510,69,7,Germany,617,78329.35,2,0,124210.94,0.0784,0.85,0.4057,7,1,0,0
CUST000511,47,5,India,777,76950.68,1,1,47275.14,0.1626,0.94,0.6128,10,7,0,0
CUST000512,64,1,India,636,39911.73,3,1,190962.84,0.1389,0.79,0.1394,8,3,0,0
CUST000513,52,7,India,678,8560.15,1,1,18000.0,0.1852,0.52,0.2277,13,2,0,0
CUST000514,72,14,Germany,692,110797.59,2,1,18000.0,-0.2917,1.22,0.6152,11,0,1,1
CUST000515,57,14,Germany,636,81880.36,1,1,79551.13,-0.0801,1.17,0.2711,7,10,1,0
CUST000516,69,10,Germany,704,179195.0,2,1,148750.94,0.0114,2.56,0.1813,14,0,1,0
CUST000517,33,5,USA,729,73932.11,1,0,204426.49,0.094,3.02,0.6595,12,1,1,0
CUST000518,30,5,Germany,722,17858.7,2,1,147399.31,-0.0256,0.19,0.9205,11,0,0,0
CUST000519,67,7,USA,731,95989.54,1,0,106959.73,-0.013,0.85,0.6124,7,0,1,0
CUST000520,59,0,India,483,80707.1,1,1,53353.05,-0.0755,1.55,0.4619,11,0,1,0
CUST000521,47,1,USA,556,49286.67,2,1,63306.89,0.0419,2.62,0.6223,10,6,0,1
CUST000522,36,11,France,608,114342.31,2,1,68337.74,0.6171,0.12,0.4489,12,0,1,0
CUST000523,34,11,Germany,586,106852.57,1,0,80470.78,0.0666,2.38,0.3199,11,0,1,0
CUST000524,73,8,USA,592,1791.4,1,0,87829.36,-0.2307,0.2,0.507,15,0,0,0
CUST000525,36,10,USA,721,46993.6,1,1,109562.98,0.2892,0.68,0.0434,5,1,0,0
CUST000526,45,11,France,658,143854.34,1,1,71983.64,-0.3936,0.85,0.3482,13,0,0,0
CUST000527,72,7,USA,639,15256.5,1,1,107725.94,0.1171,1.69,0.2416,9,1,1,1
CUST000528,43,11,India,631,65313.64,1,1,118122.26,0.0553,1.3,0.7509,7,0,1,0
CUST000529,54,6,France,617,90085.05,2,1,47342.52,0.4469,2.18,0.955,5,0,1,0
CUST000530,43,6,France,630,4458.77,2,1,39939.34,0.1103,1.24,0.4557,11,0,1,0
CUST000531,70,4,India,761,69898.2,2,1,152665.83,0.4239,0.33,0.2181,17,2,1,0
CUST000532,40,1,USA,508,67862.8,2,0,105950.82,0.0546,0.16,0.6747,11,4,0,0
CUST000533,26,10,USA,751,55944.24,2,1,92759.97,0.1493,0.14,0.2118,13,0,1,0
CUST000534,29,5,India,833,18894.51,1,0,31589.11,-0.1033,0.07,0.3556,13,1,1,0
CUST000535,70,9,France,751,75980.67,3,1,136929.12,-0.0477,2.16,0.7625,12,0,1,0
CUST000536,18,2,USA,570,37648.82,2,1,99909.8,0.2041,0.53,0.1808,12,2,0,0
CUST000537,18,3,France,611,142078.22,1,1,171793.16,0.3527,2.69,0.1055,9,0,1,0
CUST000538,64,12,India,732,101771.75,3,1,109241.41,-0.3899,1.19,0.4184,17,1,0,0
CUST000539,51,9,USA,630,27823.74,1,0,87566.77,0.569,2.46,0.4673,10,2,1,0
CUST000540,49,11,India,609,51480.62,2,0,70389.01,0.163,1.62,0.4959,2,1,0,0
CUST000541,71,10,Germany,641,83757.84,1,0,175810.52,-0.0348,0.7,0.7901,10,0,1,0
CUST000542,65,1,USA,560,51381.37,2,0,147552.18,0.1677,0.2,0.3566,9,1,1,0
CUST000543,42,13,USA,639,17940.26,2,0,110612.32,-0.0871,0.23,0.381,12,0,1,0
CUST000544,57,1,India,553,94126.41,2,0,145209.28,0.2373,0.37,0.1399,16,3,0,0
CUST000545,62,11,India,707,108622.45,2,0,116153.65,0.2224,0.02,0.3951,10,4,1,0
CUST000546,70,7,India,582,121935.79,2,0,18000.0,0.0821,0.88,0.6094,12,0,1,0
CUST000547,18,7,India,654,134202.14,1,1,145188.39,-0.1771,0.65,0.2149,12,3,0,0
CUST000548,33,9,USA,614,24641.58,3,1,133616.53,0.0564,0.09,0.2254,18,0,1,0
CUST000549,56,5,USA,680,124654.89,1,1,47511.97,0.0982,1.39,0.8473,5,0,1,0
CUST000550,22,12,USA,715,5209.46,3,1,128187.99,0.2746,1.38,0.7758,9,1,0,0
CUST000551,39,4,USA,672,98143.84,2,1,59821.95,-0.0895,0.1,0.3089,8,1,0,0
CUST000552,46,7,India,593,32060.64,1,0,79516.22,-0.0377,0.18,0.2323,13,1,1,0
CUST000553,72,3,India,604,101935.2,1,0,107268.4,0.3704,0.23,0.6363,12,1,1,0
CUST000554,20,10,India,838,17486.94,1,1,104792.82,0.4754,0.6,0.0916,7,2,0,0
CUST000555,29,3,Germany,725,109649.24,3,0,96071.36,0.0621,2.32,0.1752,6,0,1,0
CUST000556,43,4,USA,634,27225.87,1,1,22142.01,0.3589,0.88,0.5525,13,0,1,0
CUST000557,33,0,India,604,105936.28,1,1,102216.96,0.0493,0.91,0.3243,7,7,1,0
CUST000558,68,0,India,534,99109.97,1,1,180283.87,-0.242,0.28,0.5224,16,0,0,1
CUST000559,54,1,France,740,99895.6,1,1,112979.86,-0.1069,0.78,0.3958,10,4,0,0
CUST000560,39,13,Germany,593,78951.28,1,1,91411.54,-0.1246,0.19,0.2492,15,0,0,0
CUST000561,74,7,Germany,734,3636.02,1,1,133155.9,-0.044,0.99,0.6393,9,2,1,0
CUST000562,46,6,USA,716,168400.46,3,1,107194.84,-0.0382,0.21,0.3612,8,0,1,0
CUST000563,31,14,India,758,67943.46,2,1,79767.77,0.5807,0.01,0.5266,11,0,0,0
CUST000564,45,14,France,710,67788.29,2,0,143904.14,-0.1259,0.59,0.4822,12,4,0,0
CUST000565,22,9,Germany,633,161860.02,2,0,112590.37,-0.2028,0.28,0.3744,8,5,1,0
CUST000566,64,8,India,651,20885.64,1,1,119550.16,0.3517,0.79,0.4661,9,1,0,0
CUST000567,66,4,Germany,651,73056.04,3,0,90451.98,-0.348,1.1,0.1099,12,6,0,1
CUST000568,47,1,Germany,628,86525.06,1,1,95213.54,0.1184,1.34,0.4682,15,0,1,0
CUST000569,63,6,India,520,61631.53,1,0,138309.35,0.0443,3.19,0.8361,12,0,1,1
CUST000570,69,14,USA,477,92941.74,1,0,75732.92,-0.04,0.65,0.3206,11,8,1,1
CUST000571,22,7,India,710,39958.99,2,1,211388.4,-0.1603,0.53,0.2983,16,2,0,0
CUST000572,29,11,India,635,71772.02,1,1,71677.4,-0.2167,0.23,0.5741,13,1,0,0
CUST000573,33,6,Germany,726,84138.62,2,1,70781.8,0.2032,1.1,0.2465,16,0,1,0
CUST000574,43,13,India,619,160755.05,3,0,149710.97,0.3278,0.53,0.3097,10,0,1,0
CUST000575,43,6,Germany,649,178684.34,2,1,98884.42,-0.1132,0.32,0.1884,10,0,0,0
CUST000576,65,11,France,724,86508.97,1,1,128758.67,0.0054,0.45,0.149,11,2,1,0
CUST000577,38,14,India,774,150352.73,2,1,172870.56,-0.2332,0.37,0.1541,11,0,1,0
CUST000578,56,13,USA,624,31044.91,3,1,119532.82,0.0715,3.07,0.3416,7,3,1,0
CUST000579,53,4,Germany,569,215581.71,1,1,116083.79,-0.095,0.21,0.7514,7,4,1,0
CUST000580,50,1,Germany,747,60827.47,1,0,73525.53,0.1016,0.43,0.3866,6,1,0,0
CUST000581,47,5,Germany,627,73964.4,1,0,59189.03,0.0225,0.29,0.5,14,5,0,0
CUST000582,54,3,India,611,108986.71,1,1,26198.61,-0.2643,0.15,0.702,9,2,1,0
CUST000583,40,9,USA,618,128856.99,2,0,65752.39,0.0769,0.28,0.0915,10,2,1,0
CUST000584,27,1,USA,592,65370.57,2,0,77213.68,0.0343,0.54,0.4272,4,0,0,0
CUST000585,71,11,France,711,48508.39,1,1,64282.61,-0.1026,0.8,0.3829,10,2,1,0
CUST000586,22,8,India,542,116663.5,2,1,87793.01,0.2612,0.77,0.2976,16,0,0,0
CUST000587,53,6,France,658,19574.17,2,1,77217.22,0.024,1.19,0.1727,15,1,1,0
CUST000588,51,5,India,669,124000.78,2,0,140478.5,0.149,0.06,0.6315,15,0,1,0
CUST000589,69,11,France,602,122643.3,1,0,37115.44,0.4923,0.3,0.3685,11,0,0,0
CUST000590,48,4,Germany,776,87939.93,1,1,147515.72,0.5224,0.35,0.539,12,0,0,0
CUST000591,27,2,USA,721,132067.03,1,0,132737.75,-0.2619,0.94,0.0797,6,2,1,1
CUST000592,36,11,USA,613,45600.69,2,1,55672.43,0.232,0.19,0.298,16,2,0,0
CUST000593,49,14,India,641,161235.31,2,1,38826.69,0.0045,0.19,0.2217,16,2,1,0
CUST000594,18,14,India,721,86101.89,1,1,126909.74,0.1319,0.08,0.2512,12,0,0,0
CUST000595,73,9,India,656,64509.95,1,1,126812.45,0.3411,0.61,0.4531,11,2,1,0
CUST000596,22,9,India,762,146758.83,2,1,61964.61,0.2305,1.04,0.3145,16,8,0,0
CUST000597,62,3,India,695,34758.5,1,1,36414.19,0.0212,0.96,0.6451,10,6,1,0
CUST000598,21,2,Germany,670,54495.42,1,1,80723.01,0.3053,1.09,0.1812,14,1,1,0
CUST000599,33,11,USA,669,1355.16,1,1,18000.0,-0.069,0.15,0.153,15,4,1,0
CUST000600,41,10,India,850,164974.88,1,1,126211.36,0.1108,0.71,0.3865,16,1,1,0
CUST000601,33,7,France,568,91497.53,1,0,69628.19,0.2293,0.08,0.475,14,0,1,0
CUST000602,72,2,USA,562,86548.8,1,0,109516.38,0.2449,2.72,0.4641,12,4,1,1
CUST000603,19,6,France,630,132466.03,2,1,186034.98,-0.3736,0.09,0.3262,15,0,1,0
CUST000604,66,6,Germany,762,94324.64,4,1,81137.44,-0.153,1.68,0.4673,16,0,1,1
CUST000605,45,6,India,452,58938.35,1,1,132528.62,-0.1412,0.03,0.5978,11,0,1,0
CUST000606,49,12,USA,497,48805.57,1,1,87691.16,-0.0059,0.61,0.2414,13,1,1,0
CUST000607,44,6,USA,618,3123.61,1,0,78758.57,0.2264,1.53,0.4238,8,0,0,0
CUST000608,37,13,India,819,9849.14,1,0,173311.0,0.1089,0.81,0.2614,13,6,1,0
CUST000609,41,1,India,652,86832.07,2,1,73359.3,0.2683,0.54,0.124,16,0,0,0
CUST000610,29,9,India,557,66346.52,1,1,126286.79,0.4993,0.11,0.9414,9,4,1,0
CUST000611,67,2,India,715,106260.34,1,1,115141.0,0.0552,0.86,0.7281,11,11,1,0
CUST000612,52,9,USA,782,70682.22,2,1,120103.77,0.1113,0.74,0.2143,10,1,1,0
CUST000613,50,8,USA,598,10032.91,2,1,130063.6,0.3765,0.49,0.5081,15,1,1,0
CUST000614,50,2,India,686,91227.73,1,1,124808.85,-0.196,0.21,0.5402,5,0,0,0
CUST000615,68,1,Germany,662,87507.58,1,1,72923.54,0.1686,0.2,0.3085,8,3,1,0
CUST000616,60,8,USA,695,77070.32,2,1,79286.22,0.0554,2.81,0.4641,16,1,1,0
CUST000617,54,12,India,613,85748.43,1,1,113202.87,-0.317,2.68,0.74,10,3,1,0
CUST000618,29,9,India,700,197872.92,1,0,18000.0,0.2936,2.21,0.554,24,0,0,0
CUST000619,20,8,India,717,2105.44,2,0,117580.66,0.3713,0.58,0.4447,14,2,1,0
CUST000620,18,3,India,707,16653.9,1,1,72329.52,0.2838,3.56,0.696,12,0,0,0
CUST000621,50,13,India,520,29516.64,2,1,150127.14,-0.136,0.28,0.2428,16,1,1,0
CUST000622,57,11,India,535,81738.79,2,0,18000.0,0.5994,0.45,0.2151,16,1,0,0
CUST000623,27,8,USA,594,44030.78,1,1,122286.37,0.3017,0.15,0.8534,9,4,1,0
CUST000624,60,2,USA,671,89898.59,2,1,112989.18,0.2266,0.5,0.3084,6,5,1,0
CUST000625,61,6,India,694,72516.7,2,0,107433.1,0.2839,0.16,0.1984,7,6,1,0
CUST000626,46,6,India,565,40420.65,1,0,163352.63,0.197,0.05,0.643,15,4,1,0
CUST000627,30,14,USA,675,105257.27,1,0,100733.48,-0.0153,0.01,0.3006,9,2,1,0
CUST000628,29,10,France,725,94388.86,2,0,112114.23,0.1672,0.38,0.6319,12,0,1,0
CUST000629,48,7,Germany,703,175516.03,2,1,41480.44,0.2157,1.82,0.2517,6,0,1,0
CUST000630,63,9,USA,613,114009.09,1,0,106163.99,0.0739,0.46,0.5851,9,1,1,0
CUST000631,19,14,India,620,72085.65,1,1,87699.24,-0.1325,0.83,0.0714,7,6,1,0
CUST000632,68,3,India,546,65441.13,3,0,86957.38,0.1027,1.36,0.5118,14,3,0,1
CUST000633,67,2,France,789,133637.51,2,0,23300.69,0.2936,0.64,0.1927,17,10,1,0
CUST000634,52,2,India,687,134135.91,2,1,183022.44,0.0495,0.66,0.1872,13,0,0,0
CUST000635,40,14,France,521,158065.51,2,0,54136.97,0.3291,0.59,0.2817,12,1,1,0
CUST000636,34,11,Germany,748,65840.34,1,0,85947.65,-0.0205,0.11,0.4263,9,3,1,0
CUST000637,43,4,Germany,702,88715.19,4,1,28664.2,0.0437,0.81,0.1288,8,4,1,0
CUST000638,25,10,India,745,116829.55,1,1,30476.88,-0.382,1.03,0.5097,10,3,0,0
CUST000639,46,14,USA,605,150496.88,2,0,31315.03,0.1562,0.0,0.7036,12,1,1,0
CUST000640,43,13,USA,616,113317.67,1,1,174362.48,-0.4608,0.07,0.2863,11,1,0,0
CUST000641,27,0,India,584,79755.08,3,0,22882.52,0.0685,0.62,0.1647,8,0,1,0
CUST000642,43,9,India,819,12862.03,2,1,72456.91,0.1349,1.46,0.4265,11,2,1,0
CUST000643,51,2,France,609,68741.11,2,1,80783.87,0.0583,0.61,0.6893,18,0,1,0
CUST000644,68,13,USA,573,100107.07,3,1,64592.74,-0.276,0.46,0.5953,16,5,0,0
CUST000645,58,5,USA,598,124536.08,3,1,58263.55,0.2582,2.21,0.377,11,3,1,0
CUST000646,24,2,India,623,22346.82,1,1,79382.57,0.4474,0.06,0.7144,12,2,0,0
CUST000647,21,4,Germany,774,94317.9,1,0,40575.3,0.5637,0.12,0.2516,3,0,0,0
CUST000648,70,8,Germany,672,15312.74,2,1,144715.82,0.0557,0.92,0.3538,7,0,1,0
CUST000649,67,1,USA,748,92484.49,3,0,174737.81,-0.0069,0.09,0.5245,9,0,1,0
CUST000650,62,10,USA,672,4861.32,1,1,160007.93,-0.2568,0.12,0.3666,19,3,1,0
CUST000651,28,1,USA,635,13466.49,1,1,18000.0,0.1714,1.64,0.2037,10,2,0,0
CUST000652,46,11,USA,566,188249.5,2,0,18000.0,0.4325,0.19,0.1351,11,0,1,0
CUST000653,73,5,India,777,9693.42,1,1,24642.0,0.0195,0.78,0.2273,8,1,1,0
CUST000654,53,5,France,729,36525.69,2,0,125843.29,0.2704,0.4,0.5113,15,0,1,0
CUST000655,42,10,USA,736,74736.97,1,1,74959.38,-0.6182,0.12,0.2035,16,0,0,0
CUST000656,38,10,India,724,53108.84,2,0,215057.82,-0.1914,0.39,0.4595,8,0,0,0
CUST000657,74,7,USA,593,124694.77,3,1,101176.8,0.191,0.43,0.6602,6,1,1,0
CUST000658,53,11,Germany,671,32555.18,1,1,151270.55,-0.3292,0.79,0.2737,11,8,1,0
CUST000659,27,12,India,736,12749.5,1,1,152105.06,-0.1485,0.13,0.3899,12,0,1,0
CUST000660,54,10,India,725,133312.18,2,1,52049.81,-0.1248,0.03,0.6124,9,2,1,0
CUST000661,26,13,Germany,662,6824.04,1,0,59692.92,0.1866,0.75,0.2802,11,4,0,0
CUST000662,41,1,India,807,103753.43,2,1,174134.12,0.0875,0.05,0.5383,17,1,1,0
CUST000663,52,8,Germany,692,77460.33,1,1,18000.0,-0.0865,0.13,0.225,7,8,0,0
CUST000664,66,14,India,755,79551.96,2,0,92314.65,-0.0779,3.19,0.4591,9,0,0,0
CUST000665,52,1,Germany,666,72503.69,3,1,133463.99,-0.2103,0.02,0.1441,15,0,1,0
CUST000666,65,12,India,620,83973.76,1,1,122878.49,0.0632,0.82,0.5292,5,0,0,0
CUST000667,53,0,India,727,65180.39,4,1,80954.03,0.1732,0.12,0.5833,12,1,1,0
CUST000668,35,9,France,708,21797.27,1,1,78938.27,0.2538,1.38,0.0976,13,6,1,0
CUST000669,66,1,USA,677,19378.02,2,1,39561.3,0.4782,0.7,0.0802,7,0,1,0
CUST000670,56,11,India,582,144665.88,1,0,55846.52,0.1919,0.51,0.3533,9,0,0,0
CUST000671,49,6,India,730,85834.57,1,1,178272.96,-0.2061,0.49,0.3284,21,0,1,0
CUST000672,41,7,USA,586,76703.54,2,1,109773.02,0.1871,0.89,0.59,8,0,1,0
CUST000673,40,4,USA,712,191049.41,1,0,70508.51,-0.3012,1.46,0.6949,14,2,1,0
CUST000674,49,5,France,562,49517.11,1,1,129665.82,0.0107,0.01,0.5265,10,0,1,0
CUST000675,54,11,France,582,163698.04,1,1,77959.99,0.0766,0.02,0.644,8,0,0,0
CUST000676,29,0,USA,673,76731.25,2,1,47543.08,0.2462,0.25,0.3069,15,2,0,0
CUST000677,66,14,USA,696,29179.41,1,0,72017.23,0.2346,1.07,0.169,13,1,1,0
CUST000678,72,5,USA,667,42875.11,1,1,32080.55,0.0015,0.17,0.2225,10,0,1,1
CUST000679,30,11,Germany,607,45114.03,2,0,176548.95,0.0523,0.42,0.1566,12,4,1,0
CUST000680,40,14,India,739,169004.81,1,1,130115.65,0.2809,0.57,0.4473,9,0,1,0
CUST000681,42,7,India,661,90829.86,1,0,129756.46,-0.2313,0.37,0.5389,12,0,1,0
CUST000682,52,12,India,665,118560.55,2,0,74116.46,0.3401,0.5,0.7506,14,3,0,0
CUST000683,58,2,India,637,29985.9,2,1,97139.22,0.1699,1.28,0.1793,11,4,1,0
CUST000684,47,10,India,592,82892.65,2,1,76157.78,-0.4152,0.21,0.4157,13,0,1,0
CUST000685,34,0,USA,740,132376.22,2,1,32128.49,0.1273,0.32,0.3467,11,0,1,0
CUST000686,66,10,Germany,598,145822.23,1,0,143270.48,0.3259,0.6,0.1932,16,1,1,0
CUST000687,37,3,USA,785,7064.72,2,1,138137.76,0.555,1.6,0.7295,9,1,0,0
CUST000688,65,0,India,584,126131.46,1,1,119086.04,-0.076,0.18,0.0442,12,6,0,0
CUST000689,42,13,India,675,66956.52,1,0,101300.86,0.1871,0.6,0.1758,11,0,1,0
CUST000690,39,7,USA,655,98653.17,1,1,57471.31,0.199,1.67,0.8125,13,3,0,0
CUST000691,30,4,India,640,43263.69,2,1,115993.63,0.1981,0.1,0.0401,14,8,1,0
CUST000692,36,0,USA,704,170600.39,2,1,53275.87,0.006,1.02,0.1376,10,2,1,0
CUST000693,66,13,France,713,92131.1,4,1,59852.78,0.0417,0.2,0.3219,16,0,0,0
CUST000694,53,7,India,692,39543.75,3,1,53632.5,-0.0316,0.15,0.1775,17,1,0,0
CUST000695,29,8,India,564,45686.69,4,0,68624.5,0.1187,0.22,0.2854,16,4,1,0
CUST000696,58,9,USA,556,129283.41,1,1,63949.7,0.1928,0.56,0.7184,17,2,0,0
CUST000697,36,1,France,551,120734.64,2,1,135001.76,-0.1536,0.74,0.7528,9,1,0,0
CUST000698,29,8,Germany,630,80995.37,1,1,51374.32,0.1709,0.17,0.0984,12,0,1,0
CUST000699,26,7,France,819,52017.34,2,0,99375.08,0.1636,0.09,0.2733,10,3,0,0
CUST000700,24,6,India,646,135217.84,1,1,129159.23,0.07,0.48,0.392,9,4,0,0
CUST000701,45,2,France,818,43377.63,1,0,158244.02,-0.1119,0.05,0.1174,10,0,0,0
CUST000702,31,1,India,647,40259.18,2,1,118380.62,-0.2202,0.62,0.0514,14,2,1,0
CUST000703,48,6,India,662,232617.14,4,1,18000.0,-0.3467,0.92,0.1836,8,0,1,0
CUST000704,69,14,France,697,99479.52,2,1,88971.45,-0.2654,2.33,0.7096,15,0,1,0
CUST000705,36,4,France,626,70902.38,1,1,134281.9,-0.2784,0.12,0.4874,15,3,1,0
CUST000706,64,5,India,668,48451.39,3,1,52793.16,0.2072,0.45,0.1342,10,2,1,0
CUST000707,33,3,India,513,62963.37,1,1,163779.26,-0.5834,0.24,0.5776,13,4,1,0
CUST000708,70,1,India,578,153367.57,3,1,162716.52,0.0861,0.2,0.482,10,0,1,0
CUST000709,22,8,India,515,127371.89,3,1,124143.17,-0.2661,0.59,0.5981,13,8,0,0
CUST000710,52,2,India,708,35766.32,2,0,145844.61,0.227,0.12,0.5452,12,4,1,0
CUST000711,29,11,France,540,55537.26,2,1,158049.27,0.461,0.01,0.2496,10,1,1,0
CUST000712,42,13,Germany,762,5557.1,2,1,103019.97,0.1408,0.14,0.215,10,2,0,0
CUST000713,69,6,Germany,678,92317.65,2,0,142178.41,0.2703,0.33,0.2143,7,3,0,0
CUST000714,38,13,Germany,726,169998.11,1,0,44658.37,0.1772,0.01,0.1667,9,0,1,0
CUST000715,53,7,USA,598,19546.49,2,1,134823.38,-0.2976,1.56,0.3485,10,0,1,0
CUST000716,70,1,Germany,560,81722.62,1,1,118950.13,0.243,0.7,0.2937,11,3,1,0
CUST000717,40,13,USA,622,86723.68,2,1,219656.16,0.1736,0.02,0.7846,12,1,0,0
CUST000718,33,5,India,735,217619.59,2,1,81476.86,0.1697,0.21,0.6079,9,6,0,0
CUST000719,74,10,USA,819,21026.78,1,1,161231.47,0.079,0.87,0.2373,13,0,0,0
CUST000720,56,7,USA,690,105995.14,2,0,145618.7,-0.0871,0.02,0.3405,8,8,1,0
CUST000721,62,6,Germany,544,154602.6,1,0,94841.36,0.1188,0.38,0.4512,13,0,0,0
CUST000722,70,10,France,572,92650.76,1,1,18000.0,0.3262,0.08,0.6278,20,3,1,0
CUST000723,59,2,USA,530,75682.76,1,1,80826.21,-0.1417,0.4,0.1642,12,0,1,0
CUST000724,56,0,Germany,639,40798.09,1,1,94634.0,0.0163,2.75,0.1799,13,0,1,0
CUST000725,31,13,India,627,5720.48,1,0,145815.44,-0.0301,0.49,0.5108,13,6,1,0
CUST000726,48,5,Germany,639,46511.92,1,1,113387.59,0.0934,0.76,0.1497,13,1,1,1
CUST000727,22,7,India,564,82387.94,1,0,101634.91,0.2406,0.42,0.9034,8,0,1,0
CUST000728,52,5,India,556,74391.45,1,1,139547.96,0.0947,0.3,0.4718,6,3,0,0
CUST000729,40,4,India,657,16794.62,1,1,137166.75,0.4125,0.75,0.1651,13,0,0,0
CUST000730,46,10,USA,688,141933.42,2,1,146522.94,-0.0585,0.78,0.0571,13,8,1,0
CUST000731,60,11,India,555,12694.72,2,0,59149.19,0.2178,0.76,0.401,9,1,1,0
CUST000732,28,7,France,687,112884.42,1,1,146593.99,-0.0484,0.02,0.1502,9,0,0,0
CUST000733,35,1,India,725,128743.7,3,1,162496.12,-0.202,0.95,0.4614,15,1,0,0
CUST000734,64,14,France,463,90757.22,1,0,228248.13,0.4169,0.9,0.3923,10,1,1,0
CUST000735,29,11,Germany,776,179161.06,2,1,123818.73,-0.0026,0.06,0.2312,10,1,0,0
CUST000736,26,14,India,706,101145.59,3,1,152344.13,-0.1407,0.17,0.5162,10,6,1,0
CUST000737,27,0,India,726,161483.52,1,1,122065.4,-0.0636,0.59,0.3364,8,6,0,0
CUST000738,61,0,Germany,568,89344.07,1,1,130368.16,0.2751,0.36,0.1753,12,4,1,0
CUST000739,34,14,USA,712,134152.24,2,1,152402.22,0.3577,0.69,0.4014,15,0,1,0
CUST000740,55,13,Germany,722,112312.01,1,0,22317.18,0.4115,1.14,0.168,11,7,0,0
CUST000741,24,3,India,597,109161.02,1,1,114123.82,-0.0473,0.64,0.3982,16,0,1,0
CUST000742,63,5,USA,712,114265.38,2,1,115653.98,0.0119,0.49,0.2439,13,0,1,0
CUST000743,30,12,France,638,46170.77,2,0,70916.45,0.1034,0.24,0.1103,18,12,1,1
CUST000744,57,8,India,600,123050.41,1,1,26309.76,-0.2349,0.76,0.4061,17,0,1,0
CUST000745,59,0,USA,634,186445.75,2,1,77742.03,0.1133,1.4,0.5235,16,0,0,0
CUST000746,26,11,India,663,40425.13,2,1,115175.44,0.0089,0.24,0.4965,17,4,0,0
CUST000747,67,0,Germany,625,149776.46,1,0,89828.3,0.4668,1.24,0.5607,11,0,1,0
CUST000748,44,12,Germany,586,68013.41,1,1,113634.18,-0.0549,0.43,0.4893,17,1,0,0
CUST000749,19,12,India,681,35106.69,2,1,55305.67,0.0429,0.09,0.2533,12,3,1,0
CUST000750,22,4,India,694,945.36,1,1,107333.99,0.484,1.93,0.679,13,0,0,0
CUST000751,46,9,India,661,99549.53,2,1,116442.83,-0.1224,0.92,0.1924,8,2,1,0
CUST000752,54,4,USA,520,174118.22,1,0,39457.74,0.0972,1.47,0.2507,12,8,1,0
CUST000753,55,4,USA,603,51886.46,1,1,34307.57,0.2234,0.85,0.1789,10,11,1,0
CUST000754,36,9,France,582,117334.41,1,1,138414.89,-0.0723,0.11,0.1624,10,1,0,0
CUST000755,25,5,USA,788,75349.47,3,0,106359.75,0.2685,0.62,0.4987,6,4,0,0
CUST000756,65,7,India,659,25895.45,2,1,51116.94,-0.0072,0.8,0.3432,6,2,1,0
CUST000757,62,2,France,627,64880.97,2,1,80109.41,0.0393,0.24,0.275,8,6,1,0
CUST000758,18,8,USA,605,34789.31,2,0,122694.32,-0.3934,0.8,0.125,11,7,1,0
CUST000759,39,12,USA,640,13164.47,1,1,55849.15,0.0916,0.67,0.2865,9,2,1,0
CUST000760,69,0,India,710,49319.45,2,1,174113.65,-0.1415,0.02,0.1792,9,0,1,1
CUST000761,34,3,India,503,56262.23,1,0,126902.07,-0.1733,1.71,0.4856,8,0,1,0
CUST000762,24,8,France,668,138407.01,2,1,139825.59,0.248,0.61,0.1018,11,1,0,0
CUST000763,42,14,USA,609,77461.86,2,0,108245.56,0.1622,0.7,0.0541,10,3,1,0
CUST000764,62,13,India,684,11100.27,1,0,129235.73,-0.2155,0.13,0.4362,13,1,1,0
CUST000765,21,7,USA,713,150807.87,2,1,201556.23,-0.279,1.3,0.2419,12,0,0,0
CUST000766,53,9,France,594,99876.78,2,1,78879.72,-0.4287,0.61,0.3409,15,2,1,1
CUST000767,23,8,India,540,93416.74,1,0,81404.02,0.3577,0.07,0.7574,9,1,0,0
CUST000768,48,0,USA,625,130158.58,2,1,201080.39,-0.7245,0.97,0.0874,15,0,0,0
CUST000769,36,8,France,752,74660.5,2,0,162424.18,0.1343,0.54,0.2179,12,0,0,0
CUST000770,61,2,India,716,42742.98,2,1,91746.34,-0.2802,0.33,0.155,10,3,1,0
CUST000771,71,10,Germany,619,97487.53,1,0,62343.29,0.3021,2.04,0.2216,20,0,1,0
CUST000772,56,11,USA,599,114621.57,1,1,80061.52,0.2804,1.38,0.3192,8,1,0,0
CUST000773,44,9,Germany,605,99648.47,4,0,197617.57,-0.1477,0.03,0.2234,9,0,1,0
CUST000774,27,8,India,546,126283.21,2,1,104330.18,-0.0965,0.96,0.6335,7,3,1,0
CUST000775,43,0,India,712,82228.04,2,1,150587.96,0.022,0.15,0.5214,10,11,1,0
CUST000776,36,0,Germany,727,14273.57,1,0,111552.02,-0.104,0.01,0.4878,10,1,1,0
CUST000777,56,8,India,619,36991.16,1,0,115450.07,0.2867,0.2,0.1102,11,5,1,0
CUST000778,20,10,USA,609,161101.65,3,1,128531.69,0.0554,0.04,0.1238,6,5,1,0
CUST000779,62,13,India,594,78029.4,1,0,94246.81,0.2878,0.81,0.1634,12,3,1,0
CUST000780,30,5,India,613,6094.83,4,1,87741.04,0.0004,1.13,0.2119,14,0,1,0
CUST000781,67,3,France,591,245.0,1,1,175937.64,0.4141,0.16,0.3894,12,3,1,0
CUST000782,45,6,USA,637,7015.18,1,1,89608.39,-0.3338,0.19,0.3182,5,1,0,0
CUST000783,37,4,France,712,127078.93,1,1,125239.44,-0.0583,0.12,0.3716,8,3,0,0
CUST000784,45,9,India,704,95205.27,2,0,151677.3,0.218,0.66,0.7875,19,0,0,0
CUST000785,25,13,USA,582,190373.46,2,1,127438.66,-0.1525,0.54,0.5863,12,7,1,0
CUST000786,58,6,India,662,111720.95,4,1,136560.94,-0.2394,0.0,0.227,8,0,1,0
CUST000787,56,7,Germany,701,115450.11,1,1,21735.66,-0.3821,0.37,0.4439,15,8,1,1
CUST000788,18,7,Germany,574,199370.39,1,0,111255.48,0.1271,0.07,0.5743,10,0,1,0
CUST000789,20,0,India,661,15934.9,2,1,161801.16,0.2817,0.69,0.5012,22,0,1,0
CUST000790,30,7,France,747,17013.83,2,0,208323.52,-0.0375,0.51,0.3458,13,2,0,0
CUST000791,45,5,India,630,110279.17,1,0,156010.48,0.1973,0.49,0.6716,9,1,1,0
CUST000792,74,3,USA,488,60868.14,1,0,112468.58,0.531,1.06,0.1988,16,5,0,0
CUST000793,66,12,France,448,94447.41,1,1,128267.76,0.2827,0.49,0.4546,16,4,1,0
CUST000794,42,13,France,674,151935.34,2,1,134973.91,0.2545,0.53,0.7124,11,2,1,0
CUST000795,73,11,France,658,123216.64,1,1,18000.0,-0.0599,0.8,0.3103,13,1,1,0
CUST000796,50,7,India,665,170024.35,2,1,44617.11,-0.0485,0.29,0.535,15,12,1,0
CUST000797,55,2,India,689,19699.05,1,0,106902.26,0.1397,2.22,0.389,10,0,0,0
CUST000798,70,12,India,531,131637.11,2,1,96275.39,0.0434,0.26,0.2504,11,4,1,0
CUST000799,23,3,USA,585,28104.91,1,1,81999.78,0.1679,1.96,0.1304,6,0,0,0
CUST000800,61,14,Germany,683,179473.92,1,1,118643.62,-0.6071,1.34,0.5457,5,1,1,0
CUST000801,62,5,India,708,103783.58,2,0,124191.69,-0.0974,1.89,0.5219,17,0,1,0
CUST000802,49,10,Germany,629,107426.35,2,1,26367.73,0.3255,0.16,0.3833,10,0,1,0
CUST000803,62,6,India,535,39915.68,1,1,34073.08,-0.4156,0.21,0.2569,10,0,1,0
CUST000804,64,3,India,677,43054.76,3,1,80090.69,-0.1413,1.51,0.4268,11,0,0,0
CUST000805,38,3,Germany,654,101127.68,2,1,127022.99,-0.0104,2.52,0.3801,15,0,0,0
CUST000806,33,6,USA,565,184392.38,1,0,90135.93,-0.406,1.12,0.7949,12,3,1,0
CUST000807,71,5,Germany,491,174107.81,2,0,74026.43,0.1959,0.81,0.3647,9,2,1,0
CUST000808,38,12,India,695,98225.77,2,1,168612.42,0.1477,1.33,0.3591,8,2,1,0
CUST000809,28,10,Germany,600,49879.27,2,1,132013.73,-0.4465,0.03,0.3302,11,1,0,0
CUST000810,54,7,India,664,111520.37,3,1,91592.46,-0.0329,1.54,0.1227,10,0,1,0
CUST000811,53,0,India,661,153776.75,2,1,186703.92,-0.0144,0.26,0.3553,12,0,0,0
CUST000812,52,9,Germany,558,89131.55,1,1,104854.14,0.2115,0.05,0.3347,9,1,0,0
CUST000813,36,12,France,683,51988.58,2,1,145855.1,0.2334,0.92,0.6366,15,2,1,0
CUST000814,37,10,India,581,118105.89,2,1,53824.92,0.2529,1.12,0.4002,12,1,0,0
CUST000815,74,6,India,530,61139.74,2,1,32907.25,0.3133,0.79,0.8119,10,0,1,0
CUST000816,35,11,USA,520,53983.2,1,1,61315.66,0.1022,0.34,0.7746,12,0,0,0
CUST000817,64,6,India,649,72519.21,3,1,125737.75,0.4267,0.1,0.6255,12,0,1,0
CUST000818,58,10,Germany,777,117329.39,2,1,93866.16,0.1959,1.17,0.3221,16,3,1,0
CUST000819,66,6,Germany,653,62202.96,2,1,91795.93,0.0395,0.04,0.2888,7,0,1,0
CUST000820,31,6,India,792,73692.74,1,1,111293.18,0.485,1.14,0.6027,13,4,1,0
CUST000821,32,9,USA,765,84894.39,2,0,107311.07,-0.1378,2.53,0.1847,8,3,1,0
CUST000822,48,13,Germany,691,52327.53,1,1,159002.33,0.0766,4.6,0.8367,11,0,1,0
CUST000823,18,9,India,775,172072.37,2,1,73354.11,0.1031,0.4,0.2464,8,5,1,0
CUST000824,70,7,USA,766,190260.48,1,1,31720.89,0.1804,0.09,0.2682,11,0,0,0
CUST000825,71,8,India,744,57225.95,2,1,178519.79,-0.0656,0.08,0.6717,9,1,1,0
CUST000826,71,8,USA,499,26548.36,1,0,77565.28,-0.106,0.54,0.6096,9,2,1,0
CUST000827,20,1,India,631,47232.51,2,1,157814.25,0.3364,1.26,0.3262,15,4,1,0
CUST000828,33,12,Germany,594,103640.94,2,1,119349.42,-0.2368,0.04,0.3708,10,0,1,0
CUST000829,40,12,India,743,70667.94,1,0,170527.09,0.3556,0.15,0.3686,11,2,1,0
CUST000830,74,6,India,625,3285.92,1,1,70121.81,0.0292,0.71,0.7367,8,3,0,1
CUST000831,28,6,Germany,790,66339.49,4,1,141814.75,0.1128,0.07,0.1901,11,5,1,0
CUST000832,29,3,India,658,101237.69,2,1,86527.72,-0.0754,1.69,0.8202,10,0,1,0
CUST000833,27,8,India,647,137047.58,1,1,67897.32,-0.003,0.56,0.0417,10,2,1,0
CUST000834,49,7,India,619,184928.48,3,1,180686.47,0.3026,0.39,0.6703,14,0,1,0
CUST000835,33,11,India,635,48218.47,2,0,64188.59,-0.0636,0.01,0.4662,18,4,1,0
CUST000836,25,0,France,671,37347.34,1,1,62036.65,-0.3909,0.1,0.5573,10,0,0,0
CUST000837,55,1,Germany,644,60466.5,2,0,46348.68,0.0622,1.41,0.7873,9,6,0,1
CUST000838,29,12,India,612,17375.53,1,0,78521.75,-0.1357,0.96,0.0289,10,0,1,0
CUST000839,41,14,Germany,617,32584.69,1,1,107605.04,-0.1819,0.02,0.5026,8,1,1,0
CUST000840,45,12,USA,795,32954.33,2,0,92175.08,-0.115,2.92,0.6772,10,2,1,0
CUST000841,70,1,France,809,96267.91,1,0,118655.19,0.5878,0.35,0.2339,6,4,1,0
CUST000842,25,11,India,612,24363.1,1,1,24155.78,0.0043,0.75,0.3367,7,1,1,0
CUST000843,45,11,USA,717,127131.26,2,1,98124.03,-0.071,1.03,0.3252,8,1,1,0
CUST000844,53,10,USA,583,147245.98,3,1,31594.65,0.2616,2.51,0.6894,11,5,1,0
CUST000845,43,14,USA,623,6197.75,1,0,78873.36,0.186,1.77,0.5446,9,12,0,0
CUST000846,25,14,USA,562,4907.32,1,1,88583.45,0.3401,0.73,0.1402,8,6,0,0
CUST000847,67,7,India,731,42770.57,2,1,98491.65,0.4132,0.12,0.2594,17,0,1,0
CUST000848,45,14,Germany,688,51117.71,2,0,117236.8,0.6642,1.49,0.2495,14,1,1,0
CUST000849,45,0,USA,704,154495.88,3,0,39428.24,-0.1349,1.36,0.2854,10,0,1,0
CUST000850,54,3,France,721,72879.19,1,0,78468.65,0.295,0.82,0.1163,12,3,0,0
CUST000851,58,9,India,580,102021.98,2,1,209692.01,-0.1283,3.62,0.4208,9,2,0,0
CUST000852,53,11,Germany,624,101907.83,1,1,96240.72,0.0032,0.6,0.2205,14,1,1,0
CUST000853,44,4,France,685,21403.58,2,1,90742.4,0.1823,0.19,0.2367,7,5,0,0
CUST000854,71,8,Germany,622,60456.77,1,1,18000.0,0.069,0.23,0.4486,8,0,1,0
CUST000855,34,6,France,655,75206.48,3,0,108033.15,0.1388,0.42,0.7434,17,1,1,0
CUST000856,26,7,Germany,586,99410.39,1,1,23788.11,0.0053,0.44,0.7115,8,0,1,0
CUST000857,50,13,India,756,12923.86,2,1,18000.0,-0.1752,1.42,0.1216,18,5,1,0
CUST000858,70,10,USA,725,39135.65,1,0,121112.46,0.2439,1.74,0.3607,16,4,1,0
CUST000859,37,8,India,748,76713.6,2,1,120842.77,-0.245,0.39,0.575,11,1,0,0
CUST000860,30,12,USA,702,48743.62,2,1,22528.75,0.4091,2.32,0.2068,9,0,0,0
CUST000861,45,6,India,562,10934.7,1,1,32551.44,0.0384,2.11,0.3095,11,3,1,1
CUST000862,65,4,Germany,611,31206.23,1,0,62460.43,0.305,0.42,0.5391,14,4,1,0
CUST000863,46,12,USA,593,10333.05,1,0,193222.88,0.5357,1.62,0.5896,13,11,0,0
CUST000864,30,14,USA,629,161618.59,1,1,113404.63,0.1005,0.1,0.6515,15,0,1,0
CUST000865,63,4,India,734,56182.35,1,1,127673.25,-0.2108,0.57,0.774,16,0,0,0
CUST000866,52,9,France,532,71938.48,2,1,159001.07,0.348,1.0,0.3281,11,1,1,0
CUST000867,23,10,India,603,15307.61,2,1,173108.42,-0.0102,0.34,0.1456,13,0,0,0
CUST000868,35,5,India,618,90304.08,2,0,106933.73,-0.2451,0.02,0.3173,15,0,0,0
CUST000869,68,4,India,544,119094.21,1,0,121928.1,0.2881,0.05,0.4426,12,0,1,0
CUST000870,22,12,France,666,19195.12,1,1,100807.16,0.2042,1.8,0.4408,18,1,1,0
CUST000871,64,11,France,622,20588.59,2,0,18000.0,0.0938,0.58,0.2519,14,0,1,0
CUST000872,42,10,Germany,738,45273.17,1,1,113870.23,-0.1538,0.13,0.2971,11,8,1,0
CUST000873,19,8,France,627,10805.46,1,0,73787.7,0.3603,1.86,0.3907,12,1,0,0
CUST000874,27,2,India,686,99573.99,1,1,18000.0,0.3132,2.28,0.1375,10,4,0,0
CUST000875,73,2,France,659,123057.95,1,1,62603.6,0.0433,0.32,0.8068,12,0,1,0
CUST000876,47,14,India,451,12819.48,1,0,76273.49,0.4522,0.71,0.3913,11,0,0,1
CUST000877,67,6,India,535,130620.95,2,1,143952.19,0.2948,0.32,0.4402,10,0,0,0
CUST000878,62,6,India,680,130667.01,1,1,92404.03,-0.1223,1.03,0.3299,15,4,1,0
CUST000879,22,5,USA,677,100132.24,3,1,64120.64,-0.0672,2.36,0.4764,10,0,1,0
CUST000880,72,2,Germany,644,7569.01,3,1,36522.65,0.1391,0.02,0.3742,13,11,1,0
CUST000881,73,13,India,756,38392.86,2,1,88885.98,0.0092,0.51,0.5923,10,1,1,0
CUST000882,50,12,France,690,111240.18,1,1,106856.97,0.1089,1.28,0.7462,11,1,1,0
CUST000883,71,6,USA,775,103155.1,1,0,126471.74,-0.2029,0.93,0.672,19,4,0,0
CUST000884,18,4,India,453,18654.77,1,1,139064.96,-0.1223,0.16,0.8078,8,8,1,0
CUST000885,35,6,USA,788,176724.27,1,0,31213.6,0.0687,0.4,0.4002,15,1,0,0
CUST000886,49,1,Germany,601,32595.64,3,1,111782.6,0.1141,0.51,0.5092,16,2,0,0
CUST000887,64,5,Germany,651,24214.68,1,0,91678.2,0.1033,1.09,0.1751,14,2,0,0
CUST000888,66,13,USA,744,4026.78,2,1,87365.3,-0.2704,0.49,0.336,17,0,0,0
CUST000889,28,7,USA,480,64928.52,2,1,109498.18,0.0903,0.3,0.5171,16,2,0,0
CUST000890,38,0,India,629,132058.41,2,0,181815.69,0.2996,0.43,0.3097,9,8,0,0
CUST000891,43,3,USA,730,20119.72,2,0,85622.99,-0.0513,2.73,0.2777,7,0,0,0
CUST000892,42,10,France,600,88922.13,2,1,104848.51,-0.1247,0.04,0.3101,10,1,0,0
CUST000893,39,0,India,723,88608.31,4,1,51908.95,-0.0594,0.32,0.592,16,6,0,0
CUST000894,44,13,France,704,74049.67,1,1,46774.48,-0.0305,0.18,0.4023,12,3,0,0
CUST000895,66,0,USA,663,95970.74,1,0,44404.12,0.3453,0.41,0.3693,10,2,0,0
CUST000896,30,9,India,697,132177.74,1,0,23223.93,-0.2667,0.71,0.3195,16,0,0,0
CUST000897,50,11,France,753,92925.09,1,1,67634.84,-0.2002,0.17,0.3836,7,4,1,0
CUST000898,51,13,USA,698,140900.0,1,1,184534.31,-0.4732,0.44,0.0378,15,7,1,0
CUST000899,58,13,India,724,7796.12,1,0,61559.6,0.3451,1.41,0.5652,10,1,1,0
CUST000900,52,10,India,579,48582.71,1,1,83584.91,0.1262,0.82,0.6449,14,2,1,0
CUST000901,18,7,India,696,7871.93,2,0,31850.85,-0.2598,0.91,0.1983,12,0,1,0
CUST000902,38,6,Germany,689,109969.57,1,0,89244.32,-0.0049,2.26,0.2198,9,6,1,1
CUST000903,65,11,USA,739,151753.66,2,0,47658.93,0.1624,0.42,0.1772,11,0,1,0
CUST000904,72,9,France,557,56800.91,1,0,83397.88,0.198,4.98,0.8318,15,1,1,1
CUST000905,23,12,India,735,93455.67,2,1,83058.65,0.3032,0.39,0.0479,12,1,0,0
CUST000906,45,0,India,579,16661.58,1,1,94217.07,-0.355,0.16,0.2746,10,0,1,0
CUST000907,34,10,India,837,77336.18,2,1,153117.6,0.3152,1.32,0.3882,20,5,0,0
CUST000908,22,13,USA,578,27735.91,1,1,185592.52,-0.3739,0.57,0.1569,17,4,0,0
CUST000909,48,12,France,556,79759.15,1,1,185115.51,0.2931,0.34,0.1964,4,0,1,0
CUST000910,22,1,Germany,626,43248.91,3,1,105178.36,0.2647,0.23,0.2998,7,0,1,0
CUST000911,55,3,India,733,181057.68,2,1,108291.84,0.6481,1.38,0.8097,14,2,1,0
CUST000912,20,0,France,678,72860.0,1,0,104499.12,-0.0499,0.66,0.0346,12,7,1,0
CUST000913,70,2,Germany,784,70430.29,4,1,136917.58,-0.1351,0.78,0.1753,11,0,0,0
CUST000914,40,7,India,625,194316.88,1,1,66915.2,0.1233,0.5,0.7948,12,5,0,0
CUST000915,54,7,Germany,610,80095.8,1,1,51156.18,0.0914,0.19,0.7591,11,0,0,0
CUST000916,70,7,India,591,23789.32,2,1,18000.0,0.604,0.33,0.3968,8,4,0,0
CUST000917,54,5,India,607,49289.91,1,0,142796.2,-0.3023,0.11,0.1856,19,2,1,0
CUST000918,27,5,India,538,196600.81,1,1,110750.81,-0.1297,0.33,0.2954,14,0,1,0
CUST000919,27,4,USA,598,20494.38,1,1,60569.8,-0.2141,1.95,0.2322,21,10,0,1
CUST000920,36,12,USA,553,48685.94,1,1,177057.47,0.1593,0.68,0.2242,15,5,1,0
CUST000921,34,8,India,707,171895.89,1,0,68252.87,-0.0653,0.04,0.1867,12,0,0,0
CUST000922,38,3,India,768,28197.41,1,1,172403.6,0.1592,1.16,0.642,9,1,1,0
CUST000923,31,9,Germany,667,70083.99,3,0,58151.79,0.211,1.17,0.2016,12,6,1,0
CUST000924,26,14,France,596,159728.15,1,1,108707.42,0.1878,1.14,0.4562,17,7,1,0
CUST000925,63,11,Germany,709,40426.8,1,1,121112.77,0.0353,0.77,0.457,10,1,0,0
CUST000926,18,11,India,646,26489.69,2,1,74490.52,0.2263,0.03,0.3383,11,2,1,0
CUST000927,68,11,India,731,38266.6,1,1,38038.93,0.096,0.39,0.8356,12,2,1,0
CUST000928,62,6,India,574,7618.69,1,1,101508.92,-0.063,0.31,0.5349,13,2,1,0
CUST000929,30,0,India,579,21228.53,4,1,62727.39,-0.0746,0.02,0.4744,8,3,0,0
CUST000930,21,14,USA,708,53486.08,3,1,23996.29,-0.0165,0.07,0.1192,16,0,1,0
CUST000931,18,8,USA,648,98151.71,1,1,18000.0,0.4206,0.44,0.5467,14,1,1,0
CUST000932,66,6,Germany,724,73232.99,3,0,108955.21,0.0582,1.7,0.5371,10,2,1,0
CUST000933,57,9,Germany,581,355.97,3,1,18000.0,0.0761,2.61,0.3645,12,3,0,1
CUST000934,49,11,India,684,160348.38,2,0,85951.02,0.0302,1.09,0.2654,8,2,0,0
CUST000935,51,8,India,693,7674.35,2,1,136331.22,-0.2023,0.2,0.384,17,0,1,0
CUST000936,45,6,Germany,527,187826.6,1,1,27374.91,-0.3602,2.04,0.3182,8,1,0,1
CUST000937,48,1,India,649,85379.01,1,0,35086.68,0.1382,3.05,0.5441,9,1,0,1
CUST000938,25,14,India,488,140812.77,2,1,115061.38,-0.175,0.45,0.2097,12,3,1,0
CUST000939,56,5,India,767,108852.41,2,1,18000.0,0.1651,0.59,0.2904,15,2,1,0
CUST000940,43,9,India,544,169356.43,2,1,96556.22,0.0489,0.34,0.4091,14,3,1,0
CUST000941,51,11,India,634,73311.3,1,1,76286.6,0.3094,1.53,0.1495,24,2,0,0
CUST000942,71,10,Germany,649,59472.72,1,0,169046.71,0.2487,0.28,0.4123,5,1,1,0
CUST000943,71,3,France,573,94892.31,2,0,176580.15,0.2094,0.09,0.4536,20,0,0,0
CUST000944,20,2,India,797,58932.04,2,1,115660.6,-0.1755,0.49,0.4327,6,0,0,0
CUST000945,67,1,India,594,104121.49,1,0,66089.72,-0.4752,0.15,0.2408,12,1,1,0
CUST000946,29,5,Germany,628,172087.97,2,1,103622.23,0.3634,0.45,0.2249,11,1,1,0
CUST000947,18,7,India,594,28810.93,2,1,141830.63,0.0699,0.7,0.5874,9,2,1,0
CUST000948,71,5,India,594,71286.62,1,1,133395.49,0.0221,1.3,0.3154,7,0,0,0
CUST000949,61,8,India,641,212436.86,1,1,18000.0,-0.0094,0.94,0.0961,10,0,0,0
CUST000950,22,13,India,706,51801.45,1,1,29112.75,0.1849,1.07,0.8288,16,9,0,0
CUST000951,47,4,Germany,662,138851.13,3,0,135947.16,0.3476,0.71,0.1778,6,0,1,0
CUST000952,47,1,Germany,589,129978.69,1,0,38142.34,-0.0883,0.07,0.3042,13,7,1,0
CUST000953,74,7,India,649,13145.96,2,1,115906.12,-0.3561,1.7,0.5615,13,1,1,0
CUST000954,34,8,India,540,94402.12,2,1,138956.23,0.4951,0.96,0.1967,7,2,1,0
CUST000955,65,13,India,744,89619.98,1,1,128376.73,0.1473,1.25,0.5824,8,4,1,0
CUST000956,64,9,India,609,273307.47,1,1,122815.78,0.1619,2.26,0.8239,11,6,1,0
CUST000957,40,3,France,613,86811.66,2,0,76212.42,-0.6017,2.76,0.5809,15,12,1,0
CUST000958,32,5,Germany,494,24474.37,2,1,33456.02,0.1182,2.65,0.3628,17,2,0,0
CUST000959,54,14,USA,609,61819.61,1,0,185935.99,-0.4447,0.25,0.1788,10,2,0,1
CUST000960,38,10,Germany,784,53827.19,1,1,18000.0,-0.025,1.53,0.5864,11,0,1,0
CUST000961,31,9,Germany,698,21223.37,2,0,105375.83,0.2242,2.55,0.3805,11,1,1,0
CUST000962,19,7,Germany,738,25177.25,2,0,72586.83,0.1302,0.98,0.2059,14,3,0,0
CUST000963,28,8,India,659,118424.99,1,1,163387.86,0.2266,1.01,0.1735,19,8,1,1
CUST000964,68,11,India,440,23907.04,2,1,101297.45,-0.0854,1.72,0.0424,12,0,1,1
CUST000965,56,4,Germany,655,42452.22,3,1,57747.24,-0.1787,0.27,0.6361,17,4,1,0
CUST000966,55,11,India,666,137814.53,1,1,77116.1,-0.0365,0.17,0.5275,10,4,1,0
CUST000967,51,5,France,721,128274.0,2,1,142292.0,0.0435,0.46,0.2604,12,1,1,0
CUST000968,55,10,Germany,647,46390.31,2,1,150969.69,-0.0943,2.39,0.8343,13,1,1,0
CUST000969,67,3,France,588,14868.52,1,1,130812.17,0.0244,0.05,0.4107,18,8,1,0
CUST000970,51,4,India,642,130515.35,2,1,104849.22,0.0535,0.47,0.3514,9,1,1,0
CUST000971,35,6,France,622,17729.59,3,0,53098.16,0.1154,0.94,0.7227,16,0,1,0
CUST000972,47,8,India,691,156094.59,2,1,64652.09,0.589,0.84,0.1469,9,5,0,0
CUST000973,32,9,France,642,102001.67,1,1,121816.89,-0.1924,1.33,0.1418,11,6,0,0
CUST000974,44,10,India,570,64017.27,2,1,148393.07,0.2256,0.25,0.1499,13,1,1,0
CUST000975,68,12,USA,695,103185.9,1,1,28483.21,0.0577,0.21,0.1539,12,6,1,0
CUST000976,51,5,Germany,590,45025.68,1,1,18000.0,0.5065,1.41,0.3264,11,2,1,0
CUST000977,69,13,USA,624,167774.28,1,1,89722.58,-0.166,1.4,0.1491,6,0,1,0
CUST000978,74,5,USA,612,63030.43,3,1,110783.42,-0.0066,0.23,0.5494,12,0,0,1
CUST000979,55,7,France,668,86351.49,1,0,107592.97,-0.0409,0.46,0.5298,16,1,1,0
CUST000980,50,10,USA,540,40260.05,3,1,125305.49,-0.4632,0.48,0.6955,7,1,1,0
CUST000981,41,3,USA,652,65412.66,1,1,73894.68,0.0506,0.58,0.4613,11,1,1,0
CUST000982,32,2,India,736,175075.71,2,1,158900.2,0.0803,1.45,0.4297,12,8,0,0
CUST000983,47,13,Germany,657,59258.64,1,1,172324.11,-0.1082,0.74,0.6153,15,1,0,0
CUST000984,72,6,USA,596,50106.32,1,1,125139.76,-0.4722,0.58,0.0843,7,2,1,0
CUST000985,59,4,USA,620,118357.68,4,0,75021.88,0.2729,0.27,0.7174,10,5,0,0
CUST000986,68,1,India,673,95245.79,1,1,18000.0,0.4788,0.03,0.3638,13,4,1,0
CUST000987,34,1,USA,694,172333.64,1,1,67557.79,0.3627,2.0,0.5585,8,3,1,0
CUST000988,22,10,India,770,49003.71,3,1,106099.16,0.0586,1.01,0.5153,10,8,1,0
CUST000989,46,5,India,519,47448.65,2,1,130215.16,0.0155,0.06,0.4925,11,0,1,0
CUST000990,21,7,USA,671,12338.84,1,1,82611.62,0.3582,0.28,0.6015,8,6,0,0
CUST000991,27,0,India,664,152345.28,2,1,94466.92,0.3549,0.83,0.1671,14,0,0,0
CUST000992,73,14,India,644,4117.57,2,1,180713.62,0.0982,0.19,0.4623,16,2,1,0
CUST000993,34,10,Germany,678,96446.23,1,1,46856.01,0.069,0.09,0.222,9,0,0,0
CUST000994,27,5,India,631,5027.12,1,1,19595.11,0.2132,0.64,0.687,12,3,1,0
CUST000995,34,11,India,570,45039.52,1,1,18000.0,0.0982,0.32,0.6487,12,2,1,0
CUST000996,37,1,India,667,14291.13,1,1,145438.96,0.3859,1.41,0.2301,14,7,1,0
CUST000997,41,1,USA,701,75573.39,1,1,35337.47,0.1919,2.41,0.5014,14,1,1,0
CUST000998,22,6,Germany,646,201738.97,1,1,82627.16,0.2279,0.71,0.3223,11,1,1,0
CUST000999,51,9,Germany,734,12378.46,1,1,138917.88,0.217,1.0,0.7616,14,0,1,0
CUST001000,23,0,India,631,5467.12,1,0,173797.67,0.028,3.28,0.3977,14,3,1,1
CUST001001,70,5,India,686,113012.82,1,0,102006.65,0.5013,0.2,0.5375,12,8,0,0
CUST001002,19,13,India,523,66524.37,1,1,51350.99,0.0292,1.88,0.265,16,5,0,0
CUST001003,30,6,USA,829,2902.48,2,1,116302.55,0.006,0.66,0.7766,12,3,1,0
CUST001004,60,13,France,631,46795.3,3,1,48712.9,-0.0126,0.17,0.1681,18,5,1,0
CUST001005,60,7,India,610,17845.2,1,0,96221.8,0.4985,0.27,0.2072,11,0,1,0
CUST001006,65,6,India,628,45609.73,1,1,32468.41,-0.3681,0.93,0.5918,9,1,1,0
CUST001007,28,5,India,574,15746.64,2,1,59424.72,-0.1022,2.04,0.6457,8,0,0,0
CUST001008,68,8,USA,556,95277.51,3,0,207640.09,0.2295,0.1,0.6569,10,1,0,0
CUST001009,64,12,Germany,653,115874.3,1,1,151258.01,0.1391,0.82,0.5224,10,0,1,0
CUST001010,74,2,USA,659,88542.03,1,1,67316.09,0.1127,0.38,0.6162,13,0,1,0
CUST001011,40,10,France,667,82637.76,1,1,78500.89,0.1609,0.31,0.3464,8,0,1,0
CUST001012,72,5,USA,647,66797.56,2,1,134353.79,0.3385,0.16,0.6344,4,12,0,0
CUST001013,33,3,India,643,76391.08,4,1,79895.21,0.109,1.75,0.8429,12,7,1,0
CUST001014,48,1,India,553,174674.46,2,1,158142.94,0.0985,0.36,0.2447,16,3,1,0
CUST001015,28,0,Germany,611,54401.63,2,1,24391.0,0.3846,0.47,0.3076,12,1,0,0
CUST001016,71,11,USA,662,91866.38,2,1,96511.6,0.1094,0.19,0.5606,10,1,0,0
CUST001017,33,11,USA,606,121718.03,1,1,61353.09,0.2343,0.75,0.5579,16,3,1,0
CUST001018,25,13,Germany,673,123953.75,2,1,112175.3,-0.5965,0.46,0.5515,12,0,1,0
CUST001019,21,0,USA,639,127735.12,1,1,105638.28,-0.0576,0.17,0.4145,10,0,0,0
CUST001020,57,10,France,638,102980.23,1,0,101055.05,-0.1229,0.3,0.6663,6,6,1,0
CUST001021,21,9,USA,666,29269.9,1,1,120317.65,-0.1317,0.4,0.6536,11,0,1,0
CUST001022,73,2,Germany,688,115954.36,2,0,113036.27,-0.0364,0.06,0.5913,16,0,0,0
CUST001023,42,3,India,706,168375.43,2,1,45176.85,-0.0435,0.04,0.2258,8,1,1,0
CUST001024,20,1,Germany,808,106066.54,2,1,94515.39,0.2723,3.91,0.107,7,1,1,0
CUST001025,49,12,France,719,87789.18,1,0,94664.23,-0.1374,2.1,0.2229,20,1,0,0
CUST001026,20,11,India,531,27841.81,1,1,97497.14,0.2883,0.72,0.5272,12,1,1,0
CUST001027,44,10,Germany,563,10087.79,1,1,205422.97,0.2434,0.22,0.4727,6,0,0,0
CUST001028,46,10,Germany,628,31436.48,1,1,101275.62,-0.2129,0.21,0.193,9,0,1,0
CUST001029,49,13,India,588,7881.52,1,1,178539.43,-0.3107,0.46,0.5716,8,0,1,0
CUST001030,67,10,USA,681,65810.55,1,1,18000.0,-0.023,0.39,0.2035,14,0,0,0
CUST001031,68,0,India,689,18428.73,2,0,71794.65,0.3394,1.06,0.3128,9,0,1,0
CUST001032,36,3,France,611,129708.44,2,1,87788.83,0.1273,0.42,0.3922,14,1,1,0
CUST001033,38,14,Germany,745,51278.2,1,1,173948.71,0.505,2.49,0.5383,17,0,1,0
CUST001034,22,6,India,766,6828.33,2,1,18000.0,-0.3041,0.23,0.5294,10,0,1,0
CUST001035,35,9,India,505,18791.38,1,0,146476.93,-0.2667,0.02,0.4335,14,0,1,0
CUST001036,45,10,USA,535,80242.02,1,1,125609.31,-0.2314,0.74,0.8668,12,3,1,1
CUST001037,59,5,India,737,58506.58,3,1,125764.35,0.2276,3.53,0.7168,16,2,0,0
CUST001038,39,5,India,719,78589.68,2,1,90135.51,0.2209,1.53,0.5185,13,1,0,0
CUST001039,38,10,USA,690,60712.79,1,0,107411.23,0.1759,0.0,0.4163,7,3,1,0
CUST001040,23,8,India,650,182515.38,2,0,97457.54,0.1223,0.68,0.4751,15,1,1,0
CUST001041,18,13,India,641,129109.25,2,1,67296.85,0.4215,0.48,0.5003,8,0,0,0
CUST001042,22,14,Germany,692,22675.01,1,0,143109.58,0.0432,1.17,0.4452,9,0,1,0
CUST001043,58,1,France,664,44633.92,2,1,103815.01,0.3366,0.23,0.5722,15,0,1,0
CUST001044,29,3,Germany,754,53681.8,1,0,62270.78,0.6198,0.22,0.0455,12,1,1,0
CUST001045,43,4,Germany,595,5500.86,2,1,119635.34,-0.1141,0.3,0.4745,8,4,0,0
CUST001046,63,0,India,651,31166.21,2,1,89851.41,-0.0648,0.23,0.2737,10,2,0,0
CUST001047,51,7,India,721,115583.41,3,0,78448.78,-0.4274,0.02,0.3839,9,0,1,0
CUST001048,66,7,India,663,75357.87,1,1,18539.82,0.2234,0.79,0.5461,5,1,0,0
CUST001049,31,5,Germany,703,145597.65,1,1,74841.49,-0.0299,0.76,0.4913,12,5,1,0
CUST001050,43,11,France,702,71416.98,3,1,72405.43,0.0311,1.53,0.2031,8,5,0,0
CUST001051,62,4,Germany,616,62448.72,1,1,114572.13,0.5547,0.96,0.1806,9,2,1,0
CUST001052,44,7,France,568,3022.61,2,1,81521.45,0.2071,0.82,0.2328,12,2,0,0
CUST001053,26,2,USA,590,37188.34,1,1,228815.23,-0.1603,0.21,0.0988,12,1,0,0
CUST001054,43,2,India,563,35249.77,1,0,26297.45,-0.0445,1.08,0.3865,10,11,1,0
CUST001055,74,1,USA,501,140413.84,1,1,40177.24,-0.1289,1.55,0.1733,15,3,1,0
CUST001056,64,4,India,737,5644.15,2,0,74075.84,0.1482,0.47,0.1467,8,1,1,0
CUST001057,74,2,India,499,89684.81,1,0,117476.63,0.098,0.62,0.315,8,6,1,0
CUST001058,39,2,Germany,798,60705.14,1,1,84286.03,0.3803,1.23,0.4594,14,0,1,0
CUST001059,64,14,USA,607,100097.11,1,1,70607.7,0.1398,0.5,0.643,12,0,0,0
CUST001060,73,5,USA,627,78136.46,1,1,42613.54,-0.0091,0.88,0.2366,11,0,1,0
CUST001061,47,7,USA,528,6011.45,2,1,120591.24,0.1238,0.19,0.0256,17,7,0,0
CUST001062,60,1,India,680,55373.33,1,0,231256.73,-0.2114,0.7,0.7311,10,0,1,0
CUST001063,65,3,USA,629,154540.02,1,1,49153.15,-0.0543,0.03,0.4564,12,2,1,0
CUST001064,34,10,USA,654,24964.45,1,1,127582.16,0.0765,0.19,0.4755,10,5,0,0
CUST001065,43,6,India,587,147763.58,2,0,175320.18,0.4411,2.03,0.0888,19,1,1,0
CUST001066,53,0,Germany,688,117020.87,1,1,106765.17,0.2709,0.72,0.1968,12,0,0,0
CUST001067,18,0,USA,584,84636.43,1,1,116232.83,0.1153,0.49,0.641,9,4,0,0
CUST001068,25,11,USA,656,30165.09,1,1,96130.32,0.1782,0.59,0.3062,9,8,0,0
CUST001069,66,12,France,686,92893.41,1,1,185914.96,0.344,0.0,0.4302,10,0,1,0
CUST001070,52,9,France,766,44361.4,2,1,138306.67,0.037,0.49,0.8631,12,3,1,0
CUST001071,69,6,France,714,144486.23,3,0,154624.5,0.2871,0.12,0.0915,17,3,0,0
CUST001072,32,13,India,657,3817.88,1,0,93754.91,-0.0475,1.56,0.2945,15,2,1,1
CUST001073,64,6,India,649,95095.76,2,0,132597.21,0.133,0.43,0.6769,9,0,1,0
CUST001074,73,0,India,675,77782.99,2,1,96424.46,0.3253,0.21,0.235,20,0,1,0
CUST001075,39,0,India,711,96368.78,2,0,137054.17,0.3057,0.57,0.5256,11,0,1,0
CUST001076,31,3,France,590,120502.05,3,0,80500.55,-0.3856,0.36,0.5287,12,3,1,0
CUST001077,43,4,USA,722,20928.05,1,1,156105.83,0.1127,0.49,0.3078,8,2,0,0
CUST001078,45,4,India,575,20874.03,4,1,126144.13,0.2365,1.03,0.7568,18,0,1,0
CUST001079,40,3,India,686,89352.84,4,1,78010.02,-0.0621,0.57,0.3485,12,0,0,0
CUST001080,31,7,India,693,135807.55,2,1,142012.5,0.2952,1.97,0.367,20,1,1,0
CUST001081,41,6,USA,596,60549.41,2,1,84864.92,-0.2039,0.24,0.3543,15,0,0,0
CUST001082,19,8,Germany,526,165149.36,2,1,40741.83,-0.166,0.32,0.4909,12,1,1,0
CUST001083,62,6,France,628,57402.97,1,1,86540.67,-0.649,1.2,0.5237,16,1,1,0
CUST001084,43,14,France,439,31881.32,2,1,86962.71,-0.0399,1.22,0.1168,8,0,1,0
CUST001085,31,9,India,635,104163.81,2,0,44435.46,-0.4858,3.0,0.43,5,0,0,0
CUST001086,73,0,India,550,42138.33,1,0,123952.98,0.3498,0.79,0.2071,18,0,1,0
CUST001087,68,12,India,850,42910.7,3,1,120229.17,0.5381,0.68,0.5485,11,0,0,0
CUST001088,24,13,India,734,92120.04,3,0,99265.82,-0.1814,0.71,0.3807,9,1,1,0
CUST001089,20,6,France,655,133776.06,1,1,139239.97,0.0031,0.36,0.6965,9,1,0,0
CUST001090,64,0,USA,756,94745.0,2,1,82474.65,0.0768,0.39,0.2139,10,5,1,0
CUST001091,40,6,Germany,706,82714.64,1,0,28612.55,-0.1626,0.26,0.2735,12,0,1,0
CUST001092,63,9,USA,556,195262.1,2,1,68801.6,0.1524,0.73,0.0915,10,0,1,0
CUST001093,60,7,India,599,119180.17,1,0,60071.48,0.0077,1.47,0.4113,9,5,1,0
CUST001094,64,10,India,732,55013.58,2,0,82438.92,-0.289,0.8,0.248,11,2,1,0
CUST001095,62,8,USA,573,144367.69,1,1,104894.28,0.1521,0.51,0.4189,13,0,1,0
CUST001096,35,11,Germany,681,61149.84,3,1,197118.5,0.1804,0.05,0.4181,10,3,1,0
CUST001097,55,2,India,703,113420.39,2,1,26235.67,-0.4629,0.23,0.7676,13,3,1,0
CUST001098,52,14,Germany,629,109488.49,1,1,142642.56,0.0464,1.49,0.5692,11,1,1,0
CUST001099,68,3,Germany,662,76165.55,2,1,51849.68,-0.0564,0.4,0.0745,12,5,1,1
CUST001100,32,3,USA,716,31102.11,4,0,122031.49,0.1192,1.73,0.6509,16,1,0,0
CUST001101,42,11,Germany,712,74291.63,1,1,69428.61,0.383,0.22,0.5851,11,0,1,0
CUST001102,72,8,USA,685,46606.47,1,1,111128.5,0.3415,0.69,0.1188,8,0,0,0
CUST001103,54,12,Germany,648,92325.34,3,1,178329.43,0.3074,2.65,0.4651,16,0,1,0
CUST001104,45,6,Germany,696,102194.06,2,0,28826.15,0.0866,0.65,0.216,12,4,1,0
CUST001105,27,2,France,488,46177.37,3,1,114897.88,-0.0158,0.19,0.4228,18,0,1,0
CUST001106,56,9,India,768,96934.69,1,1,116943.74,-0.463,0.21,0.4742,10,4,0,1
CUST001107,74,4,USA,639,257367.38,3,1,149124.14,0.2513,0.14,0.5097,13,3,1,0
CUST001108,34,6,India,591,56361.43,2,1,103453.31,0.2904,0.02,0.5192,9,6,0,0
CUST001109,56,7,India,697,137313.16,2,1,265308.44,-0.3675,0.94,0.7118,13,11,0,0
CUST001110,39,0,Germany,695,122002.12,2,1,156843.14,0.1644,1.22,0.744,11,1,1,0
CUST001111,43,11,France,571,25821.99,1,0,130307.99,0.3068,1.37,0.4563,10,2,1,0
CUST001112,61,1,India,655,106857.65,2,0,117694.15,-0.169,0.06,0.4427,18,1,0,0
CUST001113,42,6,India,652,23881.21,1,1,128416.64,0.2488,2.28,0.502,13,0,1,0
CUST001114,34,10,India,647,63754.08,2,1,106571.17,-0.2393,0.77,0.2599,14,1,1,1
CUST001115,30,14,USA,779,14476.24,2,1,106914.81,-0.0655,0.07,0.3046,13,0,0,0
CUST001116,37,12,India,648,103421.32,2,1,27136.81,-0.2426,0.07,0.6251,7,2,1,0
CUST001117,42,13,India,639,54855.95,1,1,128096.63,0.2532,0.57,0.3979,9,6,1,1
CUST001118,21,12,Germany,595,159408.07,2,1,127579.35,0.2521,0.22,0.2899,9,0,1,0
CUST001119,27,14,India,584,8294.53,1,1,117029.33,-0.083,0.22,0.1125,14,1,1,0
CUST001120,20,1,USA,681,132339.18,1,0,118230.95,-0.262,0.01,0.1881,8,0,1,0
CUST001121,58,6,Germany,612,102123.74,1,1,136498.78,0.7101,0.53,0.3311,11,0,0,0
CUST001122,62,14,India,634,22783.4,2,1,122144.11,0.0689,0.07,0.829,10,0,0,0
CUST001123,35,8,USA,665,19826.94,2,0,104204.03,0.0369,0.06,0.3775,13,4,0,0
CUST001124,64,10,Germany,655,58025.31,2,0,115883.88,-0.1478,0.14,0.8181,12,12,1,0
CUST001125,53,1,Germany,660,90672.58,3,1,159078.78,-0.194,0.01,0.5131,11,0,1,0
CUST001126,64,6,USA,660,9934.39,1,0,170421.09,0.1838,0.09,0.5801,10,0,1,0
CUST001127,39,3,India,699,17161.15,4,0,52802.18,0.1383,0.72,0.2524,15,4,1,0
CUST001128,51,10,Germany,850,137408.13,3,1,81161.47,-0.0796,0.24,0.6043,15,2,0,0
CUST001129,64,12,Germany,748,27547.92,2,1,145715.9,0.2585,0.06,0.4833,10,6,1,0
CUST001130,25,1,India,621,111954.38,1,1,126838.23,-0.0034,0.12,0.4254,9,6,0,0
CUST001131,57,12,India,747,151569.14,1,1,69433.17,0.2093,0.04,0.6879,10,2,1,0
CUST001132,66,6,India,565,26136.09,1,1,103036.99,0.1484,1.2,0.1524,8,0,1,0
CUST001133,61,12,India,604,1470.44,2,1,137801.71,0.0113,0.66,0.3271,10,1,1,0
CUST001134,36,4,USA,706,130063.91,1,1,192088.12,0.2373,0.51,0.609,10,4,1,0
CUST001135,59,0,India,704,57473.14,1,1,212990.72,0.325,1.65,0.5932,18,0,1,0
CUST001136,58,4,India,698,48794.51,1,0,18000.0,0.3044,0.07,0.4938,11,1,0,0
CUST001137,54,11,Germany,602,164575.68,1,0,140862.38,-0.3144,0.03,0.1261,7,2,1,0
CUST001138,23,11,India,603,59393.52,1,1,69956.67,0.3236,0.44,0.4848,8,0,1,0
CUST001139,69,2,Germany,660,93214.47,1,0,155377.69,0.1746,0.25,0.4857,12,1,0,0
CUST001140,43,6,Germany,629,23911.93,2,1,34201.74,0.204,0.52,0.5505,9,0,0,0
CUST001141,51,5,India,721,71266.2,1,0,67196.26,-0.4776,1.87,0.3046,11,6,1,0
CUST001142,73,7,Germany,627,21360.65,2,0,91632.88,-0.3157,0.47,0.2356,8,1,1,0
CUST001143,62,12,Germany,625,44568.23,2,1,132178.05,-0.011,0.15,0.2704,10,0,0,0
CUST001144,23,4,India,519,40916.62,1,1,82217.9,-0.4015,1.28,0.4373,16,3,0,0
CUST001145,54,1,India,720,156686.17,1,1,65041.79,0.4796,0.39,0.1267,20,2,0,0
CUST001146,74,8,USA,675,34885.79,2,1,18000.0,-0.1639,1.13,0.7682,16,2,1,0
CUST001147,50,13,France,467,42844.39,3,1,68099.3,-0.2453,0.12,0.242,14,6,0,0
CUST001148,70,10,USA,685,171140.56,1,1,132457.43,-0.0513,0.33,0.3821,16,2,0,0
CUST001149,39,7,India,617,53876.51,2,1,171424.41,-0.0052,0.02,0.7575,12,9,1,0
CUST001150,38,5,Germany,712,37532.13,2,1,49936.37,0.1143,0.21,0.3583,11,0,0,0
CUST001151,23,12,USA,641,144203.1,2,0,54434.37,-0.5173,0.83,0.2723,6,1,1,0
CUST001152,23,9,USA,585,76988.82,3,0,64634.81,-0.2815,0.28,0.4325,16,3,0,0
CUST001153,72,6,Germany,788,81440.3,1,1,94368.03,-0.0943,0.12,0.6338,4,1,1,0
CUST001154,65,8,USA,775,94530.79,1,1,109300.01,0.1901,0.05,0.6376,13,7,1,0
CUST001155,21,6,Germany,635,159056.03,2,1,85278.45,-0.0123,0.74,0.1798,14,1,0,0
CUST001156,47,2,Germany,679,11894.72,1,1,24130.8,0.0925,0.06,0.752,9,1,1,0
CUST001157,28,5,USA,613,146954.21,1,1,18000.0,0.3282,1.28,0.6112,12,0,1,0
CUST001158,47,10,India,513,16610.52,2,1,76322.38,0.0299,0.35,0.4068,12,1,1,0
CUST001159,48,12,Germany,755,25447.06,2,1,125543.1,0.1693,0.29,0.2705,11,0,1,0
CUST001160,41,10,France,586,20408.91,2,1,100324.93,0.0276,0.78,0.591,9,3,1,0
CUST001161,72,6,India,751,67255.25,1,0,180816.79,0.3806,0.65,0.0624,12,4,0,0
CUST001162,26,1,USA,705,29486.1,4,0,27091.44,0.2188,3.51,0.6075,16,1,1,0
CUST001163,72,2,India,672,154801.91,1,0,104903.82,-0.642,0.04,0.5846,5,0,1,0
CUST001164,20,3,Germany,646,108245.64,1,1,166938.33,0.1471,1.53,0.7114,17,0,1,0
CUST001165,68,9,Germany,706,75093.54,2,1,85659.63,0.5347,0.73,0.3959,13,1,1,0
CUST001166,48,5,India,575,21552.84,3,1,38683.5,0.3559,1.71,0.3918,13,0,1,0
CUST001167,57,0,France,756,162884.24,2,1,18000.0,-0.0707,0.95,0.2804,10,0,1,0
CUST001168,54,8,India,661,82098.23,2,1,84706.22,0.2449,1.15,0.035,14,10,1,1
CUST001169,53,4,Germany,769,60451.42,2,1,75423.2,-0.1707,1.24,0.4466,12,1,0,0
CUST001170,41,12,USA,640,67563.96,1,0,68824.2,0.0011,0.01,0.4393,12,1,1,0
CUST001171,48,11,India,661,62242.7,2,1,114378.52,-0.1286,1.46,0.6933,22,0,1,0
CUST001172,23,13,India,671,128458.92,1,1,187149.13,0.0838,0.91,0.2743,14,0,1,0
CUST001173,19,6,India,696,146081.91,3,1,34070.27,0.5691,2.36,0.2154,21,7,0,0
CUST001174,37,8,Germany,794,18591.48,1,0,53888.73,-0.3669,0.11,0.5819,9,0,1,0
CUST001175,45,8,USA,614,35558.3,1,1,92928.41,0.2302,2.04,0.7437,11,7,1,0
CUST001176,28,0,India,639,38650.51,2,1,134599.85,-0.1278,1.54,0.4362,12,2,0,1
CUST001177,21,14,India,648,95831.56,1,0,81529.02,-0.1696,0.21,0.2508,11,0,1,0
CUST001178,32,0,India,464,137879.81,1,1,127991.22,0.159,0.11,0.5661,8,0,1,0
CUST001179,23,2,Germany,605,9128.41,1,1,30905.83,0.0574,0.79,0.4796,17,1,1,0
CUST001180,71,5,Germany,610,11124.86,1,1,102283.97,0.1354,0.9,0.4224,21,7,1,0
CUST001181,66,1,India,850,54696.96,2,0,99332.27,0.0378,0.99,0.0562,11,2,1,0
CUST001182,47,9,USA,670,109093.0,1,1,175275.9,0.0114,1.49,0.1326,16,0,1,0
CUST001183,73,11,India,689,17659.72,2,1,154448.06,0.0742,0.65,0.3832,9,8,0,0
CUST001184,55,10,France,532,52064.0,2,0,105494.41,0.0263,0.27,0.7703,9,0,0,0
CUST001185,68,0,France,644,31268.73,2,0,54384.42,-0.0088,1.56,0.6707,13,1,0,0
CUST001186,74,0,Germany,724,122966.03,2,0,18000.0,0.0646,0.45,0.2544,19,2,1,0
CUST001187,19,12,France,850,69208.49,2,0,57519.34,-0.0752,0.46,0.1503,11,0,1,0
CUST001188,32,4,Germany,595,30820.47,1,0,204945.84,0.4198,0.54,0.2194,10,4,1,0
CUST001189,28,3,Germany,504,3067.06,2,1,18000.0,-0.3532,1.44,0.3671,14,0,1,0
CUST001190,25,0,USA,587,51445.08,1,1,56141.01,-0.3073,2.83,0.4502,9,11,0,1
CUST001191,43,3,India,588,59634.76,2,1,106131.81,0.4461,0.15,0.0286,13,0,1,0
CUST001192,68,2,India,589,128533.43,1,1,160767.08,0.2286,0.1,0.5165,15,2,1,0
CUST001193,62,1,India,722,139126.82,1,0,38621.21,-0.2628,0.27,0.6327,12,4,1,0
CUST001194,61,8,USA,677,2649.25,2,1,122276.88,0.2288,1.88,0.4506,12,1,1,0
CUST001195,22,13,India,559,137043.38,1,1,62238.24,-0.1327,0.6,0.3721,14,4,1,0
CUST001196,23,14,India,763,120180.39,3,1,41492.13,0.1537,0.0,0.3681,10,3,0,0
CUST001197,43,10,USA,801,43075.99,1,1,71429.63,0.0433,0.7,0.4067,21,4,0,0
CUST001198,71,0,India,513,122992.1,4,0,97830.56,0.1697,0.64,0.1502,9,3,1,0
CUST001199,21,6,USA,744,26887.26,1,1,39082.05,0.0896,0.07,0.1442,13,2,0,0
CUST001200,36,13,France,636,101150.21,1,0,153543.68,-0.1611,0.13,0.1439,10,1,1,0
CUST001201,37,12,Germany,574,226364.26,1,1,169581.75,-0.0777,0.08,0.4755,8,0,0,0
CUST001202,50,3,Germany,533,90294.03,1,1,65905.92,0.0713,0.59,0.3406,9,0,0,0
CUST001203,37,4,USA,613,54809.45,1,1,137360.52,-0.3025,0.61,0.4216,9,0,1,0
CUST001204,66,9,USA,608,5455.65,1,1,26694.6,-0.1022,0.49,0.6238,15,3,1,0
CUST001205,29,4,India,661,81091.12,1,0,91139.07,-0.0048,0.48,0.4253,13,1,1,0
CUST001206,64,0,France,821,137870.01,1,1,140199.38,0.0553,0.69,0.1343,10,1,1,0
CUST001207,18,5,India,609,32019.55,1,1,134425.27,-0.1065,0.87,0.3886,13,3,0,1
CUST001208,43,12,India,537,109538.89,1,0,106991.95,0.238,2.65,0.0726,12,2,1,0
CUST001209,31,8,Germany,623,59674.3,2,1,157579.29,-0.3349,0.63,0.5012,13,1,0,0
CUST001210,55,1,India,733,51295.27,1,1,64646.4,0.0548,0.25,0.2897,7,0,1,0
CUST001211,54,6,India,630,106335.86,3,0,104219.13,0.1991,2.94,0.5391,17,6,0,0
CUST001212,28,5,India,702,41377.56,2,0,102512.03,0.8089,0.09,0.7185,7,2,1,0
CUST001213,53,4,India,663,64136.32,2,1,120175.79,-0.2838,0.3,0.684,12,1,0,1
CUST001214,30,3,India,654,137197.55,1,0,129075.58,-0.4461,1.86,0.7374,14,10,1,1
CUST001215,60,3,India,776,64542.13,2,0,37847.68,0.2948,2.3,0.5461,13,1,1,0
CUST001216,20,5,Germany,572,76434.79,1,1,132783.49,0.1597,0.83,0.2133,9,3,1,0
CUST001217,50,3,Germany,566,67771.31,3,1,42116.71,0.1377,0.01,0.5616,19,0,1,0
CUST001218,23,4,India,577,194582.35,3,1,144184.38,-0.4429,0.47,0.6768,13,5,0,0
CUST001219,67,12,France,677,99860.36,2,1,184068.59,-0.0087,2.16,0.4757,18,3,1,0
CUST001220,73,5,India,654,3115.55,2,1,75953.74,0.1126,1.76,0.3867,7,0,1,1
CUST001221,27,4,India,706,22310.85,2,1,54908.42,-0.2918,1.79,0.2779,10,3,1,1
CUST001222,22,6,India,643,81824.87,1,1,179819.7,-0.3166,0.28,0.1068,14,0,0,0
CUST001223,40,8,USA,634,153987.3,2,0,96773.58,-0.1159,1.39,0.5115,17,12,1,0
CUST001224,27,9,USA,676,116989.01,1,1,35436.37,-0.1606,0.89,0.3986,10,0,0,0
CUST001225,61,6,USA,785,137527.2,2,1,55869.59,0.21,1.79,0.1886,13,1,0,0
CUST001226,19,6,Germany,557,5954.72,1,1,58492.97,-0.0784,0.81,0.2818,11,7,1,1
CUST001227,30,3,USA,576,115108.31,1,0,157823.86,-0.2052,0.38,0.3871,15,2,1,0
CUST001228,57,0,USA,653,30257.32,2,1,51437.3,0.5811,0.8,0.3739,13,0,1,0
CUST001229,19,13,France,812,68559.17,1,1,18000.0,0.1961,0.35,0.6454,13,2,1,0
CUST001230,37,7,India,564,128705.81,2,0,97594.56,0.1548,0.0,0.3395,11,3,1,0
CUST001231,18,3,India,649,40745.27,2,1,114169.62,-0.1925,1.36,0.5227,10,1,0,0
CUST001232,54,0,Germany,579,13297.62,4,1,127450.71,-0.2187,1.51,0.5828,12,0,1,0
CUST001233,26,4,USA,681,53178.48,1,1,18000.0,-0.0297,1.1,0.2721,6,10,1,0
CUST001234,34,13,India,484,83505.68,2,1,91158.35,0.3782,0.21,0.4036,12,1,0,0
CUST001235,26,13,India,567,118340.68,2,0,79339.67,-0.2359,0.12,0.6399,8,0,1,0
CUST001236,28,7,USA,752,20876.26,1,1,120143.71,-0.4324,0.15,0.2746,6,3,1,0
CUST001237,32,3,USA,650,41645.62,2,0,18000.0,-0.362,0.56,0.0824,13,0,1,0
CUST001238,41,12,India,590,89343.72,1,0,107213.94,-0.4162,0.25,0.4584,8,0,1,0
CUST001239,55,11,France,646,109841.04,1,1,108711.73,-0.1296,1.69,0.1218,14,2,1,0
CUST001240,72,7,Germany,644,88579.5,1,1,154496.61,0.3516,0.63,0.2901,10,0,0,0
CUST001241,52,7,USA,694,66914.76,2,1,116979.28,-0.4376,0.48,0.515,13,1,1,0
CUST001242,47,2,Germany,483,30149.35,1,0,133387.66,0.0269,1.64,0.3968,14,2,1,0
CUST001243,48,8,France,567,131002.33,1,0,40589.9,-0.1202,0.07,0.1031,13,2,1,0
CUST001244,66,2,India,573,151239.52,1,1,94839.84,0.0026,1.64,0.5177,9,0,1,0
CUST001245,22,0,India,700,39764.17,1,1,162485.76,-0.1065,1.3,0.5341,7,2,0,0
CUST001246,61,1,USA,649,46587.25,2,1,76032.64,-0.5005,0.93,0.5207,10,0,1,0
CUST001247,67,14,Germany,765,118387.41,1,0,137127.09,-0.075,0.09,0.6401,15,3,0,0
CUST001248,31,5,India,716,86371.7,1,1,53481.99,0.284,0.04,0.5152,4,1,1,0
CUST001249,70,11,France,622,112077.77,1,1,88755.97,0.0944,0.15,0.3589,10,0,1,0
CUST001250,73,9,USA,646,92803.01,2,0,22094.67,-0.0205,0.25,0.509,16,0,0,1
CUST001251,28,1,India,753,99542.48,2,1,95586.19,0.2308,0.77,0.6545,16,4,0,0
CUST001252,26,5,India,764,50753.13,2,1,59338.59,-0.0041,0.07,0.718,9,1,1,0
CUST001253,51,13,India,642,47874.85,3,1,154688.63,-0.1354,0.16,0.4352,16,0,0,0
CUST001254,29,0,Germany,571,87986.25,1,1,197342.68,-0.1558,0.18,0.6103,16,0,1,0
CUST001255,52,10,France,481,118775.32,2,1,18000.0,-0.0146,0.89,0.4024,9,1,0,0
CUST001256,52,12,USA,481,93721.32,2,1,40309.36,0.4026,0.34,0.4587,24,3,0,0
CUST001257,18,0,France,687,29747.56,2,1,144059.87,-0.2145,0.26,0.7216,8,1,0,0
CUST001258,57,4,Germany,686,40114.36,4,1,62951.14,-0.2095,0.02,0.6146,9,3,1,0
CUST001259,39,9,USA,595,228339.79,1,0,95660.67,0.2784,0.08,0.4558,10,2,0,0
CUST001260,46,12,Germany,754,97809.8,1,1,172261.79,0.0948,0.64,0.3711,9,4,1,0
CUST001261,25,10,USA,633,69559.52,3,0,173613.27,0.4202,0.8,0.3086,14,3,1,0
CUST001262,28,8,USA,602,40397.3,1,0,37091.94,0.416,1.08,0.402,11,1,1,0
CUST001263,58,13,India,743,62543.31,1,0,192489.96,0.259,0.55,0.3771,10,2,1,0
CUST001264,54,7,Germany,733,778.9,1,1,131925.17,0.2482,0.25,0.3353,9,5,0,0
CUST001265,31,2,India,645,67949.68,1,1,148040.89,0.0704,0.28,0.5052,8,12,1,1
CUST001266,47,14,Germany,691,45438.96,1,1,67680.94,-0.4043,0.84,0.2569,8,0,1,0
CUST001267,52,2,Germany,701,88142.74,4,1,62791.66,-0.1684,0.44,0.0736,15,0,1,0
CUST001268,38,14,India,824,58342.67,1,1,18000.0,-0.1426,0.14,0.724,11,5,1,0
CUST001269,54,0,India,639,32597.46,2,0,40043.92,0.3164,0.0,0.452,11,0,1,0
CUST001270,22,13,USA,555,54992.48,1,1,132677.24,0.4901,0.24,0.588,10,0,0,0
CUST001271,36,2,USA,700,128517.67,1,0,121914.11,0.0518,1.13,0.6689,15,1,1,0
CUST001272,31,14,India,654,79972.95,1,1,137635.99,0.1099,0.87,0.5335,17,7,1,0
CUST001273,43,13,USA,658,62658.63,2,0,111120.36,-0.1012,0.08,0.3896,12,0,1,0
CUST001274,21,11,India,647,97777.14,1,1,98687.38,-0.0147,0.47,0.4262,13,0,1,0
CUST001275,42,11,India,522,75901.67,2,1,66071.66,-0.0583,0.12,0.3305,12,5,1,0
CUST001276,62,11,India,670,7393.04,2,1,86207.52,0.4854,0.51,0.841,11,4,1,0
CUST001277,59,12,India,621,118565.68,1,0,142909.52,0.4425,0.09,0.569,14,2,1,0
CUST001278,42,10,Germany,625,37290.17,1,1,138971.61,-0.284,0.91,0.8114,10,3,0,0
CUST001279,35,0,France,618,54761.61,1,1,111937.93,0.0801,0.7,0.3147,8,0,1,0
CUST001280,57,7,USA,646,17842.04,2,0,54828.35,-0.0178,0.24,0.4506,9,2,1,0
CUST001281,25,0,USA,670,126960.83,2,1,76704.02,-0.8783,3.91,0.104,14,2,1,1
CUST001282,56,4,India,647,83729.14,2,0,34999.46,0.378,0.71,0.5986,9,4,0,0
CUST001283,57,8,USA,742,93661.0,1,1,82663.66,0.6684,0.25,0.4589,16,0,1,0
CUST001284,31,6,India,710,126455.98,3,0,19678.87,0.2993,0.35,0.5455,13,0,1,0
CUST001285,49,3,USA,644,126987.77,1,0,83670.05,-0.0429,1.98,0.2353,12,1,1,0
CUST001286,68,10,France,567,32333.3,1,0,67825.9,0.3714,0.18,0.6665,12,4,1,0
CUST001287,55,8,India,696,76751.52,2,1,99285.83,0.1683,0.18,0.6737,8,2,1,0
CUST001288,50,8,Germany,624,70677.28,1,0,62483.12,0.547,0.68,0.3089,17,1,1,0
CUST001289,40,1,India,636,64802.47,4,1,135068.61,0.1381,0.32,0.8502,11,3,1,0
CUST001290,32,9,India,544,26120.02,1,0,21048.03,0.0499,0.29,0.2535,9,2,0,0
CUST001291,50,9,India,683,164351.73,1,0,23427.61,0.0376,0.42,0.2764,5,0,1,0
CUST001292,42,10,India,850,138878.2,1,1,86980.05,-0.02,1.42,0.7919,12,0,0,0
CUST001293,34,11,India,609,103492.04,2,1,112624.74,0.1889,1.47,0.6425,9,0,1,0
CUST001294,50,5,India,699,160121.73,2,1,80211.43,0.4244,0.88,0.2606,14,4,1,0
CUST001295,64,3,USA,749,105414.98,4,0,84258.58,-0.2216,0.69,0.4758,15,1,1,0
CUST001296,72,7,India,608,57207.77,2,0,104486.9,0.2598,0.01,0.613,14,0,1,0
CUST001297,19,11,Germany,455,49868.18,2,1,123852.07,0.8145,0.67,0.3545,12,4,0,0
CUST001298,31,10,France,705,99914.87,1,0,79487.79,-0.196,2.46,0.2971,11,3,0,0
CUST001299,70,6,USA,656,9444.06,1,1,109101.12,0.2832,1.45,0.4763,10,1,1,0
CUST001300,57,6,India,674,129734.37,2,1,147194.46,0.0247,0.12,0.3392,17,0,1,0
CUST001301,57,10,India,654,24965.38,3,1,34294.82,-0.3069,2.92,0.4059,7,0,1,0
CUST001302,68,9,France,742,144347.2,2,1,160710.18,-0.381,0.2,0.5697,9,0,0,0
CUST001303,56,8,USA,642,106795.48,1,0,157059.33,0.2292,0.11,0.0575,13,7,0,0
CUST001304,68,12,USA,823,196945.55,2,1,59859.68,-0.2676,0.27,0.1153,15,0,1,0
CUST001305,23,4,India,705,87164.99,1,1,124987.22,0.2632,0.12,0.6552,10,1,1,0
CUST001306,23,5,USA,730,116669.32,1,1,26392.78,0.075,0.2,0.5668,9,0,0,0
CUST001307,20,0,India,650,119213.46,2,1,114474.38,0.5262,0.3,0.3537,5,2,1,0
CUST001308,24,5,France,674,21094.19,2,1,165516.28,-0.1776,0.71,0.2215,12,5,1,0
CUST001309,68,1,France,514,9823.08,1,1,49799.71,-0.2035,0.76,0.1383,14,0,0,1
CUST001310,25,5,India,603,18105.73,2,1,63569.32,0.3421,0.61,0.1617,14,1,1,1
CUST001311,59,8,USA,736,73970.69,1,1,117339.73,-0.0209,0.28,0.748,12,0,0,0
CUST001312,69,7,India,644,75549.96,1,1,83357.22,0.2766,2.45,0.5133,14,0,1,1
CUST001313,32,8,USA,560,78111.4,2,1,109176.52,0.3761,0.28,0.2628,6,3,1,0
CUST001314,64,12,France,595,106637.4,1,0,217316.87,0.4367,0.41,0.1843,11,0,0,0
CUST001315,46,14,USA,594,29944.52,2,1,80089.74,-0.2671,0.44,0.5143,15,1,0,0
CUST001316,50,9,India,646,128017.38,2,1,24737.24,-0.0287,0.02,0.2691,10,0,0,0
CUST001317,69,7,India,583,102692.73,3,1,68334.93,-0.3842,0.45,0.3368,13,5,1,0
CUST001318,47,2,Germany,763,174003.0,2,0,108880.25,0.3727,0.33,0.2989,16,2,1,0
CUST001319,56,7,USA,666,102717.68,1,1,38583.94,0.0152,0.06,0.2135,12,2,1,0
CUST001320,44,5,USA,538,71694.02,1,1,67161.38,-0.5444,1.33,0.2994,12,4,1,1
CUST001321,53,12,India,772,209143.87,2,0,156817.55,0.3421,1.0,0.6879,9,0,1,0
CUST001322,46,5,India,646,70794.37,1,1,178335.34,0.2754,0.27,0.2817,11,6,0,0
CUST001323,55,5,France,690,93949.34,2,1,81073.54,-0.1985,0.24,0.1261,14,0,0,0
CUST001324,74,2,USA,674,102941.54,1,1,82340.21,0.0023,1.88,0.7874,10,4,0,0
CUST001325,50,9,USA,683,133725.4,2,0,41107.8,0.2075,0.17,0.3206,22,1,1,0
CUST001326,54,0,USA,622,81301.99,1,0,112179.59,0.3212,1.66,0.315,16,0,1,0
CUST001327,44,11,Germany,676,247556.01,1,0,214720.96,-0.1043,0.06,0.3514,13,2,1,0
CUST001328,72,13,India,638,40455.6,4,1,82304.72,0.302,1.46,0.2943,20,3,1,0
CUST001329,50,3,India,678,168353.97,1,1,83996.97,-0.0092,0.62,0.6487,10,4,1,0
CUST001330,21,9,USA,635,14666.85,2,1,123822.97,0.152,1.2,0.3768,9,0,1,0
CUST001331,39,11,Germany,626,14958.27,2,0,78309.92,0.1287,0.08,0.2528,9,0,0,0
CUST001332,19,5,Germany,533,20486.5,1,1,79150.26,-0.4047,0.44,0.3543,17,0,1,0
CUST001333,27,10,France,649,18636.22,2,1,166322.55,-0.1282,0.48,0.4242,13,1,1,0
CUST001334,22,11,India,667,25433.14,1,1,37950.07,-0.254,0.58,0.2941,12,1,1,0
CUST001335,27,9,India,797,82707.65,2,1,48029.57,-0.1529,0.79,0.2615,12,0,1,0
CUST001336,50,1,France,688,20640.92,2,1,130901.68,0.1281,0.39,0.3979,7,0,1,0
CUST001337,71,6,USA,592,169916.8,1,0,92814.44,-0.1447,0.47,0.6298,10,0,1,0
CUST001338,55,6,USA,568,107165.66,1,1,48369.31,0.1321,0.37,0.7421,10,0,0,0
CUST001339,30,10,Germany,671,80131.67,2,1,113967.05,-0.227,0.96,0.7121,11,1,1,0
CUST001340,48,3,USA,590,92476.79,2,1,83984.76,-0.0321,1.91,0.353,12,0,1,0
CUST001341,64,3,India,604,116054.44,2,1,108222.08,0.4205,0.1,0.1926,12,4,1,0
CUST001342,53,14,Germany,590,149948.51,1,1,86428.19,-0.1541,0.27,0.7311,8,1,1,0
CUST001343,62,0,Germany,623,45171.05,2,1,28965.77,0.2439,0.2,0.41,14,0,1,0
CUST001344,41,12,USA,708,33740.75,1,0,150848.84,-0.3163,2.24,0.3631,14,0,1,0
CUST001345,69,1,USA,490,101716.38,2,1,181232.78,0.2584,0.72,0.5026,13,1,1,0
CUST001346,73,8,India,753,173274.59,1,1,55793.59,-0.1706,0.12,0.2936,13,7,1,0
CUST001347,32,9,India,633,8439.03,1,1,177303.85,-0.1282,0.41,0.3644,12,1,0,0
CUST001348,46,7,India,599,100750.13,2,1,94914.69,0.3104,0.51,0.42,18,4,0,0
CUST001349,25,7,India,721,156040.19,1,1,18000.0,-0.5485,0.78,0.3623,12,1,1,0
CUST001350,22,8,France,633,114169.75,3,1,120403.65,0.0041,0.19,0.2109,8,6,1,0
CUST001351,46,14,Germany,566,96585.53,2,1,18000.0,0.2849,0.56,0.3456,14,0,1,0
CUST001352,64,6,Germany,528,109502.49,3,1,76541.08,-0.4075,1.29,0.342,14,0,1,0
CUST001353,21,12,USA,705,187809.27,1,1,133912.91,0.0108,0.86,0.4657,15,4,1,0
CUST001354,29,8,India,710,125287.43,1,1,122803.17,-0.2565,0.09,0.2892,10,1,0,0
CUST001355,62,9,France,616,20169.35,2,1,65408.51,-0.1236,1.95,0.5955,16,3,1,0
CUST001356,19,11,India,755,70757.19,1,1,130132.46,0.0755,0.33,0.3729,14,7,0,0
CUST001357,44,1,India,652,81428.78,1,1,143268.01,0.1712,0.44,0.8239,15,0,1,0
CUST001358,48,5,USA,756,139603.62,2,1,71070.11,0.168,0.94,0.6044,20,1,1,0
CUST001359,68,14,France,573,81162.99,2,1,83627.08,0.3485,0.49,0.3643,13,0,1,0
CUST001360,68,2,France,563,76993.58,1,1,109555.95,-0.0098,0.71,0.7108,15,0,1,0
CUST001361,53,10,India,608,78646.4,2,1,44435.08,-0.1035,0.52,0.821,12,0,0,0
CUST001362,53,14,France,618,90871.19,1,1,61116.05,0.1512,0.29,0.3198,11,0,1,0
CUST001363,43,5,India,742,70209.25,2,1,147961.23,0.3237,0.47,0.0312,8,1,0,0
CUST001364,60,2,India,673,50013.76,1,0,210285.0,-0.1264,0.3,0.3645,10,0,1,0
CUST001365,44,7,Germany,589,66841.78,1,1,129164.28,0.1185,0.48,0.6075,11,6,0,0
CUST001366,22,14,France,650,94918.05,2,0,112703.88,0.1609,0.18,0.4236,17,5,0,0
CUST001367,37,10,USA,615,114481.44,2,1,187816.72,0.0577,0.05,0.4849,16,1,0,0
CUST001368,28,14,USA,585,245659.58,1,1,55548.47,0.1394,0.96,0.7171,20,0,1,0
CUST001369,27,12,Germany,643,6411.48,2,1,103962.54,0.2234,0.11,0.0769,20,0,0,0
CUST001370,57,3,Germany,634,112405.13,1,1,139772.44,0.1108,1.38,0.1347,13,4,1,1
CUST001371,55,11,France,588,167498.05,2,0,60141.82,0.0453,0.36,0.514,4,3,0,0
CUST001372,23,9,USA,587,28043.61,2,1,21301.93,0.0186,0.23,0.3388,5,4,1,0
CUST001373,25,5,France,715,118449.61,2,1,139498.5,0.3059,0.42,0.4697,12,0,1,0
CUST001374,40,14,France,683,53377.36,1,1,145710.67,0.1407,0.13,0.7558,5,0,1,0
CUST001375,64,8,India,725,43982.67,1,0,140483.8,0.3322,1.51,0.3975,11,0,1,0
CUST001376,43,1,Germany,627,30545.82,1,0,141335.5,0.079,0.15,0.5203,13,2,0,0
CUST001377,63,1,USA,562,70376.87,1,1,104295.75,0.2118,0.54,0.1524,9,0,1,0
CUST001378,60,6,India,604,68051.72,1,0,106841.49,0.1879,0.14,0.0823,11,0,0,0
CUST001379,29,14,USA,732,122704.45,1,0,111031.01,-0.0953,0.04,0.2028,14,4,0,0
CUST001380,43,1,India,521,13536.97,2,1,153191.46,-0.5578,1.28,0.1776,14,2,0,0
CUST001381,30,1,USA,765,128701.12,1,1,113406.64,-0.3604,0.65,0.2712,13,1,0,0
CUST001382,57,3,France,561,127323.01,3,0,104132.51,0.2596,0.07,0.4988,13,1,1,0
CUST001383,35,8,India,712,95154.65,1,1,116034.28,0.1892,1.79,0.0871,14,1,1,0
CUST001384,42,7,USA,568,217844.49,4,1,121407.21,0.0508,0.4,0.6329,7,1,1,0
CUST001385,50,1,France,602,152472.34,4,0,49173.59,0.1118,0.44,0.4024,14,0,1,0
CUST001386,64,7,USA,485,44944.75,1,1,166644.93,-0.1163,0.55,0.6094,12,5,1,1
CUST001387,57,3,India,798,2251.0,4,1,68200.87,-0.1315,0.2,0.562,15,0,1,0
CUST001388,60,1,USA,695,33354.97,3,1,103439.98,-0.0212,0.64,0.2081,13,1,0,0
CUST001389,29,10,USA,700,39977.56,1,0,54945.7,0.2509,0.23,0.5676,20,1,0,0
CUST001390,61,9,USA,610,37348.77,3,1,90267.94,0.3099,1.45,0.473,17,0,0,0
CUST001391,53,6,Germany,575,106644.92,1,1,125743.33,0.1319,1.4,0.0928,12,4,0,0
CUST001392,65,5,USA,712,5459.39,1,1,115003.0,0.0747,0.52,0.5687,15,1,1,0
CUST001393,21,13,Germany,553,90447.22,2,1,74244.17,0.0365,0.61,0.6964,8,0,0,0
CUST001394,22,9,USA,636,134147.37,1,1,66992.87,-0.0481,3.95,0.5022,15,2,1,1
CUST001395,73,4,India,549,162767.59,1,1,112471.78,-0.4446,1.27,0.2431,12,0,1,0
CUST001396,54,10,Germany,659,60412.43,4,0,151870.85,0.2678,0.05,0.0989,18,0,1,0
CUST001397,25,0,Germany,496,31590.65,4,1,168844.48,0.2236,0.15,0.4936,8,9,1,0
CUST001398,59,1,USA,531,158857.51,2,1,196691.01,0.1237,0.73,0.4028,14,6,0,0
CUST001399,66,7,India,581,169398.45,2,0,66315.18,0.2052,0.37,0.5018,13,3,0,0
CUST001400,45,0,India,699,118323.58,3,1,63029.03,0.4906,1.3,0.7029,17,0,1,0
CUST001401,48,2,India,607,33102.01,1,0,94330.76,-0.0779,0.82,0.2802,8,3,1,0
CUST001402,26,1,India,728,5652.82,3,1,91619.46,0.1279,3.74,0.1404,13,1,0,1
CUST001403,71,4,Germany,770,145206.52,1,1,31290.28,-0.2603,0.01,0.5498,14,0,1,0
CUST001404,68,3,India,625,72178.84,3,1,140335.69,0.4848,0.46,0.556,10,0,1,0
CUST001405,46,12,Germany,531,152866.52,2,0,62798.68,0.0697,0.42,0.4333,13,0,0,0
CUST001406,31,6,India,727,34756.49,4,1,68971.03,-0.4532,0.46,0.5528,9,0,0,0
CUST001407,57,4,India,526,144739.49,3,0,120679.23,-0.0431,1.73,0.4345,12,0,0,0
CUST001408,58,7,USA,577,163264.79,3,0,42655.14,0.3744,0.42,0.5736,9,7,1,0
CUST001409,39,3,India,513,60994.15,2,0,87832.68,0.2316,1.27,0.4112,15,1,0,0
CUST001410,28,14,France,727,95133.27,2,0,135559.58,0.4635,0.8,0.3862,15,0,1,0
CUST001411,40,11,India,695,4006.07,2,0,102375.53,0.0225,0.54,0.4498,15,3,1,0
CUST001412,18,5,USA,779,5567.7,1,1,135852.65,0.2573,0.94,0.3112,11,12,1,0
CUST001413,63,3,Germany,614,95672.22,2,1,147133.88,0.1435,0.21,0.3281,12,0,1,0
CUST001414,54,1,USA,584,42510.22,1,1,95933.13,0.1374,0.12,0.0317,13,3,0,0
CUST001415,38,0,India,608,90923.92,3,1,18000.0,-0.1941,2.73,0.4051,17,2,0,0
CUST001416,43,13,USA,543,86158.44,1,0,158985.57,-0.7164,0.4,0.5708,14,2,1,0
CUST001417,63,13,Germany,764,116454.67,4,0,97728.06,0.036,0.29,0.4534,16,0,1,0
CUST001418,53,0,France,850,108841.4,1,1,137952.12,-0.4739,0.25,0.413,7,0,1,0
CUST001419,71,7,France,592,133074.16,1,1,165620.83,0.1999,0.78,0.2745,4,1,1,0
CUST001420,40,13,India,697,90074.99,3,1,18000.0,-0.0549,4.51,0.5572,16,5,1,1
CUST001421,74,3,France,637,95052.45,1,1,99806.67,-0.1593,1.8,0.4208,8,2,0,1
CUST001422,18,4,India,685,75871.38,1,0,174090.92,-0.1659,0.41,0.2932,11,0,0,0
CUST001423,71,10,India,734,141083.53,2,1,90099.88,0.0695,1.81,0.2118,12,3,1,0
CUST001424,72,7,Germany,558,190105.03,1,1,146845.17,0.2894,0.49,0.3197,8,3,0,0
CUST001425,68,11,India,611,122479.22,2,1,47439.23,-0.0239,0.09,0.2245,10,1,1,0
CUST001426,57,14,India,746,106842.66,2,0,122977.67,-0.1392,0.17,0.4073,11,6,0,0
CUST001427,32,6,India,690,62524.32,4,0,39944.77,-0.1358,0.22,0.2456,13,0,0,0
CUST001428,38,12,USA,676,91064.15,1,1,143262.27,0.455,2.0,0.2446,11,3,1,0
CUST001429,64,7,Germany,690,51510.44,1,1,78294.67,0.0383,3.09,0.8315,10,1,0,1
CUST001430,26,12,USA,698,37815.55,2,1,168619.13,-0.6342,0.21,0.5946,13,2,0,0
CUST001431,70,7,India,742,63835.67,1,1,170370.65,-0.0481,0.41,0.3063,3,0,0,0
CUST001432,26,5,USA,710,186956.52,1,1,71007.23,-0.3085,3.19,0.2016,8,2,1,1
CUST001433,27,9,France,645,70745.37,1,1,180617.95,-0.1043,1.5,0.5823,10,0,0,0
CUST001434,69,1,Germany,678,176651.49,2,0,71868.89,-0.2444,0.47,0.1576,16,0,1,0
CUST001435,74,5,India,644,15728.09,3,1,132606.94,0.5267,0.48,0.2874,11,1,0,0
CUST001436,70,13,France,590,84615.78,1,1,98462.63,0.1297,1.69,0.3083,7,1,1,0
CUST001437,43,0,Germany,645,120683.37,1,1,79732.89,0.3167,0.02,0.4508,12,4,1,0
CUST001438,58,0,India,640,123874.03,2,0,138478.26,0.5229,2.14,0.129,14,7,0,1
CUST001439,52,10,India,514,8854.22,1,1,75437.07,0.123,0.07,0.7704,11,0,0,0
CUST001440,69,2,India,711,622.08,2,1,72773.43,0.6878,1.85,0.1421,9,1,1,0
CUST001441,42,2,Germany,725,114404.34,1,0,100273.16,-0.3329,0.05,0.1669,5,0,1,0
CUST001442,43,10,India,693,41697.62,1,1,143600.36,0.4025,2.78,0.6453,6,1,0,0
CUST001443,28,12,USA,720,115336.03,1,1,111342.53,0.0994,0.01,0.4478,8,1,0,0
CUST001444,55,4,India,635,165019.42,1,1,82780.36,0.2678,2.68,0.3123,19,0,1,0
CUST001445,19,0,France,608,35321.94,2,1,75356.2,0.0142,0.05,0.3405,11,5,0,0
CUST001446,24,9,India,725,43623.59,3,0,89983.1,0.2137,0.11,0.2983,13,6,1,0
CUST001447,35,5,France,565,49623.24,2,1,126172.18,0.1562,2.64,0.1274,8,6,0,0
CUST001448,44,6,France,562,125668.34,2,0,48462.35,0.0259,1.26,0.5794,11,1,1,0
CUST001449,51,9,India,685,208085.25,1,1,68255.2,0.0859,1.47,0.2784,7,0,1,0
CUST001450,44,11,USA,683,1304.86,2,0,137889.93,0.4894,0.45,0.0359,11,4,1,0
CUST001451,34,12,India,724,153125.54,2,1,60302.4,-0.1322,0.07,0.3808,14,3,1,0
CUST001452,60,10,France,513,158798.02,1,1,72366.77,0.4354,0.13,0.7019,11,4,0,0
CUST001453,61,2,USA,642,124606.99,1,1,98516.03,-0.137,2.06,0.2246,15,8,0,0
CUST001454,68,3,India,559,38457.92,1,1,60980.74,0.2167,0.39,0.276,7,0,0,0
CUST001455,71,9,India,718,60908.62,1,1,77926.25,0.0363,1.13,0.3566,18,1,1,0
CUST001456,41,10,India,756,110248.39,2,0,106375.34,0.2072,0.94,0.42,14,7,1,0
CUST001457,42,9,France,690,108433.35,3,1,134455.24,0.126,0.51,0.4458,7,5,1,0
CUST001458,24,13,Germany,605,60468.2,2,1,63305.15,0.1803,1.58,0.4964,10,0,1,0
CUST001459,69,11,France,590,104545.12,1,1,60594.6,0.2092,0.85,0.4336,17,2,0,0
CUST001460,23,14,India,617,53611.83,1,1,154714.9,0.0982,1.08,0.0412,10,11,1,0
CUST001461,70,9,India,582,69021.13,1,1,68895.79,0.3625,1.45,0.5388,13,2,0,0
CUST001462,41,13,France,637,63423.4,2,1,64056.9,0.1809,0.2,0.4567,18,0,1,0
CUST001463,50,9,India,589,143879.02,1,0,18000.0,0.4883,0.28,0.6911,19,2,1,0
CUST001464,66,9,France,539,12567.66,1,0,153137.22,-0.0055,1.13,0.4269,11,4,1,0
CUST001465,46,2,India,680,116293.6,2,1,165999.62,-0.1336,1.41,0.6578,10,0,1,0
CUST001466,60,0,India,686,98274.05,1,1,99060.74,0.1651,0.73,0.4204,9,2,0,0
CUST001467,39,7,Germany,785,64689.31,1,1,109394.77,-0.3075,4.0,0.3016,19,0,1,1
CUST001468,43,12,France,615,130003.52,1,1,100043.56,0.3227,1.68,0.2959,9,0,1,0
CUST001469,45,9,France,498,137738.74,1,0,47427.48,-0.0379,1.29,0.2465,14,5,1,0
CUST001470,67,9,India,715,50876.46,2,0,129780.46,0.2797,0.23,0.6193,13,2,0,0
CUST001471,38,1,India,724,106055.73,1,1,165608.74,0.1412,0.32,0.4965,14,3,0,0
CUST001472,66,0,USA,741,92592.13,1,1,99899.27,0.0396,0.36,0.1993,10,0,0,0
CUST001473,24,13,USA,767,214377.65,1,1,134260.01,0.1314,0.08,0.5349,11,0,1,0
CUST001474,34,7,Germany,768,107150.13,1,1,57933.48,-0.3077,1.05,0.5114,21,0,1,0
CUST001475,37,6,India,571,82557.39,3,1,53632.44,-0.0522,0.43,0.7517,10,2,1,0
CUST001476,58,6,France,773,143886.67,1,0,122448.19,0.2507,0.78,0.5604,15,0,0,0
CUST001477,66,3,USA,623,175676.91,1,1,173229.09,-0.282,0.99,0.7095,12,0,0,0
CUST001478,37,10,Germany,713,204464.7,2,0,70927.39,0.1974,0.01,0.5317,16,1,1,0
CUST001479,71,8,USA,670,38950.97,1,1,91279.65,0.266,0.04,0.7087,15,3,1,0
CUST001480,39,5,USA,572,102646.26,2,1,125228.82,-0.1113,0.33,0.306,19,0,0,0
CUST001481,45,1,France,742,37487.83,1,1,78612.99,0.3823,0.85,0.3972,17,10,1,0
CUST001482,57,13,USA,613,219911.61,4,1,123309.81,0.253,0.52,0.5773,16,1,1,0
CUST001483,66,0,France,798,78933.0,4,1,54321.04,0.3952,2.24,0.4902,11,3,1,0
CUST001484,24,0,France,588,135338.59,2,1,120894.21,0.1419,0.24,0.2886,17,1,0,0
CUST001485,18,8,Germany,569,65747.94,2,1,88871.77,-0.053,0.09,0.3473,19,4,1,0
CUST001486,49,3,USA,596,106944.39,1,0,23330.02,0.3424,0.1,0.1094,14,6,0,0
CUST001487,30,4,India,769,35962.51,4,0,50498.72,0.053,0.2,0.1511,11,4,1,0
CUST001488,47,2,India,524,140490.57,1,0,115743.94,0.2849,0.22,0.2607,15,3,1,0
CUST001489,40,3,India,723,156763.33,1,0,165080.15,-0.0627,0.38,0.4219,14,3,0,0
CUST001490,68,11,India,796,39260.25,1,0,37068.1,-0.0861,0.66,0.5713,14,2,1,0
CUST001491,73,7,India,636,36212.56,1,1,148872.12,-0.1356,0.23,0.782,10,3,1,0
CUST001492,36,12,India,618,167938.1,2,1,119968.74,0.4038,0.58,0.4979,11,7,0,0
CUST001493,49,3,India,656,160073.15,1,1,146064.91,0.2133,0.52,0.4672,19,1,1,0
CUST001494,47,8,USA,560,125043.44,2,0,92605.37,-0.3203,0.3,0.1383,4,0,0,0
CUST001495,46,8,India,850,64521.88,1,0,130262.43,-0.0275,0.46,0.6056,16,0,1,0
CUST001496,66,5,India,703,58636.58,3,1,188778.32,0.106,0.39,0.744,13,5,0,0
CUST001497,62,1,Germany,552,158710.03,2,1,109160.1,0.4286,2.4,0.1834,17,0,0,0
CUST001498,46,11,USA,585,56113.21,2,1,53053.79,-0.021,0.06,0.2764,14,0,1,0
CUST001499,47,9,USA,664,85762.04,2,1,169587.24,0.3146,1.17,0.5378,19,7,0,0
CUST001500,33,10,USA,546,75672.95,3,1,125455.38,0.4742,0.3,0.789,16,6,1,0
CUST001501,57,6,Germany,529,96332.72,1,1,111751.83,-0.2598,0.16,0.1987,19,8,0,0
CUST001502,36,8,USA,673,69344.64,1,1,185899.58,0.0662,1.64,0.3162,13,0,1,0
CUST001503,35,5,USA,730,76600.88,2,0,167546.89,-0.1117,0.51,0.1252,10,1,1,0
CUST001504,18,2,France,723,187073.77,2,1,123023.64,0.4148,0.57,0.243,14,0,1,0
CUST001505,31,13,Germany,645,108534.38,1,1,56621.14,0.1934,0.43,0.7006,9,4,0,0
CUST001506,68,14,USA,628,99725.42,1,0,82345.64,-0.0587,0.41,0.5112,13,0,1,0
CUST001507,64,6,USA,654,126950.19,1,1,109154.59,-0.1934,0.94,0.2782,15,10,1,0
CUST001508,67,4,India,729,6633.21,1,1,98680.05,-0.1057,1.14,0.2904,14,0,0,0
CUST001509,19,0,USA,549,139091.6,3,0,77256.21,-0.1862,1.24,0.4533,18,10,0,0
CUST001510,71,2,France,587,94777.53,1,1,90696.01,-0.0892,0.6,0.4962,12,1,1,0
CUST001511,45,4,USA,619,37742.09,2,1,150460.02,-0.1053,0.97,0.1198,11,0,1,0
CUST001512,66,6,France,630,70032.8,2,1,109930.21,0.1855,1.2,0.6228,11,1,0,0
CUST001513,67,2,USA,645,109055.98,1,1,77416.62,-0.1476,0.92,0.4039,8,6,1,1
CUST001514,47,5,France,648,81344.11,1,0,131579.65,0.1768,0.17,0.005,14,2,1,0
CUST001515,55,4,USA,703,143342.21,1,1,126912.44,-0.1191,1.0,0.3638,14,1,1,0
CUST001516,68,12,India,508,29406.36,2,1,98256.64,-0.2438,0.84,0.3542,20,0,1,0
CUST001517,21,0,USA,521,6245.81,1,1,46764.22,-0.0121,0.08,0.6266,8,1,1,0
CUST001518,18,9,India,596,28754.26,1,0,94236.82,-0.1069,0.83,0.4483,13,1,0,0
CUST001519,25,5,India,719,50600.52,1,1,99503.22,-0.2378,1.66,0.2975,9,1,1,0
CUST001520,46,13,Germany,597,84318.65,1,1,142319.74,-0.1033,0.43,0.7714,11,0,1,0
CUST001521,72,7,India,646,55449.95,1,1,65665.25,0.4457,0.11,0.1544,16,2,1,0
CUST001522,56,12,Germany,660,2396.99,1,1,86721.02,-0.0527,0.75,0.3102,8,4,0,0
CUST001523,20,12,India,675,7889.47,1,0,173826.67,0.1229,0.22,0.2968,13,0,1,0
CUST001524,49,0,India,775,3260.03,2,1,88575.37,-0.1203,0.63,0.4426,16,2,1,0
CUST001525,27,1,France,705,58122.36,1,0,98622.93,0.2457,0.89,0.3816,15,1,1,0
CUST001526,27,13,India,729,25711.74,2,1,187646.08,-0.2787,0.57,0.3807,15,0,1,0
CUST001527,36,14,USA,639,52203.75,2,1,57055.1,0.3369,0.3,0.4767,14,0,0,0
CUST001528,63,3,USA,767,158305.66,3,0,163173.13,0.2788,1.56,0.3302,17,0,1,0
CUST001529,51,11,USA,655,3480.37,1,1,81648.75,0.0206,0.12,0.6354,19,1,1,0
CUST001530,50,1,France,493,94575.27,1,1,110421.97,0.4535,0.03,0.5161,11,0,0,0
CUST001531,40,10,Germany,846,2542.53,3,0,114034.19,0.2504,1.41,0.23,10,6,0,0
CUST001532,72,8,USA,653,6765.69,2,1,88825.13,0.6375,0.03,0.218,16,1,0,0
CUST001533,45,9,France,692,99020.1,1,1,54814.02,0.2435,0.53,0.3051,10,4,1,0
CUST001534,49,7,India,564,117846.05,1,0,68292.44,-0.2236,0.62,0.3306,11,1,1,0
CUST001535,67,7,USA,825,124919.93,3,1,90225.1,-0.1103,0.33,0.4744,17,8,1,0
CUST001536,24,3,France,586,144879.75,1,0,62469.43,0.2799,0.26,0.0631,9,5,1,0
CUST001537,46,4,USA,619,65008.73,3,1,99746.15,-0.3222,1.08,0.5717,9,6,1,0
CUST001538,25,3,Germany,527,93048.02,4,0,63596.16,0.0341,0.37,0.3498,9,0,0,0
CUST001539,18,12,Germany,679,52108.13,1,0,56874.37,-0.6984,0.11,0.6466,17,4,1,0
CUST001540,74,8,Germany,627,156162.28,2,0,24006.54,0.2851,0.5,0.7331,9,3,1,0
CUST001541,72,12,France,526,19498.37,1,0,180863.68,0.0225,1.04,0.2287,17,1,1,0
CUST001542,20,1,India,644,107050.32,2,1,95279.12,-0.0574,0.29,0.4303,8,1,1,0
CUST001543,41,12,India,657,9956.26,1,1,67661.4,0.03,0.11,0.1331,12,1,0,0
CUST001544,40,10,USA,630,82819.44,1,1,52967.94,-0.1276,0.33,0.6947,12,1,0,0
CUST001545,25,7,Germany,504,23599.02,2,1,73825.57,-0.224,0.63,0.5675,17,5,0,0
CUST001546,71,1,India,673,90048.87,1,0,18000.0,0.0616,0.09,0.1199,13,0,1,0
CUST001547,74,0,India,548,198395.24,3,1,71168.34,-0.0534,0.21,0.1297,11,8,1,0
CUST001548,64,9,India,721,41363.5,1,1,134017.22,-0.1975,2.83,0.2801,11,1,0,0
CUST001549,54,2,France,605,60974.94,1,1,68979.45,0.5258,0.18,0.7256,9,1,0,0
CUST001550,20,8,Germany,724,129735.59,1,1,129653.97,0.0258,0.05,0.446,21,2,0,0
CUST001551,68,11,USA,651,78765.52,3,0,143972.15,-0.0566,0.45,0.0716,8,0,1,0
CUST001552,50,2,India,655,151771.51,1,0,130905.02,0.0403,0.06,0.841,17,0,1,0
CUST001553,45,8,India,752,100401.72,3,0,101639.84,0.0267,0.01,0.0758,14,6,1,0
CUST001554,64,6,India,584,130282.6,1,1,156404.23,-0.0021,0.01,0.4014,10,4,1,0
CUST001555,25,12,India,562,46618.48,1,0,153955.17,-0.3058,0.28,0.4484,14,0,0,0
CUST001556,51,9,France,694,81701.23,3,1,66071.05,0.3815,0.06,0.4167,13,3,1,0
CUST001557,52,0,France,544,7314.62,1,0,58428.42,-0.1551,0.17,0.1944,11,6,1,1
CUST001558,49,9,India,586,51513.71,1,1,78844.7,0.4463,0.84,0.4191,15,6,1,0
CUST001559,41,4,India,523,102788.55,3,1,85083.26,-0.2435,0.27,0.1725,19,4,1,0
CUST001560,31,8,India,742,61762.28,2,1,156246.99,0.2803,0.69,0.3444,10,1,0,0
CUST001561,49,11,USA,569,27380.1,2,1,138324.54,0.3093,0.42,0.563,10,0,1,0
CUST001562,73,14,India,597,153757.89,2,1,106487.54,0.069,1.73,0.0046,12,0,0,0
CUST001563,63,14,India,546,138447.64,2,1,108219.82,-0.3953,0.95,0.0285,13,1,1,0
CUST001564,60,2,India,619,9057.7,2,1,47648.07,0.0773,1.53,0.7489,11,1,1,0
CUST001565,33,8,Germany,638,123272.94,2,0,152780.85,0.3775,0.59,0.1059,10,1,0,0
CUST001566,21,4,Germany,716,86551.37,2,1,108570.65,-0.2941,1.22,0.4547,12,0,0,0
CUST001567,69,8,USA,544,90621.77,1,0,49693.9,-0.0458,0.76,0.4137,11,2,1,0
CUST001568,54,9,India,601,172443.87,3,1,19162.14,-0.182,1.09,0.7777,10,1,0,0
CUST001569,71,5,France,763,85603.51,2,1,38979.11,0.1834,0.92,0.2634,5,1,1,1
CUST001570,38,8,France,733,120280.24,1,1,103537.52,0.4595,0.29,0.6854,9,10,1,0
CUST001571,31,6,India,595,89270.35,2,1,18000.0,0.0487,0.11,0.4973,14,2,1,0
CUST001572,48,6,India,646,89610.62,1,0,43913.9,-0.1331,1.31,0.6073,13,5,0,0
CUST001573,72,7,USA,807,18629.19,2,1,123069.11,0.5222,0.06,0.6405,10,1,0,0
CUST001574,65,6,India,554,228141.62,4,1,79037.94,0.107,0.74,0.0977,14,7,0,0
CUST001575,35,11,USA,496,114686.13,1,1,18000.0,0.0424,3.59,0.569,14,0,1,1
CUST001576,24,8,USA,607,31014.63,4,1,69696.62,-0.0018,0.16,0.1647,6,1,0,0
CUST001577,27,10,USA,643,45697.31,1,0,95312.65,-0.2274,1.09,0.1386,13,0,0,0
CUST001578,24,8,India,585,132321.59,1,0,145087.78,0.2228,2.45,0.5952,13,5,1,0
CUST001579,50,5,USA,728,11480.33,1,1,121814.08,0.2763,0.55,0.5776,17,3,1,0
CUST001580,40,6,France,666,65113.41,1,1,120093.5,-0.0163,0.68,0.6974,16,0,1,0
CUST001581,38,1,India,601,124787.06,2,1,134543.8,0.2247,0.37,0.4025,13,5,0,0
CUST001582,36,14,Germany,606,491.9,2,0,19616.09,-0.4785,0.47,0.3549,15,1,0,0
CUST001583,65,8,India,590,67508.51,1,0,159736.18,-0.0163,0.8,0.5219,15,0,1,0
CUST001584,36,11,India,716,65580.36,1,1,159863.06,-0.1051,1.64,0.5304,13,0,1,0
CUST001585,53,12,USA,612,38925.1,2,1,70618.92,0.0978,2.43,0.7308,8,6,1,1
CUST001586,46,0,India,554,78278.2,2,1,18000.0,-0.2281,0.63,0.2205,19,6,1,0
CUST001587,35,0,India,726,49617.14,4,1,163814.39,-0.3736,1.22,0.0444,9,0,1,1
CUST001588,19,2,India,627,135992.84,1,1,18000.0,-0.0224,1.07,0.4249,13,1,0,0
CUST001589,18,11,USA,541,108821.26,3,0,118162.92,0.03,0.23,0.3355,10,2,0,0
CUST001590,64,5,Germany,787,64570.58,1,1,78356.96,0.3508,0.5,0.3302,10,5,1,0
CUST001591,22,4,India,698,80084.94,1,0,71129.62,0.1833,0.92,0.6908,12,4,0,0
CUST001592,37,14,Germany,653,51877.73,4,1,79257.86,0.227,0.11,0.4254,4,1,1,0
CUST001593,28,1,India,633,158879.55,1,1,106367.4,-0.4308,1.72,0.32,9,0,0,0
CUST001594,59,8,USA,627,104037.69,2,1,18000.0,0.3219,0.41,0.7916,8,0,1,0
CUST001595,19,13,USA,625,67322.23,2,1,90845.83,0.294,0.48,0.5108,13,0,1,0
CUST001596,20,12,Germany,628,103190.97,1,0,31460.31,0.1714,1.63,0.4895,13,1,0,0
CUST001597,40,9,France,602,193104.35,2,0,75811.7,-0.6146,0.15,0.1901,12,0,1,0
CUST001598,72,13,France,641,33501.25,2,1,107772.3,0.0758,0.03,0.7209,11,2,0,0
CUST001599,29,3,India,601,130842.41,1,1,142050.91,-0.0985,0.27,0.7122,10,5,1,0
CUST001600,37,3,France,667,101682.6,2,0,64719.1,-0.0418,0.13,0.1759,14,1,1,0
CUST001601,22,4,India,648,62599.71,3,1,185935.16,-0.1422,3.39,0.1271,13,1,1,1
CUST001602,54,14,France,593,30763.21,1,0,57111.12,0.1386,0.67,0.7832,10,0,1,0
CUST001603,55,7,India,643,129268.65,4,1,58348.35,-0.2491,0.67,0.3628,14,5,1,0
CUST001604,47,9,India,693,94028.67,1,1,149369.36,0.076,1.26,0.5396,19,8,1,0
CUST001605,26,3,India,469,165515.64,1,0,88107.85,0.3741,0.24,0.5992,10,5,0,0
CUST001606,51,4,India,696,148414.11,2,0,108655.04,-0.0834,0.59,0.3944,13,8,1,0
CUST001607,70,11,Germany,551,94627.79,1,1,76526.37,-0.0522,0.12,0.502,10,5,1,0
CUST001608,61,3,France,613,31235.31,3,1,82057.77,-0.265,0.08,0.4521,13,0,1,0
CUST001609,52,13,USA,423,203367.04,2,1,116787.13,0.2519,0.46,0.1992,12,2,1,0
CUST001610,69,5,Germany,695,37603.84,3,0,161015.48,-0.1847,1.95,0.4396,13,1,0,0
CUST001611,39,11,Germany,590,127494.25,2,1,106729.04,-0.1177,0.47,0.3046,17,0,0,0
CUST001612,61,2,India,610,33848.21,3,1,120580.6,0.2369,0.48,0.5173,14,5,0,0
CUST001613,41,7,India,657,173381.02,2,0,147118.57,0.1579,1.6,0.5913,15,5,1,0
CUST001614,34,5,India,492,50101.3,2,1,77673.15,-0.3657,0.27,0.4766,14,0,0,0
CUST001615,27,9,India,654,56560.75,3,1,52996.32,0.1851,0.54,0.4957,12,1,1,0
CUST001616,47,4,India,701,10146.32,1,1,50837.67,-0.0155,0.14,0.4989,14,0,1,0
CUST001617,73,12,India,663,162521.64,2,1,57471.36,0.0234,1.5,0.4783,12,0,1,0
CUST001618,63,14,India,618,29985.32,1,0,49891.57,0.4142,0.03,0.4075,8,1,0,0
CUST001619,40,1,India,653,108785.5,3,1,152788.24,0.2637,0.43,0.1587,13,8,1,0
CUST001620,49,9,France,643,92551.53,1,0,18000.0,0.3543,0.26,0.3199,10,1,1,0
CUST001621,34,9,India,710,13592.56,1,0,128356.91,-0.1905,0.24,0.3209,12,0,0,0
CUST001622,67,6,USA,750,139796.26,1,1,41194.69,0.4185,0.22,0.2264,11,0,0,0
CUST001623,68,1,USA,617,75009.12,1,1,185980.17,-0.1476,0.37,0.3699,13,2,1,0
CUST001624,34,0,USA,668,169473.93,1,1,119321.0,-0.1299,1.85,0.1413,13,7,1,1
CUST001625,31,6,India,596,114036.69,2,1,57943.65,0.026,0.99,0.5183,12,5,1,0
CUST001626,26,4,India,683,28878.08,1,1,74000.81,0.186,1.76,0.1952,12,5,0,1
CUST001627,57,0,India,686,63529.79,2,1,95975.77,0.3637,0.17,0.6538,9,0,1,0
CUST001628,19,14,India,636,61762.13,1,1,130510.75,0.0377,1.51,0.6982,7,2,1,0
CUST001629,62,3,India,691,124235.77,1,1,116124.48,0.4871,0.45,0.1672,9,1,0,0
CUST001630,42,11,USA,650,122202.24,2,0,99353.03,0.5666,3.17,0.2602,15,1,0,0
CUST001631,56,12,Germany,646,34261.3,1,1,66069.35,-0.2441,0.72,0.1737,12,0,1,0
CUST001632,26,3,USA,579,134724.28,1,1,86087.61,0.3878,0.53,0.0496,9,1,1,0
CUST001633,71,9,USA,663,101208.82,4,1,164411.76,0.0817,2.07,0.239,9,8,0,1
CUST001634,39,6,India,603,117502.29,1,1,202144.59,0.3049,0.38,0.402,11,1,1,0
CUST001635,60,8,Germany,719,108105.4,1,0,152926.52,-0.2172,1.11,0.5514,13,1,0,0
CUST001636,63,1,India,582,127399.21,1,1,54106.01,0.3588,0.51,0.421,14,10,1,0
CUST001637,21,11,Germany,671,18165.67,1,1,168768.9,-0.0855,1.06,0.459,16,2,1,0
CUST001638,43,13,Germany,629,87785.32,1,1,84127.61,0.3271,0.26,0.5457,10,1,0,0
CUST001639,46,0,USA,671,138459.96,2,1,100154.56,0.0389,0.42,0.694,6,1,1,0
CUST001640,62,1,India,645,145174.7,1,1,39412.23,0.0181,0.34,0.7206,18,0,1,0
CUST001641,51,6,USA,584,145079.03,1,1,105452.37,0.0498,1.62,0.5046,9,2,1,0
CUST001642,40,12,India,737,21072.76,3,1,62315.45,0.237,2.11,0.1684,9,3,0,0
CUST001643,54,9,India,579,204851.33,1,0,166027.43,0.0497,1.06,0.4755,12,2,0,0
CUST001644,28,5,India,701,185435.25,1,1,222122.29,0.2007,1.38,0.4243,14,0,1,0
CUST001645,23,3,India,514,22338.0,2,1,99923.15,0.0518,0.35,0.8571,7,4,0,0
CUST001646,35,0,USA,626,57460.54,1,1,122904.08,-0.2533,0.13,0.513,14,5,1,0
CUST001647,38,12,Germany,772,118479.21,1,1,85229.49,0.1308,0.93,0.1907,12,3,0,0
CUST001648,59,0,India,627,31270.68,2,1,105758.29,0.1543,0.81,0.6549,13,0,0,0
CUST001649,53,4,France,657,112066.8,4,1,71618.54,-0.3041,0.24,0.4369,14,0,1,0
CUST001650,58,14,France,778,89126.93,1,1,114943.43,-0.0312,1.95,0.459,10,1,0,0
CUST001651,55,0,France,638,155898.87,2,1,119286.62,0.2276,0.35,0.1728,10,6,1,0
CUST001652,51,11,Germany,670,102642.54,1,1,114342.15,0.0834,1.35,0.3809,8,0,1,0
CUST001653,34,14,India,698,49893.15,1,0,135838.64,0.1537,0.11,0.2394,10,0,1,0
CUST001654,54,6,India,539,129484.12,1,1,82510.3,-0.0523,0.27,0.5918,12,0,1,0
CUST001655,42,12,USA,611,152237.0,1,1,229112.43,-0.1159,0.76,0.3455,12,3,0,0
CUST001656,55,10,USA,660,72089.07,1,1,68679.31,0.132,0.22,0.3176,15,2,1,0
CUST001657,29,0,Germany,522,85168.47,4,1,68177.48,-0.7085,2.51,0.1817,11,7,1,1
CUST001658,40,0,France,759,85367.29,3,1,18000.0,0.1734,0.64,0.3358,13,10,0,0
CUST001659,70,1,USA,710,39710.17,2,1,136424.58,0.3085,1.05,0.241,8,0,1,0
CUST001660,59,12,India,698,229109.02,1,1,18000.0,0.2289,0.66,0.415,12,0,1,0
CUST001661,39,13,India,755,27491.03,2,1,83598.9,0.0521,0.42,0.5447,12,0,1,0
CUST001662,38,10,India,707,133532.78,2,1,63899.56,0.328,1.38,0.664,11,2,1,0
CUST001663,44,11,USA,631,133247.54,1,1,30942.86,0.3233,0.02,0.1736,10,0,1,0
CUST001664,74,9,USA,519,47612.65,1,1,103073.53,-0.3232,0.45,0.3339,12,7,1,0
CUST001665,48,2,Germany,595,17943.78,1,1,184825.42,-0.0472,1.7,0.1308,11,2,0,0
CUST001666,23,12,USA,597,69398.59,1,1,135038.07,0.0748,0.07,0.888,10,1,1,0
CUST001667,44,10,France,699,119232.29,1,1,63379.55,0.0938,0.19,0.4945,12,2,1,0
CUST001668,57,14,USA,656,95020.52,4,0,195526.91,0.1848,2.59,0.1584,14,10,1,0
CUST001669,51,0,Germany,524,188582.88,1,1,64823.5,0.1793,2.55,0.1333,8,1,1,0
CUST001670,29,14,India,719,39565.97,1,1,152492.41,0.0911,0.39,0.2946,11,0,1,0
CUST001671,62,8,France,756,41070.28,4,1,18000.0,0.2106,1.12,0.3183,10,0,1,0
CUST001672,74,9,Germany,768,130664.25,2,1,88851.05,0.0057,0.79,0.4688,18,0,1,0
CUST001673,70,7,India,559,27435.3,2,1,42944.37,0.3962,0.54,0.3477,11,1,1,0
CUST001674,24,4,India,675,41086.61,1,1,199718.32,0.5114,1.35,0.7522,10,2,0,0
CUST001675,27,12,France,569,67902.29,2,0,66769.96,0.3669,0.84,0.2141,18,8,0,0
CUST001676,62,10,India,805,75116.65,1,1,50992.61,0.232,0.08,0.2772,15,0,1,0
CUST001677,34,1,USA,652,44523.07,1,1,122326.81,0.1403,1.46,0.304,10,1,0,0
CUST001678,43,4,India,620,37098.18,2,1,88017.47,0.0397,0.26,0.2679,21,8,1,1
CUST001679,38,5,Germany,605,163710.53,2,1,203053.76,0.2182,0.8,0.2661,11,0,1,0
CUST001680,45,13,Germany,676,160440.45,1,1,114820.73,0.1146,1.19,0.703,16,10,1,0
CUST001681,63,14,India,691,27199.71,2,1,103137.29,0.3227,1.82,0.563,7,1,1,0
CUST001682,19,0,USA,518,117777.69,2,1,134580.18,-0.0588,2.07,0.3854,15,2,1,0
CUST001683,71,10,France,761,67624.54,2,1,89353.59,0.3309,2.08,0.7281,9,0,0,0
CUST001684,60,3,Germany,687,110686.76,1,1,111422.75,0.1484,0.86,0.3137,13,1,1,0
CUST001685,18,8,France,761,93397.16,3,1,59796.82,0.1957,0.78,0.6794,17,0,0,0
CUST001686,68,1,USA,786,14349.94,1,0,70150.97,-0.0111,0.01,0.3826,13,0,0,0
CUST001687,70,4,India,642,125725.86,1,1,56136.03,0.0381,0.07,0.2226,10,9,0,0
CUST001688,53,0,USA,718,41777.71,1,1,118733.2,0.2512,0.4,0.2736,12,2,0,0
CUST001689,68,3,Germany,603,84975.03,3,1,68069.26,0.4047,1.26,0.8632,12,0,0,0
CUST001690,43,3,India,612,88350.56,3,0,137427.16,-0.4202,0.72,0.3109,16,0,1,0
CUST001691,46,5,India,775,20917.74,1,0,58453.35,0.0455,0.21,0.058,19,4,1,0
CUST001692,38,9,India,590,146975.93,2,1,53585.36,-0.3075,0.1,0.4853,29,1,1,0
CUST001693,28,8,USA,665,57957.04,1,1,111450.16,-0.0176,0.51,0.588,12,3,0,0
CUST001694,57,2,Germany,577,80893.33,1,1,106650.34,0.2489,1.95,0.4108,11,0,1,0
CUST001695,28,8,India,597,108220.27,2,1,141133.42,0.2336,0.04,0.5342,13,1,1,0
CUST001696,53,5,Germany,609,82506.03,1,1,43247.35,0.4019,0.5,0.44,9,6,1,0
CUST001697,66,6,France,765,39356.16,1,1,26154.38,0.1064,0.05,0.2361,15,1,1,0
CUST001698,56,11,India,691,146033.99,2,0,158374.28,-0.3738,0.23,0.5922,15,0,1,0
CUST001699,57,9,Germany,717,69269.61,2,1,34994.19,0.0947,2.46,0.4024,8,0,1,0
CUST001700,52,1,France,505,6300.19,1,1,139829.27,0.3369,0.09,0.2709,17,1,1,0
CUST001701,71,10,France,652,97996.43,1,0,18000.0,0.304,0.04,0.3299,7,3,0,0
CUST001702,51,9,India,619,71008.39,1,0,127262.72,0.2316,0.07,0.3676,10,1,1,0
CUST001703,72,13,India,689,74576.9,1,0,99461.06,-0.0181,0.94,0.4196,21,0,0,0
CUST001704,64,5,India,842,83796.53,1,0,119428.54,0.3794,0.01,0.3635,11,1,1,0
CUST001705,41,5,Germany,458,79470.65,3,1,136834.91,0.084,0.4,0.5879,12,1,1,0
CUST001706,71,1,Germany,681,166364.1,1,1,145469.76,-0.2866,2.45,0.282,15,5,1,1
CUST001707,39,1,Germany,826,26335.08,2,0,122320.37,-0.0864,0.06,0.6577,15,4,1,0
CUST001708,22,13,India,609,53010.47,3,0,140078.89,0.1498,2.15,0.457,6,1,1,1
CUST001709,73,1,India,661,76036.46,2,1,153905.08,-0.2236,0.1,0.4478,15,1,1,0
CUST001710,50,9,USA,704,127574.47,1,1,161167.44,-0.0893,0.11,0.3016,11,0,0,1
CUST001711,53,11,USA,477,20979.87,2,1,124892.05,-0.1793,0.74,0.2733,8,0,1,0
CUST001712,64,0,Germany,671,98600.92,3,1,54532.24,0.1424,0.22,0.2636,13,4,0,0
CUST001713,37,4,USA,586,11211.18,1,1,87938.47,-0.115,0.0,0.3811,10,7,0,0
CUST001714,36,7,India,813,128313.12,1,1,95237.32,0.2087,1.11,0.5044,16,5,1,0
CUST001715,52,1,India,633,76668.91,1,1,67370.21,0.0586,0.37,0.2924,7,0,1,0
CUST001716,69,12,India,593,21448.62,2,1,44976.87,-0.4738,1.91,0.4504,7,2,1,0
CUST001717,60,14,India,717,23418.92,1,1,144410.7,0.0378,0.26,0.8025,12,1,0,0
CUST001718,34,4,India,689,211226.87,2,1,114413.7,-0.1865,0.89,0.6235,7,2,1,0
CUST001719,62,11,India,721,218925.15,2,1,67898.5,0.1896,0.32,0.5755,16,0,1,0
CUST001720,60,7,India,802,9097.98,1,0,101809.45,-0.0638,0.13,0.3713,10,5,0,0
CUST001721,51,9,India,603,7637.92,2,1,114438.33,0.289,2.95,0.3217,11,1,0,0
CUST001722,26,13,Germany,787,80903.16,1,1,44628.67,0.3628,0.71,0.1172,5,1,1,0
CUST001723,43,4,India,800,52092.34,2,0,61681.52,-0.1275,1.46,0.1246,12,1,1,0
CUST001724,19,1,Germany,588,55782.82,2,1,84927.15,0.292,0.23,0.2552,13,3,1,0
CUST001725,70,2,Germany,596,93591.47,2,1,92564.67,-0.1631,0.4,0.0558,10,2,0,0
CUST001726,26,14,USA,653,194900.07,1,0,23434.04,0.0261,0.52,0.2019,12,3,1,0
CUST001727,26,5,France,634,160450.6,2,1,135805.2,0.0003,0.79,0.1792,15,0,0,0
CUST001728,57,10,India,786,56144.14,1,0,101498.01,-0.0757,0.4,0.3162,9,0,1,0
CUST001729,34,10,Germany,580,120771.06,1,0,88081.32,0.1409,0.23,0.688,16,1,1,0
CUST001730,18,4,France,669,38516.81,1,0,65690.46,0.3504,0.17,0.4948,13,3,1,0
CUST001731,42,10,France,588,84425.79,1,1,51362.01,0.1662,0.73,0.6564,9,2,0,0
CUST001732,60,3,India,658,61327.77,1,1,100760.79,0.0312,0.23,0.5061,8,0,1,0
CUST001733,57,3,India,821,135734.19,1,0,107565.19,-0.2876,0.4,0.057,8,6,0,0
CUST001734,59,4,India,795,114559.68,1,1,194540.17,-0.5773,0.03,0.2151,9,1,1,0
CUST001735,42,1,USA,680,95150.46,2,1,198853.14,-0.0284,0.24,0.3276,8,4,1,0
CUST001736,56,8,Germany,700,104535.22,1,1,74357.0,-0.3603,0.53,0.3812,11,8,0,0
CUST001737,52,1,India,687,49120.27,1,0,53981.51,-0.232,1.27,0.2359,11,0,1,0
CUST001738,20,9,USA,625,135993.98,1,1,39227.78,0.1071,0.37,0.2902,14,2,1,0
CUST001739,67,1,Germany,803,104528.49,2,0,104212.93,-0.227,0.28,0.3272,13,2,0,0
CUST001740,54,9,USA,755,65940.71,2,1,40106.67,-0.1195,0.58,0.8012,21,0,0,0
CUST001741,61,13,France,668,82122.03,3,1,33784.09,0.112,0.04,0.2214,16,1,0,1
CUST001742,61,8,Germany,632,128333.57,2,1,64749.03,0.1149,0.35,0.1865,8,0,0,0
CUST001743,68,13,India,637,134198.97,1,1,70730.36,-0.0458,0.12,0.3347,12,0,1,0
CUST001744,47,2,USA,677,54781.12,2,0,64463.97,-0.3328,0.23,0.3872,9,0,0,0
CUST001745,55,14,India,647,20589.52,1,1,22357.4,-0.0538,0.4,0.2381,18,2,0,0
CUST001746,51,9,USA,741,47749.81,1,1,95634.18,0.0848,0.05,0.5676,15,2,1,0
CUST001747,29,6,France,688,50944.06,4,0,94770.41,0.0574,1.28,0.6829,10,1,1,0
CUST001748,36,3,France,573,83641.64,1,1,164210.57,0.3071,0.26,0.0845,13,2,1,0
CUST001749,54,12,USA,558,150240.06,2,1,40379.69,-0.0794,0.21,0.2987,17,4,1,0
CUST001750,61,12,India,729,46826.98,4,0,125274.24,-0.2927,0.34,0.5663,11,0,1,0
CUST001751,66,5,India,557,100057.19,1,1,185674.47,-0.0294,0.37,0.3421,16,3,0,0
CUST001752,34,13,USA,622,64577.91,1,1,30085.0,-0.0424,1.34,0.145,10,0,0,1
CUST001753,27,3,India,614,77185.01,1,0,47657.34,0.0786,0.27,0.5684,10,2,0,0
CUST001754,74,9,USA,550,94783.64,1,1,39620.24,0.3848,0.49,0.249,11,4,1,0
CUST001755,72,14,India,674,150498.65,1,1,121456.03,-0.2241,0.55,0.4845,13,10,0,0
CUST001756,66,6,India,640,91335.46,4,1,119562.54,0.134,0.29,0.3786,14,2,1,0
CUST001757,64,0,India,598,84057.28,4,1,145753.63,0.1546,1.22,0.4312,10,0,0,0
CUST001758,29,2,France,816,63654.68,2,1,103802.03,-0.0056,0.78,0.6145,12,1,1,0
CUST001759,33,12,Germany,455,173284.41,2,1,186442.78,0.0654,1.02,0.447,16,1,1,0
CUST001760,41,2,India,580,146809.15,1,1,125992.03,0.039,0.04,0.3706,14,1,0,0
CUST001761,36,0,India,603,125018.97,2,1,160412.35,0.059,1.37,0.2427,13,2,1,0
CUST001762,25,5,USA,541,149118.93,1,1,107440.15,0.5789,0.22,0.2992,13,4,1,0
CUST001763,48,14,India,830,127089.42,1,0,81483.46,0.1793,0.08,0.1412,11,7,0,0
CUST001764,38,12,USA,829,147916.86,1,1,91512.93,-0.1928,0.87,0.2655,14,5,0,1
CUST001765,34,10,Germany,595,6714.82,2,0,165866.17,0.0695,0.2,0.1387,12,3,1,0
CUST001766,40,13,USA,751,72288.73,1,1,138132.8,0.683,0.42,0.4528,11,0,1,0
CUST001767,54,8,USA,697,85148.36,1,1,135206.56,0.0074,0.98,0.3566,13,0,1,0
CUST001768,71,7,USA,782,79350.9,2,0,147631.84,-0.7283,0.09,0.4977,18,6,1,0
CUST001769,33,10,France,641,40221.83,2,1,112679.03,-0.1271,0.11,0.143,11,2,0,0
CUST001770,23,6,France,684,85071.87,1,0,235149.87,-0.0032,0.87,0.4599,10,5,1,0
CUST001771,25,9,USA,762,29414.43,1,1,89234.09,0.0056,0.48,0.2376,9,2,1,0
CUST001772,42,7,India,749,104096.3,3,1,105229.92,0.431,0.2,0.7207,11,4,0,0
CUST001773,35,5,USA,662,34225.21,1,1,78464.35,0.1688,0.58,0.0922,14,4,1,0
CUST001774,42,8,India,574,58914.52,2,1,123944.25,-0.0829,0.77,0.4978,10,5,0,0
CUST001775,29,2,USA,588,77023.87,1,1,18000.0,0.1531,0.42,0.8275,13,0,1,0
CUST001776,32,14,USA,502,171983.11,2,1,18000.0,-0.0161,0.15,0.4492,10,6,1,0
CUST001777,43,9,India,712,41853.82,2,1,68958.3,-0.0114,0.83,0.6904,17,12,1,0
CUST001778,58,9,India,666,60931.29,2,1,128019.99,0.4049,0.1,0.4657,9,0,1,0
CUST001779,62,8,USA,673,24570.87,1,0,149276.17,0.4647,0.85,0.3068,10,2,1,0
CUST001780,43,3,France,647,91937.36,1,1,39502.86,0.1856,0.25,0.7097,10,0,1,0
CUST001781,64,6,USA,558,130004.56,2,0,20028.87,-0.1018,0.0,0.4096,17,5,1,0
CUST001782,49,14,Germany,675,25827.08,1,0,65318.34,0.4649,0.5,0.4743,8,0,1,0
CUST001783,27,12,India,698,49736.0,2,1,64474.44,0.1653,0.3,0.3854,13,0,1,0
CUST001784,33,8,USA,580,66781.69,2,1,110433.81,0.1004,0.21,0.5143,15,2,0,0
CUST001785,24,1,USA,647,152843.33,1,0,106013.55,-0.122,0.55,0.718,15,12,0,1
CUST001786,34,1,Germany,598,10686.63,4,0,170410.17,0.0126,0.33,0.5257,15,5,1,1
CUST001787,40,8,India,632,47859.71,1,0,80136.96,0.6222,0.28,0.7101,18,5,1,0
CUST001788,43,11,USA,559,173384.0,2,1,36171.13,-0.4289,1.15,0.635,13,3,0,0
CUST001789,38,12,India,628,30904.01,2,1,114648.01,0.7567,0.07,0.2096,12,3,0,0
CUST001790,39,2,India,780,51540.9,2,0,53646.09,0.4694,0.41,0.2483,10,0,0,0
CUST001791,24,8,France,609,87168.07,2,1,54393.78,0.4185,0.23,0.3883,9,2,1,0
CUST001792,31,12,India,595,220284.65,2,0,181520.74,0.1548,0.27,0.2945,9,0,0,0
CUST001793,32,14,India,600,6722.85,2,0,144667.12,-0.0678,0.47,0.6004,13,1,1,0
CUST001794,70,4,USA,634,122832.28,1,1,79528.65,-0.0763,2.05,0.3263,9,3,0,0
CUST001795,24,5,France,793,2356.84,2,1,187463.27,-0.2703,0.86,0.4236,14,2,1,0
CUST001796,26,1,USA,762,13531.94,1,0,139834.83,-0.0219,0.17,0.1691,12,3,0,0
CUST001797,68,7,Germany,638,44166.69,1,1,118636.55,-0.0018,0.68,0.5384,8,0,1,0
CUST001798,65,10,France,598,104820.26,1,0,67459.29,0.1752,0.13,0.4396,16,1,1,0
CUST001799,25,8,India,509,41916.03,1,1,18000.0,-0.2724,1.73,0.5266,13,7,1,1
CUST001800,67,1,India,577,84240.72,3,0,58952.88,-0.1932,0.44,0.0586,10,5,0,0
CUST001801,40,5,India,492,31515.21,2,1,76417.48,-0.2672,2.39,0.6474,9,2,1,0
CUST001802,46,5,Germany,709,81052.27,4,0,42554.62,0.135,0.87,0.6542,15,2,0,0
CUST001803,35,7,India,756,4457.5,1,1,105940.55,0.2175,1.43,0.6925,14,0,1,0
CUST001804,48,9,India,619,2916.02,2,1,18000.0,0.3793,0.16,0.2755,8,3,1,0
CUST001805,47,11,Germany,680,44160.81,1,0,163860.87,-0.1549,1.54,0.4706,19,1,0,1
CUST001806,69,4,USA,562,113887.17,1,1,78048.14,-0.0072,0.17,0.7617,12,0,1,0
CUST001807,56,8,USA,494,88015.37,2,1,135483.52,-0.1835,2.99,0.1401,7,0,0,1
CUST001808,52,0,USA,654,27988.87,1,1,134913.67,-0.1644,0.26,0.3146,14,1,1,0
CUST001809,35,8,India,680,5842.69,1,1,40753.98,0.1667,0.92,0.1961,11,10,0,0
CUST001810,59,9,USA,786,140096.25,1,1,18000.0,0.7174,0.63,0.3293,14,0,1,0
CUST001811,56,6,USA,815,160521.08,2,1,69277.32,-0.0824,0.52,0.5654,11,0,0,0
CUST001812,34,3,France,627,107478.91,2,1,118023.29,-0.3689,0.45,0.6364,6,0,1,0
CUST001813,31,2,India,722,98043.64,1,1,106559.84,0.5338,0.39,0.3201,11,2,0,0
CUST001814,48,13,France,675,56543.53,1,0,155953.31,-0.3686,0.29,0.3293,15,0,1,0
CUST001815,41,9,USA,650,112805.65,1,0,118832.33,-0.0365,0.73,0.3129,12,8,0,0
CUST001816,52,14,India,647,174481.72,1,1,122356.45,0.0604,3.32,0.2427,13,0,0,1
CUST001817,61,10,Germany,638,142477.21,3,1,61191.06,0.2955,0.89,0.5361,16,0,1,0
CUST001818,62,13,India,641,139119.51,3,1,87764.64,0.3967,1.13,0.1236,11,2,1,0
CUST001819,51,5,France,782,26630.07,4,0,89047.99,-0.012,0.85,0.4889,7,3,1,0
CUST001820,20,11,France,667,32332.64,2,0,129659.56,0.5304,0.58,0.0961,17,3,1,0
CUST001821,54,12,India,789,67019.95,3,1,136145.75,-0.0051,1.36,0.0634,13,0,0,0
CUST001822,60,0,India,578,31878.02,2,0,88843.13,-0.2825,0.31,0.4094,10,0,1,0
CUST001823,57,2,India,423,4087.75,4,1,90417.14,0.0337,0.26,0.393,10,4,1,0
CUST001824,43,1,India,612,101985.18,2,1,116868.34,-0.0156,0.39,0.5693,9,4,0,0
CUST001825,72,10,India,583,137797.97,1,0,192773.4,-0.0654,0.69,0.4659,3,1,1,0
CUST001826,40,12,India,530,10576.71,1,1,18000.0,0.292,0.0,0.3734,11,8,1,1
CUST001827,61,8,USA,754,140350.91,2,1,55653.81,-0.332,1.44,0.4536,12,0,0,0
CUST001828,56,2,India,543,89841.69,2,1,57608.24,0.1967,0.29,0.2572,15,1,0,0
CUST001829,32,12,Germany,696,176628.06,2,1,36832.08,0.0659,0.73,0.4625,16,1,1,0
CUST001830,73,1,Germany,811,125279.51,2,1,61815.02,-0.2284,0.04,0.416,11,1,1,1
CUST001831,66,3,USA,558,84053.42,2,1,118091.96,0.0887,0.45,0.4614,12,1,0,0
CUST001832,21,14,France,631,84539.33,1,0,145398.66,0.431,0.06,0.1132,10,2,1,0
CUST001833,46,13,India,758,76132.08,1,1,111049.4,0.2068,0.01,0.5444,14,0,1,0
CUST001834,39,1,India,616,188751.83,3,1,110082.9,-0.0931,1.24,0.3717,12,6,1,0
CUST001835,42,0,USA,676,113947.38,2,1,55896.44,0.2611,0.42,0.6845,10,0,1,0
CUST001836,30,5,USA,701,53184.93,1,1,18000.0,-0.2741,1.35,0.33,9,3,1,0
CUST001837,35,14,USA,663,111295.3,3,1,117991.12,0.165,0.33,0.3304,8,5,1,0
CUST001838,50,9,France,614,104897.41,1,1,164021.58,0.4631,0.83,0.1468,11,1,1,0
CUST001839,33,7,France,587,49785.26,1,1,146005.89,-0.2648,0.08,0.5837,13,0,0,0
CUST001840,62,9,USA,562,25150.82,1,0,95470.68,0.2973,0.17,0.2175,12,0,1,0
CUST001841,59,9,Germany,697,149281.15,3,0,103714.77,-0.2125,0.51,0.592,12,1,1,0
CUST001842,61,1,India,597,59731.41,2,1,167387.32,0.0389,0.46,0.5129,8,0,1,0
CUST001843,19,13,India,745,56249.99,1,1,66588.71,-0.3333,0.17,0.406,15,4,1,0
CUST001844,72,8,Germany,777,112072.76,3,1,78259.85,0.3394,1.64,0.2211,11,1,1,0
CUST001845,52,14,USA,557,43897.86,3,1,18000.0,-0.2319,0.27,0.4435,12,0,1,0
CUST001846,59,12,USA,709,90175.69,2,1,122328.72,-0.0155,0.45,0.6374,14,1,1,0
CUST001847,51,2,India,814,52424.95,3,1,76007.66,0.3628,0.33,0.5339,8,2,1,0
CUST001848,47,7,USA,581,83915.38,2,1,85649.88,0.187,4.32,0.508,11,7,0,1
CUST001849,72,11,India,746,99953.72,2,0,132737.99,0.2788,0.34,0.4319,14,0,1,0
CUST001850,30,7,USA,694,92233.02,1,1,63915.85,0.3065,0.25,0.3232,12,0,1,0
CUST001851,30,14,India,726,97937.21,1,1,123891.67,0.1511,1.9,0.1673,19,2,1,0
CUST001852,35,2,India,589,52684.01,1,1,126377.85,0.5344,0.14,0.7056,12,1,1,0
CUST001853,49,2,India,802,7741.91,2,1,82682.69,0.1899,2.0,0.4509,11,1,1,0
CUST001854,49,11,India,596,148076.33,1,0,140285.08,0.0117,0.67,0.2398,14,0,1,0
CUST001855,52,14,France,701,80581.92,1,0,95053.42,-0.0252,0.2,0.4098,9,1,0,0
CUST001856,56,5,India,644,41397.18,1,0,134339.72,-0.031,0.23,0.7144,18,2,1,0
CUST001857,63,0,India,692,81244.58,1,0,70420.01,0.0345,0.99,0.1677,15,0,0,0
CUST001858,69,3,USA,571,21327.42,1,1,128085.73,0.284,0.03,0.2441,15,5,1,0
CUST001859,46,0,USA,551,40455.75,2,1,82965.64,-0.2841,1.01,0.6114,12,2,1,0
CUST001860,66,13,India,672,91721.94,4,0,116093.74,-0.428,0.3,0.5686,18,3,0,0
CUST001861,46,2,India,620,91811.43,3,1,116959.12,-0.402,1.32,0.4746,5,0,1,0
CUST001862,70,8,France,617,138424.98,2,1,80864.22,-0.1823,0.11,0.5939,7,0,1,0
CUST001863,61,13,Germany,693,104846.87,4,0,79455.84,0.0589,0.23,0.7969,12,1,1,0
CUST001864,74,13,India,530,108753.08,1,0,89814.35,0.3945,0.46,0.1782,16,0,0,0
CUST001865,33,4,USA,746,52348.83,2,1,103442.88,0.0524,1.69,0.4735,13,2,0,0
CUST001866,73,11,India,659,23275.26,1,1,127544.42,0.1162,0.27,0.4072,8,3,1,0
CUST001867,61,4,India,711,79033.18,3,1,111392.69,0.1925,1.49,0.2889,12,1,1,0
CUST001868,64,10,USA,692,139245.74,1,1,18000.0,0.2352,0.09,0.4291,9,3,1,0
CUST001869,74,3,France,696,127216.03,2,1,141062.57,0.3824,0.15,0.0965,13,1,1,0
CUST001870,27,2,India,554,63531.41,2,1,119352.46,-0.0639,0.14,0.5524,9,5,1,0
CUST001871,47,4,Germany,743,72302.23,2,1,156536.68,-0.0501,0.76,0.5029,12,1,0,0
CUST001872,42,14,India,671,20052.35,1,0,140734.71,-0.0664,0.39,0.4908,12,0,1,0
CUST001873,56,13,India,612,147331.41,2,0,79703.7,0.4206,1.59,0.6118,12,1,1,0
CUST001874,37,10,India,639,176137.41,2,0,43992.06,0.2582,0.53,0.6228,7,1,0,0
CUST001875,22,3,India,678,103238.36,1,0,186726.67,0.0865,1.46,0.3273,15,6,0,0
CUST001876,18,7,France,664,25412.56,2,0,161598.59,0.6064,0.22,0.2981,20,0,1,0
CUST001877,47,3,USA,697,117750.75,3,1,135824.66,-0.0351,2.14,0.3479,9,0,0,0
CUST001878,66,10,India,782,178580.76,4,0,61785.76,-0.1923,0.81,0.5442,10,2,0,0
CUST001879,20,11,France,567,6653.32,1,0,37490.9,-0.291,0.56,0.1818,10,3,1,1
CUST001880,62,7,France,710,128442.51,1,1,79141.99,0.1806,0.75,0.1681,12,5,1,0
CUST001881,31,5,Germany,641,64343.47,1,1,141272.24,-0.2679,1.99,0.2371,14,0,1,0
CUST001882,73,14,France,741,153118.4,2,0,18000.0,0.2149,0.34,0.1285,9,1,0,0
CUST001883,47,13,India,780,4218.15,3,1,65129.06,-0.0223,0.23,0.2419,12,0,1,0
CUST001884,67,11,Germany,665,49112.63,3,1,228536.73,-0.1155,0.23,0.4205,13,0,1,0
CUST001885,21,10,Germany,699,21211.16,3,1,82900.02,0.2565,2.88,0.6524,15,5,1,0
CUST001886,35,4,France,747,97051.3,2,1,101798.38,-0.1012,0.33,0.4347,16,0,1,0
CUST001887,54,3,Germany,729,110292.34,2,0,98758.86,-0.1345,1.72,0.4348,11,0,1,1
CUST001888,42,3,India,750,97326.01,1,1,182771.37,0.0431,0.12,0.5327,14,0,1,0
CUST001889,65,11,Germany,626,44025.31,1,0,84500.93,-0.0964,0.45,0.4548,13,1,1,0
CUST001890,18,3,India,608,48756.34,3,1,18000.0,0.2497,0.77,0.7225,13,1,1,0
CUST001891,70,10,India,559,55713.41,2,0,149466.5,0.4038,2.65,0.2373,10,4,1,0
CUST001892,63,12,India,634,130889.5,1,1,48682.64,0.6282,0.9,0.5516,11,5,1,0
CUST001893,32,12,France,643,14063.54,1,1,28364.29,-0.0599,0.0,0.7218,16,3,0,0
CUST001894,26,8,India,638,54885.36,1,1,173253.2,-0.1114,1.14,0.1561,10,0,1,0
CUST001895,32,3,USA,689,15284.24,2,1,135678.73,-0.3033,0.84,0.4624,12,0,1,0
CUST001896,66,11,India,691,50627.55,3,1,82468.34,0.1456,0.16,0.2733,8,6,1,0
CUST001897,74,8,France,644,75118.15,1,0,155428.11,0.3648,0.78,0.1085,9,5,1,0
CUST001898,41,12,India,677,206228.58,1,1,146811.84,-0.2678,2.08,0.1061,7,0,0,0
CUST001899,21,9,Germany,716,34601.86,2,1,67240.93,-0.3162,0.0,0.2322,10,0,0,0
CUST001900,29,5,France,586,139678.36,1,1,109147.1,0.7723,2.93,0.4801,9,6,1,0
CUST001901,54,9,USA,724,30041.28,1,0,94870.36,-0.2761,0.28,0.0037,12,8,0,0
CUST001902,54,12,India,601,78467.19,1,1,68080.27,-0.1256,0.75,0.2949,9,0,1,0
CUST001903,60,6,Germany,765,78332.78,1,0,102116.3,-0.5151,0.26,0.2639,12,4,1,1
CUST001904,23,11,France,663,122204.83,2,1,136873.32,-0.6333,1.05,0.6013,13,0,1,0
CUST001905,56,9,Germany,655,42135.17,3,1,55143.99,-0.0027,0.58,0.5176,7,4,0,0
CUST001906,73,2,India,506,27335.98,2,1,139501.18,0.3739,0.24,0.3036,18,0,1,0
CUST001907,63,7,France,702,52966.41,2,1,18000.0,0.0465,0.56,0.1502,12,4,1,0
CUST001908,41,2,India,657,96524.96,1,1,110546.55,-0.479,0.35,0.4219,13,0,0,0
CUST001909,28,0,USA,663,36192.33,2,1,64650.9,0.0333,0.23,0.2161,11,4,0,0
CUST001910,30,12,Germany,642,139576.97,2,1,175731.23,-0.3709,0.72,0.2993,6,5,1,0
CUST001911,51,12,India,700,107729.94,1,1,22635.0,-0.2123,0.81,0.2171,3,3,1,0
CUST001912,42,9,Germany,716,149500.78,2,1,88506.65,0.0703,0.12,0.4336,10,2,0,0
CUST001913,24,11,USA,688,21840.95,1,1,60044.06,0.0108,2.12,0.2284,15,4,1,0
CUST001914,69,4,France,755,88680.31,2,1,72756.98,0.1097,0.01,0.5036,8,0,0,0
CUST001915,21,1,India,592,87777.22,2,1,45381.57,0.3128,0.26,0.5248,19,0,0,0
CUST001916,25,9,USA,602,45240.93,2,1,108277.09,0.0387,0.34,0.3003,11,0,0,0
CUST001917,37,13,Germany,682,152282.76,3,1,110905.69,-0.1435,0.06,0.1935,16,0,1,0
CUST001918,46,5,India,702,124442.87,3,1,18000.0,0.1913,0.08,0.1417,15,0,1,0
CUST001919,71,12,India,691,201905.85,2,1,129919.93,-0.3709,1.5,0.2966,11,5,1,0
CUST001920,70,9,France,546,119068.58,3,0,23875.07,0.0629,0.36,0.492,15,0,0,0
CUST001921,68,8,India,553,191870.89,1,1,101404.5,0.3729,0.36,0.1585,9,3,1,0
CUST001922,62,0,France,635,190460.49,1,1,184579.51,-0.1239,0.93,0.3088,17,1,0,0
CUST001923,63,13,India,506,45524.02,1,1,58718.55,-0.1015,1.03,0.3906,12,3,0,0
CUST001924,27,12,India,670,15111.8,1,1,85649.26,0.5138,0.98,0.0775,14,5,0,0
CUST001925,60,3,Germany,644,180568.35,1,1,62138.12,0.1069,0.51,0.7149,7,1,1,0
CUST001926,51,14,Germany,576,119017.03,3,1,67797.45,0.0756,0.98,0.1798,12,0,0,0
CUST001927,74,0,USA,605,108319.03,2,1,114898.5,0.1182,2.06,0.7304,10,7,0,0
CUST001928,43,0,USA,658,48183.83,2,0,177436.9,-0.1836,0.12,0.2256,7,0,1,0
CUST001929,58,7,Germany,530,100623.38,1,1,98315.77,0.3376,0.68,0.8205,18,3,1,0
CUST001930,66,13,India,601,139057.45,2,1,157251.28,0.4391,1.69,0.2663,14,7,0,1
CUST001931,20,13,USA,628,116832.35,2,0,65174.07,-0.0212,2.7,0.2194,14,0,1,0
CUST001932,73,12,India,626,37942.95,1,1,153205.17,0.152,0.07,0.1678,12,0,1,0
CUST001933,23,13,USA,628,171625.64,3,1,179812.55,0.291,2.39,0.4881,10,0,1,0
CUST001934,22,10,India,758,83739.36,1,0,158485.69,0.3029,1.04,0.6185,12,0,0,0
CUST001935,22,14,India,725,118109.34,3,1,135022.59,0.3369,1.03,0.2032,11,6,1,0
CUST001936,71,1,USA,598,128115.84,1,1,130321.39,-0.3193,0.13,0.1406,12,0,1,0
CUST001937,64,0,India,567,208167.21,2,1,63585.46,0.2194,0.69,0.6551,8,1,1,0
CUST001938,40,10,India,616,101696.73,4,1,29194.39,0.433,0.36,0.5479,6,0,1,0
CUST001939,66,7,Germany,748,72759.29,2,0,131915.47,0.1971,0.7,0.2298,17,4,1,0
CUST001940,26,3,USA,479,194650.18,2,0,62285.61,0.4358,1.07,0.6851,8,1,1,0
CUST001941,52,2,France,656,144695.59,2,1,66068.68,0.0484,0.16,0.3527,14,1,1,0
CUST001942,37,12,Germany,625,94977.31,1,1,28615.93,0.1455,0.13,0.2383,22,1,1,0
CUST001943,66,11,India,745,91071.02,1,1,72430.86,0.0412,0.35,0.4016,13,8,1,0
CUST001944,59,3,USA,728,45523.1,1,1,152149.29,0.1841,0.82,0.188,8,0,1,0
CUST001945,52,13,India,532,70576.88,1,1,145900.48,0.2486,0.9,0.1155,7,7,1,0
CUST001946,67,10,Germany,745,10951.06,3,0,36697.01,-0.246,0.75,0.7283,12,2,1,0
CUST001947,35,4,France,463,89520.18,3,1,53600.3,0.0686,1.51,0.5153,9,2,0,0
CUST001948,34,0,USA,698,39050.81,1,0,18000.0,0.0569,1.06,0.8283,11,0,0,0
CUST001949,41,14,Germany,706,9650.19,2,1,117530.35,-0.086,0.56,0.5491,11,1,1,0
CUST001950,20,13,India,784,53983.88,1,1,108989.41,0.1301,0.53,0.242,10,2,1,0
CUST001951,49,10,USA,668,95099.74,1,1,113090.32,-0.1694,1.28,0.791,13,0,1,1
CUST001952,52,0,France,596,107567.57,2,0,78718.86,-0.1712,1.72,0.6544,13,2,1,0
CUST001953,55,2,India,569,69224.12,1,0,131546.36,-0.1107,1.51,0.6455,5,2,1,0
CUST001954,30,5,India,766,3905.04,1,1,86051.57,-0.2603,0.55,0.4401,8,0,1,0
CUST001955,73,0,USA,785,68488.84,2,1,145956.48,-0.128,0.69,0.3627,19,2,1,1
CUST001956,64,13,Germany,614,9924.0,4,1,47424.58,0.5046,1.23,0.3427,11,0,1,0
CUST001957,42,10,India,651,163008.62,2,1,141752.4,-0.228,0.69,0.2861,9,3,1,0
CUST001958,26,11,France,759,66847.04,1,0,120779.59,-0.1758,0.2,0.0991,12,4,0,0
CUST001959,21,14,India,711,5370.79,1,1,131679.1,0.0824,1.74,0.6005,12,0,1,1
CUST001960,31,1,India,635,10836.89,2,0,84408.63,-0.2128,0.54,0.0348,16,2,1,0
CUST001961,54,14,Germany,589,76430.5,2,1,184198.5,-0.1755,3.22,0.7635,10,0,1,0
CUST001962,51,11,India,582,79605.6,3,1,65687.0,-0.2533,0.64,0.5963,14,5,0,0
CUST001963,28,13,Germany,726,64001.25,3,1,209490.37,0.0537,0.39,0.4703,10,1,1,0
CUST001964,58,6,India,620,137615.22,3,1,121448.22,-0.0084,0.19,0.435,10,0,1,0
CUST001965,73,13,India,617,16377.54,2,1,154995.22,0.162,0.34,0.0442,16,4,1,0
CUST001966,20,13,India,698,138223.1,1,1,169836.11,0.1015,0.2,0.3367,14,10,1,0
CUST001967,45,0,France,656,70174.87,2,1,137401.99,0.3399,2.04,0.5009,8,6,1,0
CUST001968,46,12,USA,681,129478.37,2,0,190053.67,-0.0832,0.73,0.1051,16,4,1,0
CUST001969,26,13,Germany,624,37214.32,1,1,145464.24,-0.2422,1.37,0.4866,12,1,1,0
CUST001970,20,14,India,620,124243.3,2,1,135231.03,-0.1629,0.19,0.114,17,6,0,0
CUST001971,42,6,USA,591,25966.58,1,1,122608.14,0.5017,0.05,0.2248,11,2,0,0
CUST001972,51,14,USA,706,178135.44,3,1,118414.26,-0.4495,0.43,0.0702,17,0,1,0
CUST001973,29,3,France,656,71041.04,1,0,153753.58,0.328,2.2,0.3681,12,0,0,1
CUST001974,59,9,Germany,673,49289.75,2,1,59845.02,0.3262,0.1,0.3323,21,0,0,0
CUST001975,26,13,Germany,568,3229.51,1,0,92743.14,0.1164,1.24,0.4295,8,0,1,0
CUST001976,32,5,India,705,86452.9,2,1,124457.21,-0.1776,0.05,0.6571,13,0,1,0
CUST001977,57,13,USA,674,66784.88,1,1,65186.92,0.1813,0.14,0.1182,17,0,1,0
CUST001978,42,7,USA,708,6897.26,2,1,146349.25,-0.1562,1.05,0.1116,14,0,0,0
CUST001979,22,8,France,677,30347.03,1,1,89874.76,-0.0719,0.19,0.5757,5,1,1,0
CUST001980,28,5,India,672,45159.65,1,1,38683.08,0.1062,0.02,0.6151,14,0,0,0
CUST001981,51,11,India,504,5959.41,1,1,70965.4,-0.0761,0.2,0.4612,18,0,1,0
CUST001982,41,10,USA,741,68377.0,2,0,146143.48,-0.2246,1.06,0.1467,11,0,1,0
CUST001983,32,12,India,544,97923.31,2,1,49968.18,0.0013,0.61,0.4229,10,0,1,0
CUST001984,55,14,India,732,55925.43,2,1,53853.33,0.1749,0.63,0.1381,12,1,1,0
CUST001985,25,13,France,644,105237.1,1,1,124916.45,0.3361,0.42,0.4313,13,6,1,0
CUST001986,22,8,USA,521,16564.95,1,1,36789.11,0.2161,0.13,0.8452,10,2,1,0
CUST001987,65,3,France,643,103513.14,3,1,127204.73,0.4372,0.19,0.3766,13,5,0,0
CUST001988,43,5,Germany,529,71212.79,2,1,18000.0,0.1123,0.16,0.1166,10,2,1,0
CUST001989,35,7,India,738,63227.47,1,1,122802.18,0.0042,0.98,0.5483,14,2,1,0
CUST001990,23,8,USA,608,75779.21,1,1,95524.01,0.4946,1.5,0.4383,15,0,1,0
CUST001991,54,2,India,566,38846.12,2,1,178442.44,-0.0448,0.22,0.1541,10,0,1,0
CUST001992,65,1,France,702,19131.54,1,1,18000.0,0.2687,0.15,0.0446,14,5,1,0
CUST001993,30,5,USA,646,11199.29,2,1,68984.14,0.3641,0.23,0.3092,12,4,1,0
CUST001994,45,3,India,691,11533.74,2,1,124856.14,-0.5378,2.23,0.135,13,2,1,1
CUST001995,22,0,India,640,61872.88,1,1,97688.7,0.0614,0.19,0.6727,10,0,1,0
CUST001996,30,7,USA,742,118327.93,2,0,76038.05,-0.2246,0.94,0.3421,12,5,0,0
CUST001997,34,8,India,617,167985.54,2,1,18000.0,-0.2394,0.1,0.667,13,7,1,0
CUST001998,67,13,India,523,47407.04,1,1,120187.71,-0.1592,0.86,0.4136,13,11,0,1
CUST001999,57,8,Germany,562,66031.73,1,0,208696.31,-0.4021,0.22,0.2567,14,3,0,0
CUST002000,62,1,Germany,684,192721.41,2,1,64609.34,0.2539,1.45,0.9809,14,0,1,0
CUST002001,49,8,India,597,51030.98,1,1,103629.15,-0.0183,0.02,0.3683,11,4,0,0
CUST002002,46,6,USA,752,37144.41,2,0,116875.88,0.3199,0.55,0.3381,15,1,0,0
CUST002003,68,4,France,556,67915.06,3,1,80814.02,0.1209,0.87,0.4026,13,3,1,0
CUST002004,20,6,India,731,49681.41,4,0,97944.96,0.0372,1.09,0.7343,14,9,0,0
CUST002005,73,12,France,615,33929.64,1,1,50276.83,-0.1656,1.84,0.4572,10,0,1,0
CUST002006,57,8,India,754,11281.06,2,0,33445.46,-0.0427,0.79,0.2783,13,0,1,0
CUST002007,51,7,Germany,690,174742.82,3,0,172159.55,0.1513,0.11,0.5857,10,3,0,0
CUST002008,57,5,USA,665,110144.22,1,0,94104.04,-0.0225,1.03,0.5543,11,0,1,0
CUST002009,44,12,USA,703,176219.99,1,0,126342.82,-0.1007,0.6,0.2882,11,0,1,0
CUST002010,30,3,France,748,135191.24,1,1,121048.2,0.0482,0.08,0.2645,15,1,0,0
CUST002011,62,12,India,645,76967.26,3,1,54202.2,0.3431,0.12,0.5203,11,1,1,0
CUST002012,50,14,India,499,27547.68,2,0,37359.41,0.091,1.41,0.1754,13,0,1,0
CUST002013,23,0,USA,746,19634.76,2,1,70389.79,0.318,0.67,0.3957,4,7,1,0
CUST002014,41,5,Germany,628,54383.05,2,1,110670.41,-0.4932,0.14,0.3631,5,2,1,0
CUST002015,36,2,India,850,16238.86,2,1,60289.27,0.0799,1.24,0.1807,19,2,1,0
CUST002016,33,5,Germany,601,36816.51,1,0,77548.27,0.0186,0.71,0.4257,18,0,0,0
CUST002017,57,5,India,619,20763.8,2,1,18000.0,-0.1809,0.15,0.634,19,3,1,0
CUST002018,45,13,India,709,63967.63,2,1,98128.79,0.0939,0.48,0.3138,13,0,0,0
CUST002019,50,3,Germany,710,174575.02,2,1,103628.79,0.2532,2.12,0.5996,7,2,1,0
CUST002020,65,1,India,683,34266.58,2,1,99812.94,0.0722,1.11,0.5789,13,11,0,0
CUST002021,58,14,USA,605,116632.51,2,0,51599.14,-0.2608,0.39,0.3282,12,0,1,0
CUST002022,30,8,India,557,15440.55,3,1,52660.49,0.1657,0.0,0.5792,12,2,1,0
CUST002023,60,1,India,595,62086.76,1,1,47599.93,0.3397,0.2,0.4268,13,0,1,0
CUST002024,62,2,USA,528,73868.67,2,1,79618.8,0.0883,0.16,0.0262,12,5,0,0
CUST002025,42,9,USA,815,175209.23,2,0,65804.67,0.0352,0.38,0.2919,12,5,0,0
CUST002026,70,0,USA,568,89557.21,2,1,167731.0,-0.1195,1.71,0.1155,8,11,1,1
CUST002027,59,6,USA,626,25694.07,2,0,186642.39,0.1454,0.16,0.3505,9,2,0,0
CUST002028,53,14,India,705,91308.63,1,1,143432.51,-0.041,0.04,0.5028,14,0,1,0
CUST002029,44,0,USA,650,101917.3,1,0,104726.54,0.9791,0.11,0.5507,14,6,1,0
CUST002030,55,10,France,602,3020.97,1,1,84752.07,0.3329,0.47,0.3409,15,4,1,0
CUST002031,24,8,France,638,73611.66,1,0,59612.06,0.1147,0.06,0.5597,12,0,1,0
CUST002032,22,10,India,601,76796.89,2,1,103172.69,0.1691,0.65,0.2826,19,4,0,0
CUST002033,60,10,India,629,167238.01,2,1,92173.76,0.0153,0.26,0.6789,7,0,1,0
CUST002034,62,0,France,681,88923.77,2,1,50358.43,0.1667,0.38,0.1473,10,2,0,0
CUST002035,74,4,USA,567,67208.28,1,1,62015.62,0.1989,0.14,0.5296,8,0,1,0
CUST002036,68,6,USA,736,32369.11,1,1,18000.0,-0.1476,1.1,0.0513,11,9,1,0
CUST002037,48,2,Germany,655,113672.73,2,1,51221.4,-0.012,0.38,0.2587,9,0,0,0
CUST002038,40,8,India,603,60200.3,2,0,119128.21,0.1302,0.1,0.6422,8,0,1,0
CUST002039,59,7,USA,624,40870.18,3,1,149582.38,0.154,0.36,0.2413,16,1,0,1
CUST002040,27,12,France,743,15232.94,4,0,125318.21,-0.0146,3.28,0.589,15,7,1,0
CUST002041,49,14,Germany,715,57593.63,3,1,75843.75,-0.051,1.0,0.0959,10,1,0,0
CUST002042,60,2,India,669,119307.14,1,1,20131.04,0.1954,1.63,0.4239,9,0,1,0
CUST002043,70,14,India,601,44189.77,2,1,42583.69,0.1887,1.78,0.2484,12,6,1,1
CUST002044,47,4,India,695,78135.43,1,1,121185.11,-0.061,0.64,0.3937,10,6,0,0
CUST002045,56,6,Germany,651,41470.38,1,0,119528.51,-0.4704,0.65,0.5483,11,2,1,0
CUST002046,48,11,India,789,86565.44,1,1,68774.62,0.197,1.9,0.5927,11,0,1,0
CUST002047,35,13,India,646,81163.03,1,1,80513.83,0.2689,1.65,0.2611,8,0,1,0
CUST002048,53,3,France,784,27194.56,1,1,192442.11,0.2014,1.01,0.5959,14,2,1,0
CUST002049,19,4,India,665,127574.52,3,1,18000.0,0.4886,1.38,0.316,13,0,1,0
CUST002050,31,2,India,567,14278.11,1,1,100486.02,0.2531,1.08,0.3657,11,2,0,0
CUST002051,30,8,India,850,146384.37,2,1,41718.75,0.1155,0.29,0.3957,7,0,0,0
CUST002052,46,9,India,534,96408.05,3,0,44665.42,-0.1783,0.1,0.3607,9,1,1,0
CUST002053,29,8,USA,491,112448.58,4,1,120022.63,0.0326,1.01,0.3496,9,2,1,0
CUST002054,56,6,France,484,26339.26,3,1,181444.49,-0.0014,1.89,0.4162,10,6,0,1
CUST002055,19,9,France,850,72836.63,2,1,129656.52,0.1083,3.07,0.6354,15,1,0,0
CUST002056,49,1,USA,819,171090.78,1,1,175022.98,-0.2626,0.04,0.4746,7,2,0,0
CUST002057,30,6,USA,661,66989.96,2,1,18000.0,0.1896,0.81,0.7364,19,0,0,0
CUST002058,63,6,USA,684,84079.53,2,1,123588.27,-0.0992,0.77,0.3784,12,5,1,0
CUST002059,44,10,India,670,5062.27,3,1,143474.53,0.1331,0.37,0.257,9,0,0,0
CUST002060,66,4,India,508,13222.63,4,1,88268.97,-0.072,0.64,0.3311,17,4,0,0
CUST002061,58,8,France,766,90283.84,2,1,139872.14,0.0174,0.49,0.326,13,10,0,0
CUST002062,34,12,India,756,33958.9,2,1,223796.98,-0.1769,2.07,0.3194,15,2,1,0
CUST002063,57,11,India,551,41665.91,4,0,107200.88,-0.1623,0.28,0.1751,8,0,0,0
CUST002064,48,10,USA,676,79917.83,4,0,81169.97,0.1745,0.16,0.2925,10,1,1,0
CUST002065,51,2,USA,644,118554.77,1,1,154527.44,0.2817,0.89,0.2156,7,2,1,0
CUST002066,41,3,India,633,108594.39,2,1,153200.66,0.0367,0.27,0.1772,8,1,1,0
CUST002067,62,0,India,595,82178.67,2,1,87049.38,0.3622,0.05,0.5684,12,3,0,0
CUST002068,52,5,India,641,131001.8,1,1,73469.97,0.3034,1.29,0.3618,10,8,1,0
CUST002069,65,3,Germany,607,140722.74,2,0,153126.63,0.1095,0.31,0.4232,10,0,0,0
CUST002070,23,0,India,735,67840.34,1,0,79046.27,-0.1974,3.91,0.6009,6,2,1,1
CUST002071,36,1,USA,647,179435.18,1,0,97406.28,0.112,0.3,0.3045,13,0,1,0
CUST002072,47,14,USA,594,8590.7,1,1,114623.99,0.1376,0.65,0.6839,8,0,0,0
CUST002073,24,2,France,647,19046.81,2,1,91073.95,0.1835,0.14,0.2629,11,1,1,0
CUST002074,27,8,India,638,161770.57,1,1,100983.46,-0.0394,0.61,0.4741,10,2,1,0
CUST002075,58,12,India,635,32595.77,1,1,60375.61,-0.1278,0.25,0.3533,9,0,1,0
CUST002076,49,7,USA,704,89693.95,3,0,127018.37,-0.3608,0.92,0.1903,13,7,0,0
CUST002077,51,6,Germany,627,55794.45,1,1,80559.61,0.079,0.02,0.4088,9,3,1,0
CUST002078,45,12,India,604,152177.34,1,1,173581.93,0.0264,0.96,0.3485,11,0,1,0
CUST002079,32,14,USA,541,56936.75,2,1,105658.79,0.3531,0.58,0.8778,11,0,0,0
CUST002080,47,10,India,649,34063.75,1,0,149408.4,-0.1963,0.38,0.4165,12,2,0,0
CUST002081,54,11,India,749,58044.36,2,1,130193.05,0.0411,0.05,0.3687,8,7,0,0
CUST002082,46,13,USA,640,64487.28,1,0,153800.25,-0.2224,0.05,0.551,9,1,1,0
CUST002083,39,3,India,609,55163.1,2,1,78504.96,0.4581,1.26,0.181,17,0,1,0
CUST002084,21,0,Germany,589,31415.09,2,1,43164.02,-0.0401,1.08,0.3946,10,2,0,0
CUST002085,37,7,USA,512,34354.89,3,0,56887.05,-0.2947,0.5,0.6303,10,0,1,0
CUST002086,49,3,USA,744,121119.48,1,1,53347.78,0.0627,0.01,0.1536,12,0,1,0
CUST002087,53,2,USA,688,40047.51,1,0,60732.23,0.0952,1.34,0.671,13,2,0,0
CUST002088,67,8,USA,711,86007.65,4,1,43612.11,-0.1095,0.88,0.0548,6,0,1,0
CUST002089,21,9,India,670,85786.39,2,0,94436.24,0.0447,0.06,0.4856,14,0,1,0
CUST002090,44,3,France,585,37791.19,2,1,135857.37,-0.2043,0.26,0.3974,8,4,1,0
CUST002091,34,3,France,624,29351.63,1,0,37950.89,-0.0892,0.06,0.5739,15,1,1,0
CUST002092,29,13,India,609,80336.96,2,1,67705.34,-0.0895,1.63,0.3278,8,0,0,0
CUST002093,39,8,India,616,26442.38,1,0,149102.26,0.7225,0.56,0.1501,19,0,1,0
CUST002094,34,12,India,617,199619.74,1,1,25724.3,0.3292,0.38,0.2191,8,0,1,0
CUST002095,27,11,Germany,738,40492.1,2,0,99967.92,0.0501,0.8,0.2703,13,0,1,0
CUST002096,71,10,Germany,811,51781.03,4,1,128282.13,0.0082,1.1,0.2363,11,3,1,0
CUST002097,18,11,Germany,580,121667.73,1,1,200137.04,0.3549,0.85,0.8689,12,1,0,0
CUST002098,39,13,Germany,636,65472.2,1,0,18000.0,0.3399,1.41,0.1305,12,0,0,0
CUST002099,43,1,USA,667,50110.9,1,1,36750.29,-0.0363,0.72,0.2058,15,1,1,0
CUST002100,73,13,USA,571,6914.01,2,1,114047.64,0.6337,0.0,0.1511,6,6,0,0
CUST002101,35,11,Germany,654,82318.18,2,1,82062.19,-0.0363,0.12,0.4395,7,1,0,0
CUST002102,67,4,USA,678,42096.09,1,1,18000.0,-0.0185,1.62,0.4955,13,0,1,0
CUST002103,31,14,USA,643,205042.84,2,1,78633.66,0.1908,0.11,0.1863,12,0,0,0
CUST002104,64,3,USA,700,63270.63,1,1,56473.71,0.0844,0.77,0.7605,18,2,1,0
CUST002105,46,8,USA,650,64550.01,1,1,20847.76,-0.0798,0.18,0.1588,2,0,1,0
CUST002106,29,11,USA,420,134910.64,1,0,81737.49,-0.0219,2.58,0.5773,7,7,0,1
CUST002107,53,4,USA,573,13998.34,1,1,36379.27,-0.1048,0.2,0.2482,8,5,0,1
CUST002108,52,8,Germany,764,82588.22,1,0,58455.33,0.0684,0.36,0.2999,8,3,1,1
CUST002109,69,10,USA,691,163102.57,1,1,162352.37,0.0079,1.19,0.3798,11,0,0,0
CUST002110,29,8,USA,421,56854.16,2,0,189496.89,0.1624,0.86,0.1296,10,0,1,0
CUST002111,24,13,Germany,529,63307.39,1,1,56691.26,0.115,0.31,0.0401,13,4,0,0
CUST002112,46,1,USA,707,133948.67,1,1,105551.83,-0.169,0.96,0.3848,13,0,0,0
CUST002113,28,13,India,603,164385.58,1,1,129911.19,-0.0711,3.13,0.4471,18,4,0,0
CUST002114,50,14,India,433,67485.98,1,0,59389.45,0.325,0.13,0.7402,11,4,1,0
CUST002115,23,8,USA,734,201401.71,1,1,53441.17,0.0231,0.22,0.2501,13,3,1,0
CUST002116,64,2,USA,707,31791.1,1,0,130537.19,-0.2021,0.48,0.1371,9,0,1,0
CUST002117,32,3,France,583,20035.56,4,1,89015.02,-0.0172,0.3,0.2791,12,0,0,0
CUST002118,49,0,India,749,46391.48,2,1,89654.38,0.0485,0.3,0.2703,15,0,1,0
CUST002119,68,13,India,586,141503.1,2,1,43845.97,0.5911,0.45,0.2487,8,2,1,0
CUST002120,28,0,India,600,90288.86,2,1,50902.46,-0.0437,1.25,0.5018,12,4,0,0
CUST002121,40,0,India,611,34147.95,2,1,103012.86,-0.0325,0.35,0.1885,13,3,0,0
CUST002122,43,8,Germany,498,6191.03,2,1,79071.15,0.1044,0.24,0.2852,14,5,1,0
CUST002123,51,10,India,683,16600.05,2,1,104407.96,0.2153,0.64,0.5715,12,0,0,0
CUST002124,63,7,USA,691,108004.12,2,1,145153.31,0.5471,1.64,0.45,8,12,1,0
CUST002125,51,4,Germany,613,51856.85,3,1,107121.04,-0.0106,0.96,0.3203,15,0,1,0
CUST002126,46,4,USA,706,138890.76,1,1,68798.48,0.0005,0.33,0.3464,17,0,1,0
CUST002127,21,8,France,522,12879.78,1,1,143466.55,-0.2458,2.87,0.7386,14,2,0,0
CUST002128,34,2,USA,704,102485.47,1,0,98393.06,-0.2665,0.94,0.2141,6,0,1,0
CUST002129,52,2,India,676,73368.2,2,0,162919.11,0.0577,0.12,0.3199,14,0,0,0
CUST002130,30,6,France,594,37959.85,1,1,65846.33,-0.1704,0.95,0.2881,13,0,0,0
CUST002131,58,8,France,683,42459.05,3,1,94456.14,-0.3369,1.89,0.5117,10,1,0,0
CUST002132,56,5,India,579,82382.04,1,0,83631.93,-0.1347,0.51,0.3174,19,4,0,0
CUST002133,32,13,India,738,74045.99,1,0,105032.55,-0.2568,1.05,0.5358,15,1,1,0
CUST002134,72,1,India,692,20718.36,1,1,111097.24,0.0341,0.13,0.5055,7,0,1,0
CUST002135,46,0,India,679,107967.6,2,1,99622.52,-0.2659,0.09,0.3613,11,2,1,0
CUST002136,46,1,France,613,150713.89,2,1,138687.11,-0.0458,0.79,0.1936,11,0,1,0
CUST002137,28,13,USA,712,60877.97,1,1,119604.72,0.1684,0.41,0.3005,5,3,1,0
CUST002138,69,13,India,746,112063.64,2,1,217326.54,-0.0046,0.49,0.4167,15,0,1,0
CUST002139,49,0,France,778,66117.05,1,1,225018.92,0.028,0.29,0.4598,17,0,1,0
CUST002140,19,9,USA,606,225435.7,2,0,66223.89,-0.2451,0.49,0.4424,15,5,1,0
CUST002141,64,9,India,715,76860.73,2,1,74665.21,0.2048,0.08,0.2907,10,0,0,0
CUST002142,31,8,France,761,119488.56,3,0,38284.78,0.1096,0.09,0.1023,10,6,1,0
CUST002143,37,14,Germany,630,148370.38,3,1,177439.48,0.019,0.47,0.1116,9,4,0,0
CUST002144,39,9,Germany,762,36267.45,1,1,78858.44,0.1018,0.48,0.1415,15,6,1,0
CUST002145,28,14,USA,662,119771.74,1,0,112116.55,0.009,1.64,0.1812,11,0,1,0
CUST002146,44,11,Germany,568,129466.96,2,1,42018.08,0.1577,0.32,0.0769,14,0,0,0
CUST002147,20,13,India,593,102651.62,1,0,105830.26,0.2282,0.9,0.4016,11,0,0,0
CUST002148,34,12,USA,534,123318.73,1,1,18000.0,-0.0458,0.29,0.373,13,0,1,0
CUST002149,61,7,France,646,35816.32,1,0,157307.23,-0.0643,0.29,0.1757,17,0,1,0
CUST002150,73,14,India,637,209132.15,1,0,188003.96,-0.0916,0.99,0.6097,11,3,0,1
CUST002151,45,6,Germany,665,72702.68,2,1,133520.89,-0.1264,0.66,0.2377,13,10,1,0
CUST002152,46,14,USA,758,23845.07,1,0,54449.53,-0.1722,0.37,0.4444,11,2,1,0
CUST002153,38,2,India,648,6938.08,3,1,126601.79,0.0375,0.53,0.4313,6,7,1,0
CUST002154,64,7,Germany,628,182819.76,2,1,109469.91,-0.0292,1.49,0.3382,17,1,1,0
CUST002155,33,1,India,634,67880.36,2,0,166706.43,0.0388,1.1,0.5255,3,0,1,0
CUST002156,54,1,USA,501,17430.52,1,1,140616.45,0.1527,2.18,0.8044,13,1,1,0
CUST002157,37,10,India,704,38453.18,1,0,48445.57,0.1239,1.68,0.4227,15,2,1,0
CUST002158,23,9,France,637,18543.4,2,1,155792.72,0.3741,0.89,0.3519,17,0,1,0
CUST002159,36,2,India,656,114899.52,2,0,96125.64,0.0606,0.17,0.3385,11,6,1,0
CUST002160,74,6,India,633,121137.22,2,0,163169.84,-0.0101,0.36,0.5691,16,0,1,0
CUST002161,22,0,India,660,94819.82,1,0,24869.26,0.0694,0.65,0.7959,15,3,0,0
CUST002162,20,7,France,545,31611.95,2,1,125271.92,0.2116,0.03,0.2457,10,0,0,0
CUST002163,18,11,Germany,649,170618.47,2,1,85857.78,0.559,0.91,0.0969,16,1,0,0
CUST002164,55,6,Germany,601,124475.52,2,1,104585.6,0.1335,3.13,0.447,11,0,1,0
CUST002165,32,3,USA,652,32168.18,2,0,67425.95,0.0958,1.41,0.3361,13,0,0,0
CUST002166,51,13,USA,568,63984.1,3,0,124048.03,0.3123,0.93,0.891,7,2,0,0
CUST002167,52,14,India,688,4276.18,2,1,55063.24,-0.067,0.91,0.5813,18,0,1,0
CUST002168,66,4,USA,651,167258.25,1,0,24874.57,0.0263,1.82,0.2666,9,0,1,0
CUST002169,42,9,India,546,48198.82,2,0,63994.35,0.1264,0.3,0.3521,12,1,0,0
CUST002170,41,12,France,725,9513.38,2,1,64500.06,-0.1498,0.47,0.1534,8,0,1,0
CUST002171,29,0,Germany,608,66936.95,1,0,84891.83,-0.2892,0.86,0.5805,18,2,1,0
CUST002172,35,3,USA,621,174568.48,1,1,134210.94,0.2046,0.68,0.1825,9,2,1,0
CUST002173,32,14,India,713,129597.59,2,0,55200.3,-0.1947,1.49,0.5332,13,2,0,0
CUST002174,61,0,Germany,735,43677.59,2,0,137918.77,0.2932,0.36,0.1576,9,2,0,0
CUST002175,33,0,India,612,65210.89,3,1,127836.12,-0.0423,0.43,0.127,8,6,1,0
CUST002176,44,9,India,658,137687.25,2,1,148398.85,0.009,0.23,0.4738,16,5,1,0
CUST002177,25,0,India,704,162468.5,1,1,82338.9,-0.3931,0.81,0.0258,10,1,0,0
CUST002178,63,6,USA,751,20145.87,2,0,174836.29,0.1549,0.4,0.5333,14,0,1,0
CUST002179,42,6,Germany,657,85523.1,2,1,85708.24,0.174,0.64,0.1903,7,7,0,0
CUST002180,34,3,India,687,53998.21,1,0,143056.98,0.1812,0.05,0.7814,14,1,0,0
CUST002181,46,14,India,576,45770.49,1,1,180330.15,0.2489,0.97,0.4303,11,0,1,0
CUST002182,70,12,USA,529,159205.69,1,1,157862.44,-0.3905,0.61,0.4315,9,2,1,0
CUST002183,25,11,Germany,694,8008.79,1,1,94454.82,-0.2645,1.08,0.2555,17,2,1,0
CUST002184,32,1,India,585,125911.29,2,1,46753.3,-0.2808,0.23,0.322,13,0,1,0
CUST002185,44,11,India,576,65489.69,1,1,54049.44,-0.0505,1.55,0.3601,16,2,1,0
CUST002186,63,2,France,701,31041.8,1,0,52497.18,-0.17,1.64,0.42,20,7,1,0
CUST002187,67,7,France,638,78092.57,1,1,67018.3,0.1352,0.46,0.4431,10,0,0,0
CUST002188,69,12,France,668,5294.51,2,0,98342.44,0.0448,0.08,0.2531,9,0,1,0
CUST002189,24,7,Germany,547,212635.03,1,1,130891.98,0.1593,0.57,0.4396,9,1,1,0
CUST002190,20,10,India,577,31529.23,1,1,137413.77,0.1761,0.83,0.124,14,0,1,0
CUST002191,46,10,India,780,26543.4,1,1,146148.14,-0.4514,0.73,0.173,15,0,0,0
CUST002192,61,5,India,597,32998.58,1,1,143270.22,0.2644,1.82,0.5548,11,0,1,0
CUST002193,70,14,India,633,112186.29,1,1,94094.91,-0.0489,2.0,0.4088,10,3,1,0
CUST002194,41,9,France,668,132258.25,2,0,131249.92,0.2813,0.78,0.5531,13,0,0,0
CUST002195,20,8,Germany,564,48830.58,1,1,87256.91,-0.3277,0.82,0.0892,9,2,0,1
CUST002196,37,10,Germany,758,95632.31,1,1,114591.68,0.1944,0.11,0.1315,12,5,1,0
CUST002197,63,11,India,650,100458.12,1,0,89074.89,0.0702,0.4,0.4983,17,2,1,0
CUST002198,32,8,France,631,13359.68,3,1,98915.8,0.434,0.32,0.4469,5,4,0,0
CUST002199,42,3,Germany,735,68616.03,1,1,83442.23,0.0903,0.34,0.0825,10,6,0,0
CUST002200,47,11,India,722,36905.57,4,1,18000.0,0.2812,1.04,0.693,12,0,1,0
CUST002201,31,0,France,807,20510.02,2,0,87059.31,-0.3671,0.54,0.3772,9,0,1,0
CUST002202,24,0,India,615,89220.83,1,1,128934.94,0.0533,0.56,0.4023,6,0,1,0
CUST002203,34,14,India,825,138919.51,2,1,145574.35,-0.1462,0.23,0.254,7,0,0,0
CUST002204,61,11,Germany,701,78720.14,2,0,123527.51,-0.0384,0.15,0.4443,11,0,1,0
CUST002205,37,9,Germany,785,83444.01,2,1,54083.23,0.0274,0.42,0.3226,13,1,1,0
CUST002206,53,14,India,728,47670.46,2,1,75919.37,-0.1445,0.05,0.3073,10,4,1,0
CUST002207,26,4,India,598,20598.0,2,1,22979.5,0.2041,0.14,0.7532,8,1,1,0
CUST002208,55,13,France,583,186344.07,1,1,132575.57,0.2749,1.37,0.0125,6,3,1,0
CUST002209,65,12,Germany,505,54972.91,2,1,57179.33,-0.1927,0.46,0.3275,12,0,1,0
CUST002210,74,1,Germany,489,24058.34,2,0,117870.57,0.1089,3.0,0.1795,9,0,1,1
CUST002211,39,14,India,601,73159.52,1,0,121535.13,-0.4172,0.0,0.4887,12,3,1,0
CUST002212,71,5,India,751,115400.73,4,1,57350.95,0.2888,2.03,0.4636,19,1,1,0
CUST002213,70,6,India,610,82133.43,1,0,113017.43,0.0689,0.85,0.2911,11,0,1,0
CUST002214,70,0,India,595,26235.5,3,1,186908.32,0.0255,0.78,0.4969,17,0,0,0
CUST002215,19,5,India,705,47563.2,2,0,83177.29,0.4597,1.47,0.7353,14,2,1,0
CUST002216,41,7,India,581,123463.93,2,1,152057.78,0.1279,0.79,0.5434,11,0,0,0
CUST002217,25,11,USA,797,82271.38,3,1,112783.81,0.7388,0.03,0.6142,18,0,1,0
CUST002218,28,4,India,629,201556.52,2,1,114678.59,-0.2229,1.89,0.1828,13,6,0,0
CUST002219,30,13,Germany,724,82079.93,1,1,95607.51,-0.1966,1.65,0.0719,8,3,1,1
CUST002220,34,11,India,633,18736.62,2,1,144768.07,0.2569,0.59,0.2745,9,0,1,0
CUST002221,25,6,USA,651,63619.32,1,1,92453.8,-0.0147,0.11,0.563,18,1,0,0
CUST002222,38,9,India,740,41074.71,1,1,128816.6,0.3342,1.38,0.5131,16,3,1,0
CUST002223,35,5,USA,668,20247.94,3,1,144862.92,-0.2003,0.6,0.1269,11,1,0,0
CUST002224,47,3,India,769,84092.39,1,0,148736.86,0.35,0.32,0.4336,9,0,1,0
CUST002225,35,14,France,587,50077.52,1,0,127080.31,0.0338,4.01,0.4015,15,0,1,1
CUST002226,63,14,Germany,546,85265.02,2,1,136453.9,0.0572,0.14,0.5454,11,4,0,1
CUST002227,64,6,USA,510,189466.45,1,1,101420.72,-0.2617,0.14,0.3703,8,0,1,0
CUST002228,48,9,India,750,67983.25,1,0,79619.23,0.3417,0.73,0.4707,17,0,1,0
CUST002229,55,8,USA,722,139521.25,2,0,115838.54,0.1651,0.25,0.434,8,1,1,0
CUST002230,49,9,Germany,628,64120.46,2,1,116289.03,0.1973,0.42,0.3982,8,0,1,0
CUST002231,28,9,India,673,101757.84,1,0,116056.68,-0.296,0.22,0.555,8,0,1,0
CUST002232,62,12,USA,735,83426.51,2,0,153513.51,-0.0037,1.22,0.6291,5,0,1,0
CUST002233,42,6,Germany,634,92580.48,4,1,101638.7,0.0381,0.26,0.3218,10,6,0,0
CUST002234,50,11,Germany,509,67842.64,4,0,35055.33,-0.2783,1.48,0.3564,17,2,0,0
CUST002235,55,13,Germany,510,165922.45,2,0,18000.0,0.2263,1.07,0.592,11,10,1,0
CUST002236,58,4,France,562,115178.53,1,1,109037.31,0.2829,0.28,0.3801,8,1,0,0
CUST002237,25,6,France,658,83171.23,1,1,149315.39,-0.3124,1.28,0.4621,10,0,1,0
CUST002238,28,2,USA,574,132331.0,3,1,89942.75,0.0421,0.31,0.141,14,7,0,0
CUST002239,39,1,USA,732,83970.82,1,0,190171.81,0.2686,0.42,0.2496,15,1,1,0
CUST002240,68,10,Germany,548,145234.76,4,1,107895.65,0.4823,0.07,0.5386,10,0,0,0
CUST002241,41,14,Germany,594,2856.54,1,1,215437.38,0.2557,0.67,0.2539,15,2,1,0
CUST002242,58,4,France,504,208159.64,3,0,95884.0,-0.2011,1.36,0.0903,16,1,1,0
CUST002243,34,3,India,614,86683.07,1,1,175958.68,-0.1797,0.78,0.2587,15,0,1,0
CUST002244,29,4,India,650,5244.12,1,1,80401.18,0.1191,0.64,0.2983,10,4,1,0
CUST002245,74,7,India,736,122440.92,2,1,151504.01,0.2278,1.83,0.3821,9,0,0,0
CUST002246,63,11,India,659,156204.83,3,1,128757.7,0.0494,0.47,0.4589,8,2,0,0
CUST002247,49,3,India,709,12457.01,2,1,117225.48,-0.0655,4.37,0.3523,16,0,1,0
CUST002248,32,14,Germany,730,46748.24,1,0,117018.28,0.2508,0.49,0.2505,15,3,0,0
CUST002249,33,8,India,681,138926.56,3,0,168607.65,0.315,0.82,0.255,6,2,0,0
CUST002250,71,6,Germany,578,111002.6,2,1,92385.8,-0.0278,0.04,0.3218,11,0,0,0
CUST002251,39,9,Germany,682,48713.94,1,1,106104.84,0.0502,0.96,0.5582,9,0,1,0
CUST002252,45,12,India,769,60551.01,1,1,231963.62,0.2159,0.31,0.0681,18,7,0,0
CUST002253,37,11,India,624,1528.12,2,1,126956.2,-0.0459,0.11,0.5036,9,5,0,0
CUST002254,50,6,USA,694,14755.25,1,0,160097.11,0.2765,0.13,0.7015,11,2,1,0
CUST002255,27,14,Germany,692,27719.46,3,1,89118.3,-0.0624,0.57,0.3376,9,8,1,0
CUST002256,57,12,France,620,54401.35,1,1,75194.32,0.2991,0.71,0.5989,14,0,1,0
CUST002257,49,12,France,724,118011.73,2,1,137881.8,-0.1205,0.97,0.6063,9,0,0,0
CUST002258,67,7,France,619,59479.26,1,0,111453.89,0.6358,0.47,0.4214,15,10,1,0
CUST002259,50,11,USA,686,145226.87,2,0,91319.64,0.0364,1.6,0.4555,8,3,1,0
CUST002260,19,5,France,630,35954.09,1,1,19879.55,0.2111,0.06,0.6287,11,0,0,0
CUST002261,50,7,Germany,653,16442.15,1,1,18000.0,0.3737,0.1,0.2704,17,1,0,0
CUST002262,50,2,France,724,147600.33,1,1,18000.0,0.0316,0.21,0.1028,8,2,0,0
CUST002263,58,9,India,494,98767.83,1,1,117176.26,0.1368,0.09,0.46,8,1,1,0
CUST002264,30,9,France,699,152100.65,1,1,49213.22,0.0818,1.13,0.038,11,5,0,0
CUST002265,47,13,USA,706,55128.9,1,1,18000.0,0.5893,0.36,0.2765,15,7,1,0
CUST002266,50,0,Germany,604,174609.45,1,1,58362.28,0.4786,0.74,0.5499,19,1,1,0
CUST002267,30,5,India,647,9245.45,1,0,18000.0,-0.1153,1.16,0.3969,15,0,0,0
CUST002268,69,0,India,571,58190.09,4,1,70861.38,-0.1994,0.63,0.2769,12,4,0,1
CUST002269,43,8,India,586,101275.38,1,0,68483.45,0.1944,0.61,0.5947,16,0,0,0
CUST002270,39,13,India,671,46910.72,1,1,124371.12,0.0912,0.48,0.7437,10,4,0,0
CUST002271,56,1,India,850,90107.72,1,1,107840.64,0.4618,0.95,0.1778,11,1,1,0
CUST002272,19,10,Germany,703,153358.07,2,0,76907.34,0.1621,0.6,0.2229,9,1,1,0
CUST002273,55,1,India,582,99355.05,2,0,131684.37,0.0626,0.41,0.8539,10,1,1,0
CUST002274,56,6,India,712,64942.01,1,1,40452.21,-0.177,0.77,0.3011,12,4,0,0
CUST002275,43,1,India,696,152030.68,1,1,77126.73,-0.0624,2.61,0.3713,11,4,1,0
CUST002276,63,9,USA,511,107772.11,2,1,62179.66,-0.1155,1.32,0.2366,12,7,1,1
CUST002277,67,7,India,624,75504.74,3,1,97211.92,-0.0346,0.47,0.2814,14,5,0,0
CUST002278,32,5,India,638,71048.31,3,0,18000.0,-0.0345,0.75,0.1279,17,3,1,0
CUST002279,51,13,USA,659,53204.97,1,0,209593.66,-0.0383,0.4,0.3869,12,0,0,0
CUST002280,59,6,Germany,647,128271.55,2,1,116964.65,0.0621,0.59,0.2067,14,0,1,0
CUST002281,72,6,India,661,130599.33,1,0,118562.63,0.1981,1.06,0.3117,13,1,0,0
CUST002282,61,5,India,575,154449.7,2,1,18000.0,0.3017,1.46,0.7381,10,2,1,0
CUST002283,66,9,India,623,102674.44,1,0,110589.12,0.2506,0.05,0.6093,9,0,0,0
CUST002284,57,10,France,628,42254.08,1,1,89264.66,-0.3017,0.14,0.3643,11,3,0,0
CUST002285,28,8,India,742,96506.77,2,0,153660.42,-0.2531,0.69,0.6167,11,1,1,0
CUST002286,20,12,USA,594,41136.76,2,0,86134.2,-0.0348,0.97,0.1075,17,3,0,0
CUST002287,23,8,India,630,86048.89,2,1,83011.06,-0.2256,0.86,0.3867,6,3,1,0
CUST002288,26,14,USA,621,163407.91,1,1,97325.08,0.1617,0.23,0.565,15,0,1,0
CUST002289,23,6,India,776,149237.73,2,1,166476.01,0.0457,0.85,0.177,12,3,1,0
CUST002290,26,8,India,703,132130.14,2,0,24472.08,0.0831,0.5,0.4014,17,7,1,0
CUST002291,56,12,USA,575,74595.72,1,0,18000.0,0.3745,0.22,0.2536,15,1,0,0
CUST002292,48,9,India,681,131548.12,1,1,18000.0,-0.0334,1.73,0.7034,8,1,0,0
CUST002293,49,2,India,569,36273.81,2,1,151891.41,-0.2276,0.6,0.092,6,0,1,0
CUST002294,58,2,Germany,670,14630.03,1,0,146247.66,0.0027,1.59,0.2334,13,7,1,1
CUST002295,67,0,France,759,92857.08,2,1,42030.62,-0.4781,0.43,0.7298,12,4,1,0
CUST002296,29,4,India,493,52726.35,2,1,31696.04,0.0133,0.8,0.3251,12,1,0,1
CUST002297,25,14,USA,569,186619.28,4,1,146014.53,-0.5672,1.36,0.564,11,0,0,0
CUST002298,25,3,France,662,177206.42,3,0,30599.94,0.0606,0.32,0.5405,17,1,1,0
CUST002299,67,1,Germany,618,33284.03,1,1,86233.67,0.3316,1.56,0.0325,11,0,1,0
CUST002300,45,8,USA,667,119069.96,1,1,73602.38,0.1871,0.35,0.2334,12,0,0,0
CUST002301,37,2,Germany,643,46422.66,1,1,256129.01,0.1308,0.18,0.5897,10,6,1,0
CUST002302,64,14,India,515,97038.82,1,0,92084.18,0.1793,1.08,0.8024,9,5,1,0
CUST002303,24,7,USA,699,95459.15,1,1,161151.54,-0.1318,0.33,0.4902,9,8,0,0
CUST002304,28,5,India,543,14433.72,2,1,122098.22,-0.4614,2.45,0.5162,9,2,1,0
CUST002305,37,13,India,666,86236.33,2,1,77298.6,-0.2543,1.31,0.36,7,2,1,0
CUST002306,33,12,USA,613,18444.63,3,1,72198.45,0.204,0.21,0.142,11,1,0,0
CUST002307,21,4,India,842,128818.16,1,0,103745.2,0.2972,3.45,0.4793,11,1,0,0
CUST002308,23,0,Germany,640,87546.74,2,1,104210.62,0.383,0.36,0.4937,13,0,1,0
CUST002309,39,3,USA,678,168550.83,2,1,75736.66,-0.2725,0.65,0.4392,17,4,1,0
CUST002310,43,2,USA,694,18913.94,1,0,126776.94,0.3527,0.06,0.6282,9,0,1,0
CUST002311,20,0,India,677,22179.21,1,1,101778.32,-0.2679,0.03,0.646,8,1,0,0
CUST002312,58,11,India,647,45929.71,2,0,66450.35,0.1568,0.28,0.6015,16,0,0,0
CUST002313,59,14,USA,570,106410.97,1,1,82683.14,0.1954,0.01,0.6162,10,2,1,0
CUST002314,31,4,France,641,92799.04,4,1,124412.91,-0.1181,0.26,0.4819,13,1,0,0
CUST002315,28,5,India,500,102359.77,2,1,49193.18,0.2524,0.59,0.3239,9,3,1,0
CUST002316,35,1,India,689,35752.86,1,1,49144.81,-0.4967,0.94,0.2905,14,0,1,0
CUST002317,71,14,France,850,41983.39,1,1,38598.47,-0.1982,0.23,0.3775,12,0,1,0
CUST002318,29,13,India,664,28884.35,1,0,82649.94,-0.1448,0.42,0.3049,6,0,1,0
CUST002319,40,2,France,677,163308.13,2,1,88040.07,0.2153,0.39,0.3768,16,2,1,0
CUST002320,29,10,USA,525,37535.87,2,0,46653.79,0.2072,0.32,0.6442,11,2,1,0
CUST002321,30,13,USA,584,86986.07,2,0,99963.11,0.1051,0.39,0.3685,18,6,0,0
CUST002322,42,14,India,721,79778.29,2,1,100358.94,0.1023,0.54,0.3995,12,0,1,0
CUST002323,62,5,India,534,87387.17,2,0,144586.66,0.3695,0.18,0.0186,12,1,1,0
CUST002324,68,3,India,591,6788.43,1,1,143052.81,-0.0416,0.5,0.2382,20,0,1,0
CUST002325,36,8,France,695,126717.43,2,1,18000.0,-0.0608,0.24,0.7054,12,2,1,0
CUST002326,72,4,Germany,714,69839.91,2,1,113825.75,0.0118,0.05,0.6555,12,0,0,0
CUST002327,63,3,Germany,641,219237.53,1,1,18000.0,-0.1971,0.19,0.4338,16,0,0,0
CUST002328,53,1,Germany,659,52877.37,3,0,127310.16,0.2054,2.18,0.471,13,2,0,0
CUST002329,62,5,India,659,136581.58,2,0,126327.41,-0.2578,0.56,0.3589,12,5,1,0
CUST002330,25,9,USA,551,51950.08,1,1,51810.45,0.0056,3.24,0.2367,13,5,1,0
CUST002331,46,1,USA,644,194991.42,3,1,116158.34,0.2775,0.2,0.5016,9,4,1,0
CUST002332,72,11,Germany,669,121304.29,3,0,50359.96,-0.0141,0.28,0.3603,18,1,1,0
CUST002333,70,12,India,642,3687.68,2,1,93602.69,-0.2117,0.82,0.1933,13,0,0,0
CUST002334,72,6,USA,495,163237.59,1,1,103807.84,0.1341,0.35,0.5272,15,2,1,0
CUST002335,49,2,France,772,124065.27,4,0,87301.23,0.2316,0.36,0.4312,5,7,1,0
CUST002336,68,8,USA,562,47033.29,1,0,135608.72,0.1678,1.49,0.6872,13,0,1,0
CUST002337,61,10,India,655,24016.52,2,0,62349.2,0.1788,0.02,0.4011,10,0,1,0
CUST002338,35,4,USA,675,150274.71,1,1,124055.52,-0.126,0.88,0.4168,14,1,0,0
CUST002339,23,7,India,613,183113.21,1,1,40931.97,0.5979,1.7,0.4459,17,11,0,0
CUST002340,35,10,Germany,669,145385.72,3,0,18000.0,0.3082,0.15,0.1607,14,2,0,0
CUST002341,36,5,France,587,129918.39,2,1,18000.0,-0.1183,0.41,0.6795,9,3,0,0
CUST002342,39,13,USA,821,110572.5,2,1,52447.94,0.1058,1.32,0.3685,12,2,1,0
CUST002343,54,11,USA,629,141662.01,1,1,131429.95,0.1053,0.61,0.4495,18,1,1,0
CUST002344,49,9,Germany,721,59758.14,3,0,126254.01,0.0904,0.35,0.6265,13,0,1,0
CUST002345,73,7,India,562,36508.14,1,1,89395.97,0.1587,0.79,0.1555,16,2,1,0
CUST002346,58,12,India,707,123063.4,1,1,18000.0,0.05,0.31,0.4963,18,2,1,0
CUST002347,20,12,France,592,100340.55,2,1,187464.77,0.1986,0.79,0.1248,17,4,0,0
CUST002348,45,10,Germany,538,11023.03,1,1,26821.56,0.2687,0.13,0.6413,11,2,0,0
CUST002349,27,11,India,564,59955.97,1,1,117145.89,0.1505,0.2,0.2845,13,0,1,0
CUST002350,68,2,India,582,81045.04,3,0,80383.39,-0.1045,0.01,0.3115,15,0,1,0
CUST002351,52,2,Germany,658,66364.87,2,1,119298.64,0.3434,0.16,0.2366,14,0,1,0
CUST002352,46,4,Germany,850,61119.85,3,1,163397.19,0.0375,0.11,0.6164,14,2,1,0
CUST002353,71,10,Germany,850,111932.99,2,1,108988.71,0.1014,0.73,0.6077,19,0,1,0
CUST002354,32,9,India,624,29801.09,1,1,134076.6,-0.0537,2.31,0.4311,10,3,1,0
CUST002355,50,2,France,726,118609.89,1,0,247584.28,0.3742,0.19,0.707,7,3,1,0
CUST002356,24,7,USA,549,119060.94,3,0,148734.84,-0.0944,0.11,0.2363,9,0,1,0
CUST002357,29,9,Germany,481,88956.96,1,1,21782.71,0.0229,0.61,0.6397,8,6,0,0
CUST002358,66,12,USA,652,71742.94,2,1,18000.0,0.6785,0.16,0.5705,14,4,0,0
CUST002359,47,11,India,693,88407.74,1,1,125579.64,-0.3997,0.62,0.3574,7,2,0,0
CUST002360,38,13,France,712,122381.08,2,1,77729.77,-0.1638,0.56,0.3684,17,0,0,0
CUST002361,48,7,India,736,110037.04,1,0,138292.43,0.3217,0.02,0.2529,9,1,1,0
CUST002362,41,1,India,623,32557.61,1,1,18000.0,0.0794,2.67,0.4821,13,0,1,0
CUST002363,37,11,Germany,655,81931.11,2,1,155963.76,0.1947,0.18,0.7433,16,1,1,0
CUST002364,54,3,USA,715,59913.11,1,0,95118.91,-0.2792,1.8,0.3111,11,3,1,0
CUST002365,21,9,Germany,745,142641.15,2,1,200298.49,0.0028,0.39,0.2036,11,0,1,0
CUST002366,45,12,USA,577,1685.12,2,1,99832.56,0.0202,0.14,0.5129,6,6,1,0
CUST002367,61,0,India,666,75840.54,2,1,125693.17,0.0535,0.09,0.5583,12,0,1,0
CUST002368,37,3,France,701,130022.27,1,0,81857.89,0.0716,0.57,0.4993,16,9,1,0
CUST002369,41,11,India,661,123145.45,2,1,78155.74,-0.4798,0.36,0.5669,13,0,1,0
CUST002370,67,12,France,600,66427.65,3,1,114064.06,0.0155,2.0,0.2864,10,2,1,0
CUST002371,66,12,India,650,149145.33,2,0,85174.67,0.424,0.18,0.3658,10,4,1,0
CUST002372,68,10,Germany,692,30672.79,2,1,71600.89,-0.0185,1.03,0.3652,13,2,1,1
CUST002373,49,12,India,589,121394.1,3,0,117749.45,-0.1808,0.16,0.6337,16,2,0,0
CUST002374,58,3,USA,554,131689.22,2,1,72360.73,-0.0987,1.64,0.1042,13,2,1,0
CUST002375,53,9,France,814,8826.41,1,1,119314.33,0.3481,0.57,0.2212,17,3,0,0
CUST002376,70,8,USA,665,156778.94,4,1,24586.68,-0.5808,1.42,0.4259,16,1,0,1
CUST002377,51,14,Germany,725,26210.71,1,0,100436.67,0.2095,0.46,0.2649,13,4,1,0
CUST002378,53,2,Germany,666,99171.56,4,1,90877.32,0.1439,0.15,0.4033,19,2,1,1
CUST002379,19,14,Germany,734,46933.48,1,1,18000.0,-0.1512,0.62,0.4394,11,3,1,0
CUST002380,32,1,France,656,138765.69,1,1,41077.52,0.8046,0.25,0.2482,13,1,0,0
CUST002381,51,8,USA,696,96446.96,3,0,18000.0,0.2873,0.16,0.5739,12,0,0,0
CUST002382,53,8,India,561,187035.85,1,0,104892.1,0.0963,1.87,0.2956,7,1,0,0
CUST002383,23,0,India,508,146478.38,1,1,61734.01,0.3431,0.64,0.7003,14,0,1,0
CUST002384,56,5,India,611,84174.6,2,1,84504.1,0.2015,1.29,0.2547,14,1,1,0
CUST002385,59,9,India,535,150710.59,2,1,163896.39,0.1463,1.2,0.1117,10,0,1,0
CUST002386,68,7,USA,480,69602.12,1,0,99969.27,0.0999,0.0,0.436,12,0,1,0
CUST002387,68,2,India,674,8468.45,1,1,114011.36,-0.0813,1.74,0.3085,14,3,0,0
CUST002388,71,10,India,508,47640.49,1,1,76778.04,0.3122,1.19,0.2948,10,10,1,0
CUST002389,29,8,India,725,68884.16,1,0,64742.15,0.0233,0.25,0.3265,11,0,0,0
CUST002390,20,1,Germany,765,116684.83,2,0,31051.73,0.3404,0.21,0.4478,6,0,1,0
CUST002391,62,5,USA,534,161787.2,1,0,134635.78,0.3346,0.05,0.2593,7,2,1,0
CUST002392,35,0,India,673,69985.53,1,1,174119.12,0.2909,0.08,0.5157,15,0,1,1
CUST002393,57,12,France,798,135770.51,2,1,156201.11,-0.0542,0.17,0.1961,11,0,1,0
CUST002394,38,6,India,612,85952.25,3,1,42989.93,-0.1623,0.0,0.2715,12,8,1,0
CUST002395,32,2,France,698,19560.37,2,1,160295.4,0.0408,0.3,0.4231,11,6,0,0
CUST002396,50,6,USA,841,80924.25,1,0,92241.32,0.0511,2.04,0.3778,6,0,0,0
CUST002397,52,3,India,515,68569.32,2,1,170628.92,-0.0461,0.65,0.2396,12,1,0,0
CUST002398,43,8,Germany,568,33486.66,3,1,118503.04,0.3057,0.7,0.4098,11,4,1,0
CUST002399,25,4,Germany,695,51801.48,2,0,115063.86,0.2799,0.22,0.155,9,6,1,0
CUST002400,53,2,USA,823,77643.84,1,1,116348.66,0.2407,0.2,0.618,12,2,1,0
CUST002401,65,14,France,593,76163.98,4,1,18693.6,0.4092,0.37,0.0572,7,0,0,0
CUST002402,47,7,India,844,98323.43,2,1,39354.63,0.1095,0.24,0.5845,15,3,0,0
CUST002403,40,5,India,660,113448.0,2,1,69946.19,-0.2184,1.56,0.3789,12,0,1,0
CUST002404,59,1,India,492,107057.01,2,1,82506.8,0.3993,0.16,0.3956,13,1,1,0
CUST002405,61,2,India,777,58550.29,1,1,105617.64,0.1708,0.9,0.0151,16,2,1,0
CUST002406,31,7,India,612,197776.76,1,1,77797.86,0.3307,0.54,0.3593,11,0,1,0
CUST002407,31,14,France,685,107681.17,2,0,75718.25,0.1661,0.9,0.5849,12,3,1,0
CUST002408,19,9,India,517,50092.88,1,0,159508.76,-0.0946,1.44,0.0881,19,2,1,0
CUST002409,72,6,USA,589,809.83,1,0,164868.93,-0.2463,0.33,0.1416,11,3,0,0
CUST002410,54,9,USA,530,8625.47,1,1,129057.01,0.2924,0.62,0.2293,13,3,1,0
CUST002411,22,5,France,521,100792.16,3,1,65219.02,-0.0472,0.55,0.5136,8,1,1,0
CUST002412,55,13,France,657,120755.13,3,1,120112.45,0.3138,0.37,0.2894,10,1,1,0
CUST002413,62,0,Germany,695,83704.66,1,1,161462.62,-0.4484,1.34,0.5056,13,6,0,0
CUST002414,58,8,France,606,72492.93,2,1,88195.65,0.2176,0.01,0.2815,11,3,1,0
CUST002415,71,2,Germany,535,54975.42,1,0,164440.15,0.1963,0.3,0.3788,8,5,1,0
CUST002416,64,13,France,547,106543.19,2,1,192904.16,0.4544,1.43,0.4283,13,0,1,0
CUST002417,31,4,Germany,679,27888.78,1,1,146840.27,-0.0493,1.65,0.5656,14,0,1,0
CUST002418,73,6,India,658,74787.27,2,1,129756.62,0.0439,0.95,0.3917,11,6,0,0
CUST002419,56,14,USA,681,81740.54,1,1,116653.51,0.4485,0.33,0.7086,10,0,1,0
CUST002420,42,6,USA,774,111760.61,1,1,130431.29,0.3991,1.38,0.3343,9,1,1,0
CUST002421,37,2,India,696,25266.1,1,1,120085.17,-0.0833,0.07,0.2849,13,4,0,0
CUST002422,19,14,India,682,13731.57,1,0,41246.01,-0.2034,0.25,0.7946,11,2,1,0
CUST002423,56,3,USA,839,79087.15,3,0,163859.67,0.0834,0.08,0.3093,16,4,0,0
CUST002424,23,9,France,628,88834.58,1,1,104112.17,0.3073,0.09,0.0369,12,1,1,0
CUST002425,34,6,India,840,75672.18,1,1,217000.57,0.2256,0.72,0.1092,16,1,0,0
CUST002426,42,7,Germany,763,92254.26,1,1,232783.41,0.0238,0.06,0.65,8,5,1,0
CUST002427,74,1,Germany,626,96619.05,1,0,87952.45,0.6004,0.91,0.6302,13,4,1,0
CUST002428,45,8,France,714,235241.92,2,1,109823.09,-0.0209,0.34,0.851,12,1,1,0
CUST002429,19,6,France,632,132928.78,1,1,79346.15,0.1576,0.05,0.4333,14,6,1,0
CUST002430,52,12,Germany,535,45279.04,1,0,54242.88,-0.236,0.27,0.4635,8,1,1,0
CUST002431,54,7,USA,649,50865.35,1,0,97241.54,-0.1131,0.41,0.3169,9,2,1,0
CUST002432,22,5,India,532,63891.81,1,1,101570.7,0.0593,0.37,0.5983,13,1,1,0
CUST002433,18,5,USA,668,56104.48,1,1,37416.75,0.1885,0.57,0.4497,15,7,1,0
CUST002434,57,8,Germany,714,812.5,2,1,46309.07,-0.4875,0.56,0.3965,12,2,1,1
CUST002435,29,3,France,632,20631.95,1,0,18000.0,-0.1425,0.36,0.7882,7,1,0,0
CUST002436,73,10,Germany,668,133897.29,2,0,43902.34,-0.4914,1.84,0.1633,16,3,0,0
CUST002437,53,10,India,667,122323.12,2,1,140568.86,-0.3597,0.2,0.4416,9,0,1,0
CUST002438,62,4,USA,717,69077.48,1,1,169274.45,0.4381,0.33,0.1465,16,2,1,0
CUST002439,40,8,India,657,134781.92,2,0,18000.0,-0.113,0.65,0.1683,16,5,1,0
CUST002440,64,0,India,624,35276.6,2,1,35673.9,0.6145,0.23,0.3317,12,12,1,0
CUST002441,48,3,India,713,54744.54,2,0,158889.13,-0.2626,0.13,0.3798,16,0,1,1
CUST002442,28,6,India,662,53389.65,3,1,59026.46,0.2567,0.01,0.2954,8,0,0,0
CUST002443,27,10,Germany,479,20187.49,1,1,77861.94,0.1141,2.32,0.645,11,0,1,0
CUST002444,20,14,India,621,60138.47,1,1,66998.9,0.0636,1.23,0.2684,7,0,0,0
CUST002445,71,8,India,608,177548.6,2,1,144013.39,-0.2964,1.76,0.4521,15,10,0,0
CUST002446,31,14,France,661,170770.7,1,0,180336.6,-0.046,0.03,0.4455,15,0,0,0
CUST002447,33,13,India,653,83267.35,1,1,103535.35,0.0521,0.06,0.2078,10,2,1,0
CUST002448,27,12,India,493,62438.84,3,0,78927.88,-0.0309,0.64,0.3238,22,4,1,0
CUST002449,46,10,India,530,185673.31,2,1,89383.05,0.1617,0.02,0.4411,19,0,0,0
CUST002450,27,11,India,573,60708.58,1,1,142808.6,-0.068,0.25,0.2063,13,0,1,0
CUST002451,29,12,India,655,43854.24,1,1,125208.06,-0.0672,2.88,0.1213,11,0,1,0
CUST002452,47,9,India,735,135340.56,1,1,87970.87,0.0497,0.35,0.2156,12,0,1,0
CUST002453,58,5,USA,521,30088.35,1,0,97903.06,0.2876,3.11,0.5992,9,5,0,1
CUST002454,18,11,India,596,69120.41,2,1,65542.2,0.5635,0.1,0.1132,8,10,1,0
CUST002455,22,7,India,646,71929.25,4,1,67905.55,-0.127,0.39,0.2504,8,2,1,0
CUST002456,37,12,France,575,107949.86,2,0,32875.39,-0.5088,0.0,0.4809,9,3,1,0
CUST002457,25,8,USA,656,39278.57,1,1,154990.25,0.2571,0.72,0.4708,13,0,1,0
CUST002458,60,9,France,701,65456.86,2,1,18000.0,0.3793,0.33,0.0855,11,6,1,0
CUST002459,29,3,USA,589,81799.82,3,1,113387.19,-0.2565,0.56,0.1642,8,3,0,0
CUST002460,18,0,India,676,60223.44,3,0,98717.67,0.3752,1.27,0.1678,12,5,0,0
CUST002461,74,13,Germany,640,64500.34,2,1,95488.29,0.2062,0.64,0.5001,12,1,0,0
CUST002462,71,7,India,558,127631.81,2,1,70610.97,-0.2437,0.88,0.5846,10,0,0,0
CUST002463,37,1,India,638,112021.54,2,1,85893.19,-0.6129,0.51,0.4648,10,0,0,1
CUST002464,45,10,Germany,686,108116.13,1,0,184478.89,-0.1201,1.1,0.6425,6,2,1,0
CUST002465,74,0,USA,763,25897.39,2,1,103509.65,0.324,0.74,0.4617,17,0,1,0
CUST002466,60,12,Germany,781,102647.02,2,1,107753.41,-0.0835,1.61,0.0416,8,5,0,1
CUST002467,54,6,France,604,23881.82,2,1,109273.92,0.0725,1.13,0.2108,24,0,0,0
CUST002468,64,11,India,599,199472.42,2,1,66327.66,-0.3718,0.21,0.3861,13,0,0,0
CUST002469,54,9,USA,653,75430.42,2,0,72737.35,0.2604,0.59,0.425,17,1,1,0
CUST002470,29,8,USA,606,63842.18,2,1,125306.51,-0.0368,1.66,0.359,14,2,1,0
CUST002471,54,10,France,747,170178.41,1,1,59655.43,0.2931,1.57,0.5643,14,0,1,0
CUST002472,66,14,Germany,658,150932.02,3,1,95360.46,-0.2333,0.52,0.6443,13,7,1,0
CUST002473,66,11,France,654,61292.78,2,0,155754.92,-0.3831,0.3,0.7868,13,0,0,0
CUST002474,73,11,India,701,3047.83,2,1,67823.12,0.2739,0.19,0.2692,11,0,1,0
CUST002475,61,8,Germany,662,33345.08,1,1,94732.45,0.2435,0.17,0.5142,7,2,1,0
CUST002476,73,2,India,674,11058.3,3,1,86678.11,-0.1062,0.12,0.75,11,1,1,0
CUST002477,45,5,India,671,95902.41,2,1,124117.15,0.659,6.32,0.1343,5,1,0,0
CUST002478,64,6,France,638,66844.58,2,1,106976.27,0.1074,0.87,0.3286,4,0,1,0
CUST002479,32,13,India,577,17911.68,4,1,67171.17,0.0247,0.3,0.3377,12,1,0,0
CUST002480,23,9,France,790,51684.68,3,1,74423.12,0.1646,0.28,0.5068,10,0,1,0
CUST002481,61,8,India,577,182452.71,2,1,69270.67,0.1737,0.29,0.6828,15,0,1,0
CUST002482,37,14,Germany,782,145416.04,1,1,65401.58,0.3302,1.65,0.4895,10,2,1,0
CUST002483,67,1,India,677,184667.37,4,1,18000.0,-0.1,0.58,0.0675,7,4,1,0
CUST002484,31,7,India,601,33231.78,4,0,108690.53,0.0815,0.25,0.5942,9,0,1,0
CUST002485,19,13,India,694,126031.59,1,0,67875.34,0.0189,1.28,0.4731,12,1,1,0
CUST002486,26,6,USA,712,119601.4,1,1,123214.45,0.0972,1.11,0.7881,14,3,0,0
CUST002487,54,3,India,787,167038.36,2,1,104059.42,0.4598,0.5,0.4496,10,0,1,0
CUST002488,37,1,Germany,544,76717.38,1,0,81875.57,0.0064,0.93,0.7827,12,5,1,0
CUST002489,43,7,India,638,27468.93,1,1,77954.67,0.0062,1.07,0.5891,11,0,0,0
CUST002490,46,10,India,760,20091.06,2,1,36617.16,0.052,0.04,0.6142,17,3,0,0
CUST002491,18,4,India,709,75175.15,4,1,106206.51,0.02,1.67,0.5042,13,2,0,0
CUST002492,72,5,USA,688,80796.51,1,0,96008.48,0.0053,0.27,0.646,13,2,0,0
CUST002493,52,13,Germany,768,92907.02,3,0,70085.21,0.1452,3.18,0.216,8,0,0,0
CUST002494,23,10,France,635,10545.46,3,1,18000.0,0.07,1.91,0.5049,7,1,1,0
CUST002495,54,6,India,458,156221.16,3,1,90122.17,0.1053,0.02,0.3333,10,3,1,0
CUST002496,70,14,USA,620,7873.51,1,1,93691.0,0.2045,0.78,0.4764,7,4,1,0
CUST002497,22,14,Germany,810,156023.48,1,1,152898.53,0.2691,2.68,0.3207,17,0,0,0
CUST002498,50,9,India,673,55980.23,1,1,101801.42,0.2999,0.67,0.7479,11,1,1,0
CUST002499,66,0,USA,582,190424.47,3,0,157169.28,0.2917,0.76,0.3677,14,2,1,0
CUST002500,68,7,USA,756,32243.34,2,1,69821.35,0.1946,2.14,0.6593,11,1,0,0
CUST002501,31,3,India,717,148880.43,1,1,87250.49,-0.2381,0.68,0.5902,13,0,1,0
CUST002502,29,12,India,661,12089.99,1,1,51623.06,-0.1154,0.22,0.6565,13,6,1,0
CUST002503,59,8,India,696,7651.27,1,0,87271.28,-0.0541,0.49,0.0259,9,2,0,0
CUST002504,37,0,USA,568,178679.54,4,1,139682.41,0.0149,0.34,0.6562,10,0,1,0
CUST002505,70,10,India,621,122680.63,2,0,141055.38,-0.1227,0.15,0.6101,16,4,0,0
CUST002506,67,1,India,644,15626.32,2,1,110654.46,-0.1527,0.19,0.3679,8,0,1,0
CUST002507,41,13,India,737,88518.38,1,0,35422.17,-0.2934,0.05,0.4995,17,0,1,0
CUST002508,60,5,India,606,163097.0,3,1,32550.76,-0.037,0.15,0.5469,14,2,0,0
CUST002509,51,10,India,647,110622.0,2,1,88066.74,0.0749,0.24,0.5587,5,0,1,0
CUST002510,42,9,France,765,77916.74,3,1,67428.33,-0.0175,1.14,0.2791,13,0,1,0
CUST002511,67,10,India,850,147354.35,1,1,131830.1,-0.0281,0.36,0.3839,15,3,1,0
CUST002512,46,13,Germany,580,98856.94,2,1,122735.42,0.1057,0.94,0.4146,6,1,1,0
CUST002513,74,0,India,661,26896.28,1,1,116548.46,0.1917,4.45,0.3331,12,4,1,1
CUST002514,56,3,Germany,529,81955.13,1,1,72558.71,0.106,0.7,0.433,9,5,1,1
CUST002515,48,7,USA,648,106021.96,1,1,107079.38,0.1405,0.76,0.3449,10,1,1,0
CUST002516,73,14,India,626,89797.96,1,1,116031.31,0.2321,0.64,0.5619,7,4,1,0
CUST002517,64,9,Germany,750,50907.82,1,1,83523.74,-0.0768,0.4,0.8561,11,0,0,0
CUST002518,60,4,USA,556,104385.85,2,1,88500.73,0.3262,0.16,0.4045,9,7,1,0
CUST002519,67,12,Germany,545,87384.7,1,1,114561.05,-0.0784,3.04,0.6009,13,1,0,0
CUST002520,40,8,USA,771,47494.0,1,1,47449.31,-0.0371,0.52,0.2233,12,0,1,0
CUST002521,61,10,France,599,6228.37,1,1,72238.54,-0.5143,2.2,0.6089,11,1,0,0
CUST002522,55,10,Germany,665,95229.57,2,0,68407.04,-0.0839,0.24,0.4486,16,1,1,0
CUST002523,37,5,France,673,122236.32,1,1,147269.33,-0.2809,0.09,0.4754,3,0,1,0
CUST002524,40,0,USA,587,27770.72,2,1,74450.91,0.3427,0.81,0.4201,12,6,1,0
CUST002525,62,5,USA,587,121697.44,1,1,101326.56,0.2645,1.52,0.5885,17,2,1,0
CUST002526,69,5,Germany,740,107027.84,1,1,130997.76,-0.1022,0.87,0.4104,8,1,1,1
CUST002527,33,12,France,704,64279.76,2,1,63584.75,-0.0624,1.09,0.6907,14,7,0,0
CUST002528,67,5,France,648,102463.28,1,0,142046.26,-0.3177,0.75,0.8857,8,0,1,0
CUST002529,59,7,India,639,101089.71,3,0,146155.62,-0.16,1.1,0.474,9,0,1,0
CUST002530,72,14,Germany,675,130346.34,3,1,18000.0,0.1801,0.34,0.6643,14,7,1,0
CUST002531,25,5,India,680,133297.29,2,1,117106.43,0.3564,0.39,0.4342,13,0,0,0
CUST002532,67,4,USA,750,11400.77,1,0,149654.12,0.0212,1.21,0.5193,9,5,1,0
CUST002533,38,14,India,648,30559.88,2,1,81548.25,0.0674,1.29,0.0447,8,0,0,0
CUST002534,18,10,India,685,167548.78,2,0,125925.03,0.0747,0.07,0.3469,14,1,0,0
CUST002535,72,1,France,707,130739.13,1,1,36424.97,-0.0833,0.01,0.5813,10,2,1,0
CUST002536,25,3,India,708,115590.07,1,1,23934.86,0.1142,0.88,0.5115,6,0,0,0
CUST002537,46,13,USA,765,125256.99,1,1,79644.26,-0.0253,0.07,0.6977,16,1,0,0
CUST002538,49,14,USA,648,146561.8,1,1,53166.2,0.2045,0.15,0.5832,15,2,1,0
CUST002539,55,9,India,604,84288.53,2,1,117104.58,0.034,0.18,0.1727,8,6,0,0
CUST002540,22,4,India,621,52498.02,3,0,115552.69,-0.3201,0.57,0.4692,15,0,0,0
CUST002541,64,9,USA,701,110785.81,1,1,184591.68,0.1715,0.18,0.1465,5,1,1,0
CUST002542,39,3,India,641,74364.19,1,1,138286.19,0.0804,0.16,0.1596,12,0,1,0
CUST002543,64,1,Germany,832,172051.64,1,1,71307.44,-0.068,0.01,0.2239,12,1,0,0
CUST002544,51,6,France,651,171130.97,1,1,102176.69,0.0383,1.16,0.5492,15,1,0,0
CUST002545,18,9,India,573,131238.73,1,1,110437.48,-0.1871,0.12,0.3783,16,7,1,0
CUST002546,72,9,India,675,3164.85,1,0,125338.75,-0.2184,0.67,0.3639,14,2,1,0
CUST002547,72,1,USA,773,8105.67,1,0,18000.0,-0.049,0.28,0.6794,12,1,0,0
CUST002548,43,0,Germany,584,5536.71,2,1,78255.04,0.1245,0.16,0.4213,13,1,1,0
CUST002549,60,13,India,582,87565.55,2,0,150027.25,0.1512,0.34,0.1838,16,0,1,0
CUST002550,27,4,India,635,133226.59,3,1,118943.61,-0.2378,0.24,0.3696,3,1,0,0
CUST002551,47,11,USA,598,56915.48,2,0,101896.53,0.0467,0.45,0.3446,8,0,0,0
CUST002552,67,12,France,541,35927.97,1,1,75083.72,-0.2251,0.94,0.5042,11,0,1,0
CUST002553,35,0,India,526,82435.0,2,1,93686.15,0.0677,0.04,0.2921,10,0,1,0
CUST002554,34,0,USA,668,27397.34,1,0,101999.9,0.0013,0.16,0.6698,11,10,1,0
CUST002555,43,14,France,707,92483.22,2,1,56289.11,0.0886,0.07,0.5157,14,1,0,0
CUST002556,25,0,Germany,593,60919.17,1,1,112838.41,-0.131,2.75,0.2973,18,8,1,0
CUST002557,64,5,Germany,644,35262.52,1,0,103367.97,0.3666,0.68,0.6519,12,0,0,0
CUST002558,57,8,USA,664,83147.99,1,1,79940.83,0.5323,1.37,0.3036,15,4,1,0
CUST002559,66,9,France,561,131026.77,1,0,79812.28,-0.0135,0.25,0.3345,11,0,1,0
CUST002560,29,12,Germany,718,18184.18,1,1,40203.91,-0.134,1.81,0.7368,9,0,0,0
CUST002561,44,10,France,666,86423.99,1,1,153217.97,-0.2278,0.79,0.4998,18,7,0,1
CUST002562,25,11,Germany,691,54136.37,2,0,123815.07,-0.2733,0.42,0.5026,17,1,1,0
CUST002563,42,0,Germany,704,60209.93,1,1,113804.61,0.2995,0.73,0.1569,19,1,1,0
CUST002564,63,4,India,844,119102.73,1,1,125821.07,-0.0782,0.11,0.3972,11,1,0,0
CUST002565,21,14,India,568,139383.37,2,1,18000.0,-0.2891,0.3,0.0902,14,0,0,0
CUST002566,50,8,Germany,578,43466.12,1,1,181411.71,-0.2428,0.62,0.3154,10,4,1,0
CUST002567,18,13,India,784,42805.83,2,0,18000.0,-0.2645,0.82,0.3128,18,0,0,0
CUST002568,36,8,USA,702,61744.95,2,1,142714.4,0.3671,0.2,0.6227,6,6,1,0
CUST002569,48,0,India,655,7649.21,4,1,104491.95,0.405,3.85,0.2139,18,2,0,1
CUST002570,33,7,Germany,611,86084.32,1,1,48884.1,-0.0081,1.43,0.5399,11,3,1,0
CUST002571,31,0,India,631,13839.87,1,1,105009.94,-0.0404,0.69,0.3343,18,1,1,0
CUST002572,70,14,Germany,633,110503.29,2,0,123335.33,-0.4789,2.9,0.8051,13,0,1,1
CUST002573,65,7,USA,530,31562.91,1,1,75800.22,-0.3111,0.57,0.4074,16,1,1,0
CUST002574,22,0,India,727,56180.99,1,1,157646.16,-0.1784,2.35,0.7109,8,2,1,0
CUST002575,58,11,USA,489,106961.27,1,0,27532.96,0.1952,1.11,0.5348,9,0,1,0
CUST002576,43,4,India,582,115398.58,2,0,48968.72,0.6435,0.2,0.3787,10,6,1,0
CUST002577,45,7,India,615,112578.55,1,1,39251.46,0.2334,0.42,0.4692,12,0,1,0
CUST002578,19,5,India,821,92344.41,2,0,31277.51,0.007,0.24,0.3126,11,0,1,0
CUST002579,67,8,India,641,8628.04,1,1,107978.91,0.0852,1.02,0.3126,10,0,1,0
CUST002580,23,0,France,675,74048.47,2,1,177005.01,0.0753,1.16,0.1733,11,3,1,0
CUST002581,26,8,India,579,65203.25,1,0,140816.54,-0.0365,0.92,0.7242,8,3,1,0
CUST002582,50,0,Germany,719,49914.62,1,1,85321.41,0.0063,0.63,0.3892,8,1,1,0
CUST002583,58,9,India,850,80592.44,1,1,166675.17,-0.3852,0.41,0.1605,11,1,1,0
CUST002584,42,9,USA,689,22564.82,1,1,149462.44,-0.1384,3.32,0.4441,10,0,1,0
CUST002585,65,2,India,623,73847.36,1,1,67785.6,-0.0558,0.02,0.2985,7,0,1,0
CUST002586,30,0,Germany,487,57415.93,1,1,85880.72,-0.2319,0.11,0.6152,11,4,0,0
CUST002587,26,2,Germany,705,47641.71,4,1,113898.21,0.0973,0.73,0.3967,17,0,1,0
CUST002588,70,11,Germany,571,6781.29,2,1,62470.64,0.1804,1.13,0.48,15,0,0,0
CUST002589,30,10,India,589,5138.46,2,1,52430.13,0.3706,2.53,0.658,9,0,1,0
CUST002590,48,12,Germany,724,159222.62,4,1,135420.91,-0.0588,0.54,0.5331,9,2,1,0
CUST002591,58,1,India,612,83117.97,2,1,146560.3,-0.4274,0.25,0.5259,12,0,1,0
CUST002592,28,1,India,642,188361.05,1,0,51041.63,0.4461,1.59,0.2746,10,0,1,0
CUST002593,21,8,USA,709,191432.24,3,0,117469.82,-0.1998,0.46,0.4783,13,1,0,0
CUST002594,51,7,USA,593,152238.21,2,1,116681.84,0.5594,0.11,0.1101,14,0,1,0
CUST002595,55,0,USA,546,3474.21,4,1,47033.67,0.4298,0.59,0.4711,8,1,1,0
CUST002596,63,11,Germany,687,163483.26,2,1,115520.69,-0.0384,0.6,0.327,7,3,0,1
CUST002597,21,13,India,710,68159.08,2,0,124842.41,-0.03,0.21,0.3521,7,0,1,0
CUST002598,55,3,India,603,58785.4,3,1,127118.1,-0.261,0.12,0.3109,14,2,1,1
CUST002599,36,12,India,599,49930.6,2,1,85873.49,-0.5298,0.12,0.1362,6,0,0,0
CUST002600,23,0,Germany,561,54264.48,2,1,113838.54,0.1779,1.39,0.0862,7,0,1,0
CUST002601,51,0,USA,707,100763.2,1,1,108190.19,0.0051,0.56,0.4308,9,1,0,0
CUST002602,35,11,India,803,218586.41,2,1,103280.71,0.328,1.07,0.2733,7,0,1,0
CUST002603,30,11,Germany,724,25638.82,2,0,141653.68,0.3646,2.63,0.5054,9,1,1,0
CUST002604,58,3,USA,642,196491.21,1,1,53116.67,-0.4016,1.26,0.3939,15,0,1,0
CUST002605,40,1,USA,707,169563.84,1,1,58357.73,0.0602,0.14,0.4536,12,1,1,0
CUST002606,36,2,USA,583,64982.09,2,1,47957.29,0.5804,0.44,0.0978,15,8,0,0
CUST002607,62,10,USA,679,45145.15,1,0,146519.58,-0.2061,0.55,0.7758,7,0,1,0
CUST002608,28,8,Germany,563,7518.9,1,0,98264.8,0.3352,0.97,0.3694,13,1,0,0
CUST002609,18,1,India,640,19697.06,1,1,69191.46,0.1344,2.68,0.4665,15,2,0,1
CUST002610,41,3,India,736,38354.38,3,1,159779.15,0.1197,0.27,0.7126,10,2,0,0
CUST002611,71,0,India,714,69603.35,1,1,87682.75,0.0291,1.58,0.0786,12,1,1,0
CUST002612,24,1,USA,695,74167.3,2,1,18000.0,-0.271,0.06,0.3769,13,0,1,0
CUST002613,42,4,France,683,123190.56,2,1,67903.06,-0.3582,1.64,0.2012,15,2,0,0
CUST002614,38,13,USA,591,116384.32,1,0,103488.67,-0.1159,0.95,0.351,11,1,1,0
CUST002615,32,9,India,661,90797.86,1,1,116682.77,-0.2373,0.02,0.2854,12,1,1,0
CUST002616,18,14,Germany,712,73295.28,3,0,66366.05,0.1728,0.75,0.3648,16,0,1,0
CUST002617,29,0,Germany,630,146874.19,2,1,78429.24,0.5688,2.14,0.2536,14,0,1,0
CUST002618,24,10,France,633,128051.36,1,1,75142.07,0.423,0.45,0.157,13,0,1,0
CUST002619,32,6,USA,612,103587.91,2,1,129084.62,-0.0795,0.1,0.1699,15,3,1,0
CUST002620,38,3,France,627,50843.38,2,1,162810.17,0.3372,3.58,0.4728,13,6,0,0
CUST002621,36,5,India,588,144550.15,2,0,63362.28,0.258,0.43,0.7487,17,1,1,0
CUST002622,46,7,India,651,127761.97,1,1,166174.2,0.1025,0.6,0.8782,10,4,1,0
CUST002623,42,12,India,624,60750.66,1,0,107153.93,0.4706,2.74,0.7438,16,2,1,0
CUST002624,50,5,Germany,532,42884.45,2,0,90934.45,-0.4089,0.7,0.2823,10,0,0,0
CUST002625,66,13,India,850,81890.36,1,0,84270.66,-0.1211,0.9,0.3536,11,0,0,0
CUST002626,49,1,USA,567,33076.62,1,1,51787.86,0.2464,0.99,0.6168,9,9,1,0
CUST002627,66,0,USA,639,120469.09,1,1,57263.45,0.1269,1.12,0.3704,14,8,0,0
CUST002628,52,7,India,654,89386.36,2,1,50068.07,-0.1178,1.29,0.4025,17,0,1,0
CUST002629,61,7,France,607,27709.34,1,1,45304.75,-0.2952,0.06,0.3308,12,3,0,0
CUST002630,55,8,India,642,94275.55,1,1,116597.98,-0.3276,2.18,0.8266,10,4,1,0
CUST002631,43,5,India,584,182336.89,2,1,198434.37,0.0125,0.63,0.3208,8,5,1,0
CUST002632,28,11,Germany,708,66526.94,1,1,61583.88,0.225,0.61,0.1092,14,2,1,0
CUST002633,52,0,India,648,75480.23,1,1,84290.37,0.374,1.44,0.335,10,2,1,1
CUST002634,25,13,Germany,707,54731.06,2,1,145005.67,-0.2137,0.29,0.3647,12,0,1,0
CUST002635,63,8,Germany,767,80468.9,1,0,49380.53,-0.0218,0.85,0.2236,7,3,1,1
CUST002636,31,11,France,627,171488.1,2,0,30552.15,-0.1877,0.31,0.6694,11,1,1,0
CUST002637,27,12,France,711,141442.8,1,1,18000.0,0.1582,1.14,0.434,19,4,1,0
CUST002638,19,14,India,772,40299.52,1,1,100406.11,0.1954,0.45,0.2238,21,2,1,0
CUST002639,63,13,USA,640,71488.27,2,1,67221.03,-0.1718,0.17,0.1293,12,1,0,0
CUST002640,26,2,India,705,75517.69,4,1,34401.55,-0.2867,1.92,0.3391,8,2,1,0
CUST002641,20,10,India,612,101523.1,1,1,65279.55,0.4888,1.12,0.5576,14,5,0,0
CUST002642,38,5,India,745,102665.31,2,1,139024.82,0.0596,0.01,0.4533,3,0,1,0
CUST002643,43,9,India,610,70057.03,1,1,76838.82,0.0737,0.05,0.556,15,6,1,0
CUST002644,25,12,France,706,1181.04,1,1,137144.12,-0.2486,0.38,0.1079,11,1,0,0
CUST002645,65,9,India,729,68891.37,1,0,117893.82,0.0079,1.21,0.4503,10,1,0,0
CUST002646,19,14,USA,555,53527.71,3,1,103916.21,-0.1258,0.26,0.1807,12,1,0,0
CUST002647,23,10,USA,596,20358.3,1,1,95852.62,-0.0986,3.75,0.5006,15,4,1,1
CUST002648,45,11,USA,593,124880.04,1,1,128665.17,-0.1904,2.01,0.1576,19,0,0,0
CUST002649,70,13,France,736,77191.32,2,1,110314.62,0.335,1.6,0.715,9,2,1,0
CUST002650,46,14,India,555,11969.66,1,1,105525.75,-0.1278,0.01,0.5284,7,7,0,0
CUST002651,43,8,USA,676,198758.75,1,1,18000.0,0.2636,2.66,0.5018,11,2,1,0
CUST002652,42,10,USA,708,101822.84,1,0,81222.82,-0.2562,0.72,0.3488,5,1,1,0
CUST002653,29,12,India,663,125100.35,4,1,21798.27,0.3982,0.72,0.576,9,5,1,0
CUST002654,22,2,USA,751,140980.25,1,0,44271.39,0.0881,0.08,0.6697,11,0,1,0
CUST002655,51,4,Germany,496,48960.09,4,0,144462.06,0.2148,0.75,0.3921,9,4,0,0
CUST002656,65,12,India,698,109706.72,1,1,88549.5,-0.3731,0.6,0.5261,8,3,1,0
CUST002657,54,13,India,635,43650.11,1,1,175344.64,0.2075,0.62,0.2161,8,0,1,0
CUST002658,32,4,India,529,135666.34,3,1,130732.73,0.5956,0.17,0.3596,12,0,0,0
CUST002659,61,9,Germany,563,71779.62,2,1,63018.87,0.0915,0.63,0.4223,9,2,1,0
CUST002660,53,6,Germany,775,108656.98,1,0,76219.14,0.688,0.06,0.5061,16,0,0,0
CUST002661,32,3,USA,700,71648.03,2,0,126865.74,-0.4015,0.02,0.2809,12,0,0,0
CUST002662,60,10,USA,714,188697.56,1,1,122042.01,-0.1931,0.19,0.4321,12,2,1,0
CUST002663,65,3,France,726,151898.54,2,1,142118.34,0.1548,1.29,0.2498,8,0,0,0
CUST002664,40,6,Germany,541,85876.1,2,1,18000.0,-0.1926,0.74,0.1659,9,0,0,0
CUST002665,23,8,Germany,669,110271.58,1,1,20429.37,0.5888,1.8,0.2134,13,5,0,0
CUST002666,63,14,Germany,737,58515.83,3,0,66843.19,-0.2172,0.39,0.6445,11,0,1,0
CUST002667,67,10,USA,617,112720.86,1,1,127896.96,0.2361,0.34,0.2457,17,0,1,0
CUST002668,61,3,USA,758,111860.06,1,1,134011.65,-0.1257,0.96,0.6436,10,0,1,0
CUST002669,60,3,France,600,29934.92,1,1,18000.0,-0.4409,0.42,0.7622,11,0,0,0
CUST002670,62,5,France,659,68820.69,3,1,53690.96,0.0132,0.38,0.6139,8,9,0,0
CUST002671,38,5,India,681,12797.61,1,0,122789.0,-0.0379,0.5,0.886,11,0,1,0
CUST002672,40,6,India,710,168135.15,2,0,46903.38,0.1497,0.1,0.5053,12,1,1,0
CUST002673,60,14,France,626,96291.69,3,1,109590.38,0.2602,0.18,0.7021,6,0,1,0
CUST002674,72,0,India,730,102812.8,2,0,118566.79,-0.1327,0.74,0.4665,9,0,1,0
CUST002675,33,12,France,684,94844.37,2,0,72785.67,0.2647,0.75,0.1134,16,8,1,0
CUST002676,64,10,India,518,10291.7,1,0,100369.89,0.061,0.71,0.2478,11,0,1,0
CUST002677,70,13,India,796,115234.73,2,1,90466.59,-0.1623,0.18,0.4785,10,1,1,0
CUST002678,32,2,India,573,186679.9,1,1,121369.84,-0.1232,0.46,0.1679,13,2,1,0
CUST002679,42,8,India,803,20478.17,3,0,86280.26,0.0558,2.03,0.4301,15,2,1,0
CUST002680,53,5,India,637,80978.24,1,0,18000.0,0.1618,1.58,0.1617,12,2,0,0
CUST002681,28,5,USA,622,123095.88,1,1,124504.92,0.0198,0.65,0.2546,16,2,1,0
CUST002682,68,4,Germany,681,29592.09,1,1,96245.73,-0.0091,1.85,0.2051,10,2,1,0
CUST002683,32,10,France,594,121402.6,1,1,124165.24,-0.1446,0.9,0.4385,13,3,0,0
CUST002684,21,2,USA,499,78789.25,1,0,57196.05,0.0653,0.43,0.7104,7,0,1,0
CUST002685,38,10,USA,641,31820.1,2,1,84969.69,0.1065,1.2,0.8976,11,0,1,0
CUST002686,30,4,USA,680,79593.39,3,0,73507.82,0.5334,0.29,0.5209,15,0,1,0
CUST002687,39,13,USA,773,69840.74,2,1,141277.7,-0.1916,1.54,0.5148,6,0,1,0
CUST002688,36,0,USA,554,71454.16,1,1,130157.9,0.3702,0.32,0.4452,14,6,1,0
CUST002689,51,2,India,696,157481.68,1,1,170223.31,0.2326,1.27,0.4935,12,4,1,0
CUST002690,31,3,India,641,97007.78,4,1,92458.06,0.0159,0.26,0.8704,8,1,1,0
CUST002691,21,4,India,652,43142.81,1,1,37899.57,0.5203,1.99,0.3543,7,0,0,0
CUST002692,65,9,India,727,21423.24,2,1,47927.21,0.0217,0.16,0.4963,11,0,1,1
CUST002693,70,8,Germany,609,130221.89,1,0,141898.93,0.1131,1.02,0.1888,10,0,1,0
CUST002694,69,3,India,663,83281.07,4,0,161571.23,-0.0445,0.42,0.4583,18,0,0,0
CUST002695,63,2,France,737,51570.47,1,1,34550.7,0.2154,0.01,0.1158,12,2,1,0
CUST002696,44,9,France,732,42448.1,1,1,74012.24,0.049,0.32,0.7583,16,0,0,0
CUST002697,46,0,France,552,153093.59,2,1,44632.16,-0.1765,0.18,0.5241,15,5,1,0
CUST002698,64,12,France,600,162260.09,1,1,193996.88,0.1489,0.65,0.0145,14,0,1,0
CUST002699,45,9,India,638,37143.08,2,0,116644.77,0.4464,0.24,0.2226,13,6,1,0
CUST002700,52,5,USA,715,66494.98,1,1,56025.55,-0.1022,0.06,0.4443,16,0,1,0
CUST002701,25,6,India,629,62767.9,2,0,53411.47,0.2669,2.45,0.1932,5,1,0,0
CUST002702,33,9,Germany,656,90018.08,1,0,167831.6,-0.1012,1.49,0.2119,12,4,1,0
CUST002703,59,14,France,750,80490.94,2,0,129012.74,0.1484,0.04,0.5358,18,3,1,0
CUST002704,53,7,France,622,21609.31,3,1,99739.95,0.1849,0.25,0.4245,15,8,0,0
CUST002705,47,11,USA,767,171049.33,4,1,77529.96,0.3603,0.8,0.5079,16,1,1,0
CUST002706,35,0,Germany,521,39346.9,2,0,78773.82,-0.1529,0.31,0.2228,17,2,1,0
CUST002707,19,11,India,618,29566.37,2,1,31558.94,-0.003,0.26,0.6691,17,1,1,0
CUST002708,66,3,India,540,12639.44,2,1,64202.0,-0.0876,0.72,0.5917,8,2,1,0
CUST002709,30,10,Germany,659,9363.15,1,0,76232.97,0.2286,0.17,0.2305,13,0,0,0
CUST002710,21,4,USA,710,59322.24,2,0,91622.38,0.2109,0.84,0.5648,9,3,1,0
CUST002711,43,1,France,637,79759.52,1,0,94280.14,0.098,0.07,0.122,14,3,1,0
CUST002712,42,0,India,612,163700.91,1,1,144183.94,0.0311,0.31,0.3879,7,1,1,0
CUST002713,47,7,France,541,65788.73,2,1,63143.68,0.2712,0.1,0.4847,17,0,1,0
CUST002714,28,5,USA,784,13526.95,2,1,165554.19,-0.2635,0.28,0.1421,12,0,0,0
CUST002715,24,4,Germany,648,163394.79,1,0,92448.03,0.0848,0.92,0.2698,13,2,1,0
CUST002716,48,12,Germany,613,128037.63,2,1,115487.21,0.3065,1.15,0.1736,11,3,1,0
CUST002717,61,8,France,775,23639.18,3,1,148574.51,-0.2902,0.13,0.2663,13,1,1,0
CUST002718,27,12,India,621,95985.18,2,1,124376.24,-0.0532,1.1,0.2815,15,10,1,0
CUST002719,56,10,France,577,142899.4,2,0,134325.52,-0.0625,0.07,0.3781,10,0,1,0
CUST002720,30,12,India,593,19958.84,1,1,70164.95,-0.0502,0.2,0.3562,11,0,0,1
CUST002721,48,10,India,581,83545.3,4,1,91042.98,0.4941,0.56,0.4798,10,1,0,0
CUST002722,24,1,USA,564,51914.15,1,1,133998.49,-0.4781,2.84,0.7164,9,2,1,1
CUST002723,73,9,Germany,594,2064.89,3,1,135090.2,-0.063,2.91,0.3539,11,0,0,1
CUST002724,66,11,USA,843,86306.64,3,1,107470.59,0.1856,0.52,0.2055,6,1,1,0
CUST002725,59,7,Germany,558,102807.09,2,0,133623.55,0.2518,1.31,0.2405,16,2,0,0
CUST002726,59,10,Germany,530,78728.33,2,1,59916.87,0.3153,0.64,0.395,11,3,0,0
CUST002727,73,13,India,672,25394.35,1,0,131415.39,-0.3075,1.11,0.1701,11,1,0,1
CUST002728,53,9,France,643,206248.54,3,0,143734.71,0.3494,0.85,0.325,13,6,1,0
CUST002729,37,12,India,702,45644.67,2,1,99664.42,0.3266,0.96,0.5034,14,0,1,0
CUST002730,21,8,France,605,110620.94,1,1,108025.8,-0.1444,0.46,0.6187,13,2,1,0
CUST002731,71,0,India,580,126055.0,1,0,18000.0,-0.1777,1.43,0.2687,18,1,0,0
CUST002732,24,6,USA,783,78437.01,2,1,166075.82,-0.2514,0.47,0.1858,17,8,1,0
CUST002733,71,7,USA,521,127420.77,2,1,116304.93,-0.5083,0.98,0.6309,9,0,1,0
CUST002734,18,2,India,678,76554.54,3,1,127691.56,0.5477,1.63,0.2841,12,1,1,0
CUST002735,61,13,India,705,59687.78,2,1,115750.82,0.0643,0.85,0.5037,10,3,1,0
CUST002736,73,3,India,715,68374.13,1,1,121872.76,-0.3972,0.57,0.1957,10,3,1,0
CUST002737,62,12,India,625,112138.54,1,1,118446.36,-0.5169,0.6,0.2843,15,0,0,1
CUST002738,59,2,India,550,65519.03,2,1,170660.2,-0.1994,0.99,0.1987,18,0,1,0
CUST002739,64,6,USA,769,77980.57,2,1,218781.93,-0.0658,0.08,0.5564,10,0,1,0
CUST002740,30,8,Germany,614,102724.08,1,0,152087.24,0.2266,0.81,0.5461,11,6,0,0
CUST002741,72,2,USA,772,209985.99,2,1,159804.68,0.3066,0.38,0.575,9,4,0,0
CUST002742,39,12,France,679,7713.44,2,1,78386.67,0.1187,0.12,0.4797,13,6,1,0
CUST002743,71,5,USA,611,103490.63,2,0,89435.14,0.065,1.95,0.3109,11,0,1,1
CUST002744,38,7,Germany,681,45991.85,2,1,117488.78,0.1198,0.55,0.2954,15,0,1,0
CUST002745,39,5,Germany,742,106039.07,2,1,125712.22,0.3587,0.49,0.2247,12,0,1,0
CUST002746,45,1,USA,656,129731.59,1,0,117960.72,0.0682,0.63,0.4391,10,4,1,0
CUST002747,26,12,Germany,590,30419.51,3,1,53709.79,0.1707,0.78,0.4114,17,12,1,0
CUST002748,43,6,India,506,197218.1,1,0,79834.08,-0.2392,0.17,0.1797,10,0,1,0
CUST002749,26,1,France,616,157937.35,2,0,82342.79,0.0969,0.79,0.4459,11,0,1,0
CUST002750,32,1,Germany,714,124869.39,1,1,122185.22,-0.0778,0.35,0.1481,15,3,1,0
CUST002751,27,1,India,569,53880.13,2,1,84595.77,0.1438,1.0,0.2902,14,0,1,0
CUST002752,41,10,Germany,704,41619.29,3,1,90239.68,-0.0404,1.18,0.12,6,3,1,0
CUST002753,74,14,India,652,103255.67,1,1,87301.56,0.1415,0.01,0.3722,11,0,1,0
CUST002754,59,0,India,709,51563.56,4,0,130070.28,-0.1476,1.01,0.4431,12,1,1,0
CUST002755,25,13,India,462,43529.79,1,0,157673.99,-0.2046,0.35,0.0588,15,1,1,0
CUST002756,41,10,Germany,536,194743.37,1,1,61669.75,-0.1576,0.29,0.1894,8,1,1,0
CUST002757,33,0,Germany,612,109947.86,3,0,136565.59,-0.1438,0.37,0.0666,17,1,1,0
CUST002758,66,13,Germany,799,127060.18,2,1,56538.25,0.124,0.69,0.2645,8,0,1,0
CUST002759,43,6,India,589,192348.79,1,0,131258.37,0.2397,0.1,0.5599,13,6,1,0
CUST002760,44,14,USA,639,81153.38,3,1,39217.56,0.0833,0.96,0.3186,7,0,1,0
CUST002761,54,12,Germany,822,36785.94,2,1,166315.46,0.0785,0.47,0.2749,22,3,1,0
CUST002762,21,13,India,684,9648.81,1,0,86871.57,0.0785,0.14,0.1488,24,4,1,0
CUST002763,67,13,USA,718,159976.51,3,1,110349.96,0.3206,0.57,0.4419,12,4,0,0
CUST002764,41,14,India,598,52882.43,1,1,105472.75,-0.215,0.68,0.8297,12,8,1,0
CUST002765,36,13,India,744,107167.27,1,1,165227.27,0.1098,0.34,0.2523,11,0,1,0
CUST002766,53,11,USA,756,89025.96,2,1,68358.33,0.0917,1.84,0.5639,15,4,1,1
CUST002767,56,4,Germany,690,15480.52,2,0,97385.12,0.27,0.96,0.3195,8,0,1,0
CUST002768,27,10,India,643,52705.3,2,1,107489.54,-0.1489,0.87,0.253,7,2,1,0
CUST002769,42,2,India,694,61955.28,3,1,146763.8,0.4457,0.04,0.4189,11,11,1,0
CUST002770,35,0,India,519,108612.29,3,1,63500.57,0.023,0.56,0.1823,10,0,1,0
CUST002771,36,10,India,737,5510.2,1,1,18000.0,-0.2544,1.52,0.2465,17,6,0,1
CUST002772,53,9,India,582,89540.34,3,0,44907.34,-0.0793,0.88,0.0812,10,5,1,0
CUST002773,27,5,India,627,130814.68,1,0,134766.06,0.2266,0.21,0.45,25,4,1,0
CUST002774,50,10,Germany,755,67073.81,1,1,103641.0,0.0005,1.58,0.6421,11,7,1,0
CUST002775,72,0,USA,737,47186.05,4,1,96651.35,-0.1286,0.37,0.0933,7,2,0,0
CUST002776,67,8,Germany,520,22267.95,2,1,59388.71,0.3929,1.97,0.3786,15,1,1,0
CUST002777,22,1,Germany,574,147048.31,1,1,103337.91,0.19,0.57,0.3732,14,4,1,0
CUST002778,64,0,India,701,8937.25,2,1,124437.99,-0.0082,1.24,0.294,19,4,0,0
CUST002779,66,14,India,510,173769.68,2,0,94319.19,0.1102,0.76,0.2302,10,0,1,1
CUST002780,52,11,France,763,74600.33,1,1,162243.99,0.2749,0.28,0.1156,18,7,1,0
CUST002781,61,6,India,659,11601.95,3,1,140513.99,0.3448,0.85,0.3183,21,0,0,0
CUST002782,51,5,India,763,128127.03,2,1,93665.35,-0.0936,0.01,0.5252,17,3,0,0
CUST002783,50,5,India,590,107505.33,2,0,133142.81,0.2377,1.44,0.6385,12,0,1,0
CUST002784,72,13,USA,597,101774.25,2,0,103306.73,0.5251,2.7,0.2549,12,5,0,0
CUST002785,38,4,USA,732,119649.97,1,0,114746.4,-0.1043,0.19,0.4048,11,0,1,0
CUST002786,34,10,France,626,86042.21,3,1,88890.01,0.1507,1.72,0.8353,13,2,1,0
CUST002787,39,3,France,550,104443.73,1,0,108593.28,0.1684,0.15,0.4753,12,3,1,0
CUST002788,65,10,USA,694,160365.27,1,1,28598.33,0.0114,0.54,0.2634,10,8,0,0
CUST002789,54,3,India,522,88556.74,4,0,61711.56,-0.1702,0.28,0.3053,7,6,0,0
CUST002790,32,2,India,765,126819.01,3,0,156700.91,-0.1707,0.17,0.5355,10,0,0,0
CUST002791,52,9,India,664,60374.7,2,1,84565.66,-0.0016,1.13,0.4969,11,1,1,0
CUST002792,45,7,India,578,96105.05,1,1,49425.65,-0.1546,1.31,0.314,13,2,1,0
CUST002793,24,6,India,741,232416.59,1,0,179561.69,-0.3016,1.46,0.4046,11,3,1,0
CUST002794,49,8,India,743,34779.1,1,0,85734.68,-0.2595,0.01,0.2522,11,3,0,0
CUST002795,28,0,India,650,200024.71,2,1,125680.49,-0.0806,1.51,0.1061,8,1,1,0
CUST002796,27,6,India,832,120705.05,2,0,75443.84,0.005,0.04,0.4879,17,1,1,0
CUST002797,26,9,France,830,29225.21,2,1,144351.95,-0.0965,0.48,0.5389,16,0,1,0
CUST002798,31,3,USA,675,78507.78,2,1,100239.29,-0.1754,0.15,0.4949,9,0,0,0
CUST002799,30,6,France,735,100934.78,2,1,19580.29,0.2978,1.9,0.2775,10,5,1,0
CUST002800,74,12,India,754,132500.95,2,0,199547.35,-0.2242,0.69,0.5848,17,4,1,0
CUST002801,42,11,USA,559,49010.12,2,0,71960.86,0.0552,0.51,0.4503,12,0,1,0
CUST002802,19,0,India,672,119166.63,4,1,84817.76,0.3478,0.47,0.6778,10,2,1,0
CUST002803,52,4,India,595,161886.28,3,0,41924.52,0.0841,0.41,0.2865,7,0,1,0
CUST002804,24,2,India,584,130961.48,1,1,18000.0,0.6127,0.51,0.7157,11,1,0,0
CUST002805,38,4,France,659,149978.04,3,1,152617.37,0.1735,0.67,0.6344,14,0,0,0
CUST002806,35,3,France,665,48375.92,1,0,109984.9,-0.0103,1.36,0.607,14,7,0,0
CUST002807,20,1,India,521,118490.31,4,1,18000.0,-0.0688,0.22,0.3911,17,2,1,0
CUST002808,59,10,India,677,218586.23,2,1,81901.57,0.2244,1.31,0.4658,9,0,1,0
CUST002809,71,3,USA,629,9045.27,2,1,118145.82,0.2015,1.42,0.9168,14,0,1,0
CUST002810,56,2,India,761,102166.06,1,1,128954.95,0.1765,1.52,0.3812,12,4,1,0
CUST002811,58,12,India,743,6868.09,1,0,57517.03,-0.1179,2.27,0.5799,16,0,0,0
CUST002812,66,0,India,581,153791.96,1,1,75385.54,-0.0231,2.51,0.2334,20,0,0,0
CUST002813,28,11,USA,755,46564.43,3,0,67527.21,-0.2991,0.09,0.81,15,2,0,0
CUST002814,56,9,India,692,40788.29,1,1,81969.71,0.0256,1.68,0.4452,13,2,1,0
CUST002815,41,7,India,632,219030.54,2,0,110800.8,0.1384,1.49,0.3625,9,3,0,0
CUST002816,63,14,India,609,45335.01,3,1,138998.86,-0.1179,0.38,0.3095,22,0,1,0
CUST002817,36,4,USA,558,72216.41,1,1,111251.35,-0.0454,0.94,0.4442,10,4,0,0
CUST002818,21,3,France,552,153280.8,2,1,112766.87,-0.0264,2.09,0.5636,18,4,0,0
CUST002819,43,9,India,503,67405.05,1,1,90753.57,0.1344,0.08,0.3235,18,3,0,0
CUST002820,55,11,France,651,50004.89,1,1,43747.32,-0.2422,0.35,0.6523,6,1,0,0
CUST002821,59,4,Germany,485,9644.81,3,1,93014.18,-0.0931,2.92,0.0604,10,10,1,1
CUST002822,49,3,France,580,157723.17,2,1,79596.39,-0.2732,0.64,0.0522,12,1,1,0
CUST002823,56,2,Germany,702,167230.57,1,1,67004.45,-0.0238,0.08,0.0634,12,4,1,0
CUST002824,62,4,Germany,769,48444.91,2,1,100813.21,0.1296,2.6,0.2756,9,5,1,1
CUST002825,63,3,France,558,17131.5,3,1,24988.5,0.1782,1.86,0.3198,12,0,0,0
CUST002826,53,14,India,698,34316.52,1,1,77694.27,0.2018,1.31,0.6136,13,6,1,0
CUST002827,57,0,USA,625,52395.14,1,1,66942.65,-0.0677,1.26,0.6389,15,3,1,1
CUST002828,54,11,France,608,18407.98,2,0,59691.21,0.3049,0.53,0.7254,14,3,0,0
CUST002829,50,2,Germany,662,82566.54,3,1,127815.77,0.5131,1.67,0.1348,14,7,1,0
CUST002830,53,9,France,597,40473.7,2,1,105953.18,-0.0118,0.29,0.4815,6,1,0,0
CUST002831,20,14,Germany,643,49430.8,1,0,122512.67,0.0729,0.36,0.4653,15,0,1,0
CUST002832,26,9,France,655,5767.84,2,0,120546.7,-0.0146,0.19,0.2995,12,5,1,0
CUST002833,25,7,Germany,742,124593.0,2,0,52667.99,-0.0409,0.41,0.4648,18,4,1,0
CUST002834,50,6,Germany,760,10004.74,1,1,152491.5,-0.1129,0.21,0.3563,12,2,0,0
CUST002835,23,1,USA,602,99667.98,2,1,77124.45,0.1753,0.33,0.362,12,4,1,0
CUST002836,58,0,France,628,138204.88,2,0,154207.93,0.3366,0.94,0.5528,13,3,1,0
CUST002837,56,2,Germany,714,199437.82,2,1,81661.17,-0.2774,0.45,0.1821,14,0,1,0
CUST002838,21,4,Germany,635,107030.28,1,1,38894.15,0.1961,1.17,0.3263,12,0,0,0
CUST002839,30,9,Germany,707,90024.64,1,1,49620.16,-0.1591,0.52,0.1457,7,2,1,0
CUST002840,66,14,India,722,28801.63,2,0,145537.15,0.1453,0.12,0.6608,12,3,1,0
CUST002841,19,10,India,731,167309.41,2,1,126127.43,0.1353,1.08,0.084,14,0,1,0
CUST002842,22,11,France,657,84863.02,2,1,64152.69,0.171,0.05,0.5239,12,0,0,0
CUST002843,61,0,USA,556,95179.77,1,0,110482.0,0.1229,2.28,0.4163,14,0,0,0
CUST002844,44,2,India,636,100516.27,1,1,146645.73,-0.0263,1.47,0.1644,17,0,1,0
CUST002845,49,2,India,609,83083.46,2,0,178206.6,0.0076,2.64,0.2903,6,2,1,0
CUST002846,38,4,Germany,712,76489.95,3,1,107319.9,0.3897,0.23,0.1761,13,4,1,0
CUST002847,25,2,Germany,772,53396.68,2,1,115468.86,0.078,0.53,0.5695,14,1,0,0
CUST002848,55,12,Germany,774,121073.5,2,1,92188.62,0.2022,0.17,0.6323,8,1,1,0
CUST002849,25,8,USA,720,17017.72,4,1,100616.94,-0.0202,0.44,0.0823,15,6,1,0
CUST002850,67,0,India,575,18342.74,1,1,127599.15,0.0418,0.22,0.6877,7,0,1,0
CUST002851,20,3,India,762,23478.07,2,1,47938.8,0.3112,1.53,0.2361,10,0,1,0
CUST002852,71,12,India,684,153420.13,1,0,131200.79,-0.182,0.1,0.4307,12,2,0,0
CUST002853,61,12,Germany,584,103606.58,3,1,81399.18,0.0536,0.2,0.3842,9,8,1,0
CUST002854,20,9,India,718,36652.26,2,1,64564.36,0.0082,0.25,0.0721,9,0,1,0
CUST002855,39,9,USA,632,26362.88,1,0,64739.39,0.3511,1.07,0.2873,16,0,0,0
CUST002856,23,3,USA,494,71075.9,1,0,191322.54,0.4642,0.8,0.0765,11,1,0,0
CUST002857,19,0,USA,571,100816.81,1,1,162274.74,0.2308,0.12,0.6259,16,3,0,0
CUST002858,40,13,France,644,160375.41,1,0,58555.84,0.4084,0.74,0.1571,6,0,1,0
CUST002859,61,1,India,641,203273.52,1,1,112986.17,-0.2,1.5,0.4105,11,1,1,0
CUST002860,19,10,Germany,564,68194.65,4,1,111034.66,-0.6283,0.48,0.3584,14,1,1,0
CUST002861,55,0,India,710,212530.8,1,1,183215.79,0.1553,0.76,0.5579,9,1,1,0
CUST002862,34,5,India,691,80937.7,2,1,78894.17,0.2487,0.61,0.1047,10,3,0,0
CUST002863,52,2,USA,535,94744.75,1,1,18000.0,-0.0407,0.35,0.6534,13,0,0,0
CUST002864,51,6,India,850,136683.78,2,0,94190.17,-0.0951,0.0,0.4146,15,1,0,0
CUST002865,40,4,Germany,552,145679.48,2,1,86935.35,0.1336,0.16,0.3404,13,4,0,0
CUST002866,47,8,USA,613,173674.9,1,1,121915.16,0.3981,2.35,0.1547,12,0,0,0
CUST002867,69,6,India,680,3715.63,3,1,141219.82,0.1308,0.35,0.7378,9,2,1,0
CUST002868,25,3,India,613,83577.15,2,0,154938.04,0.2853,0.28,0.3252,12,8,1,0
CUST002869,39,4,USA,766,153817.87,4,0,153381.95,0.2704,0.76,0.2899,12,2,1,0
CUST002870,61,4,Germany,635,9782.39,1,0,131177.94,0.1844,1.87,0.2949,15,4,1,0
CUST002871,53,10,USA,576,40065.55,1,1,150454.44,0.3474,0.29,0.3281,8,6,0,0
CUST002872,22,14,USA,699,16144.09,4,1,34393.28,-0.1026,0.2,0.268,8,3,0,0
CUST002873,30,4,Germany,418,68455.87,2,1,87649.86,-0.0971,1.86,0.4284,8,0,1,0
CUST002874,46,9,USA,692,201340.85,2,0,100302.51,-0.091,1.19,0.7654,11,0,1,0
CUST002875,48,8,India,753,17525.92,2,1,121846.44,0.1176,0.97,0.3771,11,2,0,0
CUST002876,64,9,USA,465,3720.76,2,1,69821.54,0.3797,0.65,0.1217,13,4,1,0
CUST002877,74,2,USA,617,44794.88,2,1,67806.14,0.2225,0.44,0.1923,11,0,0,0
CUST002878,72,5,Germany,518,14412.75,1,1,82983.65,-0.5833,0.81,0.67,11,6,0,1
CUST002879,33,7,USA,651,3186.76,2,1,120910.8,0.8064,0.2,0.3156,11,1,1,0
CUST002880,59,10,France,829,50395.47,2,0,18000.0,0.1714,1.36,0.3498,8,1,1,0
CUST002881,47,8,India,668,43251.71,1,1,99097.29,0.3691,0.43,0.2152,14,1,1,0
CUST002882,74,12,France,632,197530.81,1,0,65325.64,0.1753,1.12,0.5288,13,4,1,0
CUST002883,72,14,USA,424,110396.52,1,1,58747.68,-0.2719,1.34,0.1108,12,0,1,0
CUST002884,33,6,Germany,561,148930.4,3,1,115942.36,0.2013,0.06,0.8188,12,0,1,0
CUST002885,29,11,India,639,38500.75,2,1,106909.01,-0.2294,0.9,0.6958,14,1,1,0
CUST002886,34,2,India,657,23762.68,2,0,109814.73,0.1535,0.29,0.5879,17,0,1,0
CUST002887,33,0,Germany,677,108328.14,2,1,108133.26,0.1897,0.36,0.0612,11,1,0,0
CUST002888,29,3,Germany,711,81201.41,1,0,167207.85,0.3173,1.06,0.6077,10,2,1,0
CUST002889,25,12,India,577,72554.77,3,1,156557.54,-0.0302,2.52,0.1559,12,0,0,1
CUST002890,37,5,USA,653,179991.68,1,1,33123.38,-0.5344,1.3,0.3215,14,1,1,0
CUST002891,20,2,India,610,26079.61,2,0,76561.29,0.0104,0.28,0.1067,6,0,0,0
CUST002892,33,13,France,574,17509.47,1,1,82272.93,0.2316,0.98,0.5241,12,0,1,0
CUST002893,47,0,France,580,128798.85,1,1,27073.31,0.0792,0.32,0.2803,17,9,0,0
CUST002894,62,5,India,693,120455.42,1,1,230782.71,0.058,0.46,0.7285,12,0,1,0
CUST002895,40,13,France,444,11267.95,1,1,104945.11,-0.027,0.11,0.6148,13,9,0,0
CUST002896,45,0,France,501,80900.07,2,1,43119.39,0.2638,1.44,0.5355,11,2,1,0
CUST002897,68,8,India,850,35197.56,2,1,151232.19,0.4414,0.83,0.1973,10,0,1,0
CUST002898,57,10,Germany,596,94477.01,1,1,106408.01,0.0275,1.59,0.4121,18,0,0,0
CUST002899,71,13,USA,767,46966.63,4,1,63545.72,0.2663,0.2,0.3332,15,1,1,0
CUST002900,22,11,Germany,644,60754.56,1,0,133456.68,0.3072,0.11,0.3914,13,1,1,0
CUST002901,37,0,India,605,5324.24,4,0,143996.23,-0.13,1.35,0.2038,7,2,1,0
CUST002902,57,12,India,702,150075.63,3,0,133206.75,-0.1509,1.69,0.7482,16,0,0,0
CUST002903,73,5,USA,656,92265.84,2,0,126289.57,0.3415,0.15,0.5175,10,3,1,0
CUST002904,61,0,India,635,137605.48,1,1,66086.88,-0.1178,0.82,0.3088,18,0,0,0
CUST002905,18,11,Germany,646,69498.44,2,0,21145.34,0.0008,0.14,0.2259,15,0,1,0
CUST002906,74,6,India,681,149763.23,2,1,42273.51,0.1635,0.01,0.1057,15,0,1,0
CUST002907,47,2,USA,594,39812.85,1,1,77163.87,-0.1644,0.63,0.5515,14,0,0,0
CUST002908,38,5,France,611,76360.78,1,1,18000.0,0.026,2.4,0.2727,6,0,1,0
CUST002909,37,6,USA,571,150096.22,2,1,186512.44,0.1523,0.71,0.1958,13,4,0,0
CUST002910,23,0,USA,553,46823.51,2,1,52222.88,-0.4039,0.45,0.1482,11,0,0,0
CUST002911,39,0,France,798,84013.46,1,1,90909.85,0.0881,0.27,0.1927,11,1,0,0
CUST002912,35,12,France,577,111782.76,3,0,106545.69,-0.2795,0.26,0.5821,15,0,0,0
CUST002913,25,4,India,729,52164.67,3,0,152886.76,-0.0538,0.24,0.273,7,2,1,0
CUST002914,56,5,USA,621,137661.6,1,1,123440.1,0.022,0.19,0.1577,14,1,0,0
CUST002915,49,14,France,693,138289.45,1,0,109449.17,-0.4651,0.06,0.568,13,1,1,0
CUST002916,50,14,India,649,37674.51,2,1,212152.86,-0.0339,1.13,0.4625,10,3,0,0
CUST002917,70,8,India,506,52017.75,1,1,177231.95,-0.3033,0.3,0.1136,17,0,0,0
CUST002918,33,13,India,652,3989.76,1,1,118965.45,-0.3047,0.14,0.2068,12,0,0,0
CUST002919,29,0,India,698,95694.6,3,0,113915.9,0.0488,0.74,0.3021,12,1,0,0
CUST002920,55,12,Germany,573,88554.5,4,1,93650.03,0.3105,2.18,0.3117,11,0,1,0
CUST002921,69,3,Germany,835,76144.72,1,0,134893.88,0.2472,0.93,0.7704,13,0,0,0
CUST002922,51,9,France,714,82241.64,2,1,82199.26,-0.1167,0.17,0.4461,11,0,1,0
CUST002923,31,7,Germany,715,22853.91,1,1,64459.45,-0.234,0.43,0.1463,16,1,1,0
CUST002924,53,9,India,724,12589.61,1,1,166889.44,0.0047,1.4,0.4696,9,6,1,1
CUST002925,50,8,India,463,103540.45,1,1,63301.09,0.2459,0.04,0.402,14,0,1,0
CUST002926,40,14,France,706,63715.98,1,1,98279.78,0.1679,0.33,0.332,13,1,0,0
CUST002927,67,12,India,832,12071.91,2,0,81391.07,-0.1995,0.39,0.2458,16,2,0,0
CUST002928,62,2,India,710,31048.39,2,1,96778.58,-0.0564,0.48,0.2829,15,9,1,0
CUST002929,19,10,France,628,132949.72,1,1,109688.2,-0.1396,0.65,0.3171,13,0,0,0
CUST002930,58,1,USA,560,129409.69,2,1,100295.29,-0.6363,0.54,0.7723,11,0,1,0
CUST002931,38,3,India,553,117102.65,1,1,57939.23,0.3242,0.14,0.4645,11,1,0,0
CUST002932,19,1,France,543,73441.22,2,0,80401.45,0.1904,0.43,0.6526,15,0,1,0
CUST002933,44,0,France,617,33713.7,1,1,131398.92,0.4289,0.37,0.1623,18,0,0,0
CUST002934,74,11,India,564,157981.6,1,0,110736.45,0.3938,2.12,0.8955,13,5,1,0
CUST002935,26,2,France,637,55949.41,1,1,118971.2,0.0946,1.09,0.0912,10,1,1,0
CUST002936,18,6,India,666,92776.81,1,1,143401.51,0.3069,1.61,0.1372,7,0,1,0
CUST002937,28,12,USA,512,23266.35,1,0,125894.68,-0.0124,0.99,0.1762,16,4,1,0
CUST002938,20,12,France,588,61228.22,1,1,71237.5,0.1321,0.05,0.4923,15,0,1,0
CUST002939,69,0,France,603,89322.27,2,1,115604.58,-0.0812,0.51,0.5405,13,5,1,1
CUST002940,40,1,India,601,37017.4,3,1,114429.34,0.0545,1.2,0.4084,18,6,0,0
CUST002941,43,0,India,651,18462.47,1,1,23835.56,0.1992,0.72,0.3788,8,1,0,0
CUST002942,21,7,India,659,89468.5,1,0,19726.01,0.2133,1.14,0.511,13,1,1,0
CUST002943,35,4,USA,616,39063.03,2,1,121359.62,-0.524,2.61,0.3196,13,4,0,0
CUST002944,72,7,India,596,57297.99,4,1,72988.37,0.2651,0.23,0.1329,14,7,1,0
CUST002945,23,2,USA,648,208082.14,1,1,77841.96,-0.25,3.28,0.1026,9,0,0,0
CUST002946,52,12,India,765,12673.97,2,1,113132.95,-0.0804,0.1,0.1853,16,0,1,0
CUST002947,39,11,USA,533,83558.62,1,1,100727.21,-0.3884,2.02,0.2563,13,5,1,0
CUST002948,60,6,India,740,89602.1,2,1,97270.22,-0.1112,0.17,0.1652,13,2,1,0
CUST002949,32,7,Germany,519,17111.44,1,1,171820.42,0.3985,1.02,0.5803,13,0,1,0
CUST002950,39,14,India,678,144415.78,1,0,87998.11,0.1445,1.22,0.1005,15,0,1,0
CUST002951,54,5,India,733,178072.39,1,0,112498.34,0.0848,1.33,0.5204,16,0,0,0
CUST002952,69,12,France,544,150367.68,1,0,71746.43,0.5344,0.46,0.3309,16,5,1,0
CUST002953,59,12,Germany,678,16861.83,1,1,149690.67,-0.1265,0.15,0.0733,13,0,1,0
CUST002954,29,6,India,566,32424.49,2,1,116152.9,0.11,1.27,0.7441,11,1,0,0
CUST002955,64,13,India,743,49665.0,2,1,184544.1,0.3482,0.83,0.6683,11,0,1,0
CUST002956,66,11,Germany,521,64734.48,2,1,106867.88,0.2789,0.24,0.3915,14,3,0,0
CUST002957,59,1,India,578,69170.67,1,1,114848.04,0.2136,0.4,0.1568,16,1,1,0
CUST002958,55,7,Germany,660,124325.78,1,0,98085.1,0.3323,0.28,0.5246,16,11,0,0
CUST002959,35,4,USA,706,185326.89,2,1,175493.26,0.2756,1.97,0.2806,12,0,1,0
CUST002960,62,6,India,657,2046.27,1,1,117690.11,0.2121,1.3,0.3833,15,6,0,0
CUST002961,52,0,USA,689,84584.34,3,0,96073.94,-0.2513,1.71,0.4023,13,1,0,0
CUST002962,47,4,Germany,606,61993.8,3,0,57089.52,0.0678,0.04,0.4599,10,0,0,0
CUST002963,41,0,France,562,66614.28,1,0,18000.0,0.3187,0.87,0.7368,12,3,1,0
CUST002964,59,11,India,767,172985.44,3,0,104398.47,-0.1207,0.25,0.3481,23,1,0,0
CUST002965,47,12,USA,689,81934.28,2,1,85450.86,-0.121,1.1,0.5721,17,6,0,0
CUST002966,31,7,India,610,110084.57,2,1,18000.0,0.0667,1.77,0.5564,14,3,1,0
CUST002967,23,14,USA,517,105387.51,3,1,80308.41,0.3188,1.16,0.0839,11,6,0,0
CUST002968,20,3,France,747,89520.87,1,1,50062.39,-0.1537,1.93,0.1545,11,0,1,0
CUST002969,33,3,India,751,28440.86,2,1,180024.77,-0.1296,0.41,0.4722,3,0,0,0
CUST002970,24,1,France,632,192044.86,2,1,96986.21,-0.4123,0.78,0.5663,18,5,1,0
CUST002971,69,4,USA,597,73891.53,2,1,159398.22,-0.1488,0.52,0.2905,16,0,1,0
CUST002972,31,0,France,629,108929.9,2,0,121629.45,0.2468,1.42,0.5237,7,5,1,0
CUST002973,26,8,Germany,633,91736.17,1,0,148836.5,-0.1504,0.66,0.1721,12,4,1,1
CUST002974,32,4,India,711,54919.13,1,1,210443.23,-0.2129,0.99,0.2614,11,3,0,0
CUST002975,38,5,India,558,11386.1,3,0,139231.22,-0.0394,0.8,0.1669,9,5,1,0
CUST002976,52,1,India,603,83066.39,1,1,254057.38,-0.0445,1.59,0.3049,8,8,1,1
CUST002977,19,9,India,635,23327.48,1,1,129969.88,0.2511,0.6,0.8057,15,2,0,0
CUST002978,44,9,USA,670,100987.81,1,1,158560.2,-0.257,0.09,0.2391,8,7,1,0
CUST002979,19,0,USA,719,19569.77,1,1,83950.66,-0.3464,2.38,0.4275,17,3,1,0
CUST002980,52,3,France,674,77048.03,1,1,31494.81,0.3302,0.65,0.0897,13,1,1,0
CUST002981,35,6,USA,790,29864.0,1,1,18000.0,0.173,1.22,0.8101,6,1,1,0
CUST002982,31,5,Germany,570,127826.41,1,0,142422.71,-0.2508,0.91,0.3716,11,2,1,1
CUST002983,37,9,France,766,103961.28,3,1,76671.08,0.3364,0.45,0.0374,14,7,1,0
CUST002984,35,0,France,573,106855.35,2,0,83686.11,-0.4459,2.42,0.7813,18,1,0,0
CUST002985,27,0,India,618,70378.23,2,1,82962.76,0.2801,1.06,0.4052,17,0,1,0
CUST002986,42,7,USA,680,32779.05,1,1,67994.33,0.3309,0.21,0.2534,15,0,1,0
CUST002987,19,3,India,744,173833.25,3,0,179543.21,0.4297,4.38,0.2917,11,0,1,0
CUST002988,42,4,India,618,179322.49,2,1,57659.55,-0.2484,7.12,0.4525,16,5,1,1
CUST002989,71,12,India,681,71571.15,1,0,123471.76,0.042,0.27,0.5139,7,2,1,0
CUST002990,50,6,Germany,624,40576.18,1,1,123468.89,-0.3204,3.37,0.5337,13,4,1,1
CUST002991,53,7,USA,466,31164.09,2,1,28753.29,0.4047,0.77,0.3228,7,1,1,0
CUST002992,48,14,USA,646,89959.9,2,1,127682.84,0.2173,0.16,0.6499,8,0,1,0
CUST002993,31,9,France,550,34553.71,3,1,44809.15,0.0713,3.06,0.2496,9,6,0,1
CUST002994,18,6,India,751,46263.29,1,1,95667.48,-0.145,0.09,0.3426,12,1,1,0
CUST002995,63,1,USA,752,135768.77,4,1,81590.28,-0.0045,0.81,0.5502,10,0,1,0
CUST002996,33,13,Germany,583,16334.16,1,0,102563.88,0.0578,1.45,0.4997,9,5,1,0
CUST002997,71,14,India,570,194968.23,1,1,128902.19,0.3507,1.41,0.6985,14,8,0,0
CUST002998,63,3,USA,599,12942.73,1,0,57723.21,0.2289,0.0,0.3137,11,12,1,0
CUST002999,69,9,India,692,50910.97,1,1,71993.69,-0.0335,0.44,0.6304,11,2,0,0
CUST003000,20,11,France,692,35199.53,2,1,21931.58,-0.1468,0.07,0.5213,13,4,1,0
CUST003001,52,0,India,850,98120.8,3,1,47794.07,0.1633,0.24,0.4124,13,2,1,0
CUST003002,58,9,India,625,84470.22,3,0,136490.33,0.2619,2.22,0.176,14,1,1,0
CUST003003,23,8,USA,657,87346.14,2,1,82201.68,0.318,1.73,0.4789,13,12,1,0
CUST003004,42,2,India,804,58822.11,2,0,143693.16,-0.1661,0.86,0.4296,12,2,0,0
CUST003005,30,11,India,672,44930.8,4,1,54359.23,-0.0347,1.83,0.7678,14,0,1,0
CUST003006,70,2,USA,562,851.92,2,1,63005.62,0.222,0.3,0.5011,14,1,1,0
CUST003007,51,9,India,677,84027.12,3,1,152981.14,-0.1034,1.41,0.4264,14,5,1,1
CUST003008,25,8,USA,706,141519.16,3,1,110998.9,0.1195,0.92,0.4985,13,0,0,0
CUST003009,38,9,USA,622,76877.7,1,1,28424.97,0.0812,1.06,0.2579,10,6,1,0
CUST003010,51,2,USA,713,28830.7,1,1,72832.1,-0.1098,0.07,0.4936,10,3,1,0
CUST003011,21,7,Germany,706,85049.47,1,0,141335.99,0.3954,0.34,0.5218,12,0,1,0
CUST003012,42,1,India,613,166756.66,3,1,91919.08,0.0416,0.04,0.4981,16,2,0,0
CUST003013,32,13,India,774,63350.53,2,1,158432.79,-0.1292,0.13,0.1644,15,1,0,0
CUST003014,21,12,Germany,587,669.53,2,0,37922.56,0.2855,0.25,0.4028,6,0,1,0
CUST003015,62,2,France,684,89628.55,1,0,158244.46,0.4585,0.7,0.3993,10,0,1,0
CUST003016,29,1,India,601,112555.41,1,0,43254.46,0.0696,1.14,0.4148,7,2,0,0
CUST003017,49,0,USA,514,129767.68,4,0,111763.12,-0.1542,0.09,0.5003,14,6,1,0
CUST003018,49,1,USA,678,119228.01,1,0,145474.13,-0.2888,0.04,0.2196,12,0,1,0
CUST003019,45,7,USA,804,86297.61,2,0,106227.76,0.0319,1.72,0.7088,11,0,1,0
CUST003020,30,8,Germany,645,24306.86,3,0,127449.17,0.6645,0.11,0.4394,11,0,1,0
CUST003021,48,12,India,530,15037.13,3,1,149184.88,0.1803,0.48,0.2865,6,1,1,0
CUST003022,31,1,Germany,667,55036.28,2,1,122783.86,-0.1228,0.1,0.3486,9,8,1,0
CUST003023,37,6,India,584,114145.84,1,1,85012.15,0.0006,0.61,0.2524,9,4,0,0
CUST003024,35,14,USA,734,35665.76,2,0,89064.07,-0.156,0.09,0.6888,9,7,1,0
CUST003025,46,4,Germany,631,45581.05,1,1,59411.49,0.1238,1.15,0.2514,14,5,0,0
CUST003026,23,2,USA,508,21105.71,2,1,41601.93,-0.3405,0.07,0.6977,17,1,1,0
CUST003027,49,8,India,690,172769.28,1,1,163192.54,0.1427,0.45,0.284,21,2,1,0
CUST003028,46,14,France,666,62229.83,2,1,129445.27,0.0522,0.44,0.3845,11,2,1,0
CUST003029,60,5,France,626,117641.52,4,1,169453.24,0.4453,2.03,0.9131,17,0,1,0
CUST003030,19,10,Germany,566,173978.32,4,1,129202.48,0.1796,0.45,0.2349,11,2,1,0
CUST003031,40,0,USA,793,16996.3,1,0,82985.97,0.2968,0.06,0.4305,12,2,0,0
CUST003032,36,4,India,613,123056.66,2,1,44003.68,0.2351,0.63,0.7323,9,3,0,0
CUST003033,48,6,France,721,70224.96,1,0,75318.31,0.1031,1.03,0.4174,10,0,0,0
CUST003034,68,3,USA,612,163151.94,1,1,132375.79,0.1965,0.33,0.2759,16,1,0,0
CUST003035,22,7,France,704,26876.29,1,0,65771.16,0.106,0.75,0.4074,12,6,1,0
CUST003036,36,9,India,654,89285.49,2,1,163263.26,-0.2422,0.1,0.0842,11,0,1,0
CUST003037,51,4,India,652,115332.3,1,0,82656.15,0.1891,0.44,0.1183,13,1,0,0
CUST003038,27,8,France,583,33558.25,1,1,42150.35,-0.0003,0.15,0.0854,13,1,1,0
CUST003039,42,8,USA,692,63126.04,2,0,84904.3,0.4637,0.26,0.7877,11,2,1,0
CUST003040,19,8,India,762,67276.93,1,1,111078.83,-0.1493,0.82,0.2707,7,1,0,0
CUST003041,28,0,India,567,143816.24,1,0,181622.34,-0.29,1.12,0.2114,13,2,1,0
CUST003042,67,1,USA,583,213514.4,2,1,105445.25,0.2534,0.3,0.2698,14,4,1,0
CUST003043,48,2,India,850,173767.94,2,1,70144.9,-0.5461,3.67,0.4674,12,3,0,1
CUST003044,73,13,USA,569,165163.79,2,1,168023.58,0.2851,0.27,0.6503,13,1,1,0
CUST003045,32,3,USA,605,183541.15,1,1,155164.57,0.2917,0.13,0.6089,9,0,0,0
CUST003046,26,9,Germany,760,84226.59,1,1,94810.57,-0.0332,1.62,0.3499,17,0,1,0
CUST003047,40,8,India,763,79965.46,1,0,22307.39,-0.0159,0.84,0.3983,13,5,1,0
CUST003048,36,9,France,455,125643.6,1,0,72056.5,-0.2148,0.91,0.2854,12,2,0,0
CUST003049,26,12,India,711,13332.51,1,1,134868.02,-0.1361,1.27,0.5955,14,1,1,0
CUST003050,52,5,USA,634,120967.15,2,1,159933.73,0.1049,6.07,0.744,14,2,0,1
CUST003051,38,0,India,638,53290.77,1,1,106839.95,0.198,0.27,0.288,12,3,0,0
CUST003052,26,11,Germany,743,139701.34,1,1,95939.41,-0.039,0.64,0.5243,12,0,1,0
CUST003053,45,8,France,622,26199.04,1,0,75381.17,-0.0624,0.97,0.1956,13,7,1,0
CUST003054,63,5,Germany,609,151942.68,1,0,135818.42,0.1002,0.13,0.3064,13,0,0,0
CUST003055,68,3,USA,624,148837.35,1,1,51180.33,0.2395,0.29,0.2457,11,6,1,0
CUST003056,24,13,USA,622,55307.22,1,1,73687.07,0.072,0.29,0.4074,15,0,0,0
CUST003057,33,3,Germany,677,103178.64,1,1,165861.03,0.1554,0.32,0.14,12,3,0,0
CUST003058,33,2,France,755,75801.75,3,0,146679.89,-0.0018,1.01,0.3469,15,2,1,0
CUST003059,50,6,France,684,15677.86,3,1,171289.92,-0.4152,0.72,0.2575,14,0,1,0
CUST003060,21,2,India,648,110889.78,2,1,68701.86,0.2657,1.01,0.2791,18,0,1,0
CUST003061,21,1,France,693,149609.9,1,1,39945.47,-0.53,0.57,0.5135,10,0,0,0
CUST003062,56,9,India,712,56006.88,1,0,171063.27,-0.1971,2.49,0.3616,17,0,1,0
CUST003063,57,7,India,696,115596.96,2,1,135397.44,0.0926,0.59,0.2642,11,4,1,0
CUST003064,34,3,India,596,21623.89,1,1,149293.84,-0.1161,0.74,0.2334,12,0,0,0
CUST003065,54,7,India,683,132923.74,2,1,136088.52,0.0661,0.28,0.6413,17,0,1,0
CUST003066,56,0,Germany,480,76630.52,2,1,189079.0,0.3897,0.05,0.149,12,1,1,0
CUST003067,69,14,France,772,75075.03,2,1,134003.48,-0.3485,1.35,0.196,7,5,0,0
CUST003068,46,4,Germany,772,105089.06,1,1,110045.88,0.1033,1.55,0.4181,17,2,1,0
CUST003069,69,12,USA,721,170808.87,1,0,115591.4,-0.3647,1.52,0.1362,10,0,1,0
CUST003070,53,8,USA,749,108644.03,2,1,111140.98,-0.0194,1.29,0.4426,10,0,1,0
CUST003071,55,0,Germany,644,8900.19,2,1,175780.95,-0.1302,0.25,0.5483,15,0,1,0
CUST003072,56,10,India,589,31474.84,2,1,160289.58,-0.3241,0.68,0.5273,6,0,1,0
CUST003073,67,12,Germany,549,71539.0,1,1,176257.65,0.3758,1.35,0.6085,10,4,1,0
CUST003074,54,3,Germany,730,106763.15,2,1,18000.0,0.1213,0.79,0.5229,21,0,1,0
CUST003075,69,5,Germany,589,3976.34,4,1,88925.37,0.3915,2.55,0.4016,15,0,1,1
CUST003076,52,9,USA,620,97657.46,2,0,57212.52,-0.1523,0.91,0.3547,24,6,1,0
CUST003077,24,7,France,667,131127.05,1,1,190200.94,0.318,0.66,0.5326,14,6,1,0
CUST003078,44,13,India,647,44985.24,2,1,65359.67,0.1679,4.3,0.3716,15,5,1,0
CUST003079,45,2,India,671,198199.47,2,1,129956.29,-0.2799,0.61,0.5791,10,0,0,0
CUST003080,39,4,Germany,505,29957.16,3,1,196557.02,-0.2165,2.73,0.5914,11,0,1,1
CUST003081,31,6,USA,631,88493.03,2,1,117102.15,-0.2235,0.01,0.3048,12,2,1,0
CUST003082,24,0,France,715,53490.36,2,0,83653.58,0.116,0.64,0.1133,19,5,1,0
CUST003083,54,14,India,615,56360.37,2,1,111157.6,0.1082,0.27,0.4787,16,2,1,0
CUST003084,39,6,India,581,66771.87,1,1,36195.26,0.4247,0.4,0.1802,10,0,1,0
CUST003085,22,12,France,726,49473.28,1,0,29336.37,-0.1876,0.07,0.3879,13,4,0,0
CUST003086,72,11,USA,616,30300.29,1,1,127806.24,0.1691,0.25,0.3427,17,1,1,0
CUST003087,19,10,USA,664,43928.32,1,0,18000.0,0.104,0.67,0.5227,12,1,1,0
CUST003088,44,7,India,633,115285.8,2,1,97858.69,-0.1438,1.02,0.2769,13,0,0,0
CUST003089,38,7,India,649,42934.35,1,0,94491.8,0.2383,1.93,0.3696,9,8,0,0
CUST003090,71,8,Germany,772,39341.07,1,1,195073.37,-0.0317,0.21,0.8121,9,1,1,0
CUST003091,55,5,India,695,45525.63,1,1,126297.65,0.0856,1.27,0.226,9,3,0,1
CUST003092,32,11,France,552,68431.84,1,1,87287.57,0.0821,0.02,0.7109,10,0,1,0
CUST003093,38,5,Germany,620,27476.87,2,1,146153.86,-0.1048,1.79,0.4406,16,0,1,0
CUST003094,27,1,India,616,79921.87,2,0,109694.34,0.1489,0.72,0.3008,17,0,1,0
CUST003095,40,2,Germany,667,114452.93,2,0,48402.88,0.1933,1.5,0.3607,16,0,1,0
CUST003096,73,3,USA,722,136685.96,1,1,114938.78,0.3252,0.24,0.2477,9,2,1,0
CUST003097,56,3,India,652,158041.28,1,1,108234.8,-0.034,0.37,0.1399,13,0,1,0
CUST003098,22,7,India,650,6111.88,3,1,104882.67,-0.0013,0.08,0.4874,17,7,1,0
CUST003099,18,13,USA,471,28177.5,1,0,122396.81,-0.2452,0.07,0.7995,10,6,1,0
CUST003100,30,0,Germany,755,21615.16,2,0,152025.82,-0.0821,1.4,0.5706,7,0,1,0
CUST003101,38,9,USA,636,138682.61,2,1,118396.61,-0.1436,0.28,0.591,10,1,0,0
CUST003102,43,13,USA,670,36773.94,1,0,39422.25,0.1115,0.35,0.6326,14,1,0,0
CUST003103,67,3,Germany,670,95037.39,2,0,28047.32,0.2344,0.61,0.3435,12,1,0,0
CUST003104,62,10,Germany,588,11728.18,1,0,82457.16,0.3057,0.89,0.1426,9,1,1,0
CUST003105,38,11,USA,630,36093.86,3,1,79122.22,0.3405,0.04,0.1614,9,0,0,0
CUST003106,70,12,Germany,587,20394.03,1,1,117820.68,0.2016,0.68,0.6179,12,0,0,0
CUST003107,35,10,India,760,118371.57,1,0,164383.33,0.0406,0.75,0.5844,12,0,1,0
CUST003108,54,10,France,472,1294.56,2,1,175768.6,-0.3288,1.52,0.5958,9,4,1,0
CUST003109,62,3,USA,573,186647.72,1,1,69585.73,0.1637,0.13,0.2801,10,0,1,0
CUST003110,49,0,Germany,624,89364.25,2,1,18000.0,-0.1825,0.48,0.444,10,0,1,0
CUST003111,53,2,USA,769,30850.07,2,1,103273.11,-0.013,0.51,0.1823,12,0,1,0
CUST003112,34,4,India,706,97160.79,1,1,153127.39,0.0181,1.5,0.2057,12,0,1,0
CUST003113,52,5,USA,518,25551.62,1,1,79438.07,-0.1776,0.36,0.2466,8,0,0,0
CUST003114,66,8,India,640,10134.95,1,1,103000.3,-0.1505,0.07,0.4683,12,0,0,0
CUST003115,28,8,Germany,707,119293.29,1,1,92283.72,0.0632,0.74,0.7668,15,1,0,0
CUST003116,38,8,USA,828,160873.46,1,1,176314.8,0.003,0.87,0.6272,16,4,1,0
CUST003117,69,10,Germany,622,99621.3,2,1,210817.55,-0.0076,0.7,0.1904,17,1,1,0
CUST003118,72,0,Germany,555,189.89,1,1,132163.89,-0.1344,0.54,0.3499,10,1,1,0
CUST003119,70,11,Germany,675,25398.59,1,1,133267.18,0.2925,0.19,0.9208,8,6,0,0
CUST003120,43,8,India,646,170800.33,1,1,33208.12,-0.3415,0.62,0.5274,19,2,1,0
CUST003121,21,12,France,687,125250.33,2,1,79897.84,0.5574,0.03,0.0515,15,1,0,0
CUST003122,51,7,Germany,705,6094.37,2,1,142524.26,0.0474,0.67,0.2734,15,6,1,0
CUST003123,69,1,Germany,675,31768.3,3,1,119541.78,-0.1184,0.54,0.2575,13,10,0,1
CUST003124,65,12,India,692,87620.58,1,0,124615.68,-0.3396,2.44,0.2097,8,5,1,1
CUST003125,35,10,USA,780,67077.85,1,1,18037.11,-0.2452,0.31,0.1169,11,0,1,0
CUST003126,57,0,India,626,205518.59,1,0,18000.0,0.0963,0.02,0.6293,10,11,1,0
CUST003127,52,0,USA,552,30641.13,1,0,193909.53,-0.0618,1.14,0.561,9,0,1,0
CUST003128,58,11,India,675,113158.69,2,1,92869.14,-0.2879,0.15,0.4416,10,0,0,0
CUST003129,46,5,USA,547,94433.88,2,0,19955.04,-0.274,0.63,0.1442,12,2,0,0
CUST003130,69,8,USA,560,26902.96,1,1,94127.6,-0.1162,0.19,0.7471,14,0,0,0
CUST003131,46,6,India,584,72379.1,2,1,31173.38,-0.0658,0.62,0.6104,5,2,0,0
CUST003132,55,4,USA,549,52148.44,3,0,44739.41,0.2345,0.7,0.2467,17,3,1,0
CUST003133,59,10,France,743,101941.68,3,0,64304.52,-0.0903,0.87,0.5632,10,0,0,0
CUST003134,38,1,India,653,174569.31,1,1,31117.08,0.6788,0.37,0.4269,11,1,0,0
CUST003135,59,0,Germany,706,27476.99,1,0,18000.0,0.1008,0.05,0.442,6,0,0,0
CUST003136,30,1,India,690,105425.15,1,1,136462.1,0.217,0.73,0.6002,15,1,0,0
CUST003137,66,0,India,633,58006.71,1,0,71932.81,0.3403,1.6,0.5863,15,0,1,0
CUST003138,58,2,India,726,183097.76,1,1,145632.31,-0.3014,0.6,0.6559,9,6,0,0
CUST003139,34,5,Germany,611,73520.07,3,0,101783.18,-0.1024,0.23,0.3697,14,0,1,0
CUST003140,73,12,USA,636,48728.63,1,1,18000.0,-0.0175,0.43,0.1399,13,3,1,0
CUST003141,26,7,France,593,86566.22,2,1,98590.9,0.3357,0.62,0.9077,12,0,0,0
CUST003142,58,2,USA,762,87955.92,2,1,167892.72,0.0383,0.07,0.1426,11,8,0,0
CUST003143,18,9,India,641,162574.94,1,1,95222.04,0.0735,0.67,0.7798,10,0,0,0
CUST003144,19,8,Germany,697,76314.78,1,0,65260.32,0.2694,0.09,0.4499,15,6,1,0
CUST003145,65,9,India,603,102679.04,2,0,30783.44,0.2648,0.16,0.1747,12,0,1,0
CUST003146,46,4,Germany,717,26551.49,2,1,72261.73,0.4373,0.4,0.6713,12,1,0,0
CUST003147,50,6,India,711,4367.21,4,1,44188.4,-0.319,1.28,0.1911,18,0,1,0
CUST003148,27,7,India,519,52660.92,2,1,77095.31,-0.0974,1.39,0.1301,14,0,0,0
CUST003149,67,2,Germany,650,82432.76,2,1,18000.0,-0.0491,0.27,0.1977,16,0,1,0
CUST003150,57,1,France,659,28776.49,2,1,41596.5,-0.1552,0.62,0.36,10,0,0,0
CUST003151,38,1,India,626,93579.06,1,1,128651.53,0.1515,0.08,0.5142,9,0,1,0
CUST003152,45,4,Germany,760,43554.93,2,1,106966.79,0.2182,4.86,0.8793,18,0,1,1
CUST003153,28,14,India,552,181294.5,3,1,84014.45,-0.399,0.85,0.3392,14,2,1,0
CUST003154,72,0,Germany,614,63184.53,1,1,39097.5,0.2102,0.2,0.1786,8,0,1,0
CUST003155,51,14,Germany,582,102711.16,1,0,178868.82,-0.1222,1.84,0.2896,22,6,1,0
CUST003156,25,1,India,732,62468.06,2,0,204429.23,0.0559,0.34,0.2916,10,4,0,0
CUST003157,39,12,India,567,70233.03,4,1,40468.1,-0.1782,0.26,0.4373,15,0,0,0
CUST003158,25,8,India,503,109873.76,1,1,141388.08,0.2474,0.28,0.5948,9,0,1,0
CUST003159,66,6,India,684,84555.31,2,0,43105.96,-0.1778,0.53,0.3605,19,4,1,0
CUST003160,32,14,India,638,43654.68,2,1,125617.05,0.0383,0.03,0.267,5,2,1,0
CUST003161,34,14,USA,733,96771.67,2,1,18000.0,0.1956,0.84,0.3485,17,5,0,0
CUST003162,40,5,France,714,66174.05,2,0,70389.24,0.1275,2.36,0.5281,14,2,1,1
CUST003163,41,8,India,646,112122.69,3,1,109138.99,-0.1589,1.35,0.375,10,0,1,0
CUST003164,62,6,USA,534,147152.57,1,1,118670.1,0.0279,1.33,0.2997,12,12,1,0
CUST003165,36,13,USA,554,137506.02,1,0,51056.4,0.0305,1.19,0.2023,11,2,0,0
CUST003166,22,10,France,508,10146.16,1,1,128355.18,0.2142,0.35,0.7753,16,0,0,0
CUST003167,49,4,USA,638,111780.65,1,1,95904.8,-0.0028,0.17,0.4181,11,1,1,0
CUST003168,61,14,USA,597,215972.48,1,1,29541.85,-0.0164,0.3,0.2861,15,2,1,0
CUST003169,18,8,USA,635,108526.35,1,1,45738.99,-0.0207,0.15,0.7297,11,2,0,0
CUST003170,40,5,India,663,99394.13,2,0,178911.05,-0.3043,1.52,0.4595,12,4,0,0
CUST003171,54,5,India,801,31871.45,1,1,108810.03,0.275,0.44,0.1369,14,1,1,0
CUST003172,25,10,USA,696,51102.27,2,0,79022.23,0.3423,1.34,0.2188,12,0,0,0
CUST003173,30,3,India,655,48184.39,1,0,27057.9,0.437,0.27,0.1161,7,2,1,0
CUST003174,25,12,USA,524,55088.11,1,1,72495.89,0.1584,0.12,0.6786,11,0,1,0
CUST003175,74,11,India,652,85487.85,1,1,109379.65,-0.2525,1.64,0.5911,18,0,0,0
CUST003176,40,0,USA,720,180483.9,1,1,118564.43,-0.4373,1.28,0.6961,8,0,1,0
CUST003177,60,4,India,681,91077.68,1,1,106012.71,0.1268,0.65,0.419,11,0,1,0
CUST003178,18,10,France,566,117523.92,1,1,67240.91,-0.1251,0.11,0.4788,11,5,1,0
CUST003179,62,8,France,619,42977.43,2,0,18000.0,-0.0416,0.33,0.4134,9,0,1,0
CUST003180,68,12,India,655,47616.46,1,1,95419.0,-0.0,0.05,0.0653,7,0,0,0
CUST003181,41,7,India,617,15345.61,1,0,98166.86,0.1206,1.83,0.3995,15,0,0,0
CUST003182,52,7,USA,600,153.83,1,1,57901.66,-0.0776,0.22,0.68,18,5,1,0
CUST003183,41,4,India,478,763.91,3,0,89757.32,0.2325,0.59,0.3757,9,4,0,0
CUST003184,34,11,India,588,53469.27,1,1,104778.7,-0.1333,2.28,0.4183,18,6,1,1
CUST003185,22,8,India,670,27159.65,1,1,115706.34,-0.0175,0.78,0.3071,13,0,1,0
CUST003186,37,2,France,720,25701.09,1,1,139237.92,0.2223,0.78,0.1484,11,1,0,0
CUST003187,38,2,France,656,73571.95,2,1,18000.0,-0.0335,1.43,0.4656,11,1,0,0
CUST003188,57,0,USA,734,72986.71,1,0,122069.48,0.3946,0.95,0.4727,10,4,1,0
CUST003189,48,8,USA,643,167896.66,1,1,22076.13,-0.134,0.53,0.2471,9,2,1,0
CUST003190,63,5,France,579,186453.59,2,0,49432.18,0.3091,0.1,0.3822,12,5,1,0
CUST003191,53,1,France,612,140043.25,2,1,152005.86,-0.2604,0.55,0.2505,8,3,1,0
CUST003192,28,7,France,689,100296.58,1,1,40490.21,-0.0674,0.16,0.3518,17,1,1,0
CUST003193,69,11,India,628,96214.72,1,1,142188.18,0.245,0.54,0.6433,13,1,1,0
CUST003194,32,8,India,598,108949.93,4,1,71411.27,0.4824,0.02,0.4935,15,5,1,0
CUST003195,36,8,Germany,525,81339.4,1,0,172147.83,0.1789,0.35,0.3269,10,5,0,0
CUST003196,24,1,USA,578,87283.87,1,0,34167.74,0.2408,0.05,0.5787,8,0,0,0
CUST003197,68,1,India,618,26988.05,1,1,95675.48,0.1854,0.13,0.3587,11,0,1,0
CUST003198,45,12,India,603,83201.88,2,1,18000.0,0.0036,0.95,0.2513,13,0,1,0
CUST003199,68,6,France,572,106916.37,1,1,104427.12,-0.5389,2.99,0.2982,13,0,1,1
CUST003200,60,10,France,774,96974.55,1,1,20249.21,-0.151,0.67,0.6358,16,0,1,0
CUST003201,22,3,India,698,147180.84,1,1,87728.18,-0.1026,0.15,0.5884,12,1,1,0
CUST003202,22,12,France,825,167097.48,1,1,57803.66,-0.188,0.38,0.2718,14,3,0,0
CUST003203,47,0,USA,521,43427.83,4,1,186568.17,-0.3283,0.21,0.5566,10,0,0,0
CUST003204,71,7,Germany,675,5681.73,1,0,78060.88,0.4615,0.04,0.1933,10,0,1,0
CUST003205,49,1,USA,615,153861.86,1,1,180162.18,-0.1101,1.95,0.8234,9,7,0,0
CUST003206,25,13,India,651,117246.06,1,1,51652.07,-0.2897,0.62,0.1204,13,2,1,0
CUST003207,27,2,USA,798,40491.03,2,1,18000.0,0.7727,0.13,0.1353,21,0,0,0
CUST003208,55,4,USA,510,62151.42,1,1,136447.51,0.3018,1.1,0.6958,9,0,1,0
CUST003209,64,13,USA,604,57154.52,2,0,41266.04,-0.1846,0.15,0.0889,10,8,1,0
CUST003210,49,2,India,590,92791.11,1,1,153472.69,-0.16,0.19,0.1557,15,9,1,0
CUST003211,65,6,France,604,165072.48,2,0,93118.21,-0.2794,0.74,0.2138,16,1,0,0
CUST003212,45,6,India,481,20473.64,1,1,128781.07,-0.3177,0.44,0.0358,12,0,0,0
CUST003213,34,13,India,752,94143.74,1,1,142815.17,-0.1447,1.8,0.4496,13,0,1,0
CUST003214,48,1,USA,756,91870.86,2,1,206472.4,0.1771,0.73,0.401,14,12,0,0
CUST003215,25,12,USA,696,47190.91,1,1,151087.68,0.3939,0.16,0.2556,9,6,1,0
CUST003216,57,12,USA,542,231299.84,2,1,109178.22,0.3463,0.52,0.5291,8,3,1,0
CUST003217,42,6,Germany,672,88985.18,1,1,141621.54,0.3624,1.04,0.141,19,0,1,0
CUST003218,26,10,USA,719,147705.29,3,1,136461.07,0.0188,0.73,0.4096,11,3,1,0
CUST003219,19,5,USA,681,24307.32,1,1,124093.24,0.202,0.31,0.5542,15,1,1,0
CUST003220,32,9,Germany,646,195485.78,1,1,197250.44,0.1446,0.39,0.2602,13,0,1,0
CUST003221,67,8,India,762,54150.9,1,1,89111.23,0.0597,0.88,0.5761,13,5,0,0
CUST003222,20,12,USA,593,66806.92,1,1,107339.29,0.347,0.59,0.2481,15,3,1,0
CUST003223,66,8,France,636,12181.83,1,1,72185.76,0.2244,0.06,0.2522,13,10,1,0
CUST003224,53,1,India,700,175.93,1,0,232750.11,0.1007,0.64,0.4952,17,2,0,0
CUST003225,21,6,USA,675,28049.61,3,1,85022.7,-0.1434,0.49,0.0861,17,0,0,0
CUST003226,31,4,France,694,3968.66,2,1,116980.13,0.3781,1.35,0.3526,6,0,0,0
CUST003227,58,12,India,692,126247.98,1,1,54038.05,-0.2681,0.1,0.264,10,2,0,0
CUST003228,58,5,USA,691,87098.99,2,1,80106.23,-0.3068,0.0,0.2857,11,0,1,0
CUST003229,42,0,France,620,107699.1,1,1,148824.05,-0.5176,1.38,0.2222,7,0,1,0
CUST003230,72,6,India,594,102662.59,3,0,93821.24,0.0302,0.19,0.2243,13,5,1,0
CUST003231,67,5,India,660,60806.11,1,1,156683.93,0.1448,0.03,0.3701,13,9,0,0
CUST003232,27,3,France,770,20683.02,1,1,139521.97,-0.2622,0.2,0.8404,8,1,1,0
CUST003233,38,0,France,648,17700.65,2,0,94973.75,0.0444,1.74,0.5102,11,0,1,0
CUST003234,53,8,USA,697,15066.54,1,1,57393.82,0.3252,0.15,0.3249,10,4,1,0
CUST003235,29,3,USA,658,8298.12,2,0,114337.07,0.2048,0.31,0.27,6,1,1,0
CUST003236,44,1,Germany,812,180991.97,3,0,114387.66,-0.0889,0.75,0.4133,13,0,0,0
CUST003237,57,7,Germany,638,16741.73,3,1,100772.9,0.2524,0.16,0.3307,13,0,1,0
CUST003238,19,1,India,698,167646.41,3,1,114484.51,0.3086,0.83,0.2524,13,0,1,0
CUST003239,71,4,India,592,10641.01,1,1,66312.83,0.3221,0.98,0.2914,11,0,1,0
CUST003240,30,10,USA,560,8020.11,2,1,131795.89,0.2184,0.21,0.37,10,9,0,0
CUST003241,70,5,France,649,102137.35,1,1,120401.69,-0.3284,0.08,0.3921,13,3,1,0
CUST003242,49,10,France,744,154568.26,2,1,63343.16,0.441,0.41,0.5126,14,4,1,0
CUST003243,48,12,France,700,24705.86,1,1,77233.66,0.1127,0.96,0.0768,11,0,0,0
CUST003244,33,7,France,483,70441.6,1,1,97371.39,-0.0657,1.34,0.0577,13,3,1,0
CUST003245,49,10,USA,708,149600.85,3,1,77658.38,0.2946,0.03,0.2769,17,4,0,0
CUST003246,49,0,USA,527,132475.1,2,1,62741.75,-0.0112,0.62,0.4817,12,0,1,0
CUST003247,51,0,Germany,717,19783.8,4,0,149887.04,-0.655,0.24,0.4333,9,0,0,0
CUST003248,28,11,Germany,693,63294.92,1,1,142836.27,0.33,0.43,0.6505,12,0,0,0
CUST003249,27,3,USA,638,23761.33,1,0,129157.86,-0.089,0.6,0.2283,12,0,0,0
CUST003250,32,4,India,708,99195.98,3,1,43673.79,0.0068,1.06,0.1141,14,8,1,0
CUST003251,34,12,France,628,86262.4,1,1,188897.94,0.0514,0.03,0.5662,11,0,1,0
CUST003252,57,14,USA,661,111034.84,3,1,115269.95,-0.0261,0.15,0.3597,11,0,1,0
CUST003253,35,12,India,534,16788.23,2,1,94005.17,0.0967,0.77,0.3439,10,4,1,0
CUST003254,72,8,USA,629,32660.34,3,1,139906.2,0.2674,0.47,0.4045,19,4,1,0
CUST003255,26,10,Germany,723,137286.75,2,1,94415.6,0.1781,0.19,0.2955,13,5,1,0
CUST003256,42,13,India,543,139920.57,2,0,18000.0,-0.208,0.05,0.6302,13,0,1,0
CUST003257,57,6,Germany,715,179680.52,1,1,112687.0,-0.2905,1.97,0.1408,8,4,1,1
CUST003258,31,6,India,488,164107.0,4,1,152420.9,-0.0472,0.36,0.5681,18,1,0,0
CUST003259,42,7,India,554,26219.69,1,1,118352.83,-0.1479,0.42,0.6654,14,1,1,0
CUST003260,67,14,USA,624,151895.06,1,0,18000.0,-0.1508,0.04,0.2402,15,3,0,1
CUST003261,39,4,Germany,662,73863.29,2,0,140900.1,-0.1585,1.07,0.3528,9,1,1,0
CUST003262,69,4,France,604,121104.19,2,0,113101.16,0.3803,3.88,0.514,5,1,1,0
CUST003263,47,0,Germany,601,55037.89,2,1,116381.46,0.1771,3.06,0.4294,17,5,0,0
CUST003264,37,13,France,738,19271.32,1,1,26846.27,-0.0304,0.3,0.4112,17,0,0,0
CUST003265,38,8,India,745,58347.85,2,1,73399.24,0.0783,2.6,0.2475,17,1,1,1
CUST003266,61,5,India,616,80003.61,2,1,47133.93,0.1538,0.42,0.5548,11,4,1,0
CUST003267,49,8,USA,618,93987.08,2,1,143370.38,-0.1258,0.39,0.3683,14,3,0,0
CUST003268,68,2,India,627,136365.16,1,0,122642.4,0.0693,1.43,0.4489,6,5,1,0
CUST003269,63,4,Germany,827,11660.99,2,0,69700.6,-0.5162,1.26,0.2325,5,8,1,0
CUST003270,66,1,Germany,651,6265.19,3,1,64014.59,0.0621,0.52,0.4616,14,0,1,0
CUST003271,73,9,France,775,25043.5,3,1,84896.35,0.2081,0.47,0.1162,18,0,0,0
CUST003272,38,4,India,708,62229.08,1,1,113885.11,0.1911,2.76,0.7396,8,0,1,0
CUST003273,52,14,USA,641,21774.33,1,0,142642.34,0.0713,0.42,0.2359,18,0,0,0
CUST003274,49,12,USA,598,55471.65,1,1,56234.41,-0.2679,1.58,0.6002,16,0,1,0
CUST003275,47,12,India,712,77527.99,1,0,117294.33,0.1353,1.1,0.2952,11,0,1,0
CUST003276,72,12,USA,587,34522.44,1,1,82399.48,0.2965,0.09,0.7506,7,3,1,0
CUST003277,56,14,USA,619,41558.77,2,0,18000.0,0.2879,0.14,0.5049,9,0,1,0
CUST003278,66,13,USA,702,98486.74,2,1,74430.89,0.0386,0.03,0.7197,6,0,1,0
CUST003279,29,7,India,630,80265.82,1,1,119290.26,0.1192,0.03,0.3543,10,3,0,0
CUST003280,58,10,India,618,52806.15,1,1,60836.65,-0.0102,0.74,0.5334,9,1,1,0
CUST003281,64,1,USA,625,73792.19,1,1,116761.03,0.2031,0.06,0.5238,15,0,1,0
CUST003282,35,7,India,595,59140.76,1,1,133503.33,-0.0632,0.12,0.3253,15,3,1,1
CUST003283,38,3,India,685,14226.47,2,0,155380.44,-0.0804,0.22,0.512,13,5,1,0
CUST003284,30,9,India,652,3765.0,1,0,48988.53,0.0279,0.64,0.5937,8,8,1,0
CUST003285,38,9,India,541,242613.37,2,1,156420.34,0.0242,0.21,0.6185,9,6,1,0
CUST003286,25,14,India,611,114976.64,1,0,101585.83,-0.3149,0.4,0.089,13,1,1,0
CUST003287,63,0,India,620,143041.1,2,1,24569.6,0.0175,0.35,0.5374,13,1,1,0
CUST003288,57,12,USA,620,113432.66,2,0,88413.15,-0.2506,0.4,0.1744,8,4,0,0
CUST003289,63,4,Germany,697,162365.4,1,0,85793.4,0.0358,2.12,0.3559,12,1,0,0
CUST003290,24,12,USA,593,111544.17,2,1,74125.47,0.6437,2.8,0.3291,15,1,0,0
CUST003291,40,0,Germany,850,54503.56,1,1,40570.88,0.2258,0.06,0.6754,5,3,1,0
CUST003292,61,6,USA,760,24026.93,1,1,111444.26,-0.2146,0.09,0.1672,15,0,0,0
CUST003293,49,7,USA,760,90648.36,2,1,97062.43,0.066,0.04,0.3693,15,0,1,0
CUST003294,28,2,Germany,567,88957.15,2,1,73571.83,0.1822,0.39,0.7306,11,8,1,0
CUST003295,39,2,USA,487,84147.8,2,1,54134.88,-0.2493,1.52,0.5167,14,0,1,0
CUST003296,39,6,Germany,622,6823.59,1,1,18000.0,0.1453,1.29,0.2106,7,4,1,0
CUST003297,60,3,USA,673,41197.5,1,1,174263.43,0.0364,0.35,0.2319,5,2,0,0
CUST003298,42,2,USA,637,91348.69,1,1,87198.09,0.0259,1.11,0.3074,10,1,0,0
CUST003299,39,14,Germany,607,78250.61,1,1,138101.15,-0.1167,3.09,0.4069,10,1,0,0
CUST003300,45,7,India,510,124078.93,1,1,153564.45,0.0474,0.17,0.4632,12,0,0,0
CUST003301,46,2,India,596,9361.2,2,0,149840.23,0.3735,2.66,0.452,14,4,1,1
CUST003302,30,12,India,630,106125.53,2,0,132206.79,-0.0534,1.18,0.0916,7,2,1,0
CUST003303,35,13,India,610,40480.79,2,1,110771.03,0.2903,0.1,0.4656,10,8,0,0
CUST003304,19,6,India,609,53923.16,2,0,18364.02,0.0504,1.27,0.4647,15,1,1,0
CUST003305,46,1,USA,586,72541.53,1,1,175665.57,0.1174,0.09,0.8892,11,4,0,0
CUST003306,38,10,Germany,782,31349.51,1,1,45223.19,0.4052,0.02,0.6993,12,0,1,0
CUST003307,32,10,Germany,706,83882.0,1,1,171641.3,0.0275,1.16,0.9212,10,0,1,0
CUST003308,69,0,India,726,153977.52,1,0,85852.32,0.0662,1.8,0.2835,17,1,0,0
CUST003309,44,11,France,671,603.64,2,1,147385.09,0.2099,0.41,0.4763,7,3,1,0
CUST003310,67,5,USA,543,191181.24,2,0,140928.64,-0.1883,0.02,0.843,16,3,0,0
CUST003311,48,7,India,709,35852.87,2,1,117347.6,0.2917,0.73,0.2119,16,4,1,0
CUST003312,32,0,Germany,757,112519.88,1,0,117068.69,-0.0288,0.21,0.702,13,0,0,0
CUST003313,68,12,Germany,769,6038.43,3,1,91422.11,-0.0546,0.63,0.3787,11,1,1,0
CUST003314,40,9,Germany,699,209867.8,1,1,102200.75,-0.2751,0.31,0.1091,12,4,1,0
CUST003315,41,11,India,650,10267.32,3,1,101849.15,-0.2086,0.78,0.2979,11,5,0,1
CUST003316,61,8,USA,649,88840.35,2,1,107832.68,0.1418,0.24,0.3765,13,4,1,0
CUST003317,30,14,France,691,42767.91,1,1,93625.05,0.3225,0.13,0.3502,8,1,0,0
CUST003318,39,2,USA,518,72906.25,1,1,36090.34,-0.1486,1.12,0.7007,9,5,1,1
CUST003319,60,2,Germany,701,82950.02,3,1,79927.56,0.197,0.62,0.5789,11,3,1,0
CUST003320,54,3,USA,611,55776.21,2,1,120491.13,-0.0036,0.31,0.3554,8,4,0,0
CUST003321,50,10,Germany,826,33852.86,1,1,93612.95,-0.2942,0.79,0.5206,14,1,1,0
CUST003322,73,14,India,625,73072.93,2,1,100473.16,-0.0645,0.27,0.6464,8,5,0,1
CUST003323,20,0,USA,665,71723.75,2,1,70870.22,0.2152,0.36,0.9336,13,0,0,0
CUST003324,71,8,India,661,96078.01,1,1,127511.47,-0.2058,0.38,0.6767,12,0,1,0
CUST003325,36,10,Germany,594,106037.01,1,1,129973.78,-0.2757,0.21,0.1749,12,0,1,0
CUST003326,40,2,Germany,686,126281.78,1,1,18000.0,-0.1134,0.47,0.659,7,1,1,0
CUST003327,46,12,India,677,110821.92,1,0,25152.37,-0.1254,1.35,0.1227,6,0,0,0
CUST003328,47,9,Germany,731,84197.89,1,0,91295.14,0.4825,2.83,0.1642,9,0,0,1
CUST003329,56,3,USA,707,60096.81,1,1,124110.8,0.0919,0.2,0.4314,12,0,0,0
CUST003330,61,0,India,664,19040.63,1,1,114381.76,0.3463,2.24,0.4482,13,1,1,0
CUST003331,64,3,USA,584,85630.28,1,1,93329.0,0.0305,0.26,0.6421,15,0,1,0
CUST003332,42,12,India,586,143857.34,3,1,139975.09,0.1234,0.51,0.6116,17,5,1,0
CUST003333,54,0,USA,782,28443.67,2,1,129086.34,0.2725,0.08,0.4781,6,0,0,0
CUST003334,64,4,India,656,34575.0,1,0,90477.14,-0.2855,0.75,0.3283,14,1,1,0
CUST003335,25,4,Germany,816,156938.06,2,0,93281.84,-0.2019,0.57,0.2342,8,4,1,0
CUST003336,59,13,Germany,584,177214.37,1,1,37199.15,0.1837,0.91,0.1674,14,2,1,0
CUST003337,33,10,USA,825,24237.71,3,1,104823.69,0.072,0.73,0.0543,17,0,1,0
CUST003338,25,6,India,574,234192.64,2,0,126968.83,0.1827,3.19,0.1581,8,1,1,0
CUST003339,18,13,France,614,101884.51,1,1,65368.97,-0.1593,1.18,0.292,10,6,1,1
CUST003340,61,7,Germany,685,133254.27,3,1,101852.53,0.0166,2.69,0.182,12,0,0,1
CUST003341,22,3,India,729,54167.36,2,1,116155.68,0.3977,0.6,0.442,10,1,0,0
CUST003342,20,6,Germany,704,92005.58,1,1,141824.48,-0.0968,0.26,0.2442,12,2,0,0
CUST003343,18,3,India,496,102401.31,3,1,85223.34,0.2669,0.61,0.1899,9,0,1,0
CUST003344,21,2,USA,604,20228.84,3,0,58658.28,0.1459,0.5,0.4006,12,8,0,0
CUST003345,57,14,USA,558,178516.87,4,0,83825.58,-0.1481,0.45,0.2221,19,3,0,0
CUST003346,52,5,USA,539,73570.4,1,1,114003.35,0.3429,0.41,0.1323,13,2,0,0
CUST003347,49,3,France,648,44993.91,4,1,111334.73,0.3611,1.33,0.6046,8,0,1,0
CUST003348,59,13,USA,481,4153.53,2,0,26162.15,-0.2845,1.08,0.3461,14,0,0,0
CUST003349,51,2,India,729,110865.88,2,1,83768.06,0.2433,0.83,0.5279,9,0,1,0
CUST003350,60,14,France,709,91865.02,1,1,50865.15,-0.0498,0.83,0.2673,11,6,0,0
CUST003351,42,14,France,779,15509.9,1,0,101562.31,0.017,0.37,0.5716,12,3,1,0
CUST003352,27,8,Germany,564,84685.55,1,1,117177.0,-0.4645,0.46,0.1607,17,7,1,0
CUST003353,38,4,USA,572,106249.97,1,0,148960.76,-0.0422,0.13,0.4701,13,7,1,1
CUST003354,63,12,India,734,51511.29,1,0,160429.26,-0.1678,0.69,0.3387,11,2,1,0
CUST003355,56,13,Germany,740,99159.49,1,1,123830.4,0.0217,0.12,0.5051,14,4,1,0
CUST003356,44,6,India,757,76293.41,4,1,80151.24,-0.2031,1.98,0.3392,22,4,1,0
CUST003357,44,11,India,742,62383.82,2,1,75449.07,-0.1811,0.43,0.2068,16,2,0,0
CUST003358,19,13,USA,667,16480.33,2,1,122233.76,-0.1844,0.03,0.0579,13,0,0,0
CUST003359,58,5,India,613,88341.14,2,1,136734.21,0.3356,0.0,0.1118,17,0,1,0
CUST003360,65,9,India,708,52590.3,2,1,41669.99,0.006,0.9,0.1982,12,0,1,0
CUST003361,30,14,USA,614,165162.33,1,1,214505.54,0.1621,0.76,0.6932,8,0,0,0
CUST003362,26,4,India,658,149610.51,2,1,120509.29,0.1265,1.18,0.5771,12,2,1,0
CUST003363,69,6,India,619,12480.45,2,1,140290.01,-0.1283,1.11,0.4669,10,0,1,0
CUST003364,53,10,India,671,13212.42,1,1,122231.82,0.1403,0.0,0.5913,16,0,1,0
CUST003365,39,5,India,749,148492.03,1,1,49712.49,0.0656,0.15,0.2847,23,0,1,0
CUST003366,59,9,Germany,622,65700.42,1,0,78803.73,-0.1458,0.32,0.564,10,0,0,0
CUST003367,43,1,Germany,609,79709.96,2,0,62787.63,0.011,0.05,0.0893,6,1,1,0
CUST003368,71,12,USA,641,77480.84,1,0,18932.1,0.4875,0.16,0.3906,10,0,0,0
CUST003369,29,12,USA,555,5470.74,2,1,41244.43,-0.2671,0.7,0.2237,10,0,1,1
CUST003370,34,12,India,703,124698.45,1,1,184463.71,-0.0733,0.49,0.4546,8,4,0,0
CUST003371,31,2,India,659,103830.35,2,1,89620.16,0.1651,1.58,0.4355,16,2,1,0
CUST003372,31,1,India,647,77163.91,3,0,141718.03,-0.3178,0.2,0.4708,12,1,0,0
CUST003373,74,11,USA,676,64671.66,3,1,72849.88,-0.0216,0.61,0.3229,14,1,1,0
CUST003374,51,2,Germany,532,107223.82,2,1,65624.63,0.317,1.58,0.7344,13,0,1,0
CUST003375,70,0,USA,762,99448.61,1,1,171523.1,-0.0726,0.05,0.1888,15,11,1,0
CUST003376,74,7,India,608,70147.08,2,1,91179.66,0.3001,1.63,0.0874,20,0,1,0
CUST003377,37,5,India,620,135845.63,2,1,89240.69,-0.1958,0.34,0.5491,10,2,0,1
CUST003378,28,12,Germany,719,145995.18,2,1,112629.31,0.3899,1.57,0.1814,20,8,1,0
CUST003379,33,1,India,698,96812.54,3,1,130382.9,0.5943,0.92,0.6313,5,3,0,1
CUST003380,68,7,Germany,809,17749.08,1,0,74326.59,-0.4027,0.89,0.5936,15,6,0,0
CUST003381,48,5,USA,572,2450.37,2,1,18000.0,0.4118,0.04,0.4961,8,1,1,0
CUST003382,72,6,Germany,574,32741.89,1,1,155510.65,0.0029,2.27,0.2418,10,1,1,1
CUST003383,23,10,France,554,60587.65,1,0,120636.58,-0.0482,0.45,0.1751,14,2,1,0
CUST003384,73,0,France,660,128175.39,2,0,57627.02,-0.2007,0.09,0.54,10,0,0,0
CUST003385,36,6,USA,628,96425.71,1,1,92229.91,-0.231,1.16,0.5268,15,2,1,0
CUST003386,54,2,USA,594,65723.15,2,1,163540.8,0.2292,1.61,0.7115,9,11,1,0
CUST003387,21,10,India,644,114996.68,2,1,175780.9,-0.0554,2.12,0.4811,16,4,1,0
CUST003388,64,11,France,567,27925.64,2,1,84075.31,-0.4426,0.56,0.1453,7,2,1,0
CUST003389,21,7,USA,773,114869.3,4,0,171838.0,0.2652,0.41,0.2469,6,0,0,0
CUST003390,37,5,India,594,90119.84,2,1,100029.83,0.098,0.7,0.1489,15,2,1,0
CUST003391,27,3,USA,604,108439.08,4,1,64747.03,-0.0824,0.28,0.6455,13,0,1,0
CUST003392,41,10,India,459,128467.39,2,0,74644.56,0.3366,0.4,0.0674,15,1,1,0
CUST003393,71,7,USA,518,73050.13,2,0,185236.23,0.2045,0.62,0.3236,13,0,1,0
CUST003394,52,8,USA,602,47446.23,1,1,127817.6,0.1745,1.39,0.3443,8,0,1,0
CUST003395,43,9,India,625,35135.17,2,1,54477.64,-0.4191,1.54,0.3407,11,8,1,1
CUST003396,54,1,India,707,124462.21,2,0,149473.69,0.1014,0.11,0.5196,21,1,0,0
CUST003397,55,14,France,530,40978.6,2,1,151355.92,0.2233,0.12,0.3412,14,4,1,0
CUST003398,38,5,Germany,686,34804.47,2,1,80068.8,-0.1174,0.16,0.5253,14,3,1,0
CUST003399,71,4,Germany,699,79859.15,3,1,122416.01,-0.0831,0.73,0.1883,11,1,1,0
CUST003400,57,4,India,704,143789.84,1,1,168061.69,-0.4774,0.18,0.5078,11,3,1,0
CUST003401,56,9,Germany,732,104396.81,2,1,44296.51,-0.492,0.76,0.6844,10,0,0,0
CUST003402,38,10,USA,557,183928.37,2,1,18000.0,0.2563,1.03,0.4301,12,3,1,0
CUST003403,27,2,India,693,100893.63,1,1,67653.64,-0.0399,1.56,0.286,10,5,0,0
CUST003404,55,11,India,791,98497.43,4,1,18000.0,-0.165,1.62,0.7061,9,0,1,0
CUST003405,63,7,India,762,61510.61,2,1,40223.62,-0.0796,0.19,0.6287,13,1,0,0
CUST003406,21,13,India,801,20186.09,1,1,154844.39,0.3038,0.3,0.2979,10,0,0,0
CUST003407,74,7,France,669,85132.48,1,0,59380.54,0.4728,0.16,0.3821,13,5,0,0
CUST003408,62,11,India,602,78573.97,2,1,96745.16,0.2657,0.91,0.526,14,1,1,0
CUST003409,37,4,USA,447,117140.95,1,0,134801.93,0.0274,0.93,0.3887,11,0,1,0
CUST003410,34,7,USA,550,94901.79,1,1,156892.35,0.4866,0.0,0.7027,11,2,0,0
CUST003411,72,9,India,607,92692.99,1,0,116725.74,-0.1566,0.14,0.4904,14,10,0,0
CUST003412,24,14,USA,622,146404.95,3,1,18000.0,-0.2575,0.33,0.2954,11,0,0,0
CUST003413,21,7,India,586,59810.05,2,1,97498.87,0.2316,0.19,0.8268,10,4,1,0
CUST003414,46,2,Germany,677,127993.39,1,1,136849.82,0.2387,0.64,0.1928,14,0,0,0
CUST003415,31,1,India,665,155886.77,3,1,108030.84,0.1196,0.03,0.2507,10,5,1,0
CUST003416,20,8,USA,653,41676.77,3,1,126294.59,0.1392,1.4,0.4727,16,6,1,0
CUST003417,41,1,Germany,712,50697.29,2,0,67702.97,-0.258,0.5,0.0753,12,4,1,0
CUST003418,54,8,France,612,28377.77,1,0,104536.94,0.0727,0.72,0.4963,9,0,1,0
CUST003419,33,3,Germany,737,8164.7,2,1,131723.2,-0.2928,0.69,0.2102,8,0,1,0
CUST003420,72,11,USA,553,190318.34,1,1,168411.52,0.1004,0.48,0.3156,13,3,1,0
CUST003421,69,12,India,625,273475.86,2,1,69369.83,0.3606,0.67,0.0554,11,1,0,0
CUST003422,21,1,USA,675,89049.71,1,0,68314.73,0.1454,0.06,0.2814,20,0,1,0
CUST003423,73,9,Germany,496,55500.91,2,0,175976.73,-0.1268,0.39,0.3269,12,1,0,0
CUST003424,41,0,France,609,183748.78,1,0,83799.87,0.063,0.99,0.1341,7,0,1,0
CUST003425,51,3,India,706,113263.52,2,0,110690.12,-0.0106,0.36,0.4159,20,5,0,0
CUST003426,47,8,India,615,29241.03,1,0,112597.8,-0.0467,0.23,0.3626,12,3,0,0
CUST003427,35,11,Germany,504,21550.26,2,0,99775.87,-0.0331,0.67,0.2647,8,0,1,0
CUST003428,36,8,USA,579,126770.27,2,1,193235.56,-0.2513,0.52,0.3812,13,7,1,0
CUST003429,48,3,India,542,99754.23,1,1,88999.67,0.1181,0.61,0.6852,14,4,1,0
CUST003430,36,8,USA,689,145584.1,2,0,137958.32,0.0135,2.54,0.6076,15,1,1,0
CUST003431,66,14,USA,659,119633.56,1,1,79961.77,0.3657,0.13,0.1132,15,8,1,0
CUST003432,63,11,France,525,321.47,2,1,189537.97,0.1643,0.77,0.6782,11,3,1,0
CUST003433,36,5,USA,518,28035.07,1,1,60580.94,0.454,0.02,0.5697,11,0,1,0
CUST003434,39,0,India,592,21574.13,2,1,129681.33,0.4167,0.83,0.5719,10,7,1,0
CUST003435,41,9,India,652,89455.2,1,1,18000.0,-0.2909,0.18,0.0265,20,2,1,0
CUST003436,62,12,India,596,68357.94,1,1,85907.27,-0.1029,1.32,0.1997,17,0,1,0
CUST003437,29,13,USA,678,47748.47,1,0,126723.52,-0.2799,0.25,0.3103,15,0,1,0
CUST003438,47,5,USA,675,56719.36,3,1,30273.42,-0.1938,0.41,0.3228,7,1,1,0
CUST003439,55,8,India,692,117789.66,2,0,82089.86,-0.1266,0.58,0.1659,11,0,0,0
CUST003440,70,12,Germany,536,64783.71,4,1,253685.82,0.486,0.75,0.3113,11,7,1,0
CUST003441,48,1,Germany,627,33775.55,3,1,48700.79,0.4295,0.28,0.5462,14,4,1,0
CUST003442,53,5,India,736,4925.14,3,1,113073.85,0.1203,0.14,0.1418,17,0,0,0
CUST003443,36,1,India,596,20019.76,2,1,29623.47,-0.081,0.81,0.552,12,4,0,0
CUST003444,65,3,France,584,142227.31,1,1,48037.52,-0.3507,0.47,0.3134,14,3,0,0
CUST003445,62,14,India,610,34572.01,3,1,120538.7,-0.1178,0.05,0.5747,17,4,0,0
CUST003446,53,7,Germany,608,188452.24,1,1,89292.58,0.0573,0.62,0.6023,12,3,1,0
CUST003447,47,12,USA,659,115033.13,2,1,60947.14,-0.1561,0.5,0.4643,15,0,1,0
CUST003448,72,6,Germany,603,25377.26,3,1,77601.65,0.3099,0.57,0.4127,12,0,1,0
CUST003449,66,10,Germany,488,38016.93,1,1,153211.14,0.5,0.09,0.3652,9,0,1,0
CUST003450,72,11,Germany,744,54742.92,1,1,88967.16,-0.1521,0.51,0.4341,13,4,1,0
CUST003451,50,12,France,690,48734.49,1,1,127666.87,0.0126,1.09,0.5025,10,0,0,0
CUST003452,35,8,France,661,196808.61,4,1,18000.0,-0.0352,0.11,0.8028,15,0,1,0
CUST003453,69,6,USA,642,177259.17,4,0,73842.37,-0.0445,0.78,0.3597,12,3,0,0
CUST003454,66,0,India,624,175720.96,2,1,79519.99,-0.1467,0.16,0.4587,10,3,1,0
CUST003455,45,1,India,586,113774.07,3,1,64440.51,-0.1187,0.3,0.3754,12,3,1,0
CUST003456,64,5,Germany,499,64969.21,1,0,93846.76,-0.2564,0.36,0.3922,11,5,1,1
CUST003457,28,6,Germany,780,82064.0,1,0,85287.66,0.1729,1.15,0.6513,11,3,1,0
CUST003458,74,2,India,651,109772.36,1,0,134980.59,0.183,0.21,0.3364,17,3,1,0
CUST003459,71,8,India,521,74990.41,1,1,153118.48,0.3823,0.24,0.2888,14,1,0,0
CUST003460,62,12,Germany,567,27262.78,1,0,70153.94,-0.2604,1.63,0.0673,11,6,1,1
CUST003461,50,14,India,674,71538.98,1,1,157640.31,-0.2956,1.09,0.1731,11,4,1,0
CUST003462,34,6,USA,672,7870.85,2,1,64994.4,-0.3359,0.56,0.3953,17,8,1,1
CUST003463,23,13,Germany,590,112874.48,1,1,105806.85,-0.2058,0.3,0.2825,12,0,1,0
CUST003464,21,5,USA,563,19651.08,1,1,36147.44,0.4386,1.26,0.7504,8,1,0,0
CUST003465,37,12,India,604,111319.82,3,1,86308.29,-0.1999,0.66,0.3916,16,5,1,0
CUST003466,65,5,India,495,9029.28,1,1,173379.56,0.082,0.32,0.2486,10,1,1,0
CUST003467,64,0,India,611,65691.0,1,0,106818.27,0.4669,0.3,0.2762,14,1,0,0
CUST003468,44,12,India,612,93049.71,1,1,87676.38,0.1169,0.49,0.7066,13,3,0,0
CUST003469,32,4,USA,772,65831.82,2,1,18000.0,-0.05,2.38,0.3641,13,1,0,0
CUST003470,23,9,USA,613,115667.61,2,1,96891.45,-0.5963,0.82,0.5745,14,5,0,0
CUST003471,64,2,India,670,103757.04,2,0,104612.88,-0.0118,0.91,0.2226,11,0,0,0
CUST003472,31,6,India,777,49849.87,1,1,77235.68,0.1531,0.39,0.2772,19,2,1,0
CUST003473,28,9,India,564,39422.65,1,0,83971.79,-0.0014,3.0,0.3738,10,2,1,0
CUST003474,56,2,France,600,35007.63,1,1,94961.03,0.0021,0.42,0.0223,19,2,1,0
CUST003475,26,4,USA,606,26096.3,1,1,101484.33,-0.2581,0.01,0.2604,13,0,0,0
CUST003476,43,6,France,516,206021.11,2,0,91339.33,0.5157,1.29,0.5355,14,0,0,0
CUST003477,33,13,Germany,629,36901.15,3,1,156193.35,-0.0516,0.58,0.0344,10,1,0,0
CUST003478,22,2,USA,743,143710.54,1,1,50286.99,0.2345,0.13,0.6397,12,0,0,0
CUST003479,74,12,Germany,717,86151.61,2,0,174197.15,0.0423,0.02,0.1584,13,0,1,0
CUST003480,69,12,India,744,53966.95,1,0,87310.16,-0.0484,3.88,0.5814,16,5,1,0
CUST003481,27,9,Germany,599,88037.5,1,1,125697.88,-0.0339,0.83,0.5261,13,7,1,0
CUST003482,67,1,India,559,91786.79,1,1,151166.37,0.3267,0.5,0.1422,16,6,0,1
CUST003483,20,5,Germany,830,32985.01,3,1,109184.39,-0.0919,0.33,0.7332,12,0,1,0
CUST003484,30,7,India,667,71182.36,1,0,98457.71,0.1485,0.06,0.2539,12,1,1,0
CUST003485,60,3,Germany,521,76396.33,2,1,107027.35,0.1223,0.83,0.3732,11,0,0,0
CUST003486,66,8,India,850,55597.3,1,1,18000.0,-0.1507,0.37,0.3017,9,0,0,0
CUST003487,47,11,France,642,55619.69,1,1,18000.0,-0.1793,3.66,0.4487,13,4,0,0
CUST003488,71,11,India,414,55411.42,1,0,136272.3,0.155,0.09,0.5628,15,0,1,0
CUST003489,62,14,Germany,766,176037.95,1,1,84210.83,0.5008,0.23,0.0499,7,0,0,1
CUST003490,23,7,USA,465,110133.48,2,1,59074.18,-0.299,0.41,0.1237,17,2,1,0
CUST003491,34,6,India,673,10737.36,2,1,110585.34,-0.0857,1.28,0.7614,16,0,0,0
CUST003492,62,13,USA,717,131377.63,1,0,92460.28,0.0531,1.2,0.6932,17,1,1,0
CUST003493,68,6,France,704,7356.61,2,1,37916.03,0.0752,0.22,0.1453,11,0,1,0
CUST003494,70,2,India,774,92671.72,1,1,145461.58,0.0131,0.36,0.2258,16,1,0,0
CUST003495,36,13,France,731,93191.95,2,1,154260.32,0.6591,0.05,0.0794,12,3,1,0
CUST003496,59,5,USA,798,53242.37,2,1,110097.95,-0.0142,0.38,0.0292,13,1,0,0
CUST003497,52,12,Germany,642,140619.27,1,1,107894.68,-0.334,0.15,0.5668,12,1,1,0
CUST003498,63,12,India,616,122727.77,2,0,99478.17,0.4101,2.02,0.2927,11,0,1,0
CUST003499,43,4,USA,622,27929.87,1,1,105752.31,-0.2325,1.32,0.0767,8,4,0,0
CUST003500,68,0,France,759,58015.31,1,1,116758.45,0.0253,0.14,0.553,17,0,1,0
CUST003501,22,10,USA,598,22883.36,2,0,77450.89,-0.1391,0.54,0.2269,12,3,0,0
CUST003502,46,2,USA,717,40445.0,1,1,138529.53,-0.1508,2.54,0.3199,13,0,1,0
CUST003503,54,12,India,581,116307.81,1,0,108170.57,-0.2783,0.42,0.3905,12,0,1,0
CUST003504,37,11,India,582,75163.79,1,1,137119.94,0.2179,0.48,0.0357,9,4,1,0
CUST003505,66,0,USA,744,139824.75,2,0,160545.48,0.2947,0.33,0.368,10,2,0,0
CUST003506,38,3,Germany,684,22003.39,1,1,101743.44,0.1816,0.54,0.4059,8,8,0,0
CUST003507,27,9,USA,477,93112.04,1,1,115976.83,0.4215,0.73,0.6161,13,1,0,0
CUST003508,22,2,India,581,127533.35,1,0,130921.31,-0.146,0.08,0.7255,7,0,1,0
CUST003509,53,10,USA,444,82286.83,1,1,103381.01,-0.0264,0.08,0.3519,12,11,0,1
CUST003510,23,3,India,619,8501.86,2,1,83479.87,-0.1258,1.17,0.6609,9,0,1,0
CUST003511,43,8,USA,628,10900.23,1,1,108786.66,0.1668,3.25,0.4456,15,2,1,1
CUST003512,21,2,France,612,132329.37,2,0,162432.6,0.0994,0.54,0.3165,14,1,0,0
CUST003513,56,11,Germany,746,42956.44,2,1,18000.0,-0.3368,1.58,0.1837,13,1,1,0
CUST003514,56,5,India,683,27669.02,1,1,135839.52,0.3783,1.63,0.4403,8,0,1,0
CUST003515,67,5,France,847,54993.22,1,1,107466.67,-0.1807,0.37,0.3365,12,2,0,0
CUST003516,52,6,USA,692,60298.91,2,0,74946.05,-0.3464,0.32,0.6471,7,1,1,0
CUST003517,18,8,Germany,694,149544.62,2,1,141606.93,-0.2793,1.05,0.2828,12,0,1,0
CUST003518,41,11,India,671,32200.41,3,1,42194.38,0.341,1.93,0.8387,19,0,1,0
CUST003519,74,6,Germany,628,111701.48,3,0,80757.84,0.4508,1.54,0.3227,12,0,1,0
CUST003520,53,13,India,598,166564.59,2,0,162961.71,0.0036,0.31,0.3639,13,0,1,0
CUST003521,23,0,USA,631,134610.24,4,0,18000.0,0.2477,0.35,0.103,7,1,0,0
CUST003522,58,14,India,634,220074.92,2,1,124051.87,-0.1894,1.07,0.2465,20,2,0,0
CUST003523,71,7,India,642,47647.16,1,1,169049.9,0.1847,0.31,0.1051,11,1,1,0
CUST003524,63,4,India,700,131315.13,2,1,152975.43,0.1468,1.53,0.1704,12,1,1,0
CUST003525,61,8,India,674,70667.97,1,0,119128.35,-0.2682,0.57,0.5102,20,2,1,0
CUST003526,74,9,India,608,43828.96,1,1,53939.15,0.0384,0.28,0.2434,10,2,1,0
CUST003527,48,12,Germany,590,61643.81,1,1,142897.26,0.0525,0.27,0.4054,16,4,0,0
CUST003528,37,14,India,667,47184.58,1,1,69862.33,-0.1666,1.23,0.3577,13,1,1,0
CUST003529,41,11,USA,575,142035.31,1,1,92547.34,0.233,0.11,0.2886,19,0,1,0
CUST003530,42,4,India,615,30371.13,1,1,97515.18,-0.2465,2.15,0.2948,11,2,0,1
CUST003531,53,4,France,607,206053.82,1,1,40919.03,0.2499,0.43,0.0981,9,4,1,0
CUST003532,38,14,France,844,101407.91,1,1,162100.51,0.4793,1.49,0.5165,9,0,0,0
CUST003533,47,11,India,548,7461.61,2,0,95599.23,0.1776,1.26,0.2361,10,5,0,0
CUST003534,41,11,USA,586,90175.51,1,0,96533.3,0.2663,1.21,0.7749,13,1,1,0
CUST003535,61,13,India,605,118579.8,2,0,70633.48,0.262,0.9,0.4572,8,1,0,0
CUST003536,59,1,France,613,45689.31,3,1,65998.02,0.2688,0.55,0.447,5,6,1,0
CUST003537,47,11,USA,729,37314.8,2,1,129614.86,-0.0439,0.4,0.1797,16,2,1,0
CUST003538,39,10,India,629,198398.53,1,0,130867.62,0.1605,0.7,0.4015,11,1,1,0
CUST003539,45,2,India,544,54927.19,2,1,242666.09,0.1493,0.6,0.2537,6,2,1,0
CUST003540,24,9,India,764,67095.06,1,1,85055.81,-0.3087,0.35,0.2008,15,1,0,1
CUST003541,52,8,India,671,158049.53,2,1,79672.08,-0.0702,0.54,0.243,10,3,1,0
CUST003542,72,6,Germany,683,71483.0,1,0,153141.32,-0.1532,0.36,0.6677,11,0,0,0
CUST003543,45,0,USA,702,123400.73,2,0,140390.67,-0.0879,0.86,0.4958,7,1,1,0
CUST003544,31,2,India,551,46748.7,2,0,86103.95,0.3099,1.44,0.6613,8,1,1,0
CUST003545,73,11,India,649,32741.02,2,1,116944.74,-0.0721,1.24,0.2665,7,0,1,0
CUST003546,27,1,India,715,99614.51,2,0,174910.63,-0.0782,0.33,0.4735,11,3,1,0
CUST003547,33,0,India,598,15178.66,1,1,42840.51,0.0615,0.57,0.5812,11,0,1,0
CUST003548,33,8,Germany,674,101242.43,2,1,64372.19,-0.0211,0.01,0.1142,18,6,1,0
CUST003549,71,7,India,693,19102.33,1,1,120591.29,-0.1725,1.63,0.8691,5,12,1,1
CUST003550,48,14,USA,533,100650.43,1,1,67546.71,0.0841,0.23,0.8193,8,0,1,0
CUST003551,59,4,India,567,152572.33,1,1,69926.24,0.0467,0.47,0.5895,15,0,1,0
CUST003552,42,10,India,467,47594.04,1,1,158928.26,-0.1128,0.13,0.3063,8,0,0,0
CUST003553,30,11,USA,668,50507.66,1,1,119836.24,0.1017,0.91,0.5285,9,6,1,0
CUST003554,23,1,USA,800,45502.36,2,1,97370.55,-0.0556,0.63,0.1611,12,1,1,0
CUST003555,61,0,USA,594,57813.94,2,1,62695.79,0.2557,0.36,0.6432,9,3,1,0
CUST003556,26,6,USA,634,96847.17,1,1,117597.06,-0.4101,0.61,0.1967,13,4,0,0
CUST003557,62,12,USA,731,54919.37,1,1,156267.3,-0.0871,0.15,0.6977,16,8,0,0
CUST003558,53,10,India,671,56737.74,2,1,38001.15,0.0808,1.2,0.2598,11,6,0,0
CUST003559,73,10,USA,572,131726.78,2,1,41379.22,-0.0355,0.25,0.5572,5,0,0,0
CUST003560,60,14,Germany,772,14503.41,1,1,132644.93,-0.3081,0.76,0.12,10,0,1,0
CUST003561,37,1,India,665,127808.62,2,1,73189.51,0.536,1.84,0.0797,12,0,0,0
CUST003562,35,0,USA,631,29699.02,3,1,61186.07,0.0534,0.03,0.8499,17,0,1,0
CUST003563,60,1,India,638,22039.08,1,0,67324.12,-0.2584,0.39,0.2479,17,0,0,0
CUST003564,74,6,India,697,76672.28,1,1,136316.74,0.2445,0.12,0.2855,15,1,0,0
CUST003565,38,6,USA,600,142107.02,3,0,134844.16,-0.044,1.91,0.4969,16,0,1,1
CUST003566,21,9,France,775,197246.3,1,1,119002.4,0.316,0.36,0.636,15,0,1,0
CUST003567,67,5,France,750,50569.11,2,1,79438.04,-0.0501,0.19,0.5296,14,8,1,0
CUST003568,50,4,India,650,4723.16,2,1,60861.63,0.2569,0.9,0.3495,15,3,1,0
CUST003569,44,2,USA,654,97440.92,1,0,71044.4,0.0559,0.63,0.7527,11,0,1,0
CUST003570,24,13,USA,582,7030.41,1,0,57348.5,0.0547,1.36,0.7019,14,1,1,0
CUST003571,23,11,India,599,122112.27,2,1,81153.6,-0.1143,1.12,0.6598,15,4,0,0
CUST003572,32,2,Germany,559,103500.83,2,0,101733.14,-0.0579,2.94,0.4632,12,3,0,1
CUST003573,35,10,Germany,633,159995.67,1,1,135451.48,0.1335,0.08,0.1712,19,0,1,0
CUST003574,49,12,France,654,141319.05,2,1,101816.79,-0.019,0.07,0.191,10,6,1,0
CUST003575,73,11,India,522,84653.71,2,1,91905.87,-0.1899,1.9,0.2769,14,0,0,0
CUST003576,28,8,India,705,77932.96,1,0,181665.19,-0.1409,2.49,0.3563,12,2,1,0
CUST003577,37,3,Germany,580,20989.65,2,1,18000.0,0.1796,0.42,0.7678,13,2,1,0
CUST003578,41,8,Germany,682,19752.17,1,0,130822.79,0.2243,0.49,0.6366,15,0,0,0
CUST003579,32,3,France,714,73441.34,1,1,125059.01,0.2927,0.37,0.6336,3,0,0,0
CUST003580,65,1,India,754,9214.09,2,1,125675.7,-0.0343,1.2,0.5418,10,1,0,0
CUST003581,24,14,USA,737,59395.55,1,0,144607.76,0.4904,1.18,0.4694,14,6,1,0
CUST003582,38,3,USA,782,46827.0,1,0,43024.67,0.2967,0.2,0.1121,15,0,1,0
CUST003583,59,5,India,715,112738.5,2,1,145805.59,0.0396,0.39,0.6375,10,0,1,0
CUST003584,43,5,USA,663,74609.52,2,1,118421.09,0.0605,0.19,0.1973,10,2,1,0
CUST003585,61,4,USA,612,137689.7,2,0,80990.37,0.213,0.04,0.6222,13,4,1,0
CUST003586,73,14,India,640,57290.12,3,0,130237.28,-0.1442,0.05,0.6018,9,10,1,0
CUST003587,31,14,India,780,3502.01,4,1,108546.48,-0.3088,0.13,0.2751,10,0,1,0
CUST003588,74,0,USA,634,110041.88,2,0,54760.58,0.0895,0.02,0.2323,12,1,1,0
CUST003589,54,2,USA,649,68310.35,1,0,18000.0,0.0767,0.44,0.652,14,0,1,0
CUST003590,38,4,France,768,59255.62,2,0,37032.04,-0.1506,0.05,0.4681,8,1,1,0
CUST003591,35,5,India,631,49829.35,1,1,65714.29,-0.117,1.5,0.6596,6,1,1,0
CUST003592,22,13,India,586,75286.19,2,1,118958.21,0.2838,1.0,0.178,15,0,0,0
CUST003593,20,0,France,740,59236.73,2,1,30908.7,0.0776,1.22,0.3572,13,3,0,0
CUST003594,40,13,France,583,108042.53,4,0,119698.18,-0.3538,0.77,0.6848,16,6,0,0
CUST003595,43,13,India,682,121875.99,4,1,114995.5,-0.5912,0.87,0.1816,11,2,1,0
CUST003596,54,8,Germany,668,53034.69,2,1,198745.28,-0.5127,0.1,0.1976,22,0,0,1
CUST003597,41,13,India,675,199979.14,1,0,117321.83,0.4386,0.05,0.3825,11,1,1,0
CUST003598,66,2,India,456,40639.6,2,1,18000.0,-0.1121,3.62,0.3222,7,1,1,1
CUST003599,36,9,India,712,77117.04,1,1,154993.91,-0.014,0.37,0.1894,12,6,1,0
CUST003600,68,12,India,645,24584.21,2,1,56208.43,0.6522,0.04,0.1453,8,5,1,0
CUST003601,42,2,Germany,699,69522.78,2,1,53654.11,-0.1909,0.14,0.1314,9,3,0,0
CUST003602,38,10,Germany,690,63378.95,2,1,90649.54,0.2731,1.66,0.047,12,0,1,0
CUST003603,29,1,France,675,72923.84,1,1,126448.29,-0.0137,0.18,0.4943,16,1,1,0
CUST003604,74,7,Germany,618,136572.21,1,1,86831.83,0.2654,0.5,0.4284,12,4,1,0
CUST003605,58,14,USA,619,180124.17,2,1,100478.16,0.1712,0.88,0.2996,17,4,1,0
CUST003606,50,12,Germany,645,144698.95,1,0,56154.15,-0.4442,2.7,0.4693,8,4,1,0
CUST003607,67,2,France,663,69632.47,1,0,43941.53,-0.1822,0.01,0.2975,13,0,0,0
CUST003608,70,5,Germany,616,88201.32,1,1,109672.04,-0.1805,0.53,0.7308,9,1,0,0
CUST003609,21,1,Germany,725,170434.06,4,1,26812.55,0.1058,4.42,0.5033,13,6,1,1
CUST003610,59,6,France,623,13930.02,2,0,65762.51,-0.1049,0.1,0.5776,18,1,1,0
CUST003611,74,12,India,571,124663.47,2,1,84129.14,0.1148,0.11,0.5424,13,12,0,0
CUST003612,24,3,Germany,697,20942.32,1,1,111260.31,0.1943,0.07,0.1385,10,1,1,0
CUST003613,39,8,France,800,146873.07,1,1,87499.22,0.4787,0.57,0.302,11,3,1,0
CUST003614,72,13,France,556,67701.0,1,1,84764.44,0.1871,0.34,0.3762,16,3,1,0
CUST003615,50,9,India,639,21462.0,2,1,40938.77,0.0323,1.01,0.1553,9,0,1,0
CUST003616,34,8,USA,735,35220.57,2,0,80120.06,0.1006,0.68,0.2088,15,0,0,0
CUST003617,41,6,Germany,695,45064.05,1,0,88015.63,-0.3753,0.7,0.1662,5,3,1,0
CUST003618,51,14,India,699,135082.52,1,1,119993.52,-0.0879,0.57,0.3234,10,5,1,0
CUST003619,45,11,USA,652,159045.82,1,1,61595.48,-0.1971,3.87,0.4423,11,1,0,0
CUST003620,60,7,India,437,51080.88,2,1,57087.07,0.3219,0.62,0.1002,13,1,1,0
CUST003621,58,2,India,670,21907.88,3,1,41809.25,0.2367,0.06,0.3148,11,0,0,0
CUST003622,56,10,USA,679,201847.02,2,0,107283.01,-0.4114,0.31,0.4052,12,0,0,0
CUST003623,39,4,USA,740,126778.78,2,1,83187.24,0.2126,1.21,0.2232,6,6,0,0
CUST003624,66,1,USA,589,27929.57,1,1,93560.88,0.2715,0.79,0.4981,14,3,1,1
CUST003625,34,9,USA,784,98289.0,2,1,77253.26,-0.1383,0.92,0.254,9,4,1,0
CUST003626,51,6,India,625,50440.0,1,1,79158.24,0.2548,2.04,0.6121,16,0,1,1
CUST003627,23,12,India,611,3680.68,1,1,70835.07,0.0931,0.47,0.605,11,2,1,0
CUST003628,63,7,India,592,56777.0,1,1,124039.7,-0.2703,0.02,0.4787,8,0,1,0
CUST003629,23,8,India,733,8981.42,1,1,101977.34,-0.302,3.69,0.7742,12,1,1,0
CUST003630,51,10,USA,562,46206.39,1,1,170454.75,0.6867,0.48,0.1442,12,0,1,0
CUST003631,18,10,Germany,700,52020.66,2,1,85435.31,-0.0078,0.08,0.6597,10,0,1,0
CUST003632,27,6,India,585,42537.05,1,1,175651.33,0.1398,0.64,0.2949,10,0,1,0
CUST003633,38,9,India,646,132479.15,2,0,86352.09,-0.3261,0.71,0.412,14,0,1,0
CUST003634,22,14,Germany,528,101068.32,3,1,124492.27,0.4779,0.66,0.3724,10,11,1,0
CUST003635,19,9,India,712,36366.6,1,1,70671.5,0.2564,2.68,0.3995,10,2,1,0
CUST003636,39,12,France,637,96006.78,1,0,123248.7,0.0887,0.31,0.3827,13,2,1,0
CUST003637,65,7,Germany,694,156969.27,2,1,18000.0,0.4748,0.03,0.407,13,1,1,0
CUST003638,74,11,India,635,24544.27,2,1,40125.62,-0.3238,2.02,0.0571,8,0,1,1
CUST003639,19,8,India,692,5473.03,1,1,52982.41,-0.1208,0.17,0.6889,14,0,1,0
CUST003640,27,5,USA,646,8758.15,2,0,198538.52,0.0589,1.11,0.5559,15,4,0,0
CUST003641,51,11,India,709,99344.11,2,0,150580.94,-0.1,0.18,0.2679,15,0,1,0
CUST003642,33,11,India,692,168369.3,4,0,112442.88,0.2495,1.41,0.0793,11,9,1,0
CUST003643,65,9,India,665,128564.59,2,1,80042.43,0.1785,1.89,0.1964,12,0,0,0
CUST003644,68,1,Germany,577,155665.32,1,1,72076.74,0.3511,0.09,0.6894,10,2,1,1
CUST003645,56,1,USA,615,60358.97,1,0,70902.18,0.0934,0.13,0.1182,13,0,1,0
CUST003646,39,3,India,588,24333.01,1,0,132402.47,-0.2003,2.08,0.4782,10,7,1,0
CUST003647,29,14,Germany,764,6695.06,1,1,104341.12,-0.0268,1.18,0.8024,4,1,1,0
CUST003648,41,8,USA,712,110634.34,2,1,143149.55,0.195,0.03,0.5602,9,4,1,0
CUST003649,64,6,USA,653,63640.79,3,1,126916.9,-0.0317,0.16,0.3652,11,0,0,0
CUST003650,57,1,India,605,109970.62,4,0,119858.46,0.0784,0.42,0.1514,15,2,0,0
CUST003651,55,7,USA,586,123100.78,1,1,62357.24,-0.0626,1.6,0.2838,18,2,1,0
CUST003652,27,10,France,659,148421.02,1,1,62224.32,0.1779,0.13,0.0535,14,1,1,0
CUST003653,52,6,India,797,200584.89,2,0,106274.43,0.1832,1.03,0.4377,13,0,0,0
CUST003654,68,8,India,650,86232.91,1,0,118242.42,0.6482,0.07,0.2994,11,2,0,0
CUST003655,66,7,India,746,114379.52,1,0,90759.75,-0.3575,0.5,0.5134,10,5,0,1
CUST003656,49,2,India,672,5240.6,2,0,40261.69,0.1296,1.04,0.7192,7,1,1,0
CUST003657,24,0,India,695,25783.62,2,1,110722.51,0.57,0.05,0.0684,9,6,1,0
CUST003658,38,1,Germany,611,153097.35,3,1,136318.85,0.3491,0.18,0.0828,14,1,0,0
CUST003659,37,14,France,634,109918.71,1,0,47046.02,0.5253,1.26,0.5989,10,0,1,0
CUST003660,43,13,India,583,153418.15,2,1,85958.96,-0.2159,0.14,0.1652,14,0,0,0
CUST003661,21,12,USA,674,60144.08,2,1,54566.48,0.0642,0.88,0.2921,6,3,1,0
CUST003662,63,1,USA,630,222944.28,1,1,145913.94,-0.2969,0.82,0.5893,11,3,0,0
CUST003663,69,3,USA,678,95411.31,2,0,195828.14,-0.1641,0.59,0.5048,13,3,1,0
CUST003664,39,5,USA,571,29276.65,1,1,163072.58,0.4016,0.18,0.2824,9,0,1,0
CUST003665,32,3,India,686,56287.06,2,1,24050.45,-0.2417,0.43,0.1825,9,2,0,0
CUST003666,73,8,USA,663,23439.9,2,0,116612.4,-0.0272,0.78,0.1815,12,5,1,0
CUST003667,57,3,USA,660,17574.93,1,1,126404.07,-0.1831,1.71,0.5477,17,3,1,1
CUST003668,38,5,Germany,681,51999.68,2,1,183259.61,0.1221,1.28,0.3556,6,2,1,0
CUST003669,32,5,Germany,630,172086.8,1,1,72237.37,-0.3195,0.75,0.3026,14,6,1,0
CUST003670,39,9,India,850,71918.93,2,1,94029.47,0.051,0.21,0.0644,18,3,1,0
CUST003671,69,10,India,687,143230.8,2,1,43396.61,0.2774,0.2,0.5581,13,0,1,0
CUST003672,45,9,France,658,69808.71,2,1,35270.21,-0.0383,1.35,0.2812,6,3,1,0
CUST003673,31,0,USA,709,12382.36,4,1,103253.56,0.3865,0.87,0.3848,7,11,1,0
CUST003674,44,7,France,608,109821.18,1,1,170447.89,0.1765,0.35,0.6048,10,1,1,0
CUST003675,58,11,India,605,23622.36,1,1,101376.54,-0.0358,2.85,0.1904,11,0,0,1
CUST003676,57,2,USA,714,51383.34,3,0,102372.38,-0.1271,1.76,0.1365,16,0,0,1
CUST003677,45,14,USA,721,201958.88,2,1,39259.47,0.304,0.89,0.6532,10,0,0,0
CUST003678,43,12,France,745,113479.77,3,0,106971.68,-0.0286,0.37,0.2364,10,3,1,0
CUST003679,66,5,India,535,25140.86,1,0,73405.5,0.0195,0.3,0.5418,8,2,1,0
CUST003680,19,2,India,639,121390.64,2,0,78174.37,0.5761,2.24,0.3496,13,6,1,0
CUST003681,42,14,USA,676,17857.68,3,1,181995.21,0.3078,0.47,0.1827,8,5,1,0
CUST003682,73,10,France,707,32752.28,2,1,78941.83,-0.1479,1.29,0.3805,13,0,0,1
CUST003683,20,1,France,692,143734.67,3,1,83654.27,0.0735,2.25,0.6363,14,0,1,0
CUST003684,25,14,France,581,94279.73,1,1,110496.14,0.298,0.54,0.7975,17,1,1,0
CUST003685,61,4,France,691,63770.69,1,1,18000.0,-0.1131,0.85,0.2398,13,0,0,0
CUST003686,50,13,India,675,27256.56,1,1,62647.66,0.4066,0.07,0.5327,14,0,1,0
CUST003687,59,0,India,675,56449.69,1,1,18000.0,0.1615,0.85,0.1253,14,0,0,0
CUST003688,69,8,India,562,87918.05,1,1,73577.61,0.6224,0.19,0.0189,12,0,0,0
CUST003689,52,10,India,575,3734.35,4,1,191487.83,-0.0186,0.89,0.2584,14,0,1,0
CUST003690,23,6,Germany,794,78620.08,2,1,18000.0,0.195,0.09,0.1602,16,0,1,0
CUST003691,56,2,France,728,172119.82,3,1,20058.14,-0.1297,0.55,0.6879,17,0,0,0
CUST003692,69,3,India,644,90050.28,3,1,164988.86,0.0277,0.59,0.5709,18,3,1,0
CUST003693,40,12,USA,646,112228.97,1,0,92355.23,-0.0974,0.53,0.2995,16,8,0,0
CUST003694,42,5,France,827,48730.43,1,0,121113.59,0.3081,1.13,0.3436,3,0,0,0
CUST003695,67,2,USA,653,10832.29,1,1,104658.07,-0.3592,1.12,0.2943,11,9,1,0
CUST003696,60,11,India,640,41184.63,2,0,106108.39,-0.6567,0.98,0.2921,19,0,1,0
CUST003697,36,6,USA,586,141405.83,1,1,83463.5,0.1219,0.8,0.3894,9,1,1,0
CUST003698,22,12,India,631,69969.15,2,0,18000.0,0.0676,1.88,0.8477,7,1,1,0
CUST003699,68,5,USA,515,63460.99,1,1,98963.74,-0.1421,0.69,0.4932,11,0,1,0
CUST003700,28,8,USA,691,44652.8,1,1,152683.74,0.0764,0.34,0.8967,12,0,0,0
CUST003701,73,11,India,750,2830.1,1,1,148088.64,-0.4382,0.05,0.2438,15,1,1,1
CUST003702,29,14,France,751,160777.01,2,0,127888.91,0.443,0.61,0.4605,12,0,0,0
CUST003703,27,4,USA,593,63099.64,3,0,94976.21,-0.1464,0.21,0.0942,13,3,1,0
CUST003704,25,3,USA,466,43044.7,4,1,107270.57,0.3105,0.39,0.1727,7,0,0,0
CUST003705,41,2,France,677,80942.76,3,1,141127.3,-0.2376,0.04,0.3183,15,1,1,0
CUST003706,45,9,India,755,43167.51,1,1,26717.83,-0.287,0.82,0.3448,10,0,1,0
CUST003707,58,0,India,521,95399.06,2,0,186603.58,-0.1849,1.74,0.1777,15,0,1,0
CUST003708,53,2,Germany,620,33556.05,1,1,148358.2,0.0605,0.31,0.6708,14,0,0,0
CUST003709,54,2,India,678,83662.94,1,1,188739.47,0.276,1.31,0.2911,14,0,1,0
CUST003710,38,6,Germany,582,72740.72,2,0,114999.11,0.4437,0.11,0.4782,12,6,1,0
CUST003711,25,6,India,511,191039.15,1,0,74826.41,0.3185,1.03,0.3276,13,2,0,0
CUST003712,72,12,India,590,194448.76,1,1,122238.83,-0.3026,0.07,0.1636,16,1,1,0
CUST003713,26,14,USA,604,124823.4,1,1,136261.02,0.001,0.24,0.1699,16,1,0,0
CUST003714,64,11,India,499,70525.7,4,0,192460.81,-0.0741,0.36,0.7465,16,1,1,0
CUST003715,32,0,Germany,735,125790.04,2,1,85927.35,0.0294,0.14,0.7583,15,6,1,0
CUST003716,65,2,USA,774,123815.02,1,1,80170.74,0.1452,0.16,0.8032,12,10,1,0
CUST003717,63,12,France,652,46847.48,3,1,150855.01,-0.143,0.96,0.3179,14,0,0,0
CUST003718,57,7,Germany,708,26277.84,3,1,88769.38,0.543,0.08,0.4543,9,0,0,0
CUST003719,35,8,India,531,41987.32,2,1,71122.29,-0.0567,2.17,0.0672,10,2,1,0
CUST003720,59,6,Germany,638,68620.92,2,1,74228.13,0.2371,1.17,0.7292,20,1,0,0
CUST003721,37,6,USA,603,44692.2,1,1,18000.0,-0.315,0.35,0.4115,14,3,1,0
CUST003722,23,11,Germany,682,42264.23,1,1,65913.95,0.5446,0.79,0.1135,13,0,0,0
CUST003723,29,14,Germany,434,26111.12,1,1,120251.54,0.2179,1.02,0.1972,15,1,1,0
CUST003724,19,10,USA,625,23418.54,3,1,99750.2,-0.0244,0.72,0.2811,8,0,1,0
CUST003725,24,7,USA,700,116600.1,2,0,122523.61,0.1387,0.77,0.3205,14,3,1,0
CUST003726,33,5,USA,669,111807.87,1,1,163657.55,0.1579,1.98,0.6192,9,0,0,0
CUST003727,20,10,India,712,112472.58,2,1,214633.88,0.0982,1.7,0.123,11,2,0,0
CUST003728,62,2,India,602,58885.51,2,0,86928.82,-0.0185,1.96,0.1775,11,2,0,0
CUST003729,20,14,USA,424,165326.05,2,0,45367.27,-0.2648,1.73,0.5486,9,2,1,0
CUST003730,44,0,India,737,92511.8,1,1,78940.63,0.4446,0.93,0.3164,16,3,1,0
CUST003731,67,6,India,710,31451.82,2,1,137069.04,0.0971,0.54,0.4528,6,0,0,0
CUST003732,60,0,India,775,40036.3,1,0,218414.02,-0.1411,0.53,0.2544,12,3,0,0
CUST003733,57,0,USA,655,5170.11,1,1,107743.32,-0.0182,1.18,0.2477,11,10,1,1
CUST003734,55,8,India,683,92407.66,2,0,122973.53,0.3422,2.06,0.2589,9,3,0,0
CUST003735,50,12,Germany,836,30198.07,1,1,89000.16,0.3579,0.07,0.5104,12,0,1,0
CUST003736,45,9,India,501,82842.88,2,1,107384.49,-0.0213,1.68,0.3361,10,0,0,0
CUST003737,18,6,USA,685,119549.61,1,0,159615.1,-0.0874,1.52,0.6588,7,0,1,1
CUST003738,72,12,USA,747,43267.68,4,1,138784.57,-0.0714,0.07,0.7358,8,2,0,0
CUST003739,25,10,Germany,667,20942.2,2,1,97252.32,0.3097,0.85,0.4903,10,0,1,0
CUST003740,54,12,India,655,57359.64,1,1,112118.36,0.3746,2.86,0.9001,12,5,0,0
CUST003741,49,3,France,531,169625.96,2,1,82333.23,-0.0142,1.53,0.9285,11,4,1,0
CUST003742,65,5,France,767,189259.74,1,1,157096.33,0.2096,0.05,0.2192,8,0,1,0
CUST003743,60,0,Germany,735,151629.14,2,1,189150.44,-0.0313,2.07,0.2311,17,0,1,0
CUST003744,54,6,France,752,58849.02,1,1,58263.97,-0.2904,0.15,0.4271,9,4,1,1
CUST003745,21,11,USA,648,72673.03,1,0,62008.85,0.2014,0.06,0.5266,17,1,1,0
CUST003746,47,14,USA,624,118507.42,4,1,82798.12,0.0098,0.21,0.6442,15,5,0,0
CUST003747,23,5,Germany,649,85091.51,1,1,141096.94,0.0155,0.53,0.7265,14,0,1,0
CUST003748,63,3,Germany,785,117188.83,2,0,79513.55,0.2505,1.35,0.6387,12,2,0,0
CUST003749,71,6,France,629,132923.72,1,0,145058.81,-0.2841,0.25,0.4479,14,3,1,0
CUST003750,36,2,Germany,768,151574.37,2,0,24708.06,-0.4815,0.4,0.1774,12,1,0,0
CUST003751,49,0,France,638,142450.65,1,0,96471.75,0.1417,0.12,0.4097,13,0,1,0
CUST003752,26,3,India,581,104041.34,1,1,106398.76,0.4731,0.28,0.4289,15,0,1,0
CUST003753,29,2,Germany,483,135400.2,1,0,55203.27,0.2916,1.86,0.2255,13,2,0,0
CUST003754,28,0,Germany,695,11597.29,1,1,93249.38,-0.1406,0.91,0.5954,13,2,1,0
CUST003755,63,1,Germany,711,70199.18,3,0,153273.28,0.1196,0.9,0.4573,9,0,1,0
CUST003756,72,10,India,557,34543.77,3,1,93215.71,0.1791,0.23,0.485,9,0,1,0
CUST003757,33,4,Germany,768,165986.5,3,1,120059.05,0.1919,0.13,0.2235,16,5,1,0
CUST003758,18,14,France,539,87406.0,1,0,168127.34,-0.0985,1.75,0.5464,14,2,1,0
CUST003759,62,7,India,706,66140.19,1,1,56293.89,-0.1008,2.3,0.1804,11,2,0,1
CUST003760,72,0,USA,710,12890.12,2,1,112442.08,-0.5309,0.04,0.1375,11,0,1,0
CUST003761,70,3,India,735,10323.77,4,1,18000.0,0.1058,0.6,0.1769,13,0,1,0
CUST003762,38,13,France,492,6026.92,2,1,33217.72,0.241,0.46,0.7321,14,1,0,0
CUST003763,47,3,USA,735,122199.37,1,1,135917.03,0.293,1.07,0.5892,14,2,0,1
CUST003764,30,4,India,638,113073.35,2,1,74428.37,-0.2268,0.29,0.3828,9,1,1,0
CUST003765,51,6,India,622,91506.47,1,1,113850.75,0.0339,0.78,0.0432,9,1,0,0
CUST003766,21,12,Germany,716,125051.26,3,1,27463.05,0.0271,0.07,0.2807,8,3,1,0
CUST003767,45,11,India,726,26057.79,4,0,18000.0,-0.165,1.39,0.4805,16,1,1,0
CUST003768,55,7,USA,490,38307.42,4,1,66259.41,0.3092,0.22,0.3955,17,1,1,0
CUST003769,48,14,France,546,118365.19,1,0,72367.84,0.0491,0.3,0.5603,14,6,1,0
CUST003770,72,5,France,745,72512.39,2,1,83012.86,-0.0768,0.38,0.6101,11,2,1,0
CUST003771,44,0,India,687,127636.56,2,1,170431.17,0.3334,0.19,0.5582,13,2,1,0
CUST003772,22,6,France,664,102417.47,1,0,18000.0,0.205,1.32,0.4807,7,0,0,0
CUST003773,42,2,Germany,571,71441.21,2,0,64929.11,-0.1197,0.06,0.1217,10,1,1,0
CUST003774,20,14,India,685,88746.35,2,1,82415.43,-0.3863,2.17,0.7411,10,1,1,0
CUST003775,50,12,India,747,163363.52,1,1,93167.69,-0.1439,2.13,0.6644,10,0,0,0
CUST003776,21,12,India,835,58012.6,1,1,147608.1,0.0758,1.41,0.2875,11,3,1,0
CUST003777,42,12,Germany,621,121679.24,1,0,97133.79,-0.0782,2.43,0.6063,16,1,1,0
CUST003778,37,5,India,720,95163.33,4,1,138202.91,-0.2465,1.15,0.2894,8,4,1,0
CUST003779,51,14,India,798,27829.31,2,1,156983.91,-0.013,0.66,0.3341,15,6,1,0
CUST003780,43,7,Germany,534,5471.15,2,1,33241.19,-0.3795,1.02,0.7738,10,0,0,0
CUST003781,22,6,USA,793,73543.97,1,1,154058.96,0.1874,0.0,0.0895,9,3,0,0
CUST003782,52,9,Germany,666,45142.86,2,1,90602.29,0.572,0.93,0.1592,11,4,0,0
CUST003783,45,5,Germany,655,17094.84,1,1,102275.53,0.1986,0.03,0.5226,6,4,1,0
CUST003784,46,8,India,606,142385.87,2,1,107031.37,0.3725,1.75,0.1851,11,1,0,0
CUST003785,26,8,France,620,16715.19,2,1,119993.03,-0.116,1.81,0.4759,20,0,0,0
CUST003786,69,0,India,590,63684.28,3,0,29132.44,-0.0409,0.1,0.7362,5,0,0,0
CUST003787,55,0,USA,573,21811.8,1,0,24880.98,-0.2504,0.91,0.3939,7,0,1,1
CUST003788,67,0,USA,685,167932.43,1,1,75456.17,0.1957,0.88,0.3047,10,0,0,0
CUST003789,23,7,India,739,232086.05,3,1,129193.58,0.3081,0.55,0.0983,12,0,0,0
CUST003790,36,11,France,566,56704.13,3,1,161638.41,-0.1085,0.02,0.5434,17,6,1,0
CUST003791,61,12,USA,594,128614.42,1,0,67307.36,0.1006,0.1,0.4095,9,7,0,0
CUST003792,74,13,India,670,154724.52,1,1,141144.86,-0.3242,0.86,0.3463,15,1,1,0
CUST003793,28,11,France,560,131720.97,1,0,89745.7,0.0061,0.6,0.8503,17,0,0,0
CUST003794,19,13,USA,669,125044.86,2,1,115850.64,-0.1632,0.04,0.3346,7,0,1,0
CUST003795,64,9,Germany,628,33915.76,2,1,71160.42,0.0814,0.58,0.261,16,0,1,0
CUST003796,61,6,USA,518,148930.93,2,1,106633.64,0.1973,1.51,0.2231,17,1,0,0
CUST003797,61,2,Germany,687,98275.05,1,0,55740.11,-0.1892,1.77,0.3557,9,0,1,0
CUST003798,26,12,India,605,61799.27,2,0,104518.26,-0.2886,0.96,0.1656,16,3,0,1
CUST003799,38,1,India,732,71157.7,1,1,141621.45,0.0267,0.87,0.569,8,3,1,0
CUST003800,41,3,USA,634,91986.81,1,1,80638.57,0.033,1.17,0.2923,14,4,1,0
CUST003801,51,2,India,593,60251.69,1,1,112033.97,0.0186,0.11,0.246,14,0,0,0
CUST003802,39,6,Germany,647,53995.42,1,1,117716.88,-0.2675,0.17,0.3461,16,3,1,1
CUST003803,20,9,India,749,15383.43,2,0,153281.28,-0.2641,0.53,0.3155,15,3,0,0
CUST003804,29,14,India,797,107630.46,1,1,18000.0,0.1093,0.48,0.5279,10,0,1,0
CUST003805,45,14,India,697,65982.47,2,1,133751.98,-0.4053,0.16,0.1313,12,0,1,0
CUST003806,47,7,Germany,602,26839.86,2,1,47763.96,-0.2579,0.91,0.7723,11,1,1,0
CUST003807,43,5,Germany,652,82061.91,4,1,43340.77,0.4768,1.08,0.2168,10,4,1,0
CUST003808,65,2,India,642,78655.34,3,0,69010.81,-0.0917,0.25,0.2325,15,8,1,0
CUST003809,38,5,USA,637,107360.82,2,0,55054.72,-0.3166,0.3,0.2849,6,0,1,0
CUST003810,45,14,India,629,74147.36,1,0,109837.81,-0.2765,0.24,0.5728,14,1,1,0
CUST003811,73,1,USA,572,114243.03,1,0,53637.06,0.3485,0.26,0.2024,13,1,0,0
CUST003812,43,14,India,728,59068.21,2,1,127655.16,-0.1318,0.36,0.3113,14,1,0,0
CUST003813,50,11,USA,718,63529.27,1,1,18000.0,-0.0018,0.47,0.3826,15,6,1,0
CUST003814,38,6,USA,651,93208.77,1,1,151058.58,-0.0728,0.53,0.7651,13,0,1,0
CUST003815,52,13,France,750,100003.09,1,1,25439.94,-0.3259,0.53,0.4412,7,2,0,0
CUST003816,69,10,India,697,151120.25,1,1,119442.79,-0.3419,0.77,0.0638,12,5,1,0
CUST003817,51,9,Germany,560,140958.73,2,0,61382.68,0.1515,0.34,0.2386,16,0,1,0
CUST003818,58,13,USA,621,73296.69,2,0,79642.24,-0.2572,0.56,0.2091,13,1,1,0
CUST003819,68,6,France,768,11428.91,2,1,57997.11,0.6041,0.56,0.279,8,3,1,0
CUST003820,64,3,India,621,118409.28,1,1,18000.0,-0.3307,0.08,0.2716,18,0,1,0
CUST003821,35,12,India,594,108724.53,1,1,77792.98,-0.2528,0.79,0.1925,10,2,1,0
CUST003822,28,7,France,707,89455.48,2,1,41234.09,0.1627,0.26,0.1481,12,6,1,0
CUST003823,74,3,India,627,123938.41,4,0,31561.43,0.0809,0.04,0.3042,15,5,0,0
CUST003824,40,6,India,694,53148.0,1,1,79664.33,0.3709,0.83,0.6953,9,4,0,0
CUST003825,65,3,India,647,22891.51,2,1,86513.61,0.1629,0.04,0.2697,8,0,1,0
CUST003826,39,12,Germany,586,21789.71,1,1,104003.14,0.3335,0.47,0.1971,13,1,1,0
CUST003827,34,11,India,594,103609.33,1,1,123753.07,0.45,0.78,0.092,6,5,1,0
CUST003828,22,4,France,515,103517.83,1,0,42101.41,-0.0283,5.25,0.5728,10,5,1,1
CUST003829,61,6,USA,561,71906.42,2,0,33214.04,-0.4274,0.58,0.6132,10,1,1,1
CUST003830,28,12,India,700,129363.55,2,1,136283.28,0.414,0.31,0.418,20,0,1,0
CUST003831,47,13,USA,746,122720.73,1,1,84434.5,0.2835,0.54,0.6262,20,7,1,0
CUST003832,32,13,India,601,45631.94,2,1,194311.18,0.1798,0.17,0.4638,8,1,1,0
CUST003833,44,12,USA,540,24880.1,1,0,18000.0,0.416,0.46,0.4986,12,4,1,0
CUST003834,52,9,Germany,741,27159.54,1,1,116037.34,0.0299,1.65,0.4787,10,1,0,0
CUST003835,50,2,USA,743,194735.29,1,0,60926.43,-0.0997,0.12,0.2673,18,1,1,0
CUST003836,37,9,India,707,66617.2,3,1,62686.51,0.3223,0.6,0.5017,12,7,1,0
CUST003837,33,4,Germany,533,59045.6,1,1,73730.25,0.1159,0.78,0.5262,8,0,1,0
CUST003838,51,10,Germany,691,94069.76,1,1,164314.03,-0.0064,0.3,0.402,14,4,1,0
CUST003839,19,13,Germany,694,22362.82,1,0,19534.41,0.4305,1.07,0.3037,9,0,1,0
CUST003840,52,2,Germany,722,51373.13,2,1,18824.93,0.3841,0.87,0.3473,7,0,1,0
CUST003841,57,4,India,662,22887.88,2,1,129572.82,-0.0907,0.5,0.2656,13,0,0,0
CUST003842,73,13,France,589,9887.1,2,1,181813.58,-0.3153,0.82,0.7537,7,1,0,0
CUST003843,45,2,India,617,59747.07,2,1,64866.59,-0.1927,1.47,0.4621,14,0,1,0
CUST003844,64,10,India,744,78928.9,1,1,152073.29,-0.0973,0.73,0.3441,11,8,1,0
CUST003845,56,9,Germany,680,1806.22,3,1,141890.79,-0.0723,0.67,0.4091,10,2,0,1
CUST003846,23,10,France,545,53333.23,1,0,113494.83,0.118,0.78,0.3443,14,0,0,0
CUST003847,26,6,Germany,786,80958.71,1,1,108766.85,0.8119,0.9,0.5296,13,8,1,0
CUST003848,37,12,India,742,103998.68,2,1,81885.49,0.3032,0.41,0.5551,11,0,1,0
CUST003849,18,0,India,782,59083.8,2,1,143453.57,0.3553,1.45,0.4784,18,2,1,0
CUST003850,25,8,USA,740,96461.96,1,1,131904.49,0.0426,2.06,0.4412,9,0,0,0
CUST003851,72,8,France,575,54160.29,4,1,72483.3,0.1071,0.78,0.4146,10,0,0,0
CUST003852,40,4,India,676,155451.39,2,0,23872.5,0.1783,1.74,0.105,13,0,1,0
CUST003853,20,8,Germany,698,109729.12,1,0,62417.43,0.3519,1.09,0.5041,7,0,1,0
CUST003854,21,9,India,542,34387.47,1,0,48894.96,0.2932,0.44,0.3545,4,9,1,0
CUST003855,42,12,Germany,556,45289.76,1,1,97327.5,0.2263,0.55,0.6894,11,4,1,0
CUST003856,64,14,France,709,100321.55,4,0,123039.2,-0.1105,0.68,0.1305,10,6,1,0
CUST003857,55,5,USA,715,43447.98,2,0,118693.88,-0.3758,2.24,0.1452,7,1,1,0
CUST003858,32,14,India,839,43663.52,2,0,122096.45,0.3487,0.84,0.6237,12,0,0,0
CUST003859,38,4,Germany,629,94334.78,2,1,109275.26,0.233,0.57,0.5484,10,0,1,0
CUST003860,52,12,USA,515,52235.02,2,1,98954.58,-0.1078,0.11,0.5802,5,0,1,0
CUST003861,74,2,Germany,637,118151.52,2,0,96990.56,0.6098,0.88,0.2821,12,12,1,0
CUST003862,70,10,USA,717,78532.08,1,1,159263.89,-0.1611,0.65,0.5253,12,3,0,1
CUST003863,70,10,India,620,116045.43,2,1,76535.62,0.0412,2.25,0.5835,17,1,0,0
CUST003864,63,7,Germany,658,232180.16,2,1,89486.5,-0.0111,0.33,0.3108,13,0,0,0
CUST003865,69,3,India,598,155488.94,4,0,18000.0,-0.1204,1.27,0.7005,16,0,0,0
CUST003866,31,9,France,745,54256.62,2,1,73906.48,-0.0784,0.27,0.785,19,1,1,0
CUST003867,53,12,India,709,102236.35,1,0,85555.26,-0.1053,0.15,0.5923,9,2,0,0
CUST003868,29,14,Germany,584,83291.84,1,1,157425.56,-0.1309,0.01,0.3326,8,1,0,0
CUST003869,34,12,India,608,92640.77,1,1,35855.89,0.1893,1.81,0.1683,12,1,1,0
CUST003870,56,2,India,595,21190.28,2,1,93879.52,0.2641,0.47,0.4743,13,2,1,0
CUST003871,26,12,India,501,141373.67,1,0,92885.39,-0.1082,0.26,0.3081,13,2,1,0
CUST003872,52,5,Germany,589,66927.3,2,1,130631.12,-0.0752,0.41,0.7438,11,7,0,0
CUST003873,30,7,USA,508,74938.01,2,0,77631.4,0.1448,1.0,0.5658,18,7,0,0
CUST003874,32,12,France,724,32912.34,1,1,129199.68,0.1104,0.4,0.7134,9,0,1,0
CUST003875,35,14,India,731,32384.35,2,1,112294.06,0.0828,0.2,0.7473,9,1,1,0
CUST003876,68,8,Germany,626,88998.14,1,1,63474.59,0.0999,0.07,0.2628,12,0,1,0
CUST003877,50,13,Germany,666,129854.72,1,1,46668.88,0.2022,0.78,0.4375,7,7,0,0
CUST003878,23,5,India,735,139363.46,1,0,200361.16,0.3258,2.88,0.5431,14,0,1,0
CUST003879,44,4,USA,712,64032.05,2,1,74005.38,-0.0874,0.81,0.5002,15,2,0,0
CUST003880,40,11,USA,810,137412.02,4,1,18747.04,0.1344,2.35,0.5135,16,0,1,0
CUST003881,44,10,India,670,72117.74,2,1,78146.07,-0.0718,1.68,0.3393,9,1,1,0
CUST003882,51,1,India,766,31844.23,1,1,67778.72,-0.4464,0.14,0.5042,12,0,1,0
CUST003883,73,1,Germany,657,99144.92,1,1,43952.57,-0.174,1.69,0.6355,8,1,1,0
CUST003884,63,8,India,640,19115.05,2,1,98009.56,0.4972,0.0,0.5614,18,0,1,0
CUST003885,55,1,Germany,704,67742.11,1,0,109037.46,0.3056,0.57,0.3043,9,2,0,0
CUST003886,31,1,France,694,46320.37,2,1,18000.0,-0.4524,0.59,0.3545,13,1,1,0
CUST003887,53,2,USA,601,20102.59,1,1,106037.06,-0.1231,1.04,0.4336,12,3,0,1
CUST003888,70,2,USA,584,96433.24,1,1,135255.38,0.0073,1.13,0.7526,10,0,1,0
CUST003889,25,3,India,655,84927.81,1,1,53648.18,0.0589,0.21,0.3137,18,0,1,0
CUST003890,52,6,France,498,147331.72,2,1,35683.52,-0.0905,1.71,0.5203,15,2,0,0
CUST003891,36,8,India,625,39844.91,1,1,50396.72,0.2468,0.16,0.7198,10,1,1,0
CUST003892,47,1,USA,571,31775.68,1,1,75039.18,0.4312,2.61,0.1062,16,6,1,1
CUST003893,31,3,France,603,145935.94,2,1,96949.78,0.3329,3.37,0.513,17,8,1,0
CUST003894,37,8,USA,587,108833.35,1,1,44058.24,-0.0868,0.95,0.3926,16,1,1,0
CUST003895,66,13,Germany,711,120911.1,4,1,78614.69,-0.293,0.84,0.2659,10,1,1,0
CUST003896,42,1,USA,685,166008.31,1,1,87962.87,0.2008,3.1,0.3973,13,0,1,0
CUST003897,57,9,India,654,28604.67,1,1,105259.41,-0.3219,0.22,0.1641,14,1,1,0
CUST003898,41,10,Germany,619,22419.44,2,1,28054.14,0.2336,0.82,0.7993,15,2,1,0
CUST003899,31,12,India,732,129068.59,1,0,59239.46,0.4066,0.42,0.3223,11,1,1,0
CUST003900,43,0,Germany,722,115293.34,1,1,62215.95,0.1793,0.15,0.1288,10,0,1,0
CUST003901,55,9,India,641,68237.13,1,1,172437.27,-0.22,0.11,0.2897,7,1,1,0
CUST003902,40,7,France,758,66470.53,3,0,146141.88,-0.1951,0.96,0.0895,10,9,1,0
CUST003903,39,8,India,634,15799.95,1,1,91695.99,0.0664,0.21,0.2163,10,0,1,0
CUST003904,65,6,USA,666,173864.92,2,1,22871.6,0.4942,0.73,0.9077,13,1,1,0
CUST003905,74,7,USA,604,201640.28,3,1,136654.27,0.0853,0.22,0.5923,11,2,0,0
CUST003906,36,3,USA,618,145260.44,3,0,151065.22,-0.2294,0.48,0.1665,12,4,1,0
CUST003907,63,3,India,599,116480.56,2,1,90666.73,0.0219,1.08,0.1939,6,0,1,0
CUST003908,68,12,USA,705,112572.62,4,1,71271.71,0.578,0.6,0.3044,14,1,0,0
CUST003909,20,1,India,680,96522.51,2,0,60866.92,-0.3186,1.64,0.4555,12,3,1,0
CUST003910,59,7,USA,565,33281.71,1,0,127256.67,0.3887,0.6,0.3353,11,10,1,0
CUST003911,36,14,India,695,46500.71,3,1,124285.71,-0.0333,0.17,0.2994,9,0,1,0
CUST003912,26,10,USA,793,126826.73,1,1,43270.13,0.171,1.82,0.5544,12,6,1,0
CUST003913,45,1,India,597,23487.73,1,0,53671.68,0.283,0.43,0.3293,13,0,0,0
CUST003914,37,8,France,592,85636.45,2,0,43157.56,-0.1362,1.62,0.3311,7,0,1,0
CUST003915,62,13,USA,650,147731.27,2,1,179224.91,0.3435,0.21,0.1942,11,4,1,0
CUST003916,24,3,India,760,148725.3,3,1,107213.51,0.1732,0.81,0.1049,11,4,1,0
CUST003917,31,0,USA,614,134104.68,2,1,147000.69,0.3947,0.14,0.5697,8,2,1,0
CUST003918,26,12,France,797,93588.68,1,1,99795.58,0.1511,0.07,0.4331,11,0,1,0
CUST003919,72,3,India,565,125462.76,1,1,113328.95,0.5299,5.45,0.3053,8,3,1,1
CUST003920,74,2,Germany,665,61033.49,2,1,79370.13,-0.3615,0.01,0.7016,10,3,0,0
CUST003921,36,11,USA,513,181591.25,2,1,163603.61,0.2255,0.72,0.4484,15,0,0,0
CUST003922,64,5,India,575,22627.8,1,0,108764.33,0.1207,0.01,0.3032,15,3,0,0
CUST003923,69,6,Germany,632,80212.53,1,1,90698.62,-0.2162,0.64,0.6663,7,2,1,0
CUST003924,31,7,India,671,46788.18,1,1,18000.0,0.3761,0.08,0.5258,7,1,1,0
CUST003925,73,1,India,749,118309.45,2,1,118932.32,-0.2247,1.24,0.5263,6,1,0,0
CUST003926,55,5,Germany,594,54951.47,1,1,118465.33,0.2293,0.28,0.4911,12,0,0,0
CUST003927,70,14,USA,683,225923.89,1,1,154525.02,-0.0476,0.34,0.2076,12,0,0,0
CUST003928,53,5,France,542,132774.76,2,1,79013.95,0.6219,0.23,0.3179,13,2,1,0
CUST003929,57,9,USA,730,14087.12,1,1,59535.85,0.2087,0.1,0.1051,13,1,0,0
CUST003930,34,11,Germany,754,89294.81,1,0,181490.1,0.215,0.56,0.2269,10,0,1,0
CUST003931,47,4,Germany,733,5447.16,3,1,26879.51,0.465,0.47,0.1073,6,0,1,0
CUST003932,26,9,India,732,110811.28,2,1,55556.25,0.0576,0.62,0.2233,13,2,1,0
CUST003933,50,9,Germany,642,59677.08,1,1,168483.96,0.1821,0.79,0.0733,15,4,1,1
CUST003934,73,6,USA,672,40429.45,3,1,140473.16,-0.2747,0.07,0.4425,15,1,0,0
CUST003935,69,2,India,642,31149.87,1,1,82722.32,0.0642,0.43,0.2659,15,3,0,0
CUST003936,42,3,USA,646,127449.23,2,0,84411.74,0.0742,0.72,0.7744,10,4,0,0
CUST003937,31,9,India,590,55470.75,1,1,87548.16,-0.4194,0.31,0.3977,17,7,1,0
CUST003938,28,12,Germany,672,49021.9,2,1,137109.3,0.1676,0.17,0.5795,18,3,1,0
CUST003939,70,8,USA,683,137658.9,1,1,137842.12,0.3969,0.75,0.1761,17,12,1,1
CUST003940,52,3,France,728,172844.77,1,0,126135.98,0.2709,1.01,0.2736,15,5,1,0
CUST003941,58,2,India,681,6940.05,2,1,134421.84,0.3746,1.11,0.8155,13,1,1,0
CUST003942,31,13,USA,720,149044.75,2,0,124698.53,0.2251,0.32,0.4135,17,0,1,0
CUST003943,47,1,India,590,69150.64,2,1,18000.0,0.066,0.08,0.1776,12,0,0,0
CUST003944,58,4,USA,763,132927.79,2,1,115565.37,-0.4016,1.98,0.4613,7,0,1,0
CUST003945,21,3,Germany,630,116645.92,1,1,81576.67,-0.1671,0.93,0.2021,11,1,1,0
CUST003946,21,12,Germany,486,77241.91,2,0,202642.11,0.0758,2.37,0.5236,11,7,1,0
CUST003947,45,12,Germany,618,79866.27,2,1,28834.78,-0.0864,0.13,0.3831,15,2,1,0
CUST003948,25,7,France,696,117432.82,1,0,40944.75,-0.1782,0.86,0.391,18,3,1,0
CUST003949,19,6,India,656,8017.81,3,1,105041.65,0.7283,0.17,0.4986,12,0,1,0
CUST003950,58,5,India,494,5146.45,2,1,41362.57,0.41,1.61,0.5382,10,1,0,1
CUST003951,63,10,Germany,667,205016.66,4,1,221664.6,0.5969,0.59,0.1681,11,2,1,0
CUST003952,39,11,USA,660,148397.17,2,0,126601.71,-0.0808,0.61,0.0458,14,11,0,0
CUST003953,58,1,India,572,137531.69,2,0,71642.11,0.029,2.14,0.1692,9,4,1,0
CUST003954,73,2,USA,695,66318.55,3,1,118600.36,-0.0479,0.29,0.7034,8,1,1,0
CUST003955,72,9,USA,639,25609.61,1,1,110616.26,-0.4268,0.77,0.5359,10,2,1,1
CUST003956,33,8,India,493,43126.41,3,1,68753.33,0.1569,0.12,0.3283,12,1,0,0
CUST003957,46,12,Germany,705,101423.79,1,1,38228.9,-0.0657,0.36,0.5116,9,2,0,0
CUST003958,66,8,USA,663,147350.84,1,1,45894.04,-0.0773,0.17,0.283,21,7,1,0
CUST003959,65,14,India,771,102556.42,1,1,78518.42,-0.1432,0.18,0.1341,11,6,1,0
CUST003960,47,4,India,580,104289.8,2,1,147163.23,0.0349,0.87,0.246,8,5,0,0
CUST003961,29,13,France,631,65372.27,1,1,129475.16,0.2444,0.27,0.0933,13,1,0,0
CUST003962,52,2,France,735,116283.5,1,1,205087.99,-0.1852,0.23,0.8323,18,1,1,0
CUST003963,28,1,Germany,576,19636.76,2,1,59066.63,-0.0358,1.32,0.6297,12,0,0,0
CUST003964,63,7,India,732,83702.71,1,1,42370.23,-0.0139,0.51,0.5229,12,4,1,0
CUST003965,67,14,France,734,61777.69,2,0,92140.49,0.0165,0.38,0.1889,12,0,1,0
CUST003966,38,5,Germany,675,165614.96,1,1,120656.69,-0.1583,1.35,0.2227,16,2,0,0
CUST003967,38,9,Germany,636,101051.88,1,1,121923.26,0.1852,0.54,0.2754,14,0,0,0
CUST003968,22,10,Germany,598,66595.17,1,0,117234.16,0.0532,1.35,0.7057,14,4,1,0
CUST003969,65,11,India,592,91452.06,2,0,109989.53,-0.0182,0.31,0.3501,13,2,0,0
CUST003970,37,6,USA,674,38919.55,1,1,73727.88,0.1516,2.61,0.3451,16,3,1,0
CUST003971,54,0,India,419,121911.66,1,1,80009.44,0.0191,2.06,0.6456,10,9,0,1
CUST003972,20,0,India,605,67840.76,1,1,175522.67,-0.1566,1.39,0.591,18,0,0,1
CUST003973,61,9,Germany,594,16854.92,2,1,42763.46,0.1198,0.19,0.1757,11,1,1,0
CUST003974,50,1,France,570,139147.38,1,0,111732.69,0.0821,1.04,0.2214,12,0,0,0
CUST003975,70,9,Germany,664,29883.4,2,0,155752.13,-0.4352,1.36,0.4188,17,1,0,1
CUST003976,26,14,USA,532,126130.29,1,1,51272.16,0.2985,0.36,0.2417,10,4,0,0
CUST003977,26,2,India,746,87571.56,1,1,51089.34,-0.2614,0.12,0.1375,10,7,1,0
CUST003978,21,11,India,723,50581.43,1,0,113797.11,0.0506,0.25,0.1961,13,2,0,0
CUST003979,52,0,India,758,13420.31,1,0,120633.29,-0.0488,0.7,0.3293,15,0,1,0
CUST003980,34,13,USA,607,31764.15,1,0,84825.23,0.093,0.23,0.1884,18,5,0,1
CUST003981,51,4,USA,666,130546.93,3,1,121630.1,-0.0778,0.87,0.086,14,4,1,0
CUST003982,41,14,India,715,147488.45,3,1,20988.07,0.1222,0.4,0.3387,13,0,1,0
CUST003983,49,14,France,639,119083.82,2,1,69220.12,0.3768,0.2,0.2473,13,6,1,0
CUST003984,18,2,India,604,74190.89,1,1,155679.24,-0.0749,0.76,0.1891,15,0,1,0
CUST003985,25,0,Germany,659,118958.8,2,1,18000.0,-0.0476,0.06,0.272,8,8,0,1
CUST003986,62,7,USA,633,95615.31,2,1,198547.56,-0.1251,0.78,0.459,12,0,1,1
CUST003987,40,11,India,564,38679.79,2,1,93679.05,0.1291,2.93,0.3188,12,4,0,0
CUST003988,64,10,Germany,459,19209.25,1,1,177128.13,-0.0152,0.99,0.5602,16,3,1,0
CUST003989,57,5,Germany,576,56557.23,2,1,155841.83,0.0797,0.32,0.3447,12,4,1,0
CUST003990,29,8,USA,461,36652.82,3,0,110812.79,-0.2424,1.85,0.7631,12,2,1,1
CUST003991,71,2,USA,580,84049.89,2,1,112584.32,0.0644,0.6,0.6986,9,3,0,0
CUST003992,29,8,India,763,175584.48,2,1,190891.69,-0.3968,0.6,0.3864,7,0,0,0
CUST003993,63,8,Germany,502,93352.13,2,0,48840.22,0.1772,0.38,0.3053,12,0,0,0
CUST003994,64,14,France,685,167090.01,2,0,94694.18,-0.1143,0.04,0.4959,11,4,0,0
CUST003995,32,11,India,747,76032.41,2,1,71507.7,-0.0501,0.25,0.3423,11,2,0,0
CUST003996,58,14,India,524,65598.17,2,1,59971.1,0.0814,1.36,0.3838,9,0,0,0
CUST003997,36,12,France,793,17931.83,3,0,155137.03,-0.2145,0.24,0.2012,11,1,0,0
CUST003998,43,11,India,643,115667.0,3,1,118654.75,-0.207,0.43,0.2424,7,0,1,0
CUST003999,69,0,Germany,758,35322.3,2,0,117176.78,0.6488,0.8,0.5751,7,2,1,0
CUST004000,46,2,USA,671,22640.93,1,0,117358.87,0.0459,0.27,0.5051,11,12,1,0
CUST004001,39,5,USA,613,13184.07,1,1,137466.47,0.2822,1.34,0.5602,13,0,0,0
CUST004002,57,7,USA,417,97941.24,3,1,90927.36,-0.1143,1.83,0.1806,17,0,0,0
CUST004003,38,3,India,560,40168.93,1,1,151830.83,0.0056,0.05,0.108,21,2,0,0
CUST004004,68,4,India,704,178096.08,1,1,95440.55,-0.1333,0.68,0.4142,15,2,0,0
CUST004005,55,8,Germany,772,145378.87,1,0,100164.73,0.3958,0.34,0.1071,13,2,1,0
CUST004006,37,5,Germany,537,42883.06,1,1,81808.69,0.1144,0.65,0.1825,11,0,1,0
CUST004007,74,11,Germany,645,71196.44,2,1,91822.86,-0.0408,0.63,0.4424,15,3,0,0
CUST004008,46,6,USA,614,83339.58,2,0,114470.9,0.1821,0.01,0.5802,9,7,1,0
CUST004009,68,6,India,683,56777.01,1,1,97822.89,-0.1171,0.84,0.449,15,1,0,0
CUST004010,21,3,India,657,131175.35,2,0,60444.21,-0.2784,0.19,0.3637,14,0,0,0
CUST004011,72,3,Germany,620,76834.58,2,0,88858.79,0.3355,0.66,0.1829,10,2,1,0
CUST004012,24,3,USA,701,147358.87,2,1,84018.35,-0.0094,1.81,0.3663,10,11,0,0
CUST004013,45,13,India,594,106583.07,1,0,91712.18,0.1434,0.17,0.1991,12,2,1,0
CUST004014,45,14,India,650,3154.25,3,1,18000.0,-0.0184,0.25,0.312,15,0,1,0
CUST004015,21,10,India,711,29689.59,1,1,134357.72,0.15,0.05,0.427,12,0,0,0
CUST004016,39,4,India,591,47824.0,1,1,91089.13,-0.4364,0.54,0.5507,17,1,0,0
CUST004017,29,4,Germany,621,65555.88,2,1,115209.4,-0.1488,1.63,0.6135,6,3,1,0
CUST004018,62,7,France,605,59281.87,3,1,123666.83,-0.4049,0.63,0.4197,10,0,0,0
CUST004019,20,8,France,686,120542.65,2,1,46686.68,0.4664,0.35,0.4068,15,0,1,0
CUST004020,39,1,France,677,107173.95,2,1,128726.53,0.0874,1.89,0.0209,14,4,1,0
CUST004021,61,10,France,608,49889.37,1,1,48781.8,-0.0323,0.61,0.2727,11,5,1,0
CUST004022,19,6,USA,677,117090.66,1,1,114777.01,-0.1613,2.91,0.4157,8,6,0,0
CUST004023,41,0,India,425,3389.8,1,1,18000.0,0.3321,1.11,0.4449,7,0,0,0
CUST004024,51,0,Germany,716,119346.75,1,0,18000.0,0.4937,1.94,0.4815,14,0,0,0
CUST004025,44,3,India,721,129875.71,1,1,142689.78,0.1323,0.84,0.5576,15,4,0,0
CUST004026,72,9,India,609,93080.86,2,1,124166.01,0.1094,3.63,0.3437,11,7,1,1
CUST004027,58,6,India,593,108592.77,1,0,89143.18,0.1183,0.6,0.2929,9,5,1,0
CUST004028,18,1,USA,645,116742.23,3,1,95752.63,-0.0797,0.82,0.1063,8,0,1,0
CUST004029,25,10,India,577,140958.57,4,1,20734.5,0.0108,0.12,0.3402,16,0,1,0
CUST004030,40,1,India,589,121992.83,1,0,95698.64,-0.4054,2.21,0.3734,17,3,0,1
CUST004031,55,0,USA,674,150865.05,1,1,101500.83,-0.2053,0.33,0.2512,9,0,1,0
CUST004032,23,9,France,714,21522.24,1,1,75596.22,0.1434,0.88,0.317,12,1,1,0
CUST004033,39,1,USA,675,84211.24,2,1,88378.86,-0.0117,0.36,0.6586,6,0,0,0
CUST004034,42,12,France,850,73151.32,2,1,49171.08,0.3496,1.73,0.5883,8,0,0,0
CUST004035,35,14,India,749,85439.51,1,0,25063.31,-0.2494,0.09,0.0434,16,7,0,0
CUST004036,34,6,India,708,131857.87,1,0,104449.08,0.3194,1.85,0.4206,15,4,1,0
CUST004037,29,8,USA,705,83997.64,2,0,36504.45,-0.0973,0.79,0.5375,10,2,1,0
CUST004038,23,5,USA,656,81490.84,2,1,118127.29,-0.1045,2.51,0.3239,9,1,1,0
CUST004039,43,9,Germany,690,104956.16,2,0,112516.87,-0.1045,0.56,0.5605,10,1,1,0
CUST004040,44,1,Germany,665,17409.38,3,1,145619.53,-0.1358,0.54,0.6251,14,0,1,0
CUST004041,25,11,Germany,734,172473.7,2,1,111725.78,0.2064,0.36,0.1743,16,1,0,0
CUST004042,36,14,France,627,69505.34,1,0,241205.85,-0.089,0.32,0.5716,10,0,0,0
CUST004043,59,9,India,623,167574.95,2,0,80801.55,-0.4144,0.11,0.3083,8,0,1,0
CUST004044,18,14,India,744,23013.92,1,1,113927.43,0.126,0.32,0.2742,11,1,0,0
CUST004045,74,9,USA,613,19433.93,2,0,65627.52,0.1373,0.75,0.458,11,2,1,0
CUST004046,46,12,India,574,61891.12,3,1,145128.28,0.0205,0.07,0.5462,6,0,1,0
CUST004047,62,8,India,590,78220.39,1,1,103057.05,0.062,0.16,0.375,20,0,0,0
CUST004048,66,6,India,709,44520.29,1,0,18000.0,0.0402,1.57,0.3958,7,1,1,0
CUST004049,52,10,India,850,26120.01,1,1,55631.84,0.2234,0.08,0.6962,16,0,0,0
CUST004050,57,0,India,578,98971.22,1,1,87499.86,0.4119,0.22,0.1553,12,1,0,0
CUST004051,31,11,India,701,165887.55,2,1,34946.07,-0.2426,0.0,0.3579,13,0,1,0
CUST004052,52,8,Germany,662,178871.22,2,0,121159.88,0.5212,1.01,0.3686,16,0,0,0
CUST004053,65,1,USA,740,57811.48,1,1,27229.88,0.3973,1.52,0.4543,14,6,0,0
CUST004054,62,3,Germany,700,9079.53,1,0,84980.02,-0.0217,1.69,0.4361,17,1,0,0
CUST004055,37,8,Germany,745,59702.38,2,1,80517.12,0.1248,1.84,0.8583,13,1,1,0
CUST004056,73,3,India,673,182112.53,1,0,143010.64,0.3769,0.41,0.3725,17,5,1,0
CUST004057,66,2,India,583,139782.73,2,1,84122.39,0.2181,0.66,0.5007,9,1,1,0
CUST004058,30,0,India,595,99912.73,2,1,135378.55,0.1956,0.91,0.6908,17,0,1,0
CUST004059,55,6,Germany,666,47043.85,2,1,114415.07,0.327,1.97,0.7968,12,1,0,0
CUST004060,66,14,Germany,687,132542.52,2,1,39713.02,-0.327,1.27,0.485,13,0,0,0
CUST004061,63,5,India,619,216283.23,2,1,200773.8,-0.174,0.54,0.737,17,3,0,0
CUST004062,66,9,India,811,67150.87,1,1,146726.74,0.0142,0.57,0.5052,12,0,0,0
CUST004063,25,3,France,725,46155.74,2,1,48904.28,0.312,0.33,0.4837,14,1,0,0
CUST004064,60,5,USA,483,12378.2,2,1,43844.03,0.4946,0.01,0.3738,12,0,1,0
CUST004065,37,5,Germany,640,79875.75,2,1,153132.5,0.2204,0.12,0.6162,17,6,1,0
CUST004066,50,12,India,567,66347.63,1,0,137934.35,-0.078,0.32,0.1692,13,2,1,0
CUST004067,43,3,India,802,160354.86,1,0,127221.44,0.0336,0.74,0.5359,12,2,1,0
CUST004068,56,13,Germany,472,39321.56,2,0,48475.01,-0.131,1.0,0.6354,12,2,1,0
CUST004069,38,12,Germany,683,65184.85,1,1,65431.86,-0.0901,1.77,0.7103,11,2,1,0
CUST004070,70,5,Germany,659,35857.7,2,0,157633.57,-0.1324,0.65,0.1324,8,2,1,0
CUST004071,66,9,USA,715,124297.11,2,1,123255.4,0.1885,0.4,0.1566,11,6,1,0
CUST004072,59,10,USA,675,22649.92,2,1,59592.27,0.1566,0.94,0.4424,9,0,1,0
CUST004073,60,7,Germany,815,61440.55,1,1,161891.94,0.3155,0.4,0.2242,14,2,0,0
CUST004074,71,12,India,723,18454.5,1,1,190968.69,0.1087,0.09,0.6722,12,3,1,0
CUST004075,58,2,India,502,43224.77,1,0,72295.3,-0.047,0.0,0.0888,8,0,0,0
CUST004076,26,3,France,762,179091.58,1,0,62972.2,0.1743,0.99,0.4262,10,4,0,0
CUST004077,41,9,India,666,186102.22,3,1,167308.14,0.3526,1.83,0.3265,8,1,0,0
CUST004078,54,12,USA,762,117782.95,1,0,174003.21,0.2077,0.91,0.3519,9,3,0,0
CUST004079,66,11,Germany,624,103353.45,2,1,173023.1,0.3869,0.02,0.1172,6,2,0,0
CUST004080,58,13,France,565,36986.46,1,1,114902.81,0.1173,0.2,0.4687,17,4,1,0
CUST004081,34,14,USA,549,88339.98,3,1,71714.33,-0.3062,2.34,0.3409,18,8,1,0
CUST004082,41,0,USA,734,86273.5,1,1,139824.84,0.2629,0.99,0.2118,17,2,0,0
CUST004083,38,3,Germany,713,77078.26,1,1,80492.36,0.252,1.07,0.3173,7,1,1,1
CUST004084,68,10,Germany,602,126007.81,2,1,77648.77,0.4761,1.31,0.1403,7,3,0,0
CUST004085,56,9,Germany,436,17506.71,2,1,105031.52,-0.1446,1.95,0.1122,13,1,1,0
CUST004086,72,9,USA,737,234846.76,1,0,97542.49,0.1101,0.46,0.766,12,5,1,0
CUST004087,58,11,India,486,176736.63,1,1,72162.84,0.0981,0.45,0.5041,14,0,1,0
CUST004088,56,13,USA,823,25657.35,1,1,45517.02,-0.0072,0.02,0.7079,10,7,1,0
CUST004089,30,8,France,534,82669.02,2,1,86957.24,-0.3054,2.21,0.2692,19,0,1,1
CUST004090,28,7,France,651,38873.1,3,1,66418.13,-0.0358,0.11,0.5213,17,0,1,0
CUST004091,63,10,India,668,115443.12,1,0,31629.73,-0.0112,0.48,0.2371,9,6,1,0
CUST004092,36,3,USA,679,70468.79,2,1,105414.02,-0.0551,0.73,0.0596,17,3,0,0
CUST004093,28,11,USA,675,40665.64,1,1,106649.52,0.1518,4.06,0.1343,14,0,1,0
CUST004094,30,6,France,660,18901.48,1,1,133292.27,0.4456,0.41,0.8952,16,1,1,0
CUST004095,63,9,Germany,615,158242.3,1,0,104901.05,0.2371,0.88,0.2615,15,4,1,0
CUST004096,62,2,USA,632,62430.45,2,1,94961.1,-0.156,2.44,0.5407,16,5,1,0
CUST004097,18,8,India,597,61863.89,1,1,132750.44,0.3056,0.68,0.8328,14,1,1,0
CUST004098,57,9,USA,659,117488.53,2,0,105076.35,0.3338,0.61,0.3315,11,3,1,0
CUST004099,61,3,India,509,134277.17,1,1,111692.78,0.1987,0.68,0.4237,10,7,1,0
CUST004100,36,1,Germany,675,70476.62,2,0,124496.18,0.4596,1.36,0.4564,9,1,1,0
CUST004101,29,9,Germany,642,58291.79,2,1,70692.09,0.01,0.03,0.5723,16,2,0,0
CUST004102,25,4,USA,717,26209.78,1,1,144132.71,0.597,1.14,0.4875,12,3,1,0
CUST004103,25,1,USA,625,56926.1,2,1,99753.56,0.1206,0.15,0.1505,12,0,0,0
CUST004104,70,13,France,698,10774.13,1,0,92846.85,-0.5264,1.17,0.309,15,10,0,0
CUST004105,62,9,India,694,80779.26,1,1,143556.64,0.6069,1.29,0.0776,12,7,0,0
CUST004106,29,5,India,638,78865.88,1,1,75114.21,-0.2385,0.79,0.4961,13,0,1,0
CUST004107,65,10,France,678,155075.42,1,1,78856.88,0.0255,0.46,0.3107,4,0,1,0
CUST004108,50,9,Germany,542,73969.45,1,1,121795.47,-0.0576,1.05,0.4657,16,0,0,0
CUST004109,62,0,Germany,757,21556.06,1,1,108568.8,-0.0188,0.02,0.5381,11,9,0,1
CUST004110,43,13,India,606,150580.87,1,0,257926.27,0.0491,0.84,0.1045,10,0,1,0
CUST004111,56,5,India,635,184570.85,1,0,148128.14,0.2921,0.21,0.4626,14,6,1,0
CUST004112,45,3,India,565,132827.6,3,0,18000.0,0.1649,0.86,0.5524,12,0,0,0
CUST004113,22,2,India,588,71829.98,2,1,113473.56,0.0482,0.12,0.2321,14,0,1,0
CUST004114,25,1,Germany,781,56902.24,1,1,18000.0,-0.0626,0.16,0.3446,8,1,1,0
CUST004115,42,6,India,661,2122.59,2,1,80083.79,0.0064,0.48,0.3143,10,1,1,0
CUST004116,44,8,Germany,626,27012.82,2,1,108449.46,0.3308,0.6,0.336,13,1,1,0
CUST004117,63,11,India,625,48202.26,1,1,77885.46,0.1163,0.43,0.7361,11,0,1,0
CUST004118,40,2,India,650,6105.22,1,1,18000.0,-0.1313,0.76,0.3114,10,3,1,0
CUST004119,47,5,France,707,55234.4,3,1,102845.15,0.1942,0.04,0.0968,11,6,1,0
CUST004120,62,8,India,665,58540.35,2,1,72995.85,0.4839,0.17,0.0708,13,1,1,0
CUST004121,64,1,India,667,155012.2,2,0,130800.88,-0.155,0.0,0.8075,10,4,0,0
CUST004122,40,6,India,576,24380.28,2,0,18000.0,-0.4058,0.67,0.3228,19,1,1,0
CUST004123,66,4,India,626,86689.75,2,1,65085.04,0.0614,0.94,0.679,6,7,1,0
CUST004124,64,4,USA,662,8381.08,2,1,139102.58,0.2011,0.53,0.8249,16,3,0,0
CUST004125,37,10,India,647,45270.99,2,1,18000.0,0.4425,0.49,0.5618,10,0,1,0
CUST004126,35,6,Germany,616,45355.97,2,1,122866.18,-0.1441,0.44,0.3705,11,3,1,0
CUST004127,35,8,Germany,609,77169.89,1,1,62598.86,-0.0023,0.33,0.2921,12,0,1,0
CUST004128,19,3,USA,684,154877.82,2,1,88773.55,-0.0558,0.71,0.0978,16,8,1,0
CUST004129,21,8,India,686,59306.67,2,0,45083.05,0.2289,0.0,0.0926,8,1,1,0
CUST004130,47,14,USA,729,42613.44,1,1,84921.78,-0.2216,0.72,0.2025,15,6,0,0
CUST004131,50,13,India,665,32478.9,1,1,49783.19,0.404,0.54,0.4243,15,0,1,0
CUST004132,53,12,USA,483,43914.3,3,1,41199.34,0.1918,0.79,0.7315,5,1,1,0
CUST004133,35,10,Germany,838,142352.12,4,1,138821.43,-0.2597,1.54,0.321,14,6,1,0
CUST004134,54,9,India,649,25204.3,2,0,93537.73,-0.0195,1.41,0.2444,13,1,0,0
CUST004135,36,8,Germany,617,125696.7,1,1,111593.04,0.0902,1.32,0.2986,4,6,0,0
CUST004136,64,12,France,645,76121.34,1,1,103200.79,-0.1316,0.42,0.7284,14,1,1,0
CUST004137,45,3,Germany,618,50262.34,1,0,161771.86,-0.1298,0.4,0.0674,11,2,1,0
CUST004138,57,2,India,584,58100.26,2,1,118330.26,-0.1189,0.19,0.7878,10,7,1,0
CUST004139,37,1,USA,699,120416.13,2,1,124752.67,-0.1248,0.03,0.657,13,4,0,0
CUST004140,66,8,France,638,83234.49,3,1,134606.73,-0.4832,0.56,0.2933,15,4,1,0
CUST004141,50,11,India,642,102148.91,3,1,58777.88,0.2762,2.94,0.4224,18,7,1,1
CUST004142,29,1,Germany,449,29751.08,1,0,185329.3,0.3697,1.12,0.3849,5,6,0,0
CUST004143,68,5,India,631,33014.48,1,1,35955.38,-0.3837,0.63,0.6018,9,0,1,0
CUST004144,32,4,India,563,43138.88,3,0,114067.61,0.0824,0.28,0.416,10,0,0,0
CUST004145,58,13,Germany,608,67154.1,2,1,113801.42,-0.0327,0.1,0.2168,11,4,0,0
CUST004146,56,4,Germany,668,147792.43,1,1,214151.67,-0.0378,0.25,0.2769,11,8,0,0
CUST004147,19,3,Germany,600,12516.96,1,0,119254.8,-0.1744,0.61,0.1707,9,3,0,0
CUST004148,46,5,France,611,205505.54,2,1,62963.96,-0.0452,0.78,0.4351,8,1,1,0
CUST004149,58,4,India,657,86695.74,2,0,69528.56,0.6118,0.36,0.3959,6,3,1,0
CUST004150,27,10,India,609,28806.9,1,1,78555.82,0.2381,0.09,0.2688,16,4,1,0
CUST004151,19,3,France,565,25589.21,1,1,105229.18,0.0289,0.24,0.5432,11,2,0,0
CUST004152,68,12,India,512,66099.56,2,1,108969.9,-0.3012,0.24,0.1478,6,6,1,0
CUST004153,28,8,Germany,676,71804.33,1,0,119128.99,-0.0718,0.61,0.3599,17,7,1,0
CUST004154,30,12,USA,608,76820.18,4,0,101268.27,0.043,0.09,0.2954,7,4,1,0
CUST004155,27,5,India,516,115529.61,1,0,125414.76,-0.1636,0.27,0.3646,10,1,0,0
CUST004156,31,10,India,749,35006.31,2,0,45196.41,0.1029,0.34,0.8158,9,4,1,0
CUST004157,35,9,USA,677,82593.03,2,1,22840.46,0.015,0.6,0.2575,16,1,0,0
CUST004158,68,9,France,554,55230.88,1,0,152898.87,0.2518,0.28,0.5279,8,2,1,0
CUST004159,71,12,Germany,593,178096.56,1,1,23628.35,-0.1458,0.13,0.3593,10,2,1,0
CUST004160,26,9,USA,733,36090.76,2,1,95780.53,0.1709,0.02,0.213,8,2,1,0
CUST004161,74,12,USA,635,208999.87,1,1,60965.06,0.1941,0.15,0.4154,11,0,1,1
CUST004162,56,2,India,616,21216.7,1,1,184561.21,0.1191,1.39,0.3185,14,6,1,0
CUST004163,45,9,India,710,8698.71,1,1,190487.05,-0.0108,0.34,0.5562,7,0,0,0
CUST004164,20,5,USA,636,57637.45,1,0,100624.49,0.215,0.62,0.5738,14,1,0,0
CUST004165,37,13,India,748,89396.73,3,0,85114.53,-0.0999,0.54,0.6287,12,7,1,0
CUST004166,23,0,India,616,53477.54,2,1,87897.8,-0.4178,0.26,0.3731,13,1,1,0
CUST004167,44,4,USA,604,113044.15,1,1,109276.42,-0.0468,1.48,0.5211,7,5,1,0
CUST004168,70,9,USA,651,48132.84,3,1,141052.82,0.057,2.23,0.2249,10,0,1,0
CUST004169,19,5,India,727,36093.28,1,1,261656.38,-0.1565,0.19,0.2428,10,6,1,0
CUST004170,46,14,USA,669,18676.62,1,0,49178.62,0.0256,1.32,0.2104,11,0,1,0
CUST004171,55,10,USA,658,154149.08,1,1,111615.4,-0.409,1.13,0.3779,9,1,0,0
CUST004172,20,7,India,585,99831.69,2,1,92575.2,0.2038,1.46,0.2024,10,6,1,0
CUST004173,33,10,France,573,4270.03,2,1,75013.81,0.1976,0.42,0.0371,10,2,0,0
CUST004174,47,14,India,727,47955.69,1,1,79122.28,0.0432,0.93,0.6768,16,1,1,0
CUST004175,57,14,France,735,6078.63,1,1,94678.69,0.3669,0.17,0.3386,11,2,1,0
CUST004176,19,8,India,733,244996.92,2,1,109439.61,-0.1798,2.76,0.6102,12,2,0,0
CUST004177,34,10,France,713,87352.52,2,0,118024.33,0.2471,1.03,0.018,13,0,0,0
CUST004178,58,2,India,685,47364.2,2,1,123975.19,0.1479,0.06,0.5705,12,4,1,0
CUST004179,29,1,Germany,684,8316.0,1,0,32644.22,-0.0587,1.68,0.3388,16,1,1,0
CUST004180,52,12,India,660,1526.08,2,0,67675.43,0.0095,2.56,0.5127,11,0,1,0
CUST004181,60,3,Germany,694,94144.24,2,1,126034.55,0.0304,0.32,0.5694,17,0,0,0
CUST004182,18,7,USA,646,29265.52,2,0,169085.48,0.117,0.62,0.2744,5,5,0,0
CUST004183,72,10,India,694,8666.49,1,1,122898.29,0.0819,3.86,0.2307,14,10,1,1
CUST004184,62,7,Germany,723,60419.03,1,1,85591.33,-0.2934,0.48,0.354,12,7,1,1
CUST004185,32,2,India,549,70859.32,2,0,122713.84,0.2547,0.88,0.836,12,1,1,0
CUST004186,43,3,France,737,41641.82,2,1,112263.93,0.2764,0.48,0.7372,13,0,0,0
CUST004187,54,2,India,645,50254.28,1,1,49699.35,0.0834,0.06,0.2621,12,0,1,0
CUST004188,38,9,USA,766,12976.17,1,1,91540.41,0.2942,0.57,0.393,18,3,1,0
CUST004189,66,1,Germany,751,103660.76,1,1,108261.8,-0.1648,1.4,0.7963,11,10,1,0
CUST004190,48,3,India,567,48097.58,1,1,134543.67,0.4615,0.03,0.1577,9,3,1,0
CUST004191,42,5,India,650,65799.53,1,1,168245.18,-0.1652,0.47,0.4261,8,0,0,0
CUST004192,40,10,Germany,500,186390.55,1,0,185895.83,0.3002,1.38,0.5045,12,0,0,0
CUST004193,41,13,Germany,619,53304.63,1,1,19775.65,0.0982,0.35,0.4869,12,3,1,0
CUST004194,74,10,France,678,10740.08,1,1,90958.61,0.1459,3.03,0.098,17,2,1,1
CUST004195,55,4,India,717,68766.87,2,0,171799.87,0.3657,0.39,0.2699,14,0,1,0
CUST004196,45,2,USA,655,56891.44,1,0,137121.93,0.2068,1.22,0.43,14,0,1,0
CUST004197,38,1,India,685,87436.95,2,1,139460.69,-0.1402,0.23,0.3439,7,6,1,0
CUST004198,71,8,India,593,86434.42,1,1,65016.88,0.1851,0.32,0.2509,12,1,1,0
CUST004199,60,14,Germany,648,135657.82,1,1,66898.58,0.5801,1.02,0.5059,10,0,1,0
CUST004200,35,0,India,602,44873.87,2,1,131628.37,0.5202,0.05,0.6157,9,3,1,0
CUST004201,53,8,USA,672,24181.81,2,0,77037.2,0.3051,0.08,0.2126,9,0,1,0
CUST004202,52,0,USA,761,25749.96,2,1,45508.24,0.1679,0.25,0.2985,10,2,1,0
CUST004203,62,14,Germany,645,35286.05,1,0,104887.41,-0.1452,0.23,0.2369,8,0,1,0
CUST004204,72,13,France,540,93766.24,2,1,90726.67,0.1579,0.05,0.1577,12,3,1,0
CUST004205,26,6,Germany,665,9809.0,1,1,141699.71,0.0314,2.86,0.2268,12,0,0,1
CUST004206,70,5,USA,706,17394.05,2,1,119739.26,-0.0853,0.28,0.6061,10,0,1,0
CUST004207,55,6,Germany,576,79119.06,1,1,192852.1,0.0047,1.03,0.3809,10,2,0,0
CUST004208,47,14,USA,749,150700.4,2,1,52499.1,-0.1356,0.4,0.3049,10,1,1,0
CUST004209,61,2,India,602,21163.3,2,1,102084.81,0.635,3.76,0.4027,14,5,1,0
CUST004210,51,13,India,589,97651.94,2,1,127153.77,-0.0454,0.12,0.3067,10,0,1,0
CUST004211,49,2,India,507,63075.68,4,1,125357.96,0.2522,0.38,0.3019,8,0,1,0
CUST004212,20,12,USA,671,107222.43,3,0,112316.49,0.0528,0.45,0.3343,12,0,1,0
CUST004213,20,10,Germany,795,79686.13,2,1,18000.0,-0.2684,1.01,0.0977,10,11,1,1
CUST004214,45,0,India,679,77677.06,3,1,18000.0,0.0294,0.55,0.11,13,1,1,0
CUST004215,61,3,India,591,234258.28,1,1,48406.5,0.0687,1.11,0.2843,11,4,1,1
CUST004216,32,11,France,691,257646.58,1,1,123829.37,0.43,1.47,0.0865,15,0,1,0
CUST004217,58,1,Germany,714,59693.0,2,1,18000.0,0.0245,0.27,0.0858,17,1,0,0
CUST004218,40,9,Germany,742,19116.48,4,0,131720.61,-0.2045,1.3,0.1501,14,10,1,0
CUST004219,57,7,India,551,91006.72,2,1,85459.98,-0.233,0.54,0.3259,13,2,1,0
CUST004220,28,2,India,774,113447.79,1,1,83874.61,0.3097,0.06,0.4364,12,4,1,0
CUST004221,65,6,India,667,157883.37,2,1,193254.91,-0.1091,0.28,0.4932,19,5,0,0
CUST004222,49,6,India,790,63189.14,1,1,185827.47,0.0742,1.3,0.4075,12,1,1,0
CUST004223,74,11,India,662,50540.16,1,0,67668.71,-0.377,0.39,0.4813,11,1,1,0
CUST004224,71,8,USA,696,44503.46,1,1,137196.73,0.4713,0.08,0.6618,13,3,1,0
CUST004225,53,5,India,574,25965.64,1,0,101837.98,-0.188,0.81,0.6332,10,1,1,0
CUST004226,50,0,India,728,16805.53,1,1,141062.44,0.2789,1.52,0.368,17,0,1,1
CUST004227,41,7,India,563,62078.15,2,0,81219.94,0.3242,0.11,0.6749,4,1,1,0
CUST004228,56,0,USA,671,119681.87,2,1,35935.31,0.5827,0.63,0.1259,9,1,1,0
CUST004229,51,2,USA,615,1162.78,1,1,97990.33,-0.205,0.19,0.1811,18,1,0,0
CUST004230,73,10,USA,642,81441.82,1,1,138950.39,0.0678,0.33,0.615,16,0,1,0
CUST004231,45,4,India,736,102029.17,2,0,93361.84,0.7888,0.43,0.7731,13,2,0,0
CUST004232,54,7,India,621,177892.85,4,0,139606.17,-0.0976,0.0,0.2161,12,0,0,0
CUST004233,24,8,India,738,115381.03,3,0,161133.17,0.0322,0.35,0.292,12,2,1,0
CUST004234,21,14,India,617,70708.01,1,1,156577.67,0.2442,0.3,0.419,12,2,0,0
CUST004235,54,6,France,660,95309.52,1,0,122565.49,0.2894,0.88,0.3469,7,0,1,0
CUST004236,73,8,France,821,123289.95,1,0,36691.83,0.5335,1.7,0.6137,17,2,1,0
CUST004237,18,10,USA,659,83491.32,1,1,18000.0,-0.0801,0.09,0.1793,7,2,1,0
CUST004238,18,2,France,643,124778.07,2,1,128275.81,-0.0756,0.53,0.492,7,0,1,0
CUST004239,64,12,USA,661,55388.6,1,1,137514.34,0.091,0.26,0.3911,3,1,1,0
CUST004240,37,4,India,623,150427.27,3,0,100491.42,0.4758,3.51,0.5221,16,4,0,0
CUST004241,36,9,France,569,44402.78,2,1,112628.93,-0.0989,1.21,0.4708,16,4,1,0
CUST004242,46,7,India,814,33482.73,1,1,95444.87,-0.0258,0.1,0.1022,9,8,1,0
CUST004243,27,11,Germany,617,46975.3,2,1,103308.9,-0.0855,0.37,0.7077,19,1,1,0
CUST004244,35,0,India,528,15833.29,2,1,118305.63,0.0012,0.09,0.7736,8,0,1,0
CUST004245,45,7,India,637,122777.3,2,1,143398.88,-0.0744,1.24,0.4123,7,1,1,0
CUST004246,52,6,USA,678,21494.42,3,0,105382.39,0.1489,0.53,0.6572,15,5,0,0
CUST004247,60,0,USA,633,49127.67,1,1,100872.6,-0.0101,0.83,0.3119,15,4,0,0
CUST004248,64,12,India,646,96113.58,2,1,93086.24,0.3101,0.68,0.421,9,0,1,0
CUST004249,48,12,India,636,76750.43,1,1,111117.64,0.0531,0.16,0.5425,7,0,1,0
CUST004250,44,9,India,684,73399.77,1,0,18000.0,-0.4013,0.01,0.497,13,10,1,0
CUST004251,28,11,France,715,67158.72,2,1,143846.13,0.4431,1.63,0.3307,20,0,0,0
CUST004252,66,9,Germany,634,86196.39,1,0,90817.88,0.2557,0.08,0.4881,14,0,0,0
CUST004253,66,14,USA,850,13835.58,1,1,62395.48,0.3486,1.25,0.1651,15,1,1,0
CUST004254,55,11,India,733,46276.24,1,1,166100.97,-0.0194,0.17,0.5573,12,0,1,0
CUST004255,22,5,Germany,649,60034.81,1,1,86835.84,0.5667,1.53,0.0338,16,0,1,0
CUST004256,25,0,India,544,104261.55,2,1,49754.89,0.24,0.72,0.6795,12,1,0,0
CUST004257,51,1,India,659,134464.84,4,0,135623.94,0.2404,0.41,0.3366,12,0,0,0
CUST004258,65,4,India,715,67811.47,1,1,77092.54,-0.4899,0.86,0.3612,14,7,1,0
CUST004259,69,1,France,715,121527.08,1,0,81979.45,0.0073,0.26,0.9326,12,1,1,0
CUST004260,73,13,India,501,81560.78,1,0,141149.44,0.2119,0.43,0.2538,12,2,1,0
CUST004261,29,9,India,659,71620.85,1,1,147265.39,0.1278,1.39,0.8069,14,1,0,0
CUST004262,55,0,USA,611,124633.81,1,1,35390.43,-0.0891,0.01,0.3536,13,0,0,0
CUST004263,18,5,India,769,13748.84,2,1,96150.45,-0.6365,0.21,0.3005,12,9,1,0
CUST004264,48,7,USA,659,103416.15,3,1,30434.69,0.0972,1.08,0.5487,8,2,1,0
CUST004265,21,7,USA,467,33489.25,3,1,79346.68,0.132,1.02,0.2383,12,6,1,0
CUST004266,66,12,USA,679,140393.58,1,0,62060.83,0.4162,0.14,0.1019,14,4,0,0
CUST004267,62,12,India,494,35211.6,1,1,150522.46,0.2117,3.26,0.3327,7,6,0,0
CUST004268,67,7,India,686,56749.83,1,0,47502.64,0.0999,0.9,0.6786,8,5,1,0
CUST004269,22,10,Germany,850,21016.97,1,1,126142.96,0.0819,0.37,0.4801,12,0,1,0
CUST004270,47,5,France,758,98772.91,2,1,85716.22,0.0934,0.35,0.5992,12,1,0,0
CUST004271,73,10,India,670,50108.06,1,1,23363.55,-0.0626,0.59,0.0699,5,0,0,0
CUST004272,41,2,India,597,42693.62,1,1,60416.0,-0.056,0.03,0.5186,10,10,1,0
CUST004273,20,0,India,751,77698.61,1,1,37682.11,0.1018,1.0,0.0751,6,2,0,0
CUST004274,28,1,USA,700,27538.68,3,1,60691.01,0.3688,0.06,0.1434,14,2,0,0
CUST004275,62,4,Germany,628,33020.98,2,0,51584.29,0.25,0.85,0.4676,19,10,0,1
CUST004276,21,12,India,606,64450.4,2,1,84157.57,0.1795,1.29,0.3777,9,3,1,0
CUST004277,43,9,Germany,577,166811.59,1,1,146007.06,-0.3117,1.89,0.1904,13,2,1,0
CUST004278,44,4,Germany,679,87370.43,2,0,59123.55,0.292,0.13,0.4652,12,3,1,0
CUST004279,63,9,France,616,100554.89,1,1,45643.93,0.1498,1.09,0.4242,12,8,0,0
CUST004280,71,13,India,663,79841.27,2,1,70985.52,0.6751,3.27,0.5656,13,0,1,0
CUST004281,60,0,India,724,287403.51,2,0,85496.28,0.0735,0.06,0.2461,19,3,1,0
CUST004282,44,0,India,614,131727.74,1,1,62637.03,0.2342,0.02,0.6477,10,0,1,0
CUST004283,59,14,France,701,50050.68,1,0,37842.54,0.1781,0.19,0.2453,6,4,1,0
CUST004284,68,8,Germany,747,89782.59,1,1,136133.44,0.0463,0.18,0.1443,10,5,1,0
CUST004285,67,1,USA,681,143598.17,2,1,127677.25,0.0578,0.31,0.38,12,1,0,0
CUST004286,23,6,India,705,13952.63,2,1,95255.31,-0.0623,2.06,0.5106,12,1,1,0
CUST004287,32,9,India,682,82506.18,2,1,172412.1,0.2092,0.92,0.375,13,0,1,0
CUST004288,70,3,India,651,42640.71,2,1,218718.48,-0.2597,0.01,0.4339,9,0,0,0
CUST004289,47,6,USA,716,23012.44,2,1,163720.21,0.7608,0.55,0.504,10,0,0,0
CUST004290,59,7,India,778,158830.14,2,1,18000.0,0.0308,1.67,0.3569,10,4,1,0
CUST004291,54,4,India,718,34887.78,1,1,114962.86,-0.0689,0.61,0.2326,10,1,1,0
CUST004292,54,12,Germany,634,35457.24,1,1,62377.99,0.0128,0.17,0.2001,12,4,1,0
CUST004293,59,11,India,636,20121.14,1,1,82816.71,0.3007,2.46,0.1172,14,0,1,0
CUST004294,54,11,USA,639,8527.78,2,1,23112.03,0.2387,0.29,0.4357,15,0,1,0
CUST004295,52,0,India,725,42118.49,2,0,112608.13,0.0542,0.34,0.2952,12,6,1,0
CUST004296,40,3,Germany,607,39050.71,2,1,183105.41,-0.0423,0.35,0.5386,14,0,0,0
CUST004297,23,9,USA,568,2352.47,1,1,96876.73,-0.2001,0.4,0.5703,15,0,1,0
CUST004298,21,2,France,687,74302.82,1,1,148759.55,0.0506,0.99,0.2439,17,0,0,0
CUST004299,35,9,USA,651,80847.46,1,1,116509.08,0.1542,0.3,0.1059,9,5,1,0
CUST004300,26,14,France,768,82297.28,1,0,136629.46,-0.479,0.5,0.4872,16,8,0,0
CUST004301,66,11,France,469,136531.18,2,1,18000.0,0.3031,0.24,0.1948,19,4,1,0
CUST004302,46,4,USA,666,43093.57,1,1,120717.21,0.1935,0.57,0.2161,9,0,1,0
CUST004303,30,9,France,617,97953.65,1,1,140727.12,-0.0152,2.36,0.2784,17,2,1,0
CUST004304,64,12,India,714,60343.09,2,1,181770.24,0.0696,0.27,0.3958,11,1,1,0
CUST004305,69,9,India,627,221819.56,1,1,30897.55,-0.153,1.36,0.0767,14,0,1,0
CUST004306,34,12,India,603,136340.16,2,1,178771.75,0.0924,0.2,0.3019,17,4,0,0
CUST004307,62,5,USA,724,22281.16,2,0,84145.46,-0.4498,0.13,0.7634,9,4,1,0
CUST004308,49,1,Germany,752,156075.14,2,1,109062.86,0.3116,0.08,0.2391,14,0,0,0
CUST004309,65,6,Germany,642,225494.35,1,1,145304.32,0.0108,3.12,0.1941,14,3,1,1
CUST004310,39,12,India,643,62575.18,1,1,144400.76,-0.4084,0.68,0.6725,5,1,0,0
CUST004311,21,2,USA,751,106182.2,2,1,18000.0,0.3301,0.58,0.0242,17,0,1,0
CUST004312,22,14,India,742,138799.77,1,1,105570.04,-0.0505,0.01,0.2092,10,3,1,0
CUST004313,54,0,Germany,732,6595.09,3,1,49151.56,-0.073,0.53,0.6289,13,0,0,0
CUST004314,58,9,India,617,37719.52,1,1,102600.54,-0.0426,0.87,0.6354,15,4,0,1
CUST004315,66,2,France,597,85893.23,2,1,70807.15,-0.0734,0.42,0.2571,14,10,1,0
CUST004316,30,8,India,780,25020.48,1,1,20301.7,0.212,0.11,0.4507,15,0,0,0
CUST004317,51,9,India,698,62470.56,1,0,51369.3,0.027,0.25,0.265,16,0,1,0
CUST004318,62,10,France,590,139540.26,3,1,126933.93,-0.0451,1.0,0.4897,10,2,1,0
CUST004319,39,10,USA,641,111030.02,2,0,116658.33,-0.0182,0.52,0.4827,16,6,1,1
CUST004320,70,14,India,656,110604.49,2,0,47175.34,0.3695,0.52,0.3811,9,6,1,0
CUST004321,40,5,USA,641,68025.26,1,0,72429.99,-0.1054,0.03,0.1972,12,1,1,0
CUST004322,68,10,India,626,36047.12,3,0,111889.37,0.0397,0.6,0.8882,17,1,1,0
CUST004323,20,5,France,748,32055.65,2,1,113976.65,-0.1888,0.44,0.3556,16,0,0,0
CUST004324,59,3,USA,692,184111.67,1,1,132466.74,0.3724,1.69,0.4422,12,4,1,0
CUST004325,51,14,India,830,215880.13,1,0,111099.37,-0.1031,0.38,0.324,8,3,0,0
CUST004326,49,7,USA,752,142886.94,1,0,128370.98,0.4431,0.75,0.4565,14,0,0,0
CUST004327,62,4,India,660,58587.55,1,0,96850.03,0.6702,2.2,0.3635,13,1,1,1
CUST004328,68,6,Germany,763,7003.94,3,1,123987.61,0.2364,0.67,0.4917,14,0,0,0
CUST004329,66,8,France,678,244710.28,1,1,177029.69,-0.1066,0.02,0.1789,16,3,0,0
CUST004330,38,12,France,843,104094.83,1,0,175441.29,-0.1805,0.09,0.4448,13,1,1,0
CUST004331,63,12,India,624,102775.08,1,1,101762.45,0.3569,2.73,0.1054,12,0,1,0
CUST004332,61,13,India,686,38944.49,1,1,43824.93,0.1313,0.64,0.797,10,1,0,0
CUST004333,38,4,India,601,118665.51,1,0,164529.29,0.0573,0.17,0.0485,5,1,0,0
CUST004334,61,10,Germany,619,63117.47,1,0,18000.0,0.1902,0.67,0.3036,9,1,1,0
CUST004335,28,13,USA,622,10561.24,1,1,124967.38,-0.1746,2.52,0.0744,10,6,1,0
CUST004336,56,4,USA,748,55007.87,2,1,123282.21,0.0052,0.04,0.429,11,0,1,0
CUST004337,21,13,France,666,100985.52,1,0,102294.92,-0.1793,0.6,0.1836,8,0,1,0
CUST004338,68,3,India,453,171065.62,3,1,119022.6,0.1511,0.12,0.3542,16,1,1,0
CUST004339,18,5,India,657,21636.55,1,0,36621.64,0.2273,0.47,0.1709,13,2,1,0
CUST004340,45,1,India,572,806.16,2,1,49559.22,0.34,0.85,0.3015,9,1,1,0
CUST004341,41,2,India,614,49551.88,3,0,38553.02,-0.0977,0.49,0.0259,9,4,0,0
CUST004342,52,0,India,742,17969.13,2,1,44451.79,0.317,2.63,0.1287,13,8,1,1
CUST004343,30,1,USA,542,76155.61,2,1,66244.17,-0.3721,0.7,0.3708,11,3,1,0
CUST004344,64,1,India,551,45508.52,1,1,91497.49,-0.2122,2.65,0.26,10,0,1,1
CUST004345,51,7,India,517,83729.73,2,0,147881.24,0.2206,0.3,0.1036,12,11,0,0
CUST004346,28,7,Germany,619,86383.51,1,1,193897.66,0.1971,0.02,0.3178,12,4,0,0
CUST004347,53,1,India,514,7941.64,2,1,60247.61,0.1624,0.13,0.0117,14,3,1,0
CUST004348,68,12,Germany,521,63053.31,1,1,96390.15,-0.3371,0.06,0.3446,13,1,1,0
CUST004349,34,13,India,631,26480.65,2,1,104733.72,0.3255,1.07,0.5365,8,0,1,0
CUST004350,52,5,USA,675,146566.97,2,1,57307.88,0.1391,0.17,0.3519,11,1,1,0
CUST004351,35,14,France,577,33861.21,1,1,77799.12,0.1076,1.13,0.4554,8,0,1,0
CUST004352,57,4,India,678,45307.86,1,1,181232.39,0.2447,0.62,0.082,6,3,1,0
CUST004353,39,2,USA,658,19719.92,2,0,157463.3,-0.0479,0.2,0.7164,12,0,1,0
CUST004354,74,4,France,693,74148.28,3,0,163381.51,0.3654,0.76,0.2359,8,1,1,0
CUST004355,41,4,USA,566,66567.0,2,0,126553.07,0.1294,0.01,0.1631,11,5,0,0
CUST004356,36,4,India,808,167872.15,1,1,140719.34,0.1585,0.33,0.4038,10,9,1,0
CUST004357,54,2,India,558,74120.33,4,1,117447.43,0.2581,1.23,0.3831,15,9,1,0
CUST004358,56,14,Germany,599,159412.59,1,1,176722.83,-0.3599,1.11,0.1737,12,7,1,0
CUST004359,38,2,France,691,171372.88,4,1,18000.0,-0.0502,1.25,0.3599,16,1,0,0
CUST004360,25,3,India,659,54069.0,1,1,47461.6,-0.0323,0.71,0.8434,19,2,1,0
CUST004361,45,6,India,717,65149.34,4,1,29035.21,-0.1074,0.68,0.3324,15,0,0,0
CUST004362,22,11,India,625,40425.02,1,1,67246.44,0.1293,0.42,0.3292,12,1,1,0
CUST004363,34,11,India,551,118.04,2,1,102536.03,-0.0344,2.37,0.168,13,4,1,0
CUST004364,54,11,India,527,222229.44,2,0,93082.6,0.2724,2.39,0.5855,8,0,1,0
CUST004365,53,13,India,792,40751.86,2,1,59034.31,0.1245,0.01,0.3556,7,0,1,0
CUST004366,71,1,India,625,20094.05,2,1,108131.47,-0.117,2.62,0.5159,7,1,1,1
CUST004367,36,9,India,636,10229.23,1,1,116604.14,0.1174,1.64,0.3753,18,1,1,0
CUST004368,44,3,France,794,37226.41,1,0,125378.5,-0.1989,0.75,0.3053,12,1,1,0
CUST004369,70,3,India,610,57176.07,1,1,136571.77,-0.2424,0.31,0.0706,17,2,1,0
CUST004370,51,0,India,651,153044.23,2,1,70049.45,-0.0092,0.44,0.2053,11,4,1,0
CUST004371,28,9,India,567,188389.33,2,1,148071.28,0.1933,1.51,0.4674,18,5,1,0
CUST004372,71,7,France,545,53049.75,1,0,96528.28,0.2064,0.13,0.4637,7,0,1,0
CUST004373,62,0,Germany,801,174432.5,1,1,136142.66,0.2145,0.78,0.4778,10,2,1,0
CUST004374,64,7,Germany,802,180012.64,1,1,69684.84,-0.0811,0.21,0.5107,14,3,1,1
CUST004375,29,6,India,731,37565.01,2,0,182385.9,-0.0891,0.38,0.1652,9,0,0,0
CUST004376,71,8,Germany,729,19520.9,3,0,124209.04,-0.5545,0.0,0.3398,14,1,1,0
CUST004377,38,7,USA,710,108357.18,1,1,105404.5,-0.3037,2.79,0.4224,9,1,1,1
CUST004378,71,4,India,590,36434.95,3,1,41787.2,0.4808,0.09,0.4507,11,0,1,0
CUST004379,28,7,USA,673,168871.77,3,1,152162.01,0.0742,1.15,0.3187,5,2,1,0
CUST004380,56,13,Germany,609,106433.15,1,1,47925.92,-0.058,0.66,0.3719,8,0,1,1
CUST004381,45,14,Germany,442,29228.56,2,1,206425.13,0.2673,1.41,0.4138,9,2,0,0
CUST004382,22,10,France,739,94125.1,2,1,135171.71,0.1714,0.58,0.6715,7,1,1,0
CUST004383,34,9,France,694,80357.64,2,1,37383.84,0.1358,3.33,0.3143,8,0,1,0
CUST004384,73,11,India,544,43060.25,2,1,110230.07,-0.0479,0.75,0.6974,8,0,1,0
CUST004385,37,14,USA,621,14803.29,2,1,194420.29,0.033,0.77,0.3567,7,3,1,0
CUST004386,58,11,India,734,35218.04,1,1,99349.68,0.2156,2.03,0.4568,12,2,1,0
CUST004387,63,2,France,660,99528.28,1,1,82804.31,0.3099,0.24,0.6755,19,0,0,0
CUST004388,29,14,India,514,111115.47,1,0,114921.12,0.0243,0.36,0.3995,8,0,0,0
CUST004389,23,9,France,552,150805.85,2,1,63776.86,0.2141,0.87,0.4417,11,5,1,0
CUST004390,34,6,India,798,32309.79,1,1,164040.37,-0.3637,0.12,0.3328,12,3,1,0
CUST004391,68,11,India,655,15889.35,2,1,58899.27,-0.1412,1.33,0.6833,11,3,0,1
CUST004392,36,3,India,734,23484.54,1,1,120732.89,-0.032,0.72,0.5748,6,6,0,1
CUST004393,43,4,India,797,32224.34,1,1,160033.27,-0.2172,1.13,0.4108,19,0,1,0
CUST004394,65,8,France,613,26289.02,3,1,102698.81,-0.0656,3.71,0.5613,12,2,0,0
CUST004395,61,6,India,678,74660.99,1,1,161967.23,0.7116,3.01,0.3589,13,6,0,0
CUST004396,61,3,USA,492,119289.74,1,0,90946.28,0.5159,0.47,0.4729,13,2,0,0
CUST004397,69,5,India,601,50465.16,4,0,45934.53,-0.264,0.26,0.2942,12,0,0,0
CUST004398,49,9,India,696,107067.94,2,1,135628.77,-0.0104,0.8,0.3736,11,6,1,0
CUST004399,23,13,India,634,136143.25,1,1,116167.74,-0.0345,0.99,0.6663,9,1,1,0
CUST004400,72,10,India,686,75346.24,1,0,53996.38,-0.1098,0.28,0.2509,16,0,0,0
CUST004401,53,6,France,724,5478.87,3,1,95843.58,-0.2841,0.26,0.2737,14,0,0,0
CUST004402,55,12,USA,694,58697.67,2,1,53215.48,0.0189,0.19,0.5318,17,2,0,0
CUST004403,28,9,India,676,139265.86,1,1,99702.44,-0.1516,1.92,0.1958,8,3,0,0
CUST004404,50,12,USA,665,115076.32,3,0,209552.6,-0.2752,0.09,0.4587,16,0,1,0
CUST004405,41,8,India,604,9826.33,1,0,146029.72,-0.117,0.23,0.1589,9,2,1,0
CUST004406,40,3,India,576,149001.89,4,0,130095.17,0.3404,0.78,0.4964,9,2,1,0
CUST004407,32,9,USA,758,55502.47,1,1,108099.56,-0.0787,0.5,0.2733,9,4,1,0
CUST004408,44,2,India,713,9491.11,2,0,150357.77,-0.0836,0.1,0.1638,18,0,1,0
CUST004409,28,7,Germany,586,74021.74,1,0,103721.85,0.055,0.27,0.0646,10,5,0,0
CUST004410,74,14,USA,655,18546.84,1,0,18000.0,0.3188,0.42,0.2122,9,2,1,0
CUST004411,68,0,Germany,538,116313.66,1,1,35722.08,-0.304,2.55,0.5104,15,5,1,1
CUST004412,67,8,France,611,146967.96,1,1,73659.92,0.2015,0.4,0.6077,16,0,1,0
CUST004413,34,12,India,692,13920.69,1,1,79782.2,0.0981,0.1,0.3994,12,0,0,0
CUST004414,68,0,India,670,65562.91,1,1,101231.14,0.2702,2.87,0.162,20,1,0,0
CUST004415,70,1,India,659,130040.09,4,1,156970.89,0.2034,0.46,0.4895,14,1,1,0
CUST004416,31,12,India,579,6513.12,1,1,118700.42,0.5249,0.12,0.2001,8,2,0,0
CUST004417,44,7,Germany,563,274.15,1,0,108546.53,-0.0948,0.76,0.2434,12,2,0,0
CUST004418,35,8,Germany,725,61304.56,2,1,47073.63,-0.1702,1.32,0.3228,10,0,0,0
CUST004419,45,6,USA,785,58707.61,2,1,92609.85,-0.1141,0.99,0.6138,16,0,1,0
CUST004420,68,2,USA,693,79025.85,2,1,70224.27,0.1184,0.3,0.7275,8,7,1,0
CUST004421,64,6,India,636,69485.3,2,0,50913.94,0.3388,0.22,0.6041,14,4,0,0
CUST004422,64,5,USA,748,6447.5,4,0,18000.0,0.4073,1.72,0.3721,19,2,0,0
CUST004423,21,1,Germany,582,24130.83,2,1,43190.75,-0.099,0.17,0.2842,9,1,1,0
CUST004424,24,2,USA,734,5723.37,2,1,183759.4,0.4926,1.13,0.3574,8,1,1,0
CUST004425,62,10,India,602,107179.48,2,1,155941.11,0.1119,0.02,0.1644,5,0,0,0
CUST004426,52,12,Germany,606,134966.6,2,1,59032.85,0.0348,0.44,0.2692,8,0,1,0
CUST004427,65,11,India,623,70482.77,1,0,76802.67,0.0346,3.36,0.6702,11,2,0,1
CUST004428,26,12,USA,641,120053.11,1,0,220686.85,0.3866,0.8,0.5372,12,3,1,0
CUST004429,25,9,USA,723,38292.92,1,1,214242.69,-0.1766,0.3,0.4026,12,2,1,0
CUST004430,69,9,India,545,53237.74,1,1,110345.33,0.1426,0.96,0.3688,13,0,1,0
CUST004431,62,12,Germany,601,133298.29,1,1,135909.29,0.0927,0.35,0.2963,7,0,1,0
CUST004432,34,11,France,666,104843.11,2,0,114323.31,-0.2819,2.24,0.2979,8,4,0,1
CUST004433,34,14,India,694,86945.62,1,0,84925.98,-0.6025,0.21,0.3321,12,2,1,0
CUST004434,66,4,France,513,66860.35,2,0,113269.15,0.0765,0.31,0.6158,8,3,0,0
CUST004435,50,9,USA,586,4191.44,3,1,130255.72,-0.2578,0.93,0.4648,14,2,1,0
CUST004436,49,3,Germany,510,81301.36,1,0,150527.87,-0.0187,1.27,0.3964,12,4,1,0
CUST004437,25,1,France,594,95216.2,1,0,115764.82,0.0374,0.69,0.2566,9,0,0,0
CUST004438,36,3,USA,615,212903.47,1,0,115061.15,-0.3725,0.27,0.4832,12,1,1,0
CUST004439,55,11,Germany,690,71105.6,3,0,39282.78,0.0041,0.68,0.4337,11,5,0,1
CUST004440,20,7,India,466,53080.87,3,1,60381.93,-0.0859,0.2,0.2924,14,1,1,0
CUST004441,22,4,India,702,93475.63,3,1,18000.0,-0.0887,0.05,0.4495,11,1,1,0
CUST004442,30,4,Germany,609,165796.34,1,1,122723.65,-0.0735,2.02,0.3384,8,7,1,1
CUST004443,64,12,France,622,97828.93,1,0,72590.97,-0.0487,0.52,0.1676,18,1,1,0
CUST004444,63,11,France,727,64900.27,4,1,90437.33,-0.2163,0.52,0.3923,10,1,0,0
CUST004445,48,11,USA,757,27327.27,1,1,104131.02,1.0,1.09,0.5356,13,0,1,0
CUST004446,72,9,USA,597,24383.06,1,0,114475.06,-0.3772,0.66,0.2961,10,1,1,0
CUST004447,33,2,India,597,124430.38,1,1,18000.0,0.1524,0.48,0.1469,6,5,0,1
CUST004448,67,12,France,621,58156.67,4,1,118527.04,-0.0305,1.27,0.5452,7,0,1,0
CUST004449,49,7,India,596,200431.92,1,0,81056.75,-0.1486,0.52,0.3954,17,0,1,0
CUST004450,39,5,Germany,535,81208.3,3,0,142271.04,0.1962,1.95,0.2633,22,6,1,0
CUST004451,46,1,USA,647,106260.53,1,0,84641.37,0.3156,0.29,0.4056,8,8,0,0
CUST004452,39,1,USA,597,41641.9,2,1,70664.7,0.0899,0.03,0.9602,12,1,1,0
CUST004453,60,8,India,657,25011.58,1,1,154731.38,0.086,0.13,0.6013,12,0,0,0
CUST004454,20,12,France,786,123356.48,1,1,53681.21,0.1041,1.37,0.5144,14,7,1,0
CUST004455,71,6,USA,641,150129.61,2,1,75367.12,-0.0075,2.09,0.4206,15,0,1,0
CUST004456,27,9,France,589,14386.44,1,1,55551.61,0.2276,0.06,0.2202,15,2,1,1
CUST004457,59,8,India,628,30432.11,2,1,77542.31,-0.2469,1.91,0.0759,9,1,1,1
CUST004458,38,13,USA,660,35148.94,4,1,180750.22,-0.2665,2.3,0.4173,14,0,1,0
CUST004459,33,5,Germany,636,117951.62,1,0,41850.23,0.3256,1.12,0.3674,14,1,0,0
CUST004460,29,14,Germany,604,98428.04,1,0,87802.0,-0.3933,1.15,0.3531,12,1,1,0
CUST004461,19,4,France,517,69845.52,2,1,137789.44,-0.0172,0.0,0.3486,15,3,1,0
CUST004462,58,11,India,700,27646.45,3,0,89268.86,-0.2713,0.2,0.4907,9,6,1,1
CUST004463,41,0,India,578,175690.63,2,1,118792.76,0.0022,0.19,0.3594,9,0,0,0
CUST004464,52,11,USA,766,136611.3,1,1,74377.79,-0.096,0.7,0.492,7,0,0,0
CUST004465,73,5,India,620,47713.63,2,1,94873.35,0.283,0.86,0.4282,16,1,1,0
CUST004466,47,5,France,608,129116.6,1,0,87672.76,0.4843,1.86,0.5787,16,1,1,0
CUST004467,74,2,India,612,58102.39,1,0,91066.26,-0.2311,0.54,0.0339,18,1,1,0
CUST004468,47,2,USA,662,38706.75,2,0,156336.98,-0.1624,0.56,0.5305,14,0,0,0
CUST004469,64,14,India,580,123505.89,2,0,70896.45,-0.077,0.04,0.1501,10,1,1,0
CUST004470,52,2,USA,595,97761.8,1,1,114879.54,-0.001,4.77,0.2866,11,1,0,1
CUST004471,36,2,India,699,81517.82,2,1,146078.21,0.2679,2.33,0.5144,12,0,0,0
CUST004472,67,6,India,568,20241.11,1,0,126493.36,-0.204,0.06,0.5644,14,0,0,0
CUST004473,25,9,India,693,138912.02,2,0,87023.74,-0.0178,0.65,0.1988,16,2,0,0
CUST004474,43,10,India,716,657.36,3,1,164795.26,-0.0102,0.34,0.6139,14,0,1,0
CUST004475,66,1,France,703,123995.92,1,0,107750.89,-0.0631,0.45,0.2322,10,2,0,1
CUST004476,57,9,India,668,81562.24,1,0,141780.01,0.1986,0.84,0.5591,17,0,0,0
CUST004477,24,12,USA,505,73785.31,2,1,74646.51,-0.0109,0.44,0.2353,14,0,1,0
CUST004478,47,9,France,553,41828.05,2,0,128125.7,-0.3598,0.55,0.5227,7,7,1,0
CUST004479,24,1,Germany,541,86210.42,2,1,132286.92,-0.2885,0.26,0.5748,11,5,0,0
CUST004480,20,2,France,619,9288.39,3,1,63220.01,0.0197,0.07,0.7647,12,1,0,0
CUST004481,18,9,France,652,152547.85,1,1,165165.15,0.5055,1.13,0.7194,9,0,1,0
CUST004482,53,11,USA,554,51014.0,2,0,154197.19,0.1806,0.38,0.6043,13,3,1,0
CUST004483,42,6,Germany,636,33233.93,2,0,74124.19,0.2916,1.74,0.0904,16,4,0,0
CUST004484,54,2,India,704,63798.75,1,0,32091.7,0.0405,2.32,0.1867,16,3,0,0
CUST004485,18,6,USA,570,52835.3,2,0,91491.33,0.0536,0.07,0.0918,13,3,1,0
CUST004486,32,8,Germany,584,153090.95,2,1,95239.66,0.1117,0.92,0.8985,10,0,0,0
CUST004487,54,10,USA,744,31468.53,2,0,71117.56,0.065,1.37,0.7047,12,4,0,0
CUST004488,30,9,Germany,575,71399.28,2,1,77454.17,0.0985,0.83,0.4421,10,4,1,0
CUST004489,57,11,Germany,677,174130.22,1,1,139859.69,0.3221,0.32,0.7069,15,0,0,0
CUST004490,25,14,India,749,80233.32,2,1,176826.98,0.0712,0.27,0.2063,20,0,0,0
CUST004491,22,10,France,555,87683.83,2,1,137529.54,0.0271,0.5,0.4671,18,0,0,0
CUST004492,26,3,USA,561,74252.89,2,0,160080.5,0.4542,0.24,0.3673,15,0,1,0
CUST004493,18,6,India,631,35757.44,1,1,100241.3,0.1766,1.81,0.1909,15,0,0,0
CUST004494,53,8,France,655,109491.26,2,0,26226.32,-0.3954,0.04,0.4816,13,0,0,0
CUST004495,52,13,USA,598,64115.49,1,1,73533.49,-0.1556,0.1,0.1135,12,2,1,0
CUST004496,19,7,Germany,807,84728.22,3,1,65276.05,-0.2786,0.75,0.3287,12,2,1,0
CUST004497,57,7,USA,693,110040.25,2,1,147266.98,0.1834,0.86,0.0871,4,0,0,0
CUST004498,40,8,India,585,103401.45,2,1,18000.0,0.3789,1.07,0.3529,14,6,1,0
CUST004499,26,13,Germany,540,82005.97,1,0,107327.08,0.2473,0.26,0.1038,14,4,1,0
CUST004500,51,4,USA,644,131710.77,2,1,92635.51,0.015,0.28,0.4893,17,1,1,0
CUST004501,63,13,India,685,138724.29,1,1,117350.71,0.4878,0.43,0.4016,11,0,1,0
CUST004502,31,4,India,797,124653.58,3,0,54190.89,0.1246,0.21,0.5368,14,2,1,0
CUST004503,21,2,France,656,141428.73,3,1,155920.56,0.2777,0.38,0.3528,11,0,1,0
CUST004504,47,4,India,630,160057.09,1,1,108514.59,0.1488,0.96,0.5747,11,0,0,0
CUST004505,48,7,France,571,1206.13,2,1,45981.09,-0.2239,0.55,0.3578,7,1,1,0
CUST004506,55,11,India,679,246979.01,2,1,52917.96,-0.0487,2.72,0.5973,10,4,0,0
CUST004507,28,4,USA,731,85702.13,2,1,79371.31,0.1747,0.69,0.3478,9,1,1,0
CUST004508,52,3,France,507,60927.87,2,0,125650.39,0.1365,0.32,0.4559,15,0,1,0
CUST004509,25,7,India,655,86452.33,4,0,63520.2,0.011,0.16,0.4967,10,0,0,0
CUST004510,20,6,USA,568,15492.65,1,1,129060.78,-0.054,0.2,0.1869,12,1,0,0
CUST004511,31,14,Germany,541,90511.4,1,1,97882.74,0.1983,0.01,0.5842,10,2,1,0
CUST004512,30,13,Germany,785,26827.49,2,1,171362.78,0.2983,0.47,0.183,14,0,1,0
CUST004513,62,13,USA,720,80503.82,2,1,71836.82,0.1177,2.58,0.4928,8,1,1,0
CUST004514,49,5,USA,601,84979.29,1,1,97321.94,0.4499,1.2,0.8172,10,0,1,0
CUST004515,51,4,Germany,637,39257.05,1,1,142123.12,0.348,0.29,0.7947,18,4,0,0
CUST004516,62,13,Germany,624,35827.62,2,0,59595.02,-0.0631,1.28,0.6491,8,0,0,0
CUST004517,36,4,Germany,559,92970.03,2,0,55759.01,0.2459,2.15,0.3713,13,0,1,0
CUST004518,55,12,India,606,75934.88,1,1,44349.93,0.7616,0.89,0.283,11,2,1,0
CUST004519,33,9,France,712,87925.51,3,1,128175.51,-0.1503,0.57,0.1089,17,4,0,0
CUST004520,19,1,USA,604,49866.54,1,1,30623.9,0.2021,0.12,0.2264,10,1,1,0
CUST004521,57,12,India,687,35271.05,1,1,113743.67,-0.372,0.07,0.8494,14,3,1,0
CUST004522,34,14,India,605,62664.1,1,1,66485.2,0.2356,0.2,0.1365,11,0,1,0
CUST004523,72,3,India,555,84627.35,3,0,66739.86,0.2804,0.87,0.2737,14,1,1,0
CUST004524,51,7,India,745,117767.65,2,0,18000.0,0.0355,0.13,0.5201,18,8,1,0
CUST004525,59,7,India,479,25769.03,1,1,95113.53,-0.0217,0.61,0.4341,12,4,0,0
CUST004526,33,10,India,792,125051.39,1,1,64145.85,0.05,0.46,0.3775,8,0,1,0
CUST004527,55,0,Germany,729,116538.49,2,1,89592.35,-0.2477,0.79,0.6916,12,8,0,0
CUST004528,19,1,India,664,108277.83,2,1,90161.03,-0.0326,0.04,0.3947,12,5,1,0
CUST004529,19,4,India,614,189475.82,4,1,182997.38,0.0242,3.14,0.4746,15,0,0,0
CUST004530,43,8,India,620,33082.49,2,1,56034.48,0.2506,0.94,0.1354,7,2,1,0
CUST004531,30,9,India,666,196937.59,1,1,124193.99,-0.5204,1.02,0.2066,15,3,1,0
CUST004532,73,10,India,664,35472.9,2,1,83452.03,0.0954,0.01,0.5568,15,0,0,0
CUST004533,64,11,USA,573,90976.14,1,1,127998.44,-0.1616,0.07,0.5061,9,0,1,0
CUST004534,48,12,France,655,78731.28,4,0,91127.16,0.0613,0.93,0.0925,12,1,0,0
CUST004535,51,10,France,670,6968.49,1,0,185292.27,0.5555,0.09,0.023,11,0,1,0
CUST004536,56,6,France,625,108798.58,1,1,97139.32,-0.0776,1.81,0.6425,15,5,0,0
CUST004537,20,9,India,829,129553.21,1,1,104859.06,-0.287,0.78,0.3429,12,2,1,0
CUST004538,25,4,India,639,102176.81,1,0,157062.58,-0.351,0.06,0.5605,13,0,1,0
CUST004539,40,0,India,508,15564.6,1,1,82748.15,0.0836,0.76,0.7496,17,0,0,0
CUST004540,31,14,Germany,569,890.32,1,1,149531.36,0.3594,1.3,0.7196,8,0,0,0
CUST004541,73,14,India,706,32768.37,1,1,157299.54,-0.3645,1.29,0.1385,10,1,0,0
CUST004542,72,5,USA,592,154911.1,1,1,73383.69,0.2288,0.41,0.8313,9,3,1,0
CUST004543,44,11,India,570,81959.45,3,0,138649.53,-0.1183,0.49,0.7811,12,0,0,0
CUST004544,71,7,India,761,48041.54,2,1,53926.13,0.0436,1.07,0.1084,10,1,0,0
CUST004545,46,6,France,663,203988.1,3,0,110091.46,0.3862,1.66,0.8113,19,5,1,0
CUST004546,56,1,Germany,601,169015.08,1,0,68532.29,-0.0274,1.26,0.3658,11,0,0,1
CUST004547,70,11,Germany,428,8622.12,1,1,96757.75,0.1699,0.73,0.5556,12,3,1,0
CUST004548,56,4,USA,699,50624.65,2,1,132911.73,-0.1035,1.03,0.1045,10,3,1,0
CUST004549,18,13,France,651,58248.06,1,1,154045.89,-0.0208,0.85,0.506,9,0,0,0
CUST004550,34,10,USA,754,108435.73,1,1,18000.0,0.0312,0.69,0.5593,17,0,1,0
CUST004551,58,3,France,562,88330.44,3,0,58144.49,-0.0108,2.02,0.1983,12,0,1,1
CUST004552,47,8,India,620,33759.49,2,1,165102.07,-0.471,0.84,0.3038,13,7,1,0
CUST004553,70,9,USA,673,157288.3,1,1,100006.35,0.0767,0.39,0.4729,11,3,0,0
CUST004554,30,0,Germany,750,184126.63,2,1,98478.0,0.1981,2.93,0.1237,11,8,1,0
CUST004555,38,11,India,670,72934.06,1,1,147652.94,0.0849,2.39,0.8521,12,1,1,1
CUST004556,36,5,France,593,40429.95,2,1,18000.0,0.2694,1.21,0.4428,6,2,0,0
CUST004557,70,2,France,753,174897.47,1,0,52197.51,0.1259,0.03,0.2391,17,1,1,0
CUST004558,36,10,USA,625,60056.33,1,0,147516.33,-0.2974,1.04,0.1379,12,2,0,0
CUST004559,74,8,India,664,20549.84,1,1,19323.08,-0.0525,0.02,0.0908,11,4,0,0
CUST004560,42,4,USA,710,136720.67,3,1,101720.66,-0.1932,0.06,0.3237,9,2,0,0
CUST004561,39,12,France,775,162275.71,1,0,18000.0,-0.6025,0.35,0.152,6,8,1,0
CUST004562,48,5,USA,679,56189.33,2,0,74123.36,0.3075,0.3,0.9217,16,5,1,0
CUST004563,34,10,India,850,217378.45,1,1,154122.2,0.7694,0.66,0.4111,6,1,1,0
CUST004564,72,8,USA,642,75563.89,1,1,18000.0,-0.1186,0.22,0.1614,13,0,1,0
CUST004565,40,8,India,673,143873.41,1,1,84660.53,0.0996,0.18,0.3659,7,4,0,0
CUST004566,49,7,Germany,600,81357.75,1,1,142586.49,-0.1793,0.88,0.6865,10,7,1,0
CUST004567,27,8,India,675,45827.62,2,0,58567.83,0.1055,0.47,0.3176,12,2,1,0
CUST004568,27,3,USA,673,130422.04,3,1,115757.33,0.3559,0.04,0.5533,11,0,1,0
CUST004569,53,5,Germany,733,51807.09,1,1,187133.87,0.1757,0.47,0.6204,15,3,0,0
CUST004570,25,4,India,685,8603.86,1,1,134888.83,0.3019,1.14,0.3995,10,9,1,0
CUST004571,71,4,India,607,83157.81,3,0,110149.0,0.4206,0.06,0.131,12,0,1,0
CUST004572,69,3,India,670,72640.17,4,1,177035.96,0.4828,1.98,0.2392,11,4,0,1
CUST004573,37,1,India,596,27605.37,1,0,107022.43,0.1294,0.52,0.1151,15,0,0,0
CUST004574,49,11,India,693,40464.68,1,1,93584.95,-0.163,0.57,0.5232,21,0,1,0
CUST004575,67,5,France,605,50391.36,1,1,49347.5,-0.1109,0.28,0.6421,15,4,1,0
CUST004576,31,8,Germany,538,24827.39,1,1,140781.89,0.0127,0.83,0.3498,11,1,0,0
CUST004577,67,11,France,559,28822.46,1,1,198061.53,-0.0183,0.02,0.5493,18,2,1,0
CUST004578,45,0,France,556,133851.54,4,1,18000.0,-0.3004,1.07,0.3379,10,0,0,1
CUST004579,63,13,India,607,12273.69,1,1,59625.96,0.0454,0.08,0.3193,12,1,0,0
CUST004580,69,6,India,582,74896.17,1,1,95947.54,0.0827,0.47,0.4246,12,3,1,0
CUST004581,70,5,India,648,39896.79,2,1,58028.64,-0.1749,0.13,0.5701,8,2,1,0
CUST004582,41,2,Germany,618,169380.71,1,0,138333.65,0.0355,0.15,0.2844,6,0,0,0
CUST004583,32,0,Germany,691,59280.39,1,0,129679.73,-0.2427,0.5,0.4371,11,0,1,0
CUST004584,39,12,India,680,145298.34,4,0,119380.6,0.1112,0.05,0.761,16,0,1,0
CUST004585,47,3,India,624,207093.54,2,1,188163.91,-0.1559,0.13,0.394,5,4,0,0
CUST004586,21,14,USA,749,3907.1,3,1,115538.88,0.1312,0.63,0.5197,4,1,0,0
CUST004587,30,13,USA,575,33792.92,1,1,74199.48,0.2013,0.95,0.2342,12,0,1,0
CUST004588,40,8,France,730,130064.89,1,1,44827.35,0.2507,0.36,0.7176,14,0,0,0
CUST004589,25,14,India,662,36760.18,3,1,122917.81,0.4928,1.61,0.0568,20,0,1,0
CUST004590,35,1,France,618,94002.88,1,0,46133.03,0.1672,0.14,0.1282,8,3,1,0
CUST004591,29,2,USA,740,82359.79,2,1,135604.19,0.0397,0.66,0.674,7,4,1,0
CUST004592,72,1,Germany,694,69259.44,1,1,77024.7,0.2819,0.07,0.2476,12,1,1,0
CUST004593,48,13,France,563,134507.49,1,0,18000.0,-0.3452,0.15,0.3057,8,1,0,0
CUST004594,31,1,France,679,67497.0,2,1,148736.85,-0.0569,1.92,0.3451,15,0,1,0
CUST004595,51,9,India,679,1970.35,2,1,127340.06,-0.0706,3.95,0.2237,13,10,0,1
CUST004596,35,10,India,730,171904.18,3,1,138317.19,-0.1449,4.78,0.4713,19,4,1,1
CUST004597,73,10,USA,696,32421.34,1,0,25425.5,-0.0033,1.29,0.5069,9,2,0,0
CUST004598,51,7,USA,702,29014.79,2,1,163956.26,0.5729,0.18,0.3233,12,1,0,0
CUST004599,28,2,USA,614,35652.63,1,0,189154.37,-0.0061,0.27,0.5249,13,1,0,0
CUST004600,58,6,France,633,112892.5,2,0,53097.32,0.1779,0.07,0.1294,8,0,1,0
CUST004601,29,7,India,629,78634.0,1,1,118811.23,-0.1568,0.04,0.2174,17,0,1,0
CUST004602,66,2,USA,522,31767.9,1,1,81228.14,-0.1394,1.06,0.5417,9,4,1,0
CUST004603,32,1,India,752,91228.86,1,1,80258.79,-0.1809,0.62,0.3033,8,1,0,0
CUST004604,74,12,France,560,127307.3,1,1,113082.97,-0.1354,0.86,0.0938,10,1,0,0
CUST004605,48,12,France,671,104652.32,2,1,71759.96,0.4246,0.69,0.1485,10,0,1,0
CUST004606,66,7,USA,623,158132.05,1,1,91742.11,-0.0478,0.01,0.5291,12,5,1,0
CUST004607,46,2,India,630,38531.9,2,1,195117.23,-0.1405,0.31,0.0439,9,1,0,0
CUST004608,43,6,Germany,704,185598.71,1,1,38233.85,0.165,0.94,0.1732,15,6,1,0
CUST004609,35,11,Germany,587,76225.91,1,0,116230.15,0.0761,1.58,0.4541,11,3,1,1
CUST004610,49,0,India,686,125630.71,1,1,210266.56,0.4754,0.13,0.3162,8,0,0,0
CUST004611,39,13,France,687,155212.8,3,1,102450.24,0.1399,0.1,0.5091,15,3,1,0
CUST004612,55,14,France,587,240275.33,4,1,134476.2,0.4038,2.55,0.2997,13,9,1,0
CUST004613,34,11,USA,722,8967.62,1,1,63605.65,-0.2407,2.74,0.3504,14,2,1,1
CUST004614,40,5,USA,759,30155.32,1,1,58050.21,0.0245,1.11,0.6195,10,0,0,0
CUST004615,41,11,India,811,87771.4,1,1,35654.74,0.232,0.05,0.4723,10,1,1,0
CUST004616,67,11,USA,629,53006.73,2,0,104430.43,-0.1192,0.8,0.5767,11,0,0,0
CUST004617,25,12,USA,665,26289.36,2,0,187933.02,0.073,0.11,0.1412,16,4,0,0
CUST004618,58,8,India,670,18540.34,1,1,130580.37,-0.2453,1.49,0.7396,9,0,0,0
CUST004619,23,11,India,703,83804.15,1,1,108197.95,0.0366,0.29,0.3921,8,2,1,0
CUST004620,22,2,India,789,125319.96,2,1,80132.62,-0.3158,0.52,0.3105,15,2,1,0
CUST004621,61,13,India,688,97839.83,1,1,76369.9,-0.1434,0.17,0.692,8,6,1,0
CUST004622,74,6,USA,691,25052.67,2,0,59902.46,-0.2685,1.03,0.6088,11,0,0,0
CUST004623,46,12,USA,562,23579.21,1,0,65677.6,-0.0057,0.56,0.3322,8,2,1,1
CUST004624,45,5,USA,813,79794.83,2,0,124364.69,0.1809,0.98,0.3424,6,4,1,0
CUST004625,28,7,India,611,61191.37,1,1,216709.99,-0.294,0.31,0.553,12,0,1,0
CUST004626,74,2,USA,437,56293.91,2,1,141465.83,0.1687,0.38,0.5871,12,0,1,0
CUST004627,18,2,Germany,467,58789.37,2,0,75330.81,-0.1019,1.81,0.3969,11,0,1,0
CUST004628,60,3,USA,676,45113.49,1,1,63235.63,-0.4821,0.23,0.2545,14,6,1,1
CUST004629,36,2,France,548,85227.15,1,1,59948.68,0.2387,1.87,0.3931,10,8,0,1
CUST004630,26,8,USA,654,144275.93,1,0,209893.22,0.1455,0.06,0.5374,15,2,1,0
CUST004631,44,10,USA,530,18079.33,4,0,143817.57,-0.0456,0.14,0.2884,7,1,0,0
CUST004632,51,3,India,674,104076.67,3,1,119762.22,0.2648,0.87,0.3831,11,6,1,0
CUST004633,61,5,Germany,695,81126.88,2,1,155008.81,0.5729,4.12,0.6257,19,4,1,0
CUST004634,21,7,France,664,34552.21,1,0,133887.48,0.0773,2.17,0.0858,10,2,1,0
CUST004635,53,10,France,594,35349.91,1,0,18000.0,0.344,0.57,0.2859,17,7,1,0
CUST004636,35,12,France,720,76626.51,3,1,50203.93,-0.3588,0.6,0.3638,13,8,0,0
CUST004637,32,7,India,618,210192.41,3,1,155523.79,0.1498,0.68,0.4818,13,3,0,0
CUST004638,68,14,USA,634,31038.79,1,1,204426.19,0.1668,1.26,0.5634,7,7,0,0
CUST004639,30,4,USA,609,38164.3,2,1,164358.6,0.1624,0.64,0.1609,11,1,1,0
CUST004640,36,4,USA,628,101615.75,2,1,98015.09,-0.3027,0.1,0.1879,7,8,1,0
CUST004641,66,5,India,799,68976.9,1,1,125170.38,-0.0882,1.46,0.3615,15,0,1,0
CUST004642,23,9,France,649,2225.13,1,1,54648.37,0.1287,1.73,0.6615,11,4,0,0
CUST004643,65,6,France,548,31571.02,2,0,121060.98,0.0318,2.0,0.5923,10,0,1,0
CUST004644,73,12,USA,573,39404.48,1,1,112665.9,-0.0377,0.44,0.6374,11,4,1,0
CUST004645,29,12,India,627,128701.59,1,0,100578.09,0.2139,0.2,0.2675,8,1,1,0
CUST004646,68,9,India,586,12111.7,1,1,132712.81,-0.1227,0.1,0.4287,15,1,1,0
CUST004647,54,13,Germany,725,222934.11,3,1,108018.02,-0.0494,0.59,0.3517,8,0,1,0
CUST004648,34,6,India,536,43255.73,2,1,18000.0,0.1928,0.26,0.6394,19,2,1,0
CUST004649,40,12,France,640,123831.5,2,0,71196.73,0.3333,0.45,0.5201,11,0,0,0
CUST004650,43,3,Germany,730,3971.5,2,1,67690.83,0.1242,0.08,0.2421,7,4,1,0
CUST004651,46,5,USA,599,87773.93,4,1,92952.58,0.4523,0.18,0.4394,10,4,0,0
CUST004652,50,6,USA,685,163636.54,1,0,115054.91,0.4435,0.46,0.3692,11,3,0,0
CUST004653,44,4,India,646,54311.15,1,0,120390.83,0.4939,0.16,0.3884,12,0,1,0
CUST004654,42,4,France,647,8693.22,1,0,89915.13,-0.2028,0.2,0.1851,14,0,1,0
CUST004655,73,1,USA,690,52917.42,3,1,94525.93,0.0268,0.02,0.483,9,0,1,0
CUST004656,72,6,France,501,62594.01,1,0,18000.0,0.0839,0.06,0.3463,12,0,1,0
CUST004657,27,11,USA,746,14887.54,2,0,151233.86,-0.2018,0.1,0.3537,14,1,0,0
CUST004658,64,5,Germany,498,178483.27,1,0,108403.61,0.0004,0.86,0.0581,13,0,1,0
CUST004659,40,10,India,740,77162.67,1,1,91864.93,-0.1225,0.13,0.2056,14,5,0,0
CUST004660,38,0,USA,684,155374.75,1,1,85630.05,-0.4876,1.7,0.0515,8,0,1,1
CUST004661,38,3,Germany,687,142611.71,1,0,28783.93,-0.2148,1.23,0.5882,9,0,0,0
CUST004662,60,2,Germany,779,181474.62,1,1,194764.3,0.0567,1.36,0.5648,7,0,0,0
CUST004663,30,11,Germany,744,2062.52,2,1,68910.27,0.4752,0.35,0.6429,12,1,0,0
CUST004664,54,14,India,715,115962.08,2,1,23712.22,-0.2775,0.05,0.5593,10,0,0,0
CUST004665,50,2,France,626,44762.58,3,1,91483.56,0.3588,0.06,0.1007,14,2,0,0
CUST004666,41,6,France,621,67191.88,1,1,101633.07,0.0501,0.94,0.6273,10,2,1,0
CUST004667,61,10,India,717,8983.8,2,1,154085.52,0.0164,2.05,0.3575,10,3,1,0
CUST004668,28,11,France,686,220154.25,3,1,93076.01,-0.1594,0.15,0.7641,11,1,1,0
CUST004669,34,9,India,674,30419.08,1,1,87694.41,-0.0612,1.6,0.3204,14,1,1,0
CUST004670,21,3,Germany,645,116473.34,2,1,63236.81,-0.0138,0.85,0.2261,18,0,0,0
CUST004671,64,14,India,617,3709.83,2,1,28148.25,0.233,0.9,0.1462,12,4,0,0
CUST004672,42,11,France,538,60223.58,1,1,36360.55,0.0113,0.96,0.4606,11,1,1,0
CUST004673,47,7,India,701,141756.84,1,1,126538.81,0.4975,0.05,0.301,7,1,0,0
CUST004674,26,10,USA,635,97535.24,1,0,121914.55,-0.2395,0.74,0.4394,10,1,0,0
CUST004675,38,8,USA,630,17617.41,2,1,146343.87,0.416,0.53,0.3283,8,2,1,0
CUST004676,37,2,India,504,31664.05,1,1,91795.98,-0.1286,1.45,0.4625,7,4,1,0
CUST004677,36,4,USA,657,86093.29,1,1,172557.45,-0.1037,0.45,0.6967,10,6,1,0
CUST004678,36,3,India,540,74928.08,2,0,55672.85,0.1532,0.57,0.591,10,6,1,0
CUST004679,29,13,Germany,615,5406.44,1,0,79009.12,-0.2424,0.69,0.4644,22,1,1,0
CUST004680,54,11,France,713,52375.41,1,1,94950.49,0.4442,0.71,0.0401,9,4,1,0
CUST004681,59,9,Germany,655,66952.16,1,1,94498.9,0.0211,0.41,0.458,13,2,0,0
CUST004682,34,14,France,641,111240.82,4,0,60455.75,0.0804,0.15,0.2429,11,4,1,0
CUST004683,54,5,India,591,138809.53,1,1,52315.9,0.0569,0.23,0.2851,7,0,0,0
CUST004684,71,10,India,606,117610.78,1,0,18000.0,0.2893,0.43,0.1409,14,0,1,0
CUST004685,65,9,USA,776,97051.28,1,0,175258.07,-0.1534,0.77,0.1204,15,6,1,0
CUST004686,56,3,India,712,98484.63,1,0,100784.97,-0.2507,0.48,0.6641,8,7,1,0
CUST004687,45,7,France,613,105577.14,2,0,82654.46,0.0976,1.25,0.3235,14,1,1,0
CUST004688,58,2,India,641,135320.11,4,1,61912.92,0.0181,0.68,0.2344,8,0,0,0
CUST004689,52,10,France,669,180897.48,2,0,104408.08,-0.0511,0.34,0.6084,11,4,1,0
CUST004690,64,4,India,685,15697.12,1,1,92357.05,0.2863,0.55,0.4838,10,3,0,0
CUST004691,65,12,Germany,648,48210.59,1,1,183073.46,-0.0384,0.36,0.5561,13,5,0,0
CUST004692,35,0,India,508,138652.68,1,1,76673.75,-0.2983,0.02,0.2174,17,2,1,0
CUST004693,31,12,India,647,14306.82,1,1,84919.01,0.7961,0.26,0.7121,8,9,1,0
CUST004694,52,14,Germany,642,4324.05,2,1,136672.65,-0.1364,0.48,0.6954,13,2,0,0
CUST004695,61,5,India,814,36216.97,1,0,131825.83,0.2021,0.24,0.5247,12,0,1,0
CUST004696,58,10,Germany,850,80558.55,1,1,42161.57,0.0188,1.02,0.6536,10,1,1,0
CUST004697,24,4,USA,701,46339.62,1,1,125531.81,-0.5768,1.59,0.1959,16,1,1,1
CUST004698,58,7,India,595,98911.33,1,1,158123.65,-0.1456,0.28,0.7057,8,0,0,0
CUST004699,30,8,France,704,58377.69,2,1,169326.87,-0.0008,0.02,0.7963,15,3,1,0
CUST004700,35,7,USA,514,54599.55,1,1,40906.79,-0.5864,1.67,0.0533,15,3,1,0
CUST004701,54,7,Germany,607,27482.35,2,1,98426.45,-0.225,0.69,0.4961,15,2,1,0
CUST004702,30,11,USA,519,113124.34,2,1,47728.65,-0.1066,0.0,0.7368,13,5,1,0
CUST004703,53,13,USA,694,113939.18,1,1,141244.11,-0.0307,0.55,0.1734,14,5,1,0
CUST004704,48,12,India,553,64405.99,4,0,107408.04,0.3692,0.08,0.7923,18,3,0,0
CUST004705,19,2,India,627,85237.77,1,1,157688.95,-0.0118,0.9,0.3443,15,1,1,0
CUST004706,33,3,USA,646,85106.93,1,1,125669.1,-0.097,0.61,0.3637,13,8,1,0
CUST004707,26,14,USA,647,141184.75,2,1,56359.46,0.2746,1.96,0.2343,10,1,0,0
CUST004708,26,10,India,612,89810.45,1,1,103933.99,-0.1643,0.4,0.3261,9,0,1,0
CUST004709,55,3,Germany,676,6796.7,1,0,64068.39,0.4991,2.06,0.1127,20,2,0,0
CUST004710,28,14,Germany,549,194293.95,3,1,48467.11,-0.1362,1.45,0.1386,13,4,1,0
CUST004711,71,14,India,789,155915.44,2,1,75399.82,-0.0489,1.12,0.4183,11,7,1,0
CUST004712,73,13,India,567,79081.9,1,1,109218.91,-0.0097,0.46,0.6034,18,0,1,0
CUST004713,39,10,USA,653,85601.1,2,1,53563.36,0.2027,0.43,0.2971,12,0,1,0
CUST004714,50,4,India,699,93936.22,2,1,105892.09,0.2674,0.4,0.6913,11,3,0,0
CUST004715,53,12,India,704,28218.49,1,1,35252.24,0.1293,0.04,0.918,13,2,1,0
CUST004716,62,8,India,712,145122.51,2,1,18000.0,-0.0841,0.75,0.0867,16,1,1,0
CUST004717,40,11,France,522,138653.88,4,1,185671.56,-0.2446,1.28,0.4512,11,2,1,0
CUST004718,62,8,Germany,576,70638.32,4,0,80432.79,0.1375,1.09,0.5124,12,0,0,0
CUST004719,62,9,India,660,117688.01,2,1,90290.53,0.1855,0.7,0.3951,17,1,1,0
CUST004720,51,12,India,688,140687.5,1,1,82454.26,0.2719,0.35,0.3807,12,3,0,0
CUST004721,26,11,Germany,750,90074.65,2,1,124469.68,-0.2823,0.95,0.2503,12,3,1,0
CUST004722,41,13,USA,608,12088.37,1,1,107785.55,0.0571,0.6,0.3225,14,1,0,0
CUST004723,25,0,Germany,577,118518.72,2,1,142778.94,-0.2587,1.46,0.41,12,4,0,0
CUST004724,24,13,France,606,79494.81,1,0,113479.51,0.0868,0.26,0.2826,12,2,1,0
CUST004725,53,13,USA,830,8125.85,2,1,98928.75,-0.0925,0.09,0.77,13,4,0,0
CUST004726,35,7,India,770,140162.08,1,1,148516.69,-0.1241,0.0,0.4564,11,4,1,0
CUST004727,20,13,Germany,636,90693.57,3,0,82115.3,0.3776,1.09,0.1625,13,1,1,0
CUST004728,45,0,France,752,61770.09,1,1,97411.54,0.3317,0.73,0.5893,6,1,1,0
CUST004729,23,1,USA,604,204467.34,1,0,87906.14,0.1023,0.05,0.3224,13,2,1,0
CUST004730,61,6,Germany,726,42201.86,2,1,165694.19,-0.098,1.47,0.3051,11,1,1,0
CUST004731,61,14,India,539,17541.47,1,1,116053.51,0.2314,0.52,0.2303,13,0,0,0
CUST004732,38,7,India,678,85701.34,1,0,103166.96,0.2753,0.49,0.3377,9,3,1,0
CUST004733,45,0,Germany,731,66383.17,3,1,18000.0,0.0452,0.92,0.6762,8,1,1,0
CUST004734,57,14,France,623,41363.22,2,1,117165.81,0.2523,0.81,0.1588,7,0,0,0
CUST004735,71,2,USA,699,163343.83,2,1,133691.53,0.0533,0.22,0.546,13,0,0,0
CUST004736,71,6,Germany,605,6420.84,1,1,143983.84,-0.0838,0.83,0.1687,10,1,1,0
CUST004737,18,12,India,674,95205.03,2,0,90306.9,0.1247,1.56,0.1519,14,4,1,0
CUST004738,53,8,India,611,81414.14,1,1,131253.95,-0.2289,0.4,0.3011,16,0,1,0
CUST004739,38,7,USA,715,75316.38,1,1,121893.01,-0.1903,0.27,0.1905,13,1,0,1
CUST004740,60,7,India,548,147633.08,2,1,18000.0,-0.3536,0.05,0.2188,16,2,0,0
CUST004741,52,14,USA,568,203352.91,2,0,153854.74,0.4321,0.74,0.2054,12,5,1,0
CUST004742,30,8,India,754,76018.54,4,0,92162.85,-0.0828,1.13,0.3133,11,0,1,0
CUST004743,74,9,Germany,453,131067.2,2,1,111354.7,0.3786,2.74,0.2541,10,1,1,1
CUST004744,66,2,Germany,598,78526.71,2,0,70080.41,-0.4349,0.76,0.5492,11,4,1,0
CUST004745,71,7,USA,638,80888.6,2,1,133547.13,0.6721,0.48,0.432,15,4,1,0
CUST004746,71,0,India,678,103984.36,1,1,117403.17,-0.0048,2.19,0.3808,17,2,1,0
CUST004747,27,7,USA,611,86448.25,1,1,19901.48,0.1222,0.16,0.4385,13,1,0,0
CUST004748,70,12,France,559,19496.25,1,1,67094.05,-0.2542,0.99,0.4392,16,1,1,0
CUST004749,61,6,USA,748,158535.03,1,0,168037.09,0.0092,0.32,0.1972,12,7,1,0
CUST004750,64,12,India,734,103866.92,4,1,138283.12,-0.1134,1.58,0.4061,15,7,1,0
CUST004751,70,14,India,619,73103.96,1,0,84160.57,-0.1804,1.09,0.0554,7,6,1,0
CUST004752,27,7,India,506,37158.93,2,1,84754.4,-0.0273,0.32,0.3464,17,6,1,0
CUST004753,63,0,India,674,94103.35,2,1,57441.22,-0.3739,1.19,0.7047,14,4,1,0
CUST004754,30,5,Germany,664,60924.39,2,1,60089.44,0.5355,1.77,0.6564,12,1,1,0
CUST004755,54,6,Germany,596,87294.5,2,0,109646.64,-0.0177,0.23,0.6318,12,2,0,0
CUST004756,55,13,India,493,64289.21,1,1,178754.56,0.3462,0.68,0.4089,10,2,0,0
CUST004757,41,10,India,628,24473.82,3,1,84888.17,0.7762,0.44,0.0593,12,5,0,0
CUST004758,19,4,India,711,175843.99,3,1,101488.17,-0.1246,2.08,0.3571,15,1,0,0
CUST004759,39,13,France,723,17484.75,2,0,64994.78,0.1388,2.87,0.4883,11,10,0,0
CUST004760,34,4,USA,646,27592.83,3,1,95446.88,0.1688,0.09,0.5866,12,0,0,0
CUST004761,53,6,Germany,600,118046.29,1,0,116427.84,-0.2639,0.64,0.7002,15,0,1,0
CUST004762,31,14,USA,708,95206.22,1,1,191072.26,0.2623,0.61,0.1537,14,0,1,0
CUST004763,27,10,USA,559,116965.06,2,1,156341.68,0.3902,1.62,0.4257,12,2,1,0
CUST004764,52,14,India,541,107194.68,2,1,156329.45,-0.0562,1.21,0.2267,13,0,0,0
CUST004765,42,2,India,642,29311.78,1,0,78239.08,0.1614,0.27,0.5751,12,1,1,0
CUST004766,20,5,USA,773,117537.74,2,0,56111.38,0.0811,0.59,0.7564,14,0,1,0
CUST004767,64,6,USA,776,36133.75,1,0,100022.21,-0.0003,0.38,0.1649,12,0,0,0
CUST004768,55,0,India,544,141334.1,4,1,70818.29,0.3071,0.35,0.4293,15,0,1,0
CUST004769,34,11,India,615,14122.08,2,0,78787.85,-0.1219,1.05,0.604,14,2,1,0
CUST004770,29,1,India,844,26834.83,1,1,113244.17,-0.0443,0.73,0.2105,17,1,1,0
CUST004771,71,11,USA,594,28580.79,4,0,130778.69,-0.3013,0.18,0.3066,14,5,0,0
CUST004772,69,3,USA,779,95235.02,1,0,157818.58,-0.0687,0.78,0.431,13,0,1,0
CUST004773,41,12,France,728,72773.96,1,1,124678.5,0.2907,0.5,0.4307,17,4,0,0
CUST004774,46,7,India,745,83113.72,1,1,107135.15,0.0212,0.33,0.2215,10,4,1,0
CUST004775,60,10,India,614,68687.95,1,0,60917.91,-0.1043,0.06,0.4096,12,0,1,0
CUST004776,42,12,India,616,72704.28,1,1,158120.18,-0.4192,2.11,0.2053,11,8,1,1
CUST004777,53,13,USA,577,46114.79,1,1,137452.61,-0.3337,1.58,0.4507,10,1,1,0
CUST004778,43,9,USA,713,17683.78,3,1,79575.98,-0.2895,0.29,0.3224,8,3,0,0
CUST004779,55,5,Germany,519,10495.87,1,1,140778.65,0.0622,0.65,0.3823,12,3,1,0
CUST004780,18,0,India,636,26310.58,1,1,105367.94,0.4995,1.6,0.35,13,1,0,0
CUST004781,37,9,USA,780,56031.28,2,1,154437.32,0.2044,0.59,0.8071,13,0,1,0
CUST004782,72,4,France,697,166804.1,2,1,88580.26,0.0181,0.12,0.6604,9,0,0,0
CUST004783,45,6,France,730,12805.11,4,1,90316.68,0.2449,0.52,0.5874,14,2,1,0
CUST004784,33,14,France,518,8267.44,2,1,23829.94,-0.081,0.3,0.3179,14,1,1,0
CUST004785,64,12,Germany,570,36865.29,2,1,77935.42,-0.6545,0.49,0.3488,10,0,1,0
CUST004786,34,5,France,744,107076.81,1,1,179912.32,0.2313,1.51,0.3421,9,2,1,0
CUST004787,57,12,India,660,62765.51,1,1,228122.0,0.2765,0.42,0.2622,5,1,1,0
CUST004788,45,12,India,566,4235.68,1,1,121423.33,-0.2396,1.29,0.4487,11,4,1,1
CUST004789,29,11,India,700,74227.24,1,1,76339.16,0.0756,0.21,0.5715,10,0,0,0
CUST004790,44,8,Germany,607,39834.02,1,1,86849.11,0.3154,0.72,0.6914,19,3,1,0
CUST004791,71,7,France,850,156301.94,2,1,97724.57,-0.2968,0.44,0.1119,11,5,1,0
CUST004792,70,14,India,697,34428.78,1,0,84144.62,0.3552,2.89,0.5329,12,0,1,0
CUST004793,59,3,USA,576,181283.57,4,0,137951.19,0.2696,0.0,0.1112,9,0,0,0
CUST004794,64,12,Germany,720,86678.08,4,1,34013.19,0.3676,0.36,0.3722,11,2,1,0
CUST004795,47,10,France,779,51517.18,2,0,101525.11,0.564,1.34,0.5331,17,0,0,0
CUST004796,58,11,USA,649,60068.25,2,1,187944.31,-0.1608,0.4,0.4171,13,1,1,0
CUST004797,51,4,France,588,94180.43,1,1,150159.03,0.2576,0.2,0.8853,11,2,1,0
CUST004798,54,6,India,653,59373.02,1,1,198228.23,-0.2621,1.54,0.0462,10,0,1,0
CUST004799,23,7,India,600,18610.68,4,0,93749.47,-0.1031,0.72,0.4753,14,1,1,0
CUST004800,24,4,USA,629,115117.3,1,0,69295.32,0.5297,0.65,0.7202,11,3,0,0
CUST004801,49,8,India,538,137474.18,1,1,115279.38,0.2388,0.41,0.4368,11,0,1,0
CUST004802,49,13,India,720,139685.0,1,1,63383.33,-0.1061,0.14,0.3923,15,3,1,0
CUST004803,70,9,Germany,558,66063.06,2,0,75328.32,-0.1755,0.69,0.2231,18,2,0,0
CUST004804,42,11,Germany,698,143694.34,1,0,89966.04,0.0468,0.56,0.312,12,0,0,0
CUST004805,50,3,Germany,625,95559.45,3,0,158920.88,-0.1412,0.41,0.4836,11,8,0,0
CUST004806,72,3,India,667,57852.76,1,1,145162.31,-0.3938,0.06,0.6833,14,1,1,0
CUST004807,24,12,USA,612,41217.2,3,1,124705.09,0.0185,0.84,0.7674,10,0,1,0
CUST004808,69,7,India,665,133081.64,4,1,105036.85,-0.2771,0.8,0.2975,9,0,1,0
CUST004809,74,0,India,684,28338.91,2,1,184797.63,-0.084,0.66,0.2944,11,2,1,0
CUST004810,29,7,USA,621,162102.36,2,1,121189.61,0.4885,0.11,0.4961,8,0,1,0
CUST004811,33,4,India,511,83811.84,1,1,56030.48,-0.0665,0.29,0.7295,9,2,0,0
CUST004812,33,12,India,676,38985.03,3,1,108391.46,-0.3135,0.51,0.5158,16,2,1,0
CUST004813,60,13,Germany,681,31678.85,2,0,54896.22,0.2153,1.06,0.1862,13,0,0,1
CUST004814,70,10,India,535,48518.37,1,1,75138.06,0.085,0.2,0.7012,8,0,1,0
CUST004815,53,0,France,571,119766.23,1,0,166426.82,0.302,1.29,0.3189,12,0,1,0
CUST004816,30,3,USA,622,95318.35,1,1,114897.49,0.0496,0.31,0.5387,16,0,0,0
CUST004817,24,1,France,466,47543.67,2,1,105554.1,0.0594,0.88,0.3639,11,8,1,1
CUST004818,53,3,India,706,42466.29,1,0,112889.83,0.1269,2.21,0.4937,15,1,0,0
CUST004819,64,7,USA,610,95470.34,2,0,96512.63,0.3605,1.0,0.3092,9,2,0,0
CUST004820,68,4,India,673,246106.27,2,1,18000.0,-0.2264,0.06,0.3489,10,0,0,0
CUST004821,26,0,Germany,565,245473.54,1,1,135668.94,0.3156,0.38,0.1581,14,0,1,0
CUST004822,49,6,India,811,141174.01,3,0,132357.41,0.0961,0.69,0.2832,23,2,1,0
CUST004823,28,0,India,536,27982.96,2,0,108823.09,0.2487,0.89,0.5145,12,4,1,0
CUST004824,25,8,France,610,122752.4,1,1,66987.94,-0.258,0.34,0.4915,18,2,1,0
CUST004825,50,2,India,745,29863.82,3,1,185575.58,-0.149,0.45,0.311,9,1,1,0
CUST004826,40,11,India,558,61809.83,3,1,77185.64,-0.3652,0.38,0.1049,18,4,1,0
CUST004827,42,2,India,657,160669.67,2,1,61978.52,-0.1198,0.96,0.2296,13,1,1,0
CUST004828,73,14,Germany,700,60866.96,1,1,104969.72,0.003,1.96,0.6389,11,0,1,0
CUST004829,25,14,India,529,58464.74,1,0,134084.92,-0.2747,1.2,0.4949,6,0,0,0
CUST004830,62,5,USA,596,44643.92,3,0,123977.08,-0.1243,0.24,0.3952,16,4,1,0
CUST004831,39,9,India,665,25339.39,2,1,127578.07,0.1246,0.62,0.6761,16,8,1,0
CUST004832,21,5,USA,686,59764.81,2,1,157132.46,0.3007,0.52,0.091,8,1,0,0
CUST004833,57,12,Germany,584,121906.6,4,1,114191.08,0.0271,0.01,0.0553,12,1,0,0
CUST004834,20,10,USA,797,117966.19,1,1,164673.58,0.0808,2.23,0.2393,7,10,0,1
CUST004835,46,10,USA,688,94217.08,1,0,124178.81,-0.0073,0.5,0.1876,12,0,1,0
CUST004836,58,5,India,712,148935.65,3,1,96268.73,-0.1141,2.29,0.0776,9,2,1,0
CUST004837,46,12,India,707,30921.21,1,1,78969.86,-0.0346,0.87,0.3914,13,0,0,0
CUST004838,51,0,India,524,79259.6,1,1,166840.86,-0.0235,0.99,0.6135,17,0,1,0
CUST004839,51,4,USA,640,32042.31,3,1,131702.37,0.2218,0.45,0.2782,23,0,1,0
CUST004840,45,11,USA,648,199030.56,2,0,84510.28,0.2828,1.56,0.2334,8,2,0,0
CUST004841,30,5,France,629,60123.42,2,1,79312.37,0.0537,0.16,0.472,11,1,0,0
CUST004842,32,7,India,666,121981.22,2,0,51083.62,-0.1237,2.56,0.5132,13,0,1,0
CUST004843,40,12,USA,481,137831.29,1,1,181655.34,-0.4877,0.77,0.4614,14,1,1,0
CUST004844,61,0,USA,660,52852.69,2,0,123245.16,-0.1931,0.32,0.2748,11,0,0,0
CUST004845,43,4,USA,625,133637.37,2,1,170742.83,0.1244,1.08,0.3663,12,2,1,0
CUST004846,21,2,France,480,140624.55,1,0,201255.45,-0.0467,1.09,0.6461,17,0,0,0
CUST004847,43,1,India,683,124967.03,2,0,190124.63,-0.0135,1.19,0.3414,8,7,1,0
CUST004848,57,10,India,555,43626.1,1,0,80766.39,-0.3453,0.28,0.8138,8,2,1,1
CUST004849,26,7,Germany,619,12700.63,1,0,239602.51,-0.0385,0.02,0.0391,12,3,1,0
CUST004850,72,6,India,629,208581.75,1,0,137162.64,0.2356,1.76,0.0223,15,1,1,0
CUST004851,22,9,India,502,57972.9,1,0,44598.51,-0.3993,1.28,0.2679,7,0,1,0
CUST004852,73,6,India,511,138269.46,3,1,112462.3,-0.8845,0.41,0.5203,12,6,1,0
CUST004853,49,4,India,693,47190.47,1,0,105638.07,-0.275,0.15,0.2596,13,0,1,0
CUST004854,37,11,USA,601,206064.66,1,1,121077.35,0.1022,0.51,0.9145,13,2,1,0
CUST004855,67,12,India,618,45105.61,1,0,114843.54,-0.1888,0.29,0.1612,13,0,1,0
CUST004856,28,8,USA,655,82235.84,2,1,130441.5,0.241,0.17,0.1618,14,0,0,0
CUST004857,32,4,USA,509,219965.06,1,1,66783.6,0.2871,0.53,0.4766,11,0,0,0
CUST004858,49,1,USA,617,23095.91,1,1,115797.23,-0.3094,1.42,0.4573,11,2,1,0
CUST004859,45,2,France,641,150783.63,2,0,80126.67,0.2607,0.7,0.4029,14,8,1,0
CUST004860,39,3,India,791,74432.76,2,0,109992.15,0.2782,0.53,0.1948,19,2,1,0
CUST004861,58,14,France,576,119874.8,3,1,92423.89,0.0899,4.1,0.3106,7,1,1,1
CUST004862,34,4,USA,713,54423.84,2,1,80732.5,-0.0153,1.14,0.5325,11,4,1,0
CUST004863,43,12,Germany,649,177434.16,1,1,136712.46,0.3142,0.11,0.8877,13,0,0,0
CUST004864,61,2,USA,559,25661.14,2,1,124786.62,0.459,0.43,0.2704,17,3,1,0
CUST004865,24,11,USA,599,78304.37,2,1,120883.33,0.0294,0.5,0.6124,15,1,1,0
CUST004866,59,13,France,719,133996.33,1,1,79298.76,0.1127,0.75,0.0779,10,3,0,0
CUST004867,74,6,France,712,25134.33,1,1,128301.06,0.2291,0.92,0.0537,14,3,1,0
CUST004868,43,4,India,608,83898.34,1,1,98796.62,0.4978,0.32,0.7368,8,0,1,0
CUST004869,42,4,India,677,12441.18,1,1,80583.57,0.373,0.37,0.3298,8,4,0,0
CUST004870,27,5,USA,567,51081.42,1,1,148547.22,-0.0756,0.09,0.7586,8,0,0,0
CUST004871,62,6,France,635,238722.11,4,1,139654.91,0.3653,0.07,0.3144,16,3,1,0
CUST004872,36,9,India,615,159174.63,2,1,18000.0,-0.4715,1.13,0.5283,6,5,0,0
CUST004873,28,9,Germany,724,117302.66,1,1,18000.0,0.1828,2.08,0.5038,10,3,0,0
CUST004874,30,7,Germany,687,98892.68,1,1,175464.37,0.761,0.18,0.1655,13,1,0,0
CUST004875,70,8,Germany,595,21077.88,1,1,40127.76,-0.2639,2.05,0.1722,15,0,0,1
CUST004876,25,10,USA,603,64414.94,1,1,37032.65,0.0097,0.34,0.1346,10,3,1,0
CUST004877,57,3,USA,647,133182.38,2,1,93158.27,-0.0734,1.7,0.6265,11,8,0,0
CUST004878,21,4,France,637,48581.25,2,0,112697.01,-0.0349,0.02,0.3423,10,6,0,0
CUST004879,64,14,USA,627,98354.91,1,1,76765.7,0.2868,0.08,0.1135,8,0,0,0
CUST004880,48,4,Germany,621,13789.31,1,0,18000.0,0.2667,0.46,0.5298,14,1,1,0
CUST004881,45,7,India,760,8556.46,4,0,107469.59,0.2197,1.51,0.1116,14,3,1,0
CUST004882,28,8,Germany,613,217436.14,1,1,186497.6,0.1063,0.48,0.5531,11,0,1,0
CUST004883,60,6,India,673,208005.68,1,1,33963.64,0.2428,1.46,0.7065,12,0,0,0
CUST004884,18,14,India,843,70696.73,1,0,179132.52,-0.0912,0.33,0.4728,13,1,1,0
CUST004885,66,4,Germany,582,27755.76,1,1,86622.87,0.2008,0.11,0.409,10,0,1,0
CUST004886,64,2,USA,665,17583.1,2,1,185640.31,0.1801,2.08,0.2807,8,2,1,1
CUST004887,69,0,Germany,669,100900.52,2,1,129939.62,-0.1248,0.06,0.3221,10,7,1,1
CUST004888,55,10,India,649,195951.34,1,1,73805.39,0.0384,0.98,0.6263,7,4,1,0
CUST004889,41,8,USA,653,32673.79,1,0,130240.03,0.0732,1.72,0.7397,12,1,1,0
CUST004890,71,4,USA,579,88347.48,2,1,162963.93,0.0168,0.1,0.4961,9,3,0,0
CUST004891,74,8,USA,678,85221.33,1,1,29867.21,-0.0772,0.59,0.1488,16,11,1,0
CUST004892,64,9,India,503,179271.81,1,1,105280.27,-0.1424,0.04,0.4227,11,1,1,0
CUST004893,48,14,Germany,793,93401.28,3,0,149687.94,-0.1955,0.49,0.5039,18,0,1,0
CUST004894,58,11,Germany,787,10558.14,2,0,83536.58,-0.0117,1.24,0.3343,16,2,1,0
CUST004895,63,12,India,623,122659.43,2,1,36841.27,0.0877,0.29,0.7027,12,8,1,0
CUST004896,67,13,India,734,86601.86,2,0,198336.02,0.4366,0.21,0.4452,16,0,1,0
CUST004897,43,3,Germany,626,22237.11,1,0,18000.0,-0.3739,0.23,0.5528,19,1,0,0
CUST004898,66,4,Germany,650,141724.31,3,0,84907.44,0.2565,1.25,0.7747,18,2,1,0
CUST004899,67,3,Germany,595,56603.22,1,1,96539.14,0.5426,2.91,0.5192,14,0,1,0
CUST004900,22,1,Germany,715,96673.87,1,1,200512.1,-0.4488,0.21,0.6509,10,0,0,0
CUST004901,37,11,India,603,84958.13,1,1,18000.0,0.5094,0.06,0.1069,8,0,1,0
CUST004902,69,0,India,712,57485.88,1,1,99265.71,0.4579,0.11,0.561,8,4,0,0
CUST004903,58,7,India,646,25677.59,1,1,69392.66,0.0797,0.79,0.4236,13,0,0,0
CUST004904,28,3,India,648,110693.01,1,1,69095.58,-0.0032,0.9,0.3688,15,0,0,0
CUST004905,73,4,Germany,530,346.86,1,1,175087.09,-0.1112,0.48,0.556,14,1,0,0
CUST004906,71,5,India,654,133562.74,1,1,53325.6,-0.0363,0.07,0.4288,10,0,0,0
CUST004907,50,13,France,558,23058.03,1,1,39665.89,-0.01,2.11,0.4599,8,1,1,1
CUST004908,67,7,Germany,654,3779.48,1,0,43526.29,-0.0408,2.13,0.2038,16,7,1,0
CUST004909,55,10,France,805,162945.38,1,1,107887.29,-0.0731,0.4,0.2758,21,0,1,0
CUST004910,44,7,France,538,81824.76,1,1,98794.89,0.6142,1.38,0.2105,11,0,0,0
CUST004911,51,6,USA,638,42060.01,1,0,87147.18,0.0343,1.83,0.3149,6,3,1,0
CUST004912,32,3,Germany,599,75207.17,1,1,74415.2,-0.0449,0.57,0.1937,9,0,1,0
CUST004913,49,5,India,566,113900.3,2,1,168204.63,0.1392,0.74,0.5858,20,1,1,0
CUST004914,38,3,India,586,115594.16,1,0,18000.0,0.3992,1.06,0.1945,9,5,1,0
CUST004915,63,14,Germany,767,28025.66,1,0,158092.44,-0.0953,1.78,0.2385,17,1,0,0
CUST004916,22,13,India,788,36811.26,3,0,32841.65,0.2991,0.07,0.2304,14,0,1,0
CUST004917,23,6,France,566,86116.42,2,1,151549.75,0.1297,0.04,0.8696,12,12,0,0
CUST004918,55,11,Germany,682,140388.39,2,1,138892.49,-0.0447,0.9,0.2117,11,0,1,0
CUST004919,39,12,Germany,576,5540.49,2,1,130284.09,0.204,0.04,0.5338,13,0,1,0
CUST004920,35,11,India,595,2002.13,1,1,95648.31,0.4437,0.09,0.4279,12,1,1,0
CUST004921,31,14,Germany,486,160989.69,2,0,79407.67,0.1215,0.44,0.3762,10,0,0,0
CUST004922,27,12,India,820,151493.93,2,1,109096.39,0.2621,0.16,0.6217,13,1,1,0
CUST004923,63,12,Germany,737,17574.42,1,1,154041.39,0.1267,1.83,0.4176,13,0,1,1
CUST004924,30,10,India,597,51975.37,2,1,84724.31,0.9068,0.32,0.3308,11,0,0,0
CUST004925,48,13,Germany,672,206690.55,2,1,75404.14,0.1341,0.69,0.1464,8,0,1,0
CUST004926,47,0,India,618,130571.1,1,1,97941.12,0.6439,0.01,0.3565,10,1,0,0
CUST004927,20,4,India,725,72940.15,1,0,87534.26,0.4156,0.58,0.1823,14,2,1,0
CUST004928,47,14,USA,622,146837.07,1,0,92174.17,0.0886,1.33,0.2592,11,0,1,0
CUST004929,23,13,India,634,46086.02,1,1,179472.62,-0.0655,2.76,0.291,12,3,0,1
CUST004930,46,9,Germany,597,85781.05,1,1,62924.16,0.061,0.91,0.0809,16,1,1,1
CUST004931,25,11,India,698,56785.51,1,0,160542.32,0.2408,0.18,0.3854,8,1,0,0
CUST004932,61,14,India,826,119872.97,1,1,144342.79,0.1899,0.36,0.4779,9,0,1,0
CUST004933,62,9,USA,627,119531.52,3,1,30814.47,-0.1663,0.14,0.3129,14,3,1,0
CUST004934,60,14,India,626,89834.31,2,1,65753.93,0.1537,0.33,0.3834,9,0,1,1
CUST004935,61,3,India,647,107253.93,2,0,97580.83,-0.1435,0.66,0.5743,10,2,1,0
CUST004936,50,10,Germany,670,146478.43,1,1,97129.98,0.4449,0.53,0.2247,6,3,1,0
CUST004937,34,6,India,626,104908.47,1,0,74411.44,-0.2317,1.66,0.2842,14,1,1,0
CUST004938,65,12,India,618,89984.13,2,1,148635.91,-0.2722,0.18,0.7131,15,3,0,0
CUST004939,28,8,India,656,102456.36,1,1,109725.91,0.1222,0.45,0.563,10,0,0,0
CUST004940,30,4,USA,509,151158.56,1,0,103467.62,-0.068,0.8,0.4324,8,0,1,0
CUST004941,67,3,USA,606,18703.57,2,0,162212.17,0.156,3.17,0.1096,4,1,0,1
CUST004942,28,14,India,489,101779.09,1,1,65123.04,0.4038,0.19,0.8498,14,1,1,0
CUST004943,48,8,Germany,610,40992.85,1,1,72306.24,0.504,1.43,0.3152,7,0,1,0
CUST004944,45,4,India,574,58461.67,4,0,81311.03,-0.2983,0.77,0.561,8,3,0,1
CUST004945,61,8,USA,700,192871.84,1,0,32981.51,-0.0187,0.11,0.1807,9,2,0,0
CUST004946,23,7,India,591,26996.18,2,0,98943.52,0.2425,1.23,0.213,7,1,0,0
CUST004947,58,3,USA,620,25150.49,3,1,129994.39,0.33,0.15,0.039,9,6,1,1
CUST004948,33,10,France,478,17365.42,1,1,39225.48,-0.3281,0.96,0.382,10,1,0,0
CUST004949,21,10,USA,731,120177.1,3,1,49650.05,-0.0607,0.22,0.4427,13,0,1,0
CUST004950,52,6,France,563,67848.54,1,1,101969.28,0.5313,0.51,0.6735,13,1,1,0
CUST004951,65,4,India,611,13607.28,3,1,116448.9,-0.0453,1.22,0.1925,16,1,0,0
CUST004952,73,9,India,712,150883.79,1,0,88094.16,0.2821,0.8,0.6844,9,2,0,0
CUST004953,43,3,India,712,102490.44,4,0,81163.47,0.3978,1.08,0.642,19,0,1,0
CUST004954,74,4,India,561,4290.29,2,1,164771.82,0.3421,1.3,0.3982,13,1,1,0
CUST004955,29,4,India,692,62257.61,2,0,72072.27,0.0325,0.03,0.4974,10,1,1,0
CUST004956,28,10,India,558,208224.02,2,1,172628.36,0.3753,0.52,0.244,13,8,1,0
CUST004957,54,14,USA,668,56803.88,1,1,72931.75,-0.0087,3.39,0.0978,11,3,1,0
CUST004958,42,8,India,587,29030.54,1,0,124859.75,-0.4182,1.27,0.2643,11,2,0,0
CUST004959,35,11,India,568,105145.52,1,1,71763.35,-0.5257,0.36,0.2717,11,1,0,0
CUST004960,36,8,India,652,99722.7,1,0,79386.89,-0.021,0.27,0.7316,13,0,1,0
CUST004961,40,5,France,592,158624.62,2,0,69554.8,0.1668,0.98,0.3388,10,1,0,0
CUST004962,72,13,India,811,51706.97,2,0,134966.18,-0.1493,0.12,0.2932,8,0,0,0
CUST004963,55,3,Germany,600,103384.48,1,1,178227.12,0.2004,1.71,0.4424,15,3,0,0
CUST004964,71,14,USA,554,91285.73,1,1,104948.82,-0.2011,0.07,0.6279,15,3,1,0
CUST004965,35,1,USA,578,75607.22,2,0,49728.04,0.251,0.66,0.618,8,4,1,0
CUST004966,43,13,India,648,96066.97,1,1,130133.94,0.3874,1.5,0.7881,11,12,0,0
CUST004967,23,2,India,658,113322.23,2,0,170837.52,0.1697,1.02,0.6295,12,2,0,0
CUST004968,21,1,USA,674,110119.77,1,1,141835.69,-0.2529,0.53,0.5773,13,3,1,0
CUST004969,61,4,India,722,132917.97,1,1,33616.21,-0.151,0.21,0.3721,12,1,0,0
CUST004970,68,5,India,516,65330.57,2,1,70715.86,0.0117,0.73,0.5812,13,0,0,0
CUST004971,46,10,India,726,16721.44,1,1,60907.03,0.1657,2.71,0.5773,14,9,1,0
CUST004972,51,4,France,576,89228.15,1,0,102835.53,0.0558,0.08,0.6177,10,0,1,0
CUST004973,34,1,USA,682,83183.48,2,0,127565.78,-0.2852,0.03,0.2288,11,0,1,0
CUST004974,60,11,USA,787,12962.67,1,1,153519.84,0.3444,0.44,0.0431,13,0,1,0
CUST004975,60,4,USA,586,55237.44,2,1,119247.26,0.4567,0.72,0.3457,11,1,0,0
CUST004976,70,8,France,582,24757.49,4,1,172706.81,0.1586,0.35,0.0472,14,3,0,0
CUST004977,33,3,USA,568,112436.9,2,0,188762.0,0.0755,1.01,0.4129,15,6,0,0
CUST004978,19,11,USA,622,20720.84,2,1,168894.9,-0.2536,0.59,0.1951,7,1,1,0
CUST004979,51,9,France,751,89311.23,1,1,67639.62,-0.5401,0.34,0.4989,12,0,1,0
CUST004980,72,1,Germany,560,139555.41,2,0,133485.09,0.0828,1.26,0.3417,11,0,1,0
CUST004981,25,2,India,610,22001.24,1,1,126399.32,0.1543,0.08,0.569,13,0,1,0
CUST004982,30,2,India,728,7113.17,2,1,190926.19,0.4462,0.03,0.4967,13,2,0,0
CUST004983,59,8,Germany,699,28799.65,1,0,250601.23,0.2464,0.05,0.1752,8,0,0,0
CUST004984,25,3,Germany,610,22058.68,1,0,81988.74,0.4571,1.35,0.6441,9,0,1,0
CUST004985,47,14,USA,633,78500.4,2,0,111422.78,0.1981,1.28,0.8485,12,0,1,0
CUST004986,49,0,USA,723,29483.81,2,0,107113.31,0.3608,1.42,0.3512,14,0,1,0
CUST004987,53,0,USA,776,175577.21,1,1,159873.07,-0.2235,0.27,0.318,16,0,1,0
CUST004988,64,14,USA,786,1889.17,1,1,96591.31,0.2271,0.54,0.7394,19,0,0,0
CUST004989,47,6,Germany,760,7648.33,1,1,135873.69,-0.0044,0.31,0.0327,15,2,1,0
CUST004990,18,6,India,596,79805.17,2,1,104606.65,0.1046,0.71,0.2308,10,2,0,0
CUST004991,60,1,France,795,68375.45,1,1,30355.39,0.2417,1.49,0.6847,14,6,0,0
CUST004992,56,8,Germany,590,161019.59,1,1,101986.25,-0.0288,0.02,0.6073,12,0,0,0
CUST004993,34,8,USA,517,59024.22,1,0,113241.26,-0.2861,0.67,0.1363,11,10,1,1
CUST004994,37,4,India,658,58328.71,1,1,116321.18,0.0238,0.18,0.1269,13,0,0,0
CUST004995,41,14,India,768,116154.21,2,1,153438.92,-0.1743,1.63,0.3759,13,1,1,0
CUST004996,67,14,USA,703,134743.52,1,1,84059.63,0.2961,2.52,0.4333,13,1,1,0
CUST004997,39,2,Germany,644,44575.73,1,1,53537.13,0.3139,1.41,0.6298,18,1,0,0
CUST004998,46,2,USA,673,80058.99,3,1,172612.59,0.2114,0.03,0.3913,14,2,1,0
CUST004999,39,11,India,692,209614.58,2,1,82417.34,0.4038,0.29,0.174,10,0,1,0
CUST005000,61,2,USA,661,37351.88,2,1,113732.47,0.1358,0.21,0.4105,5,0,1,0
CUST005001,26,5,Germany,626,85312.58,2,0,107752.65,0.0709,1.4,0.2603,11,5,1,0
CUST005002,54,3,India,590,139222.32,3,1,31505.12,0.2308,0.01,0.3213,14,3,0,0
CUST005003,27,7,USA,658,106147.81,1,0,174986.56,0.1679,2.05,0.5683,8,1,1,0
CUST005004,53,14,Germany,640,10848.34,1,0,119038.65,-0.1455,0.71,0.1946,9,0,1,0
CUST005005,54,12,USA,650,71820.74,2,1,134551.46,0.2617,1.09,0.3129,12,3,1,0
CUST005006,45,10,Germany,733,873.69,3,1,165709.15,-0.5581,0.49,0.426,10,5,0,0
CUST005007,45,12,USA,630,9731.9,1,1,98626.51,0.4078,0.98,0.6819,9,0,0,0
CUST005008,59,10,France,633,144749.13,1,1,133902.76,0.2586,0.33,0.3218,11,0,0,1
CUST005009,60,10,India,665,129084.16,4,1,113710.88,-0.2651,0.86,0.2825,11,0,1,0
CUST005010,38,4,USA,850,186726.73,1,1,143596.89,0.2149,0.45,0.3848,13,2,1,0
CUST005011,41,0,India,562,133273.65,1,1,87953.19,0.2388,2.15,0.5893,10,3,1,0
CUST005012,59,8,India,737,67196.43,1,1,181344.69,0.2025,2.13,0.5753,11,4,1,0
CUST005013,57,0,India,626,13121.57,1,1,51244.21,0.1392,0.68,0.4537,9,0,0,0
CUST005014,19,5,India,645,162629.16,2,1,171967.21,-0.2596,1.19,0.1736,15,5,1,0
CUST005015,72,0,France,545,114804.85,1,0,175939.78,0.3607,1.08,0.5745,8,4,0,0
CUST005016,25,2,France,800,125587.69,2,1,120827.65,-0.2701,0.98,0.0256,8,1,0,0
CUST005017,65,14,India,667,111543.6,1,1,102413.23,-0.0744,2.92,0.3801,15,3,0,0
CUST005018,44,9,USA,702,149551.32,2,1,171565.62,-0.349,1.68,0.7707,9,1,1,0
CUST005019,39,4,USA,530,18472.11,1,1,150894.99,0.1016,1.09,0.7174,7,0,0,0
CUST005020,54,14,Germany,598,739.13,1,1,65779.0,-0.038,0.07,0.5223,8,3,0,0
CUST005021,44,9,USA,682,21948.33,3,1,132216.22,-0.2818,0.35,0.4995,15,0,0,0
CUST005022,74,6,India,637,98574.2,1,1,93755.29,0.5804,0.34,0.1389,8,0,1,0
CUST005023,46,13,Germany,685,47648.35,2,0,126238.96,-0.2974,0.57,0.4522,17,0,1,0
CUST005024,20,9,Germany,818,145950.46,3,0,134491.11,0.0384,1.55,0.2413,14,2,0,0
CUST005025,61,7,USA,690,74967.78,1,1,67105.74,0.0215,0.89,0.8524,10,1,0,0
CUST005026,30,11,France,614,219760.94,1,0,37979.41,-0.1561,1.18,0.3136,10,1,1,0
CUST005027,62,8,France,597,182248.87,1,0,77690.48,0.0575,0.03,0.333,8,0,0,0
CUST005028,27,5,USA,588,84627.58,1,1,165514.18,0.0651,0.04,0.086,12,0,0,0
CUST005029,53,14,USA,615,8209.2,2,1,111678.36,-0.005,2.11,0.2637,11,0,1,1
CUST005030,26,10,France,619,118719.93,1,0,166726.08,-0.3409,0.19,0.2631,15,5,1,0
CUST005031,71,8,India,659,6975.94,4,0,190258.93,-0.0934,1.27,0.6829,15,3,1,0
CUST005032,73,7,India,692,15580.95,3,1,112002.22,0.1901,0.64,0.0608,16,0,0,0
CUST005033,72,8,India,684,51571.84,3,0,129092.78,-0.0863,0.34,0.3603,17,1,0,0
CUST005034,44,9,France,660,50397.18,1,0,146068.15,-0.0766,1.15,0.3557,14,0,1,0
CUST005035,51,3,Germany,666,110262.99,1,0,18000.0,-0.0403,2.68,0.8995,17,3,0,0
CUST005036,68,8,India,850,96297.94,1,1,74667.24,0.0706,0.24,0.3869,10,2,1,0
CUST005037,18,14,France,592,13428.7,2,0,103491.91,0.3533,0.35,0.3308,12,2,1,0
CUST005038,49,6,Germany,647,57665.92,1,1,158086.97,0.1317,0.28,0.1826,9,1,0,0
CUST005039,42,4,France,507,8307.7,2,0,35700.04,0.2149,0.83,0.2891,8,1,1,0
CUST005040,46,4,India,619,100915.19,2,1,141740.61,0.3294,1.03,0.7153,13,0,1,0
CUST005041,24,0,USA,578,39330.86,2,1,80366.49,0.2032,0.52,0.672,10,0,1,0
CUST005042,66,1,Germany,591,61446.26,2,1,131711.47,-0.0858,0.19,0.1017,17,3,0,0
CUST005043,20,9,USA,555,35947.44,2,0,87412.4,-0.0082,0.31,0.3721,17,6,0,0
CUST005044,37,2,Germany,541,109819.59,1,1,92921.29,0.0414,1.1,0.5065,11,0,1,0
CUST005045,37,13,Germany,659,25844.76,1,1,82091.33,0.4249,1.72,0.7184,6,5,0,0
CUST005046,70,13,India,706,23301.14,1,1,87676.64,-0.3032,0.57,0.5877,14,0,0,0
CUST005047,47,7,Germany,588,100578.44,2,1,163984.47,0.0265,0.23,0.3609,10,3,1,0
CUST005048,52,5,India,487,103874.86,1,0,55830.77,0.0393,0.88,0.5562,10,2,1,0
CUST005049,52,11,India,658,11124.62,2,1,38682.57,-0.1943,0.82,0.3817,13,4,0,0
CUST005050,66,9,India,687,112503.33,2,0,48440.57,-0.0347,1.92,0.1382,14,7,1,0
CUST005051,56,10,India,703,228316.8,1,1,80095.75,-0.1029,0.27,0.1902,17,3,1,0
CUST005052,44,12,India,568,46765.44,2,1,99503.88,0.322,1.36,0.1008,13,0,0,0
CUST005053,43,14,Germany,601,165.22,1,0,113573.52,0.0194,0.89,0.461,15,6,0,0
CUST005054,31,13,Germany,561,79437.59,1,1,99752.74,-0.2028,1.47,0.1803,16,3,1,0
CUST005055,34,4,USA,590,9668.47,2,1,75011.0,-0.3815,0.09,0.2256,11,0,1,0
CUST005056,35,12,Germany,586,59958.31,4,0,199487.78,-0.0423,1.4,0.5536,10,0,1,0
CUST005057,62,0,India,609,44687.2,2,1,134294.98,0.3312,0.52,0.0967,12,3,0,0
CUST005058,69,11,India,629,118920.87,3,0,68516.77,-0.131,1.19,0.3046,11,1,1,0
CUST005059,46,10,USA,659,32891.86,2,1,104788.13,-0.2533,0.22,0.2932,9,0,1,0
CUST005060,37,11,USA,582,21889.51,2,1,157034.5,0.1974,0.34,0.6306,12,0,1,0
CUST005061,70,8,Germany,638,99669.44,1,1,78936.39,0.02,0.43,0.3435,14,4,1,0
CUST005062,44,2,USA,577,109631.05,1,1,94635.49,0.1187,0.64,0.0301,16,0,1,0
CUST005063,35,2,Germany,509,57121.07,1,1,84551.02,0.6655,0.57,0.4291,8,0,1,0
CUST005064,21,1,Germany,693,170290.82,1,1,160115.59,0.3394,0.22,0.4963,17,0,1,0
CUST005065,18,3,France,596,130290.84,2,1,125492.46,-0.1228,1.87,0.8198,7,1,1,0
CUST005066,67,11,India,511,34363.46,2,1,73794.83,-0.1871,2.31,0.6171,15,4,1,1
CUST005067,18,1,USA,694,81925.08,2,0,208087.98,-0.3717,0.22,0.376,9,2,1,0
CUST005068,43,12,USA,629,46193.84,1,0,57606.48,0.0166,0.4,0.2868,16,1,1,0
CUST005069,62,8,France,686,119661.31,1,1,104378.97,0.2748,1.31,0.7416,15,0,0,0
CUST005070,37,11,India,683,23531.44,1,1,163104.75,-0.3362,1.22,0.5518,12,3,1,0
CUST005071,69,9,USA,562,53931.06,1,1,99661.08,0.2558,2.91,0.405,16,4,1,1
CUST005072,40,6,India,724,69187.08,3,0,89673.18,0.2098,2.36,0.5805,11,0,1,0
CUST005073,27,7,USA,503,150911.19,2,1,126304.38,0.1394,1.66,0.172,15,0,0,0
CUST005074,28,2,India,618,104974.51,1,0,113267.69,-0.0927,0.71,0.6009,12,1,1,0
CUST005075,58,5,India,612,53708.3,2,1,65680.33,0.0814,0.33,0.4871,13,7,1,0
CUST005076,58,14,USA,587,39465.35,2,1,139370.57,0.2198,0.59,0.1231,17,0,1,0
CUST005077,22,9,India,748,89977.5,2,1,65884.23,0.1769,1.18,0.5494,10,0,1,0
CUST005078,18,5,India,674,70698.19,4,1,38936.17,0.0792,0.09,0.2382,13,4,1,0
CUST005079,34,12,India,537,61006.05,2,1,115474.87,0.0916,0.97,0.44,17,2,1,0
CUST005080,39,0,India,548,76372.05,3,0,64458.79,0.3163,1.81,0.1907,10,1,1,1
CUST005081,51,5,France,822,59232.81,3,1,108093.35,-0.1155,0.19,0.5274,8,4,0,0
CUST005082,73,12,USA,611,21047.84,1,1,125131.22,0.1879,1.33,0.1509,11,7,0,1
CUST005083,62,13,Germany,586,72431.99,1,1,115756.66,0.456,1.77,0.1764,10,2,1,0
CUST005084,58,2,USA,742,74651.44,1,1,257008.94,-0.1138,0.06,0.1975,12,1,0,0
CUST005085,46,10,France,507,84251.05,2,1,177423.2,-0.0475,2.54,0.2416,13,9,1,1
CUST005086,21,2,USA,760,13790.39,2,1,134045.42,-0.3971,0.56,0.672,11,1,0,0
CUST005087,22,2,USA,586,26406.22,2,0,131284.83,0.0368,0.49,0.2605,14,6,0,0
CUST005088,28,9,USA,691,177631.08,1,1,146535.65,0.2908,0.74,0.5904,13,0,1,0
CUST005089,73,10,Germany,611,30082.7,2,1,107749.34,0.1964,0.19,0.5155,11,0,0,0
CUST005090,68,14,USA,524,107571.3,2,1,103517.25,-0.2015,0.87,0.5691,8,2,1,0
CUST005091,38,10,India,664,26594.28,1,1,105433.12,-0.1173,1.32,0.6045,14,8,1,0
CUST005092,52,14,India,725,41247.78,1,0,85308.13,-0.1266,0.31,0.6143,10,12,0,0
CUST005093,29,9,USA,462,69558.22,2,0,205280.61,0.2883,0.24,0.5543,11,1,1,0
CUST005094,43,10,USA,557,113993.3,2,1,59696.57,-0.4744,1.97,0.1427,15,0,1,0
CUST005095,68,7,India,749,55308.84,2,0,154493.47,-0.2006,0.5,0.3737,13,1,1,0
CUST005096,36,12,India,681,47765.14,1,1,147291.28,0.0775,0.79,0.4463,6,1,1,0
CUST005097,62,4,USA,687,62462.87,1,1,141685.4,0.0454,1.55,0.0687,14,2,0,0
CUST005098,24,3,Germany,724,147523.31,2,1,111297.79,-0.3676,1.01,0.3005,16,9,1,0
CUST005099,64,12,India,687,75116.19,4,1,65747.42,0.3775,0.31,0.5012,9,12,1,0
CUST005100,72,8,India,661,113643.47,3,1,130490.25,-0.1872,0.02,0.0426,20,7,0,0
CUST005101,24,8,Germany,739,90362.91,2,1,130478.54,-0.2,0.51,0.0588,12,3,1,0
CUST005102,43,0,USA,618,4675.91,3,1,222267.27,-0.1194,0.23,0.5072,8,6,1,0
CUST005103,57,1,India,648,60139.43,1,1,140426.0,-0.0148,0.44,0.4061,15,2,1,0
CUST005104,22,7,Germany,716,29214.1,3,1,123155.6,0.2767,0.49,0.0973,13,0,0,0
CUST005105,38,4,USA,588,134639.37,1,1,110166.87,0.2974,1.61,0.2266,7,0,0,0
CUST005106,31,6,USA,763,95795.72,2,1,90428.55,0.3487,1.16,0.3774,8,0,0,0
CUST005107,21,0,France,673,121919.65,1,1,121962.02,-0.3341,0.17,0.7995,11,1,1,0
CUST005108,40,11,France,558,156021.65,3,0,139081.81,0.0313,0.3,0.0403,14,3,0,0
CUST005109,59,9,India,634,53906.56,2,1,72964.82,-0.0733,0.7,0.3728,16,0,1,0
CUST005110,37,11,India,539,30032.46,1,0,86703.33,0.1335,0.67,0.1445,7,0,1,0
CUST005111,32,4,India,656,69436.51,1,0,67008.87,0.2761,0.63,0.1692,12,1,1,0
CUST005112,67,10,India,619,154592.36,1,1,132519.45,-0.0928,2.43,0.3762,15,1,1,1
CUST005113,69,11,India,580,21106.74,1,1,163110.29,0.0845,0.94,0.3818,14,0,1,0
CUST005114,62,2,India,507,77282.19,1,1,18000.0,-0.0511,0.08,0.1472,13,0,1,0
CUST005115,46,9,France,586,125907.82,2,0,93545.7,-0.2812,2.26,0.2025,10,0,1,0
CUST005116,25,11,France,635,95094.61,2,0,195279.94,-0.2867,0.5,0.5416,8,0,1,0
CUST005117,58,11,USA,620,142534.64,4,0,144900.82,0.3759,0.7,0.3246,9,0,0,0
CUST005118,65,13,USA,536,19172.38,1,0,127814.14,0.5507,1.37,0.242,9,8,1,1
CUST005119,36,1,India,651,143411.63,1,1,51837.53,-0.181,0.19,0.6448,9,0,1,0
CUST005120,65,1,India,571,37298.75,1,1,151180.43,0.1832,0.57,0.6949,14,2,0,0
CUST005121,56,8,India,723,53898.53,1,1,105849.15,0.0152,1.57,0.5466,9,4,0,1
CUST005122,63,12,Germany,735,55737.91,2,1,145603.58,-0.3233,1.07,0.0971,16,2,1,1
CUST005123,45,3,India,629,23986.78,2,1,216949.91,0.2567,0.35,0.4824,10,5,0,0
CUST005124,63,3,France,776,65826.82,2,1,46041.66,0.0441,0.71,0.4563,19,0,0,0
CUST005125,74,6,USA,638,18234.93,1,0,178454.11,-0.4194,0.01,0.4695,16,6,1,0
CUST005126,44,9,India,545,68362.19,2,1,94839.64,0.1735,0.04,0.7922,13,0,0,0
CUST005127,21,9,India,744,40355.81,4,1,168568.56,0.4456,0.1,0.5049,16,5,1,0
CUST005128,32,12,USA,779,199251.13,1,1,80341.52,-0.2919,0.95,0.0774,8,0,1,0
CUST005129,52,1,France,729,86775.45,4,1,61592.7,-0.2477,0.77,0.0959,8,3,1,0
CUST005130,54,2,Germany,588,90151.52,1,1,144780.53,0.1251,1.98,0.2293,13,0,1,0
CUST005131,18,2,India,551,61856.85,1,0,28815.89,0.3259,0.99,0.2499,13,1,0,1
CUST005132,20,5,USA,621,153346.42,4,1,71719.4,-0.0934,0.44,0.5407,18,3,0,0
CUST005133,64,2,India,848,106088.13,2,0,71812.4,0.1434,1.61,0.3538,14,2,0,0
CUST005134,41,10,France,555,169812.95,1,0,75945.46,0.1603,0.03,0.089,10,1,0,0
CUST005135,44,4,Germany,715,141366.36,1,0,138238.88,0.4198,0.01,0.2711,9,1,1,0
CUST005136,57,3,USA,642,52117.66,2,1,133621.15,-0.2219,0.23,0.665,16,1,1,0
CUST005137,53,2,USA,725,121233.25,2,0,102990.25,0.1592,0.11,0.5537,3,2,0,0
CUST005138,51,7,USA,549,126475.39,2,1,71024.16,0.4202,0.25,0.4665,12,1,0,0
CUST005139,46,13,India,630,134573.15,1,1,99934.14,0.1923,0.29,0.2249,5,7,1,0
CUST005140,41,9,India,578,100887.19,2,1,46110.89,0.5252,0.49,0.2835,8,0,1,0
CUST005141,41,2,India,582,7297.83,1,1,45823.7,0.0426,0.75,0.1845,16,1,0,0
CUST005142,59,5,France,708,74189.22,2,1,72370.73,0.0355,0.35,0.3792,12,4,0,0
CUST005143,21,12,USA,560,82888.73,2,1,36832.13,-0.2051,2.73,0.0231,9,7,1,1
CUST005144,20,14,India,673,80401.66,1,1,112953.62,0.25,0.62,0.1409,7,10,1,0
CUST005145,51,6,France,654,147137.94,1,1,134725.72,0.5032,1.67,0.5808,7,12,1,0
CUST005146,74,6,India,573,36118.24,1,0,106747.9,-0.5332,1.3,0.7968,7,4,1,1
CUST005147,66,1,India,590,84438.19,1,0,52882.38,-0.2458,0.04,0.5882,9,3,1,1
CUST005148,40,13,India,676,71686.01,1,1,84101.01,0.26,0.51,0.2118,12,0,1,0
CUST005149,70,2,USA,647,118378.4,1,0,150350.19,0.4566,1.31,0.3851,9,0,1,0
CUST005150,73,11,USA,653,188229.12,1,0,162407.4,0.4512,1.9,0.3949,5,5,1,0
CUST005151,69,9,USA,631,114597.31,2,1,48121.01,0.0947,0.8,0.1355,14,6,1,0
CUST005152,40,9,Germany,626,110486.46,1,1,127405.06,0.3465,2.15,0.4479,8,4,0,0
CUST005153,62,14,India,648,12770.47,1,1,66639.28,0.1018,0.87,0.1823,10,0,1,0
CUST005154,22,3,Germany,765,19703.12,4,1,162959.42,-0.4177,0.19,0.1365,9,0,0,0
CUST005155,48,6,India,692,91853.78,1,1,165579.06,0.1099,0.65,0.3273,13,1,0,0
CUST005156,70,1,Germany,639,64436.29,1,1,18000.0,-0.1684,1.13,0.4026,6,3,0,0
CUST005157,58,2,Germany,563,104540.76,2,0,60920.77,0.0652,0.88,0.3929,10,1,0,0
CUST005158,74,6,Germany,616,37998.93,1,1,126122.34,0.2622,0.07,0.441,10,1,0,0
CUST005159,74,6,USA,576,162981.06,2,0,18000.0,-0.1332,0.22,0.3163,12,6,1,0
CUST005160,71,14,Germany,586,1837.02,1,0,176643.02,-0.353,0.93,0.4947,8,2,0,1
CUST005161,23,9,India,500,63847.36,1,0,124927.58,0.1215,0.6,0.5753,10,0,1,0
CUST005162,54,2,France,649,51736.32,3,1,31092.92,0.3884,0.03,0.6723,13,1,1,0
CUST005163,74,11,India,815,144057.27,1,1,153341.11,-0.1998,1.07,0.2598,9,4,1,0
CUST005164,27,0,India,665,61670.71,1,1,153715.43,-0.0204,0.07,0.7447,9,6,0,0
CUST005165,57,11,USA,708,40163.23,1,1,133153.67,0.257,0.16,0.1549,9,2,0,0
CUST005166,24,2,Germany,726,81003.55,1,0,126193.3,-0.1441,1.88,0.3982,12,0,1,0
CUST005167,56,4,India,627,27083.72,1,1,145906.87,0.3036,0.3,0.4895,17,0,1,0
CUST005168,55,6,France,632,74619.17,1,0,51555.57,-0.4013,0.03,0.3322,11,0,1,0
CUST005169,38,3,France,538,67955.77,2,1,112941.6,0.1329,0.01,0.6193,17,1,1,0
CUST005170,37,12,USA,665,255132.05,2,1,65025.38,0.4365,2.19,0.2239,21,0,1,0
CUST005171,20,12,USA,654,47325.8,2,0,157307.35,-0.1133,0.37,0.4538,10,10,1,0
CUST005172,68,10,Germany,581,70458.65,2,0,101691.99,0.0466,0.78,0.1387,9,5,1,0
CUST005173,39,10,India,741,89525.59,2,1,18000.0,-0.6926,0.43,0.3848,10,3,1,0
CUST005174,64,14,USA,587,92935.61,4,0,29360.86,-0.1538,0.19,0.4033,16,0,1,0
CUST005175,21,0,France,850,140676.2,1,1,99190.56,0.0148,1.68,0.1727,6,2,0,0
CUST005176,45,5,France,682,195117.79,3,1,73965.04,0.3043,2.39,0.6336,10,0,1,0
CUST005177,29,1,France,648,26334.69,1,0,75913.54,0.3697,3.53,0.4239,15,9,0,1
CUST005178,55,11,India,805,103196.08,2,1,63912.7,0.2017,0.03,0.1946,13,0,1,0
CUST005179,68,2,India,467,65806.47,2,1,60078.24,-0.3729,0.04,0.217,14,1,0,0
CUST005180,53,3,India,627,96481.31,3,1,117891.55,-0.0071,1.56,0.3165,14,6,1,1
CUST005181,64,5,USA,615,144843.16,1,1,136051.72,-0.0214,0.16,0.4312,11,0,1,0
CUST005182,58,5,India,635,176915.34,2,1,112654.97,0.1757,0.66,0.3864,18,0,1,0
CUST005183,22,6,India,668,130227.85,1,1,131883.31,0.1861,0.69,0.0994,18,0,1,0
CUST005184,30,4,USA,633,95549.39,3,0,103029.18,-0.01,0.87,0.3365,14,0,1,0
CUST005185,40,6,Germany,762,139632.96,4,1,25809.7,0.1381,0.03,0.115,11,0,0,0
CUST005186,67,1,Germany,684,23833.43,1,1,171865.46,-0.1614,0.3,0.246,16,2,1,0
CUST005187,47,0,Germany,688,31001.25,1,1,168729.7,0.3076,0.58,0.1361,11,10,1,0
CUST005188,54,11,India,686,86443.64,1,0,129916.81,-0.1918,0.15,0.6192,10,5,0,0
CUST005189,42,9,India,546,148154.13,1,1,40850.06,-0.0305,2.31,0.8772,16,7,1,0
CUST005190,65,7,Germany,666,57671.65,3,1,29257.29,0.3424,1.41,0.3851,11,1,1,1
CUST005191,44,0,USA,668,64194.46,2,0,64706.41,0.1664,0.12,0.2277,11,11,0,0
CUST005192,68,11,USA,560,46908.7,1,1,203268.54,-0.1249,0.89,0.2735,9,0,1,1
CUST005193,31,1,India,720,224075.38,2,1,117914.43,0.0893,0.42,0.4201,11,4,0,0
CUST005194,74,10,India,487,61744.0,2,0,101002.34,0.0968,0.3,0.0996,13,4,1,0
CUST005195,65,11,USA,850,93955.16,1,1,106042.3,0.4972,0.28,0.5037,14,3,1,0
CUST005196,64,9,France,646,86360.95,1,1,81361.44,0.2716,0.87,0.6723,15,0,1,0
CUST005197,71,5,France,581,105318.3,2,1,97136.18,0.2268,1.87,0.3664,10,1,1,0
CUST005198,53,0,USA,699,61740.8,1,1,104591.05,-0.1686,1.45,0.5537,18,0,0,0
CUST005199,56,9,USA,700,19568.29,1,1,72342.2,-0.1578,0.34,0.1821,15,4,1,1
CUST005200,33,2,Germany,813,131665.01,1,0,41864.44,-0.1175,0.98,0.2306,13,1,1,0
CUST005201,73,6,USA,792,124555.37,3,1,105218.16,0.4754,0.6,0.2098,10,10,1,0
CUST005202,39,11,USA,543,108615.3,1,1,63132.9,-0.0599,0.46,0.1567,11,1,1,0
CUST005203,38,7,France,628,28617.63,2,1,151896.91,-0.0351,0.28,0.344,11,0,1,0
CUST005204,71,3,Germany,577,38257.24,2,1,123598.55,-0.2996,0.07,0.6532,19,0,0,0
CUST005205,38,11,France,709,54272.04,1,1,94938.17,-0.2737,0.17,0.4977,12,4,0,0
CUST005206,25,2,India,763,50302.76,2,1,65588.91,0.0686,0.67,0.5616,10,0,1,0
CUST005207,66,0,USA,544,114773.2,1,0,132705.57,0.328,1.04,0.5539,13,0,0,0
CUST005208,33,11,Germany,644,51520.07,2,1,134644.36,0.0324,0.03,0.7522,7,1,0,0
CUST005209,72,8,India,599,17102.88,3,0,78087.94,0.0559,0.38,0.3906,6,0,1,0
CUST005210,48,9,Germany,717,102238.27,1,1,117148.92,0.4709,0.15,0.3478,10,3,0,0
CUST005211,59,5,India,682,223350.23,2,1,58815.12,0.0538,0.74,0.3524,9,1,0,0
CUST005212,27,5,Germany,744,27216.37,1,1,107895.81,0.0435,1.6,0.3452,10,2,1,0
CUST005213,49,8,USA,616,32007.31,1,0,60740.03,0.3071,2.12,0.2153,11,1,0,1
CUST005214,51,0,India,640,68412.87,1,1,76523.09,0.2635,1.73,0.8331,16,0,1,0
CUST005215,26,5,USA,681,122891.77,2,1,141433.95,-0.092,1.65,0.4503,12,0,1,0
CUST005216,34,11,Germany,628,111074.39,1,1,156707.4,-0.0167,0.73,0.425,8,1,1,0
CUST005217,28,4,USA,673,68672.37,1,0,33205.85,0.1536,0.22,0.6058,19,6,1,0
CUST005218,49,12,USA,751,48962.46,2,0,92614.25,0.1026,1.1,0.3195,14,0,1,0
CUST005219,27,10,France,820,206155.63,2,1,132529.96,0.4378,1.03,0.4418,12,0,1,0
CUST005220,39,14,USA,610,146924.39,3,0,49918.09,-0.0202,0.15,0.2508,7,3,1,0
CUST005221,74,5,USA,821,183584.11,1,0,80944.56,0.2244,0.17,0.4107,16,8,1,0
CUST005222,34,13,India,609,119578.24,2,1,126209.7,0.1625,0.09,0.4406,17,5,0,0
CUST005223,21,10,France,719,70205.57,3,0,74131.97,0.1512,0.55,0.5073,8,1,1,0
CUST005224,65,7,India,610,100722.14,1,0,36167.02,-0.1053,0.31,0.194,11,1,1,0
CUST005225,69,4,USA,567,188012.42,2,1,83928.12,0.0303,1.84,0.7524,16,0,0,0
CUST005226,64,1,Germany,747,107859.49,1,0,89864.01,0.047,0.03,0.2592,7,0,1,0
CUST005227,42,11,India,646,30535.79,2,0,174738.42,0.3952,0.31,0.3499,16,0,1,0
CUST005228,38,11,USA,752,162945.12,2,1,213020.47,-0.0247,1.67,0.0264,9,1,1,0
CUST005229,54,1,India,710,168805.83,3,0,116129.75,0.0436,5.52,0.25,10,7,0,1
CUST005230,55,9,Germany,682,152711.51,2,0,104559.1,0.0517,1.03,0.309,12,1,1,0
CUST005231,66,4,USA,694,7247.38,2,1,46675.15,0.5119,1.85,0.2349,9,9,0,1
CUST005232,18,2,France,737,99986.64,1,1,32972.92,0.2385,0.01,0.4467,10,1,0,0
CUST005233,42,9,France,724,139573.68,1,0,155763.42,0.2,1.18,0.5671,9,1,1,0
CUST005234,68,2,USA,617,76989.33,1,1,29353.92,0.0794,0.5,0.2769,13,3,1,0
CUST005235,53,7,Germany,683,99621.04,2,1,131705.67,-0.0591,0.94,0.6747,15,1,0,0
CUST005236,34,6,USA,770,110717.62,1,1,214540.62,0.3179,0.45,0.2265,9,1,0,0
CUST005237,58,0,India,653,24763.44,4,1,50946.89,-0.044,0.67,0.1442,15,4,1,1
CUST005238,41,11,USA,610,105140.5,1,0,18000.0,0.5211,0.24,0.6762,10,4,1,0
CUST005239,19,12,France,600,14890.71,1,1,123047.25,0.0957,0.68,0.5694,14,3,0,0
CUST005240,57,11,USA,717,69632.97,4,0,161708.82,0.2156,0.27,0.5036,16,2,1,0
CUST005241,32,4,India,630,40256.03,1,1,52468.29,0.0557,0.26,0.5311,10,5,1,0
CUST005242,49,8,India,678,130274.41,2,1,146049.49,0.7221,0.32,0.2605,9,5,0,0
CUST005243,56,3,USA,626,117466.9,1,1,159882.8,-0.2062,0.18,0.244,7,11,0,1
CUST005244,23,0,India,743,111177.5,1,1,118346.71,-0.039,0.2,0.4598,13,7,1,0
CUST005245,18,7,USA,662,93478.76,1,0,80906.28,-0.1757,2.15,0.475,10,9,0,0
CUST005246,64,4,USA,764,103027.31,1,0,138757.65,-0.2546,0.48,0.56,19,7,1,0
CUST005247,40,1,USA,761,200547.11,2,1,74949.32,0.1385,0.76,0.2751,12,4,0,0
CUST005248,56,14,India,642,158108.44,2,1,97832.2,-0.0479,0.68,0.4061,15,2,0,0
CUST005249,74,11,USA,756,16381.5,3,0,82524.14,-0.0299,0.25,0.5455,8,1,0,0
CUST005250,34,0,France,622,42883.94,1,1,113488.34,-0.0172,0.0,0.2538,12,1,1,0
CUST005251,51,13,France,671,63064.75,1,1,108459.08,0.0633,0.09,0.1437,17,8,0,0
CUST005252,58,11,USA,587,60974.32,2,0,98760.49,-0.3043,1.42,0.3081,9,6,1,0
CUST005253,46,11,India,697,24727.53,1,1,88379.43,-0.2372,0.09,0.6125,8,4,1,0
CUST005254,26,11,France,674,112374.79,2,1,128558.92,-0.2639,0.19,0.2865,12,0,1,0
CUST005255,30,2,Germany,691,72214.28,1,1,64989.06,0.0743,1.95,0.8014,15,4,0,0
CUST005256,23,8,India,541,89486.56,4,0,61067.63,0.0693,1.32,0.4102,7,1,1,0
CUST005257,23,0,India,490,29978.57,1,1,154525.23,0.0539,0.04,0.2772,11,5,1,1
CUST005258,37,3,India,559,21516.07,1,0,144621.79,0.1742,0.83,0.2578,13,4,0,0
CUST005259,69,7,India,689,42445.95,1,1,66775.11,0.1356,0.58,0.1907,9,0,0,0
CUST005260,70,7,India,703,113693.04,1,1,63772.61,-0.3455,0.36,0.335,11,2,1,0
CUST005261,20,9,France,740,105637.67,2,1,66476.64,0.0192,0.55,0.4949,14,2,0,0
CUST005262,34,11,USA,617,138465.77,3,1,18000.0,0.0963,0.13,0.2299,12,2,0,0
CUST005263,66,10,Germany,666,32553.51,1,0,145343.95,-0.2045,2.48,0.2215,12,1,1,0
CUST005264,29,12,Germany,593,118512.06,1,1,117325.01,-0.3048,0.15,0.437,14,4,1,0
CUST005265,65,10,Germany,759,170874.01,1,1,56927.77,0.233,0.16,0.6095,12,3,1,0
CUST005266,64,7,France,593,133449.47,2,1,133964.7,-0.1694,0.37,0.494,15,0,1,0
CUST005267,62,9,France,744,4126.87,1,1,142450.59,0.2654,0.19,0.2395,13,1,0,0
CUST005268,72,7,USA,629,144686.13,2,0,97594.04,0.0616,0.3,0.1405,9,5,1,0
CUST005269,18,3,France,776,96230.33,2,1,121706.26,-0.023,0.03,0.5702,12,0,0,0
CUST005270,34,7,Germany,664,104157.21,2,1,120682.43,0.2084,0.76,0.406,11,1,1,0
CUST005271,20,8,India,662,230725.91,2,1,99305.05,0.0842,0.22,0.0726,6,4,0,0
CUST005272,43,6,Germany,589,91288.4,2,1,101412.64,0.0251,2.83,0.6349,14,5,1,0
CUST005273,32,13,Germany,823,115135.1,1,0,117563.85,-0.1604,0.1,0.2868,9,2,0,0
CUST005274,53,11,France,729,81814.76,1,0,109929.33,0.4171,0.06,0.3257,11,0,1,0
CUST005275,49,1,India,690,60917.72,1,1,78846.5,-0.1998,0.15,0.1116,17,7,1,0
CUST005276,49,8,USA,669,98603.99,1,1,73530.44,0.3259,0.63,0.5109,13,1,1,0
CUST005277,21,10,India,597,48898.03,1,1,176657.27,-0.3155,1.1,0.3531,11,1,1,0
CUST005278,35,7,India,703,85021.35,1,1,81949.22,0.1615,0.66,0.7486,12,0,1,0
CUST005279,66,12,India,644,57294.83,1,0,38507.28,0.2456,1.57,0.0591,17,1,0,0
CUST005280,36,4,USA,654,52858.5,2,0,156583.25,0.0785,0.72,0.0568,11,1,1,0
CUST005281,60,14,Germany,721,45512.24,2,0,97958.87,0.2205,0.12,0.3622,15,0,0,0
CUST005282,69,11,India,672,135243.82,1,1,96417.05,0.3466,0.16,0.6025,10,0,1,0
CUST005283,52,2,USA,651,108224.6,2,1,97289.04,0.2023,0.35,0.1661,13,0,1,0
CUST005284,57,6,India,764,61475.68,2,1,160266.11,0.4715,2.02,0.1974,18,10,0,0
CUST005285,31,13,India,584,82111.92,1,1,53285.87,0.5826,0.49,0.5687,9,0,1,0
CUST005286,50,13,USA,517,26061.17,4,0,152703.07,0.4356,1.66,0.4993,14,2,1,0
CUST005287,31,14,India,586,32735.32,1,1,115940.59,0.2223,0.06,0.3554,13,4,0,0
CUST005288,51,1,USA,662,76414.33,2,1,144121.53,-0.0414,0.93,0.1683,14,2,1,0
CUST005289,72,12,India,705,62622.79,4,1,78198.81,0.1309,0.5,0.242,9,1,0,0
CUST005290,21,2,India,590,29278.74,2,1,228779.94,0.1972,0.15,0.8211,16,6,1,0
CUST005291,41,11,USA,850,71865.05,2,1,94649.9,-0.2365,0.07,0.4377,10,1,0,0
CUST005292,46,8,USA,664,7014.28,3,1,97027.88,0.0255,0.3,0.4726,19,1,0,0
CUST005293,36,3,India,662,173601.02,1,0,56319.34,-0.1952,1.37,0.3703,14,0,0,0
CUST005294,23,3,USA,546,131526.91,1,1,93851.06,-0.0754,0.82,0.4232,19,8,0,0
CUST005295,74,2,Germany,534,58640.47,2,1,58741.7,0.1382,0.5,0.5424,8,1,1,0
CUST005296,50,4,Germany,507,127992.29,3,1,203892.25,0.0122,1.49,0.4552,11,0,1,0
CUST005297,66,2,India,759,52883.13,2,1,18000.0,-0.0943,0.16,0.5029,10,1,1,0
CUST005298,57,8,USA,746,42105.63,4,0,18000.0,0.1511,0.26,0.8904,10,4,0,0
CUST005299,36,14,Germany,649,122686.83,1,1,73188.77,0.0285,0.65,0.697,14,0,0,0
CUST005300,70,2,India,552,67129.88,2,0,117606.36,0.0577,0.71,0.8902,6,1,0,0
CUST005301,18,1,France,627,51997.56,3,0,165101.78,0.0558,0.31,0.3914,11,1,1,0
CUST005302,22,11,France,763,6375.48,1,1,106516.24,0.1381,0.56,0.2078,10,5,1,0
CUST005303,44,4,France,609,132765.76,4,1,84040.19,-0.3546,0.1,0.2429,12,0,1,0
CUST005304,33,5,Germany,577,140264.0,1,1,100332.35,0.0584,0.01,0.329,16,6,0,0
CUST005305,23,0,Germany,619,86001.27,4,1,137074.05,0.4515,1.88,0.4051,19,0,0,0
CUST005306,57,13,USA,626,3716.37,3,1,43854.0,-0.5951,0.47,0.8708,11,0,1,0
CUST005307,30,11,Germany,709,94760.55,1,0,147288.37,-0.0433,0.21,0.1018,14,1,1,0
CUST005308,65,10,Germany,473,115746.27,2,1,18000.0,0.0825,0.32,0.361,17,0,1,0
CUST005309,52,5,Germany,663,74354.04,2,0,88243.01,-0.2331,0.58,0.1175,9,8,1,0
CUST005310,36,9,India,594,130657.37,1,1,95265.85,-0.3454,2.34,0.3447,13,0,0,0
CUST005311,29,2,India,607,86511.91,1,1,31493.65,-0.0595,1.02,0.2312,12,0,1,0
CUST005312,33,3,France,710,94853.85,1,1,101639.52,-0.0976,2.37,0.4771,12,1,1,0
CUST005313,60,5,India,545,167788.83,2,0,78975.63,0.2229,0.1,0.1727,9,0,0,0
CUST005314,27,7,Germany,664,45506.14,1,1,111646.94,-0.0967,0.16,0.3867,19,0,0,0
CUST005315,42,14,France,688,21220.47,3,1,113839.36,0.1779,0.36,0.1064,7,0,0,0
CUST005316,37,8,Germany,696,65520.72,1,1,117847.77,0.1066,0.22,0.6275,17,0,0,0
CUST005317,48,5,France,706,41047.26,2,1,75639.13,0.2286,2.52,0.1476,18,2,1,0
CUST005318,21,6,Germany,695,12156.66,1,1,107287.42,-0.039,0.15,0.2936,13,1,0,0
CUST005319,61,14,India,707,114555.94,2,1,158154.17,0.0107,0.15,0.5411,11,1,1,0
CUST005320,40,13,Germany,579,76051.7,3,0,138253.13,0.3246,0.53,0.7422,10,0,1,0
CUST005321,19,4,India,759,36912.89,1,1,114544.64,0.3694,0.95,0.765,11,3,0,0
CUST005322,73,13,USA,555,171863.15,1,1,53612.86,0.473,0.38,0.1351,10,5,1,0
CUST005323,39,11,India,679,30870.04,2,1,18000.0,-0.2227,0.04,0.1253,10,2,1,0
CUST005324,68,14,India,595,37815.28,1,1,18000.0,-0.1703,1.16,0.7422,10,4,1,0
CUST005325,74,8,USA,512,134377.69,1,0,130694.8,0.1343,2.33,0.1476,17,8,1,0
CUST005326,54,3,India,604,102548.27,1,1,61472.54,-0.0327,1.33,0.2875,10,4,0,1
CUST005327,25,9,USA,640,143696.23,1,1,38573.22,-0.4654,1.47,0.6224,9,1,0,1
CUST005328,24,10,Germany,760,59159.91,2,1,68583.09,0.1569,1.51,0.6796,17,2,0,0
CUST005329,31,5,India,795,58265.95,3,1,93459.17,-0.1594,1.14,0.2132,15,2,0,0
CUST005330,73,4,India,639,84299.9,2,1,104043.73,0.055,1.31,0.2797,15,2,0,0
CUST005331,72,0,Germany,538,156695.54,1,1,64797.32,0.1163,0.06,0.3987,11,2,0,0
CUST005332,20,4,Germany,545,23630.94,1,0,143916.5,-0.0508,0.04,0.5523,17,1,0,0
CUST005333,67,12,France,711,54880.99,4,1,89518.1,-0.0233,0.06,0.3614,18,2,1,0
CUST005334,33,4,India,706,84729.32,3,1,87881.52,0.2136,0.72,0.1157,11,7,1,0
CUST005335,72,13,France,601,123206.47,1,1,55619.86,-0.3886,0.22,0.1885,10,10,1,1
CUST005336,36,8,USA,556,7224.41,3,1,193555.19,-0.2655,0.02,0.4955,9,0,1,0
CUST005337,68,0,USA,729,126322.25,4,0,92081.03,-0.5892,0.06,0.3241,13,0,0,0
CUST005338,35,14,India,551,39414.5,1,1,126064.03,-0.1057,0.06,0.6703,13,7,1,0
CUST005339,69,4,USA,614,99271.69,2,1,108308.75,0.444,0.79,0.3864,13,1,0,0
CUST005340,33,14,India,687,64033.53,2,1,159702.52,-0.2302,0.12,0.618,14,0,1,0
CUST005341,25,6,India,489,93047.25,1,1,59286.37,0.0792,1.5,0.4523,9,1,1,0
CUST005342,50,10,USA,726,89149.78,1,0,125232.27,0.035,3.93,0.3918,11,0,1,0
CUST005343,66,5,Germany,840,155174.7,1,1,84879.63,-0.2042,0.47,0.2196,14,12,1,1
CUST005344,29,5,Germany,659,61390.27,3,1,109086.01,-0.1206,0.62,0.9578,11,3,0,0
CUST005345,70,11,USA,647,57253.28,2,0,83424.13,-0.451,0.24,0.1753,12,9,1,0
CUST005346,28,6,USA,653,142239.84,1,1,191873.02,0.1574,0.85,0.5103,10,2,1,0
CUST005347,22,5,USA,667,162818.31,2,1,94605.45,0.4196,1.97,0.7506,11,1,0,0
CUST005348,44,4,France,591,51431.22,1,1,25330.66,-0.2709,0.16,0.2978,8,0,1,0
CUST005349,29,9,USA,560,118925.3,1,1,93790.86,0.0904,2.45,0.6423,17,2,1,0
CUST005350,34,4,India,621,23059.46,2,0,106396.11,0.3262,0.2,0.4134,12,1,1,0
CUST005351,23,8,India,662,119286.54,2,1,106285.59,0.2839,0.25,0.4363,16,5,0,0
CUST005352,50,13,USA,570,133046.49,1,1,38918.79,0.225,1.94,0.4825,19,0,1,0
CUST005353,22,7,USA,542,58937.28,1,1,43167.15,0.4271,0.72,0.1924,8,2,1,0
CUST005354,74,13,India,614,144872.02,2,0,189204.92,-0.2969,0.03,0.2786,9,0,1,0
CUST005355,45,11,Germany,543,59712.2,2,0,89155.5,-0.1288,1.3,0.4706,8,0,1,1
CUST005356,31,14,Germany,703,77490.14,2,1,94146.7,0.0205,0.82,0.5123,15,8,1,0
CUST005357,22,9,Germany,374,100249.95,2,1,200267.63,0.2234,1.09,0.1604,11,0,0,0
CUST005358,71,13,India,556,16474.66,2,0,138502.9,0.2802,0.14,0.4353,14,1,0,0
CUST005359,73,3,India,763,8251.06,2,1,98361.69,0.0556,1.65,0.6938,11,0,1,0
CUST005360,50,3,France,632,93346.73,4,1,111318.03,0.1747,1.22,0.5359,17,5,0,0
CUST005361,67,9,France,664,30000.14,1,0,195771.05,0.1459,2.53,0.5144,15,0,0,0
CUST005362,65,4,India,639,315.35,3,0,69598.81,-0.3989,0.42,0.627,10,6,1,0
CUST005363,58,12,India,599,123677.83,1,1,140062.0,-0.1209,0.58,0.3655,18,2,0,0
CUST005364,36,12,USA,737,170043.96,2,1,132702.73,-0.4853,0.97,0.4489,6,2,1,0
CUST005365,39,2,India,604,129150.43,1,1,102894.09,-0.0428,0.09,0.3267,10,3,1,0
CUST005366,22,14,Germany,583,2555.83,1,1,73791.07,0.0306,0.19,0.6372,11,1,1,0
CUST005367,19,7,France,702,87052.23,4,1,119342.66,0.0666,0.27,0.6595,8,0,1,0
CUST005368,47,6,India,495,56812.66,1,1,99871.34,-0.0737,2.32,0.2592,11,0,1,0
CUST005369,64,4,India,627,23125.0,2,1,134511.14,0.1327,0.0,0.5108,7,0,1,0
CUST005370,56,9,France,608,81277.83,2,1,21336.58,0.0504,4.09,0.7873,15,1,0,0
CUST005371,21,2,India,625,71813.07,1,1,252789.08,-0.1401,0.4,0.2424,18,11,1,0
CUST005372,50,14,France,610,61573.81,4,1,128533.6,-0.2922,0.84,0.3749,20,0,1,0
CUST005373,30,4,Germany,680,137262.89,2,0,123227.99,-0.1423,0.42,0.6432,16,4,0,0
CUST005374,37,2,France,737,156591.8,3,0,198650.77,0.1189,1.23,0.5108,16,0,1,0
CUST005375,71,9,India,686,55957.53,2,1,70007.78,0.0267,2.41,0.235,7,5,1,0
CUST005376,24,4,India,623,64877.83,2,1,66660.98,0.099,0.48,0.3731,8,3,1,0
CUST005377,32,0,USA,700,60652.94,1,1,84322.42,0.098,0.16,0.192,19,0,1,0
CUST005378,40,5,USA,709,107925.7,2,1,204270.89,0.3427,0.2,0.3601,6,1,0,0
CUST005379,31,9,India,678,96549.06,1,1,95554.82,-0.1213,0.25,0.6254,7,3,1,0
CUST005380,40,3,France,733,32005.74,2,1,232374.58,0.2416,0.2,0.4007,9,3,0,0
CUST005381,36,3,Germany,462,68017.08,1,0,74442.05,0.4992,0.01,0.0088,14,0,1,0
CUST005382,71,7,Germany,652,16810.11,1,1,18000.0,-0.3235,1.58,0.3753,11,6,0,1
CUST005383,46,1,India,674,21429.88,1,1,19252.14,0.1291,0.91,0.5597,10,0,1,0
CUST005384,73,3,Germany,531,2790.21,3,0,128313.91,-0.0827,0.58,0.0903,7,4,1,1
CUST005385,37,14,Germany,667,60411.93,2,1,131093.04,-0.1573,0.13,0.1061,8,1,1,0
CUST005386,46,1,USA,723,113894.95,2,0,117410.54,0.5882,0.03,0.3681,13,3,0,0
CUST005387,41,0,France,632,27486.49,3,0,50604.97,0.1878,0.39,0.4618,7,3,1,0
CUST005388,35,9,India,702,68181.25,2,0,42711.39,-0.0427,0.0,0.404,7,2,0,0
CUST005389,27,12,India,731,89560.42,1,0,30612.52,0.305,0.05,0.2885,12,3,1,0
CUST005390,58,12,India,757,171230.96,2,1,84917.59,0.2734,0.06,0.3487,12,7,1,0
CUST005391,74,2,Germany,742,79462.07,4,1,116756.41,0.0653,1.35,0.2772,8,0,1,0
CUST005392,25,11,USA,759,82226.59,1,1,161667.2,0.0828,1.04,0.4757,12,0,0,0
CUST005393,43,7,India,610,38470.41,2,1,145258.57,0.0162,0.3,0.0724,10,3,1,0
CUST005394,46,5,India,618,189875.02,2,1,108701.68,0.0075,0.29,0.5646,9,2,1,0
CUST005395,27,11,India,452,123403.59,1,1,228852.44,-0.1584,0.34,0.4885,10,0,1,0
CUST005396,34,6,India,564,7110.68,4,0,102528.88,-0.0878,0.67,0.2839,13,2,0,0
CUST005397,19,1,USA,747,168878.76,1,0,18000.0,0.0422,1.57,0.7275,17,2,1,0
CUST005398,23,5,India,601,120440.98,1,1,36096.73,-0.0415,0.52,0.0294,9,0,1,0
CUST005399,22,13,India,681,90505.56,4,1,105315.6,-0.1331,0.13,0.2115,14,1,1,0
CUST005400,45,7,France,669,116939.42,2,1,35935.46,0.4869,0.14,0.3699,7,0,0,0
CUST005401,58,7,USA,749,146421.55,1,1,163267.79,0.1594,0.05,0.5066,12,1,1,0
CUST005402,22,3,Germany,488,29312.86,1,0,111197.43,-0.0258,1.08,0.3643,13,1,1,0
CUST005403,35,5,India,678,51843.0,3,1,164695.96,0.3258,0.41,0.1989,8,0,0,0
CUST005404,43,13,India,676,73617.66,1,1,113348.98,-0.0409,2.0,0.0717,7,0,1,1
CUST005405,37,4,USA,581,880.37,2,0,18000.0,-0.0807,0.3,0.5192,14,7,1,0
CUST005406,58,8,India,726,121221.67,1,1,172731.42,-0.2022,1.28,0.3312,18,2,1,0
CUST005407,66,7,India,538,58922.13,4,1,97315.47,0.0047,0.55,0.0332,12,1,1,0
CUST005408,44,1,France,735,52088.04,2,0,99762.14,0.2341,1.51,0.4182,11,6,1,0
CUST005409,66,11,France,477,36136.19,2,0,122922.93,0.209,0.66,0.2313,14,0,1,0
CUST005410,29,12,India,577,73888.59,2,1,93439.52,0.144,0.17,0.1085,6,2,1,0
CUST005411,24,6,India,638,85657.37,3,1,127322.39,0.1028,1.29,0.6949,14,0,1,0
CUST005412,20,6,France,667,137755.14,4,1,111440.4,-0.045,0.0,0.7937,12,1,1,0
CUST005413,27,10,India,500,139497.08,2,1,97976.49,0.4584,0.56,0.636,10,3,0,0
CUST005414,51,13,USA,733,5712.31,2,0,31387.04,0.6748,0.17,0.3434,14,0,0,0
CUST005415,42,13,France,710,104554.12,1,1,102132.91,0.0282,0.33,0.0948,13,4,0,0
CUST005416,52,11,France,802,152253.96,1,1,94392.0,0.0551,0.42,0.3515,7,0,1,0
CUST005417,33,0,USA,706,62197.54,2,0,133549.34,-0.4114,0.66,0.3199,14,11,1,0
CUST005418,19,0,India,591,65463.22,2,0,138452.4,0.0571,0.35,0.4213,15,3,0,0
CUST005419,41,11,India,564,51400.51,3,1,91046.63,-0.1336,0.83,0.4337,13,4,0,0
CUST005420,27,3,France,616,109369.5,1,1,85345.72,0.3597,0.17,0.3014,12,1,1,0
CUST005421,55,4,France,824,93815.09,2,1,158359.26,0.3905,1.25,0.3831,9,0,1,0
CUST005422,39,14,USA,653,136738.11,2,0,135113.06,-0.2666,0.74,0.2765,14,2,1,0
CUST005423,43,3,Germany,657,69105.76,2,1,68859.14,-0.0669,0.35,0.4709,7,2,1,0
CUST005424,60,6,Germany,760,154119.91,1,1,25006.86,0.0925,0.61,0.3054,11,2,1,0
CUST005425,72,2,Germany,556,113045.58,2,1,187066.78,0.422,0.41,0.2991,13,3,0,0
CUST005426,56,6,Germany,693,148933.06,1,1,139392.35,0.347,1.66,0.3556,8,0,1,0
CUST005427,44,12,Germany,691,39057.76,2,1,145287.54,0.3689,0.63,0.7648,9,0,0,0
CUST005428,46,7,USA,726,173194.28,2,1,46083.54,0.0087,1.24,0.6085,14,0,1,0
CUST005429,64,5,India,718,41559.93,1,1,138927.48,0.3792,1.27,0.425,12,2,1,0
CUST005430,55,5,Germany,645,44464.58,2,0,53537.22,-0.3764,1.06,0.7766,12,2,1,0
CUST005431,37,7,USA,539,51593.2,4,1,151297.13,0.1891,1.11,0.1924,9,0,0,0
CUST005432,44,7,India,604,44980.83,1,1,94095.3,0.0632,0.2,0.2067,11,0,0,0
CUST005433,58,6,Germany,717,193400.29,2,1,36170.75,0.4602,1.64,0.2856,14,0,0,0
CUST005434,71,5,Germany,798,108352.88,1,1,109054.67,-0.0932,0.98,0.4816,11,0,1,0
CUST005435,37,5,France,552,106744.55,2,1,125236.84,0.244,0.04,0.7194,13,6,0,0
CUST005436,61,9,India,546,41273.9,1,1,129266.03,0.568,0.83,0.2727,14,5,1,0
CUST005437,36,10,USA,524,155700.36,1,1,102568.17,0.0276,0.53,0.5501,7,1,1,0
CUST005438,37,12,India,588,11615.38,2,1,18000.0,0.1587,0.12,0.4289,9,2,0,0
CUST005439,52,12,France,725,73746.06,1,1,170585.77,0.0409,0.51,0.2027,15,3,0,1
CUST005440,64,5,India,755,32340.14,1,1,129850.17,-0.108,2.04,0.2738,10,0,1,1
CUST005441,19,7,Germany,483,90858.95,4,1,102968.45,-0.0698,1.67,0.6526,12,3,1,0
CUST005442,47,0,Germany,553,171111.8,2,1,161734.8,0.1793,0.07,0.1154,7,1,0,0
CUST005443,70,4,India,538,16391.82,2,1,37225.24,-0.0798,0.46,0.4641,10,4,1,0
CUST005444,51,2,France,580,31425.55,2,1,82608.03,0.0969,0.57,0.582,18,1,0,0
CUST005445,39,11,France,632,84654.05,3,1,148468.77,-0.141,0.94,0.2179,11,2,1,0
CUST005446,20,7,India,618,173339.96,1,1,204484.49,0.3105,1.16,0.7206,11,5,1,0
CUST005447,23,10,India,691,49673.97,1,1,78039.71,0.2321,1.41,0.2734,16,0,0,0
CUST005448,32,5,India,495,31593.92,1,1,18000.0,-0.2262,0.73,0.1449,13,1,1,0
CUST005449,44,13,India,608,86162.15,2,1,135169.97,-0.0581,1.71,0.6409,11,2,1,0
CUST005450,27,1,France,759,76464.13,1,0,166324.5,-0.1077,0.65,0.2341,15,1,1,0
CUST005451,26,14,France,762,12450.69,2,0,18000.0,-0.0077,0.02,0.4879,11,2,1,0
CUST005452,50,12,India,783,50869.51,1,1,93207.41,0.2432,0.49,0.6585,15,0,0,0
CUST005453,49,6,USA,681,46013.4,2,1,153947.51,-0.1193,0.14,0.2002,19,0,1,0
CUST005454,65,6,USA,597,74114.34,2,0,170997.64,-0.0973,0.68,0.0381,6,0,1,0
CUST005455,23,12,India,663,1248.24,1,1,24418.48,-0.0251,0.91,0.1525,9,1,0,0
CUST005456,58,4,India,850,229075.02,1,1,87927.11,0.1568,0.91,0.468,15,3,0,0
CUST005457,53,7,India,607,110399.78,2,0,75902.58,-0.4593,0.54,0.6846,20,0,1,0
CUST005458,19,13,USA,796,91733.91,2,0,51216.61,0.1434,1.01,0.5802,9,0,1,0
CUST005459,46,4,Germany,455,108671.11,2,0,109929.97,-0.4922,0.1,0.1525,12,1,1,0
CUST005460,21,0,Germany,695,45535.7,1,1,115985.59,0.0463,2.36,0.4958,17,8,1,0
CUST005461,18,8,India,701,67184.82,4,1,186248.31,-0.1003,1.48,0.429,6,2,1,0
CUST005462,36,3,Germany,679,107334.35,2,0,18000.0,-0.3781,1.55,0.1434,16,6,1,0
CUST005463,43,12,Germany,685,15495.1,1,1,125562.05,0.2867,0.03,0.4203,13,4,1,0
CUST005464,42,1,France,691,118352.24,1,1,61760.43,-0.0664,0.21,0.3213,10,0,0,0
CUST005465,27,3,USA,695,206641.53,2,1,43595.86,-0.2585,0.08,0.3469,12,0,1,0
CUST005466,70,13,France,623,15753.7,1,1,87003.23,0.1268,1.6,0.3905,13,1,1,1
CUST005467,32,12,France,628,109032.15,3,0,113638.17,0.3093,1.11,0.2862,10,1,0,0
CUST005468,39,8,USA,541,25256.5,2,1,71863.12,-0.2565,0.08,0.3052,9,1,1,0
CUST005469,68,1,India,708,118838.66,1,1,87309.41,0.2969,0.41,0.2655,6,4,1,0
CUST005470,65,3,France,754,97012.04,3,1,99540.01,-0.3427,0.57,0.1174,14,1,1,0
CUST005471,38,1,Germany,789,192535.56,1,0,120138.38,-0.4626,1.0,0.3084,14,0,1,0
CUST005472,73,4,France,584,181495.53,1,0,154705.3,-0.0332,0.28,0.3618,9,1,1,0
CUST005473,39,2,Germany,512,13781.83,2,1,90489.0,0.029,0.27,0.6267,13,0,0,0
CUST005474,53,9,USA,680,123382.95,2,0,104796.92,0.3057,0.61,0.226,18,0,0,0
CUST005475,51,1,India,557,122318.7,1,1,101721.7,-0.0727,0.6,0.5454,6,2,1,0
CUST005476,47,13,India,695,149712.86,1,0,183092.45,0.0382,0.1,0.7052,8,4,1,0
CUST005477,42,8,France,473,105289.7,2,1,123305.8,-0.1057,1.0,0.688,10,0,1,0
CUST005478,62,4,India,736,112984.33,2,0,118557.24,0.5838,0.16,0.1384,7,0,1,0
CUST005479,45,9,India,662,11978.78,2,1,98065.51,-0.0567,1.52,0.343,12,0,1,0
CUST005480,18,4,Germany,496,102161.48,2,0,101227.65,-0.0978,1.19,0.4022,13,1,1,0
CUST005481,66,0,Germany,674,62572.18,2,0,18000.0,-0.0272,3.17,0.5527,6,3,1,1
CUST005482,62,5,India,657,118385.17,1,1,79586.77,-0.0108,0.15,0.2839,12,4,1,0
CUST005483,21,12,India,691,70140.03,2,0,125518.3,-0.4447,2.31,0.7112,6,0,0,0
CUST005484,24,6,USA,714,103726.46,1,0,100465.24,-0.1832,1.06,0.2616,10,5,1,0
CUST005485,66,0,India,456,114200.1,1,0,92059.0,-0.2765,1.7,0.4435,7,0,0,0
CUST005486,26,8,Germany,612,115369.29,2,0,168449.8,-0.1338,0.03,0.3523,12,3,1,0
CUST005487,53,7,India,642,29884.54,1,1,119013.67,0.4561,0.31,0.7971,14,0,1,0
CUST005488,36,11,France,626,225963.58,1,1,43422.82,-0.4933,0.02,0.1757,17,0,1,0
CUST005489,18,13,Germany,621,91740.52,1,1,24249.13,-0.2804,0.16,0.7006,13,4,1,0
CUST005490,27,13,Germany,734,115168.18,1,1,145546.84,0.1815,1.73,0.4854,11,1,1,0
CUST005491,53,7,India,511,79658.09,1,0,56827.66,-0.16,0.42,0.4462,13,0,0,0
CUST005492,26,6,USA,626,7289.59,1,1,113152.83,0.2923,0.89,0.5015,11,8,1,0
CUST005493,62,4,USA,633,124538.11,1,0,138301.98,0.337,0.53,0.6835,13,1,0,0
CUST005494,63,2,India,641,92638.06,1,1,112937.98,-0.4122,0.51,0.3796,12,4,1,1
CUST005495,59,14,Germany,571,131106.56,1,0,175835.63,-0.2817,0.84,0.1948,14,2,1,0
CUST005496,49,11,USA,821,34776.74,1,1,91992.66,0.5147,0.46,0.0122,15,4,1,0
CUST005497,49,13,Germany,728,55397.27,2,1,114669.6,0.1639,0.02,0.2912,11,0,0,0
CUST005498,23,8,India,826,92606.96,1,1,79823.8,-0.3023,1.29,0.3303,8,0,1,0
CUST005499,65,13,India,701,78991.88,2,1,86551.76,-0.1767,0.26,0.2823,13,0,1,0
CUST005500,55,6,France,710,58257.9,1,1,138507.74,0.227,0.89,0.0818,9,0,0,0
CUST005501,34,10,USA,649,92668.47,1,0,144423.64,0.0273,0.86,0.2419,15,2,1,0
CUST005502,27,9,USA,775,164647.75,1,1,25411.27,0.108,0.12,0.5723,15,0,1,0
CUST005503,67,9,USA,695,104386.19,1,1,62899.92,-0.1015,0.14,0.3715,6,5,0,0
CUST005504,44,7,India,634,148727.02,1,1,110092.09,-0.0645,0.48,0.7622,6,2,1,0
CUST005505,71,13,Germany,797,65593.35,1,1,128150.62,0.3227,0.33,0.4153,13,0,0,0
CUST005506,67,5,India,545,79380.89,1,1,41289.15,0.2499,0.26,0.4992,8,1,0,0
CUST005507,52,11,USA,591,91073.55,2,1,73428.01,-0.3258,0.3,0.5429,14,1,1,0
CUST005508,69,13,USA,850,48442.35,1,1,125948.5,-0.0663,0.23,0.3218,13,1,0,0
CUST005509,38,10,France,703,91598.27,1,0,134729.73,0.2769,0.09,0.3786,12,2,1,0
CUST005510,42,13,USA,439,173204.8,2,1,118929.88,-0.6612,0.07,0.6087,13,3,1,0
CUST005511,45,4,India,731,184149.96,1,0,92355.02,-0.5037,1.7,0.5596,13,0,1,0
CUST005512,64,14,USA,568,161264.57,1,1,52019.15,0.4744,1.35,0.361,10,2,1,0
CUST005513,32,7,India,604,94952.66,1,0,82062.57,0.0478,0.55,0.4262,6,9,1,0
CUST005514,21,2,India,850,31413.45,1,1,148604.11,0.0117,0.31,0.0826,13,0,1,0
CUST005515,46,11,India,782,227712.74,1,1,143987.98,0.2339,0.93,0.3213,10,3,1,0
CUST005516,26,12,USA,809,44140.03,3,1,58711.33,-0.4466,0.09,0.703,16,1,1,0
CUST005517,44,12,India,601,170512.7,3,0,176465.79,0.0939,0.09,0.2825,9,0,1,0
CUST005518,43,6,USA,626,98690.87,1,1,63225.1,0.3071,0.12,0.6216,10,3,0,0
CUST005519,36,1,France,667,11956.23,1,1,107218.22,-0.0569,0.94,0.5724,12,8,1,0
CUST005520,73,2,Germany,719,15873.4,2,1,49603.0,0.4584,1.38,0.5702,18,4,0,0
CUST005521,45,14,India,622,162207.97,1,1,181287.72,0.4873,0.61,0.2601,9,3,0,0
CUST005522,34,12,India,800,40396.33,2,0,140781.64,0.3855,0.15,0.4111,13,6,1,0
CUST005523,60,11,Germany,689,2117.63,1,1,108984.6,0.1374,0.33,0.6625,12,3,0,0
CUST005524,74,14,France,769,59335.71,1,1,79682.95,0.0223,1.38,0.3778,8,4,1,0
CUST005525,58,1,India,587,75684.87,1,0,204445.08,-0.0676,0.57,0.3258,16,4,1,1
CUST005526,59,4,Germany,616,99000.68,3,1,124974.19,0.033,0.48,0.2912,16,11,1,0
CUST005527,67,6,USA,669,95789.82,1,1,197877.42,0.3036,0.86,0.1081,11,0,1,0
CUST005528,37,10,USA,613,30585.75,3,0,107209.83,-0.2823,0.35,0.6035,15,0,0,0
CUST005529,62,9,France,733,76099.22,2,1,108629.92,0.104,0.0,0.1739,14,6,1,0
CUST005530,57,10,Germany,735,182485.93,1,0,140159.28,0.2424,2.26,0.6015,7,7,1,0
CUST005531,56,10,France,630,10742.24,1,1,109181.98,-0.158,0.99,0.5015,6,0,1,0
CUST005532,66,10,India,702,105198.71,1,1,112899.96,0.036,2.54,0.5568,11,0,0,0
CUST005533,70,14,USA,813,10654.34,2,0,118324.53,0.2572,1.52,0.3592,8,2,1,0
CUST005534,40,9,USA,733,50478.33,2,1,141990.75,0.1821,0.37,0.3107,14,6,1,0
CUST005535,64,14,India,702,146209.61,2,1,62996.24,-0.072,0.38,0.4127,13,1,0,0
CUST005536,49,14,USA,753,50068.52,1,1,101599.47,-0.1842,0.12,0.1646,11,5,0,0
CUST005537,69,14,India,784,206081.28,1,1,75999.65,-0.2387,1.32,0.3757,9,4,0,0
CUST005538,64,12,India,771,4186.24,2,0,131155.47,0.0331,0.77,0.5712,13,3,0,0
CUST005539,50,13,India,644,48583.98,3,0,101083.4,0.1631,0.24,0.4326,6,2,1,0
CUST005540,74,0,Germany,722,77202.98,3,1,73678.59,0.0297,2.58,0.121,5,0,1,1
CUST005541,63,12,France,626,49401.78,2,0,169338.82,-0.1487,1.17,0.1686,13,4,0,0
CUST005542,22,9,USA,645,37652.01,1,0,156778.09,0.1808,1.71,0.1358,16,5,1,0
CUST005543,60,8,USA,688,115773.32,1,0,156952.67,0.0189,0.15,0.6466,12,5,1,0
CUST005544,65,0,India,534,18611.62,1,0,162878.07,-0.1775,0.72,0.5926,12,0,0,0
CUST005545,51,0,France,679,111327.71,2,0,128261.88,-0.2379,3.76,0.5901,15,1,1,1
CUST005546,57,13,USA,594,127289.84,1,0,132336.04,-0.0252,0.34,0.5537,6,0,1,0
CUST005547,28,14,Germany,555,9076.5,2,0,91786.95,-0.0478,0.41,0.3717,9,3,0,0
CUST005548,67,11,Germany,713,139640.3,2,0,164656.75,-0.0425,0.62,0.2142,17,5,1,0
CUST005549,20,9,India,629,123940.23,1,0,108548.85,0.4409,0.04,0.4966,13,3,0,0
CUST005550,50,7,USA,667,172253.94,3,0,73223.26,0.1502,0.2,0.3834,13,0,1,0
CUST005551,28,5,France,631,76333.66,1,1,121079.9,0.1076,0.31,0.2377,6,0,0,0
CUST005552,33,5,India,600,24243.48,1,1,83008.96,-0.083,0.01,0.2268,12,2,0,0
CUST005553,35,11,Germany,659,153751.18,2,1,144712.88,0.1623,0.3,0.0662,12,5,1,0
CUST005554,47,8,France,541,79015.19,3,1,137278.81,-0.0704,0.63,0.4504,12,3,1,0
CUST005555,65,14,India,642,189016.6,2,1,142062.7,0.5243,0.02,0.5845,12,1,1,0
CUST005556,72,3,France,808,119979.05,2,1,32481.17,0.4296,0.61,0.0669,16,0,0,0
CUST005557,27,7,France,554,74395.05,3,1,18000.0,-0.2739,1.29,0.1306,9,7,1,0
CUST005558,35,3,Germany,764,21348.66,2,1,110093.51,-0.1801,0.13,0.1329,15,0,0,0
CUST005559,55,13,India,816,69528.97,2,0,110267.61,0.4499,2.6,0.4619,8,1,0,0
CUST005560,36,1,India,587,134112.38,1,1,164169.57,-0.0069,0.43,0.2355,9,0,0,0
CUST005561,53,10,India,676,17504.9,1,1,71352.52,0.1517,0.46,0.7755,8,0,1,0
CUST005562,30,14,Germany,546,50887.01,2,1,54516.01,-0.0567,0.58,0.2954,9,4,0,0
CUST005563,73,7,Germany,534,24096.42,2,1,65091.54,-0.6435,0.4,0.6821,5,0,1,0
CUST005564,63,11,USA,663,11457.09,1,1,49220.39,-0.2426,0.85,0.4019,7,0,0,1
CUST005565,20,6,India,682,38100.76,1,0,77006.22,0.1332,0.16,0.0916,9,1,1,0
CUST005566,27,3,India,604,59214.63,4,1,44357.39,0.0382,2.02,0.3307,17,3,1,0
CUST005567,55,8,Germany,559,97908.08,2,1,104710.55,-0.0263,1.62,0.2198,5,1,1,0
CUST005568,18,14,Germany,587,119509.45,4,1,101989.48,0.0399,0.83,0.464,14,5,1,0
CUST005569,72,8,France,721,161773.75,3,0,67643.24,-0.2519,1.25,0.5983,11,0,1,0
CUST005570,73,7,Germany,721,175398.78,2,1,53209.29,-0.2888,0.99,0.4107,18,1,1,0
CUST005571,44,13,Germany,701,149486.33,1,1,46614.79,-0.4366,0.51,0.2918,8,0,1,0
CUST005572,63,0,Germany,619,52475.99,1,1,18000.0,0.0721,0.14,0.4377,14,9,0,0
CUST005573,25,6,USA,563,90495.91,1,1,66799.91,0.2948,0.31,0.7751,13,6,1,0
CUST005574,68,4,USA,755,41138.57,2,1,77814.34,0.2751,1.73,0.3983,7,6,1,0
CUST005575,63,6,France,781,91539.97,1,1,18000.0,0.3211,0.88,0.3477,11,3,0,0
CUST005576,59,11,Germany,608,66037.73,2,1,167270.58,-0.4493,1.6,0.5027,5,0,0,0
CUST005577,34,8,India,637,5177.51,2,1,144126.71,-0.0658,1.68,0.2245,12,5,0,1
CUST005578,26,1,India,532,166021.43,1,0,91762.52,0.1699,0.6,0.8756,17,0,1,0
CUST005579,23,12,India,692,181900.62,2,1,18000.0,0.0581,0.46,0.5748,9,2,1,0
CUST005580,60,13,USA,816,28999.12,1,1,154109.34,-0.0476,0.45,0.4579,10,9,1,0
CUST005581,42,10,India,725,108286.82,1,1,78145.28,0.2593,0.47,0.5437,15,0,1,0
CUST005582,56,3,India,826,31678.79,1,0,24640.31,0.509,2.34,0.3,15,0,1,0
CUST005583,66,3,USA,618,71087.19,1,1,40053.16,-0.3648,0.13,0.5777,14,6,1,0
CUST005584,45,1,India,545,43037.71,2,1,74710.74,0.4234,0.13,0.287,15,1,1,0
CUST005585,50,2,Germany,770,37115.87,2,1,54331.33,-0.0418,0.39,0.4768,9,0,1,0
CUST005586,71,10,USA,663,87790.27,2,1,68723.95,0.0804,1.3,0.4451,8,1,0,0
CUST005587,54,13,USA,578,36552.29,2,0,18000.0,0.0039,1.53,0.2498,23,2,1,0
CUST005588,26,13,India,799,43579.36,2,1,168522.14,-0.2412,1.4,0.7929,13,8,1,0
CUST005589,35,12,India,601,324965.81,2,1,146294.02,0.0912,0.7,0.5528,8,0,0,0
CUST005590,73,7,USA,560,19548.37,2,0,63225.49,0.1762,1.56,0.3961,7,0,1,0
CUST005591,38,11,Germany,698,52421.87,1,1,141339.57,-0.1027,0.17,0.5745,16,1,0,0
CUST005592,19,8,Germany,545,93862.71,2,1,77489.86,-0.4758,0.73,0.5255,8,4,1,0
CUST005593,60,5,India,731,64864.57,2,0,101395.14,0.0867,0.32,0.1711,12,4,0,0
CUST005594,55,9,USA,557,28638.78,1,1,42501.08,0.3485,0.26,0.2195,9,1,1,0
CUST005595,57,1,India,670,136017.18,1,1,125268.36,0.0238,0.08,0.3442,17,0,0,0
CUST005596,53,1,France,675,85261.44,2,1,138826.74,-0.0925,0.36,0.7068,12,4,1,0
CUST005597,67,6,France,671,37346.25,2,0,110692.29,0.2575,0.03,0.1921,19,5,1,0
CUST005598,60,7,USA,546,129150.71,1,1,74649.92,-0.0081,0.35,0.5135,18,3,0,0
CUST005599,54,7,Germany,634,43304.88,1,1,18000.0,-0.0495,0.52,0.4433,18,7,0,1
CUST005600,32,13,Germany,759,21756.76,1,1,141373.25,0.0055,0.35,0.014,9,2,1,1
CUST005601,45,5,Germany,633,112443.57,1,1,90289.4,-0.0495,1.18,0.1519,10,2,1,0
CUST005602,35,9,Germany,557,5037.29,1,0,62644.39,0.0183,0.26,0.6483,12,7,0,0
CUST005603,51,7,France,614,184986.63,1,1,70247.6,0.13,0.06,0.2364,14,12,1,0
CUST005604,39,13,USA,549,169997.5,1,0,113330.65,0.3447,0.18,0.431,11,5,0,0
CUST005605,28,14,USA,475,109907.38,1,1,41374.13,-0.4958,1.37,0.6143,9,0,1,0
CUST005606,74,0,Germany,635,39904.6,2,0,120405.04,-0.0693,0.81,0.701,7,1,0,1
CUST005607,30,8,Germany,658,9795.74,1,1,87847.86,0.3943,0.69,0.443,11,12,0,0
CUST005608,21,12,Germany,705,83511.52,2,1,65782.92,-0.0485,0.62,0.5207,11,3,1,0
CUST005609,39,11,India,687,176190.24,2,1,61852.96,0.3274,1.11,0.1926,5,2,1,0
CUST005610,24,0,India,699,15894.9,2,1,116803.96,0.0977,0.17,0.4422,5,3,1,0
CUST005611,60,12,India,646,97954.21,1,1,18000.0,0.3967,0.19,0.2644,10,2,1,0
CUST005612,71,2,USA,820,88336.81,1,1,69193.85,0.1229,0.11,0.5464,12,2,0,0
CUST005613,41,11,USA,582,27695.68,3,1,130974.54,0.3448,0.33,0.2634,11,6,1,0
CUST005614,21,8,France,624,38525.11,2,0,94932.37,0.129,0.26,0.9705,11,3,1,0
CUST005615,45,14,USA,782,5750.88,2,1,158199.3,0.3291,1.97,0.1501,9,0,1,0
CUST005616,32,10,Germany,618,125171.26,1,1,106523.98,0.4876,0.01,0.3824,17,0,1,0
CUST005617,18,4,India,641,127904.79,1,1,68287.87,0.221,0.51,0.2989,19,5,0,0
CUST005618,72,8,Germany,682,60868.45,1,1,88457.29,0.2876,1.05,0.4472,11,0,1,0
CUST005619,20,8,USA,743,23749.04,1,0,106936.41,-0.1018,1.9,0.331,17,0,1,0
CUST005620,31,5,Germany,661,87653.57,1,1,61122.4,0.0505,2.71,0.7645,16,3,0,1
CUST005621,55,10,India,579,144642.99,1,1,129194.0,-0.2732,0.06,0.2104,11,1,0,0
CUST005622,67,0,USA,617,15856.01,1,1,187288.46,0.1777,0.17,0.1341,16,0,0,0
CUST005623,74,9,USA,693,206985.51,2,0,43980.12,0.2576,5.55,0.2355,8,0,0,1
CUST005624,18,6,USA,626,60884.92,2,1,129983.44,-0.2344,0.3,0.7047,16,5,0,0
CUST005625,55,13,France,612,68632.49,1,0,62745.03,0.4906,0.05,0.6931,12,4,1,0
CUST005626,55,5,France,575,175364.66,4,1,67049.39,-0.0453,2.17,0.4979,11,0,0,0
CUST005627,38,8,France,745,72541.01,2,1,81964.91,0.2951,0.41,0.2337,10,10,1,0
CUST005628,65,6,Germany,640,69482.55,1,1,71363.43,-0.0212,0.28,0.2409,14,2,1,0
CUST005629,46,13,France,640,19365.98,1,1,130810.65,-0.0085,0.13,0.2552,12,2,1,0
CUST005630,22,11,Germany,704,40220.22,1,1,102328.63,-0.6406,0.44,0.6046,13,3,1,0
CUST005631,66,10,India,541,32219.19,2,1,90781.98,0.0526,0.37,0.5595,8,9,0,0
CUST005632,27,11,USA,653,33472.44,1,1,117050.87,-0.2197,2.06,0.3998,16,4,1,1
CUST005633,45,12,India,770,52975.86,1,1,119918.11,0.2451,0.19,0.4727,13,9,1,0
CUST005634,38,3,India,644,61640.9,1,0,99017.56,-0.143,0.07,0.4927,14,3,0,0
CUST005635,67,6,India,667,9625.56,2,0,148070.3,-0.1042,0.26,0.4224,6,5,1,0
CUST005636,24,1,India,665,116464.84,1,0,104683.35,0.0479,0.63,0.7595,15,7,1,0
CUST005637,20,5,Germany,734,62313.31,1,0,201409.81,0.2728,0.32,0.668,11,2,1,0
CUST005638,62,14,USA,666,22932.69,1,0,56136.6,0.0884,0.3,0.2638,21,0,0,0
CUST005639,64,5,India,847,170535.01,1,0,28022.05,-0.0451,0.41,0.2786,9,1,1,0
CUST005640,37,1,Germany,668,49562.99,1,1,109183.53,0.1863,1.65,0.27,12,1,0,1
CUST005641,36,13,Germany,615,107936.16,1,0,143764.2,0.1374,0.87,0.5365,8,0,1,0
CUST005642,52,3,France,770,177936.39,1,1,83721.56,-0.058,0.6,0.0636,14,1,1,0
CUST005643,21,7,USA,633,73902.3,1,0,60565.61,-0.5116,0.41,0.5453,14,1,0,0
CUST005644,22,7,USA,602,76866.99,1,1,100250.58,0.3905,0.06,0.2852,9,1,1,0
CUST005645,18,12,India,554,165163.41,1,1,87909.95,-0.0996,1.73,0.2792,17,3,1,0
CUST005646,21,7,India,688,57777.28,1,0,90941.77,0.2377,0.11,0.2657,12,0,1,0
CUST005647,29,7,India,613,142537.31,1,1,62615.45,0.1858,0.17,0.5731,15,1,1,0
CUST005648,44,0,USA,587,71407.67,1,1,75161.72,-0.284,0.48,0.2299,9,6,0,0
CUST005649,73,1,France,604,86559.38,1,1,145951.1,-0.0817,0.12,0.225,17,1,1,0
CUST005650,59,11,India,620,85693.35,1,1,161090.12,-0.359,0.82,0.3728,10,0,1,0
CUST005651,40,14,India,716,53071.69,3,1,92114.21,-0.3051,0.55,0.4313,17,0,0,0
CUST005652,42,3,India,688,42842.85,3,1,47687.07,-0.0044,0.55,0.4517,4,4,0,0
CUST005653,38,11,Germany,638,35538.8,1,1,51760.83,0.1671,2.73,0.1412,9,1,1,1
CUST005654,69,8,India,694,4328.31,1,1,39500.01,0.3874,0.9,0.4251,11,0,1,0
CUST005655,41,2,USA,641,48311.23,4,1,143069.56,0.03,1.05,0.1191,13,1,0,0
CUST005656,42,13,India,666,59548.03,2,1,108207.94,-0.2453,0.75,0.338,17,0,1,0
CUST005657,62,5,USA,596,101266.82,2,1,90672.2,0.0661,0.24,0.3038,10,0,1,0
CUST005658,72,6,India,597,70278.08,2,1,142610.17,0.0364,0.05,0.5089,16,0,0,0
CUST005659,63,7,USA,662,142798.54,3,1,119706.02,0.0297,0.66,0.1763,11,1,1,0
CUST005660,49,12,India,662,140009.6,1,1,18000.0,0.0982,0.47,0.1675,11,0,1,0
CUST005661,72,6,Germany,730,159404.8,1,1,65426.08,0.5753,0.11,0.4214,9,1,1,0
CUST005662,49,2,USA,689,63454.86,1,0,97957.75,0.193,1.57,0.7213,8,0,0,0
CUST005663,22,5,Germany,610,44317.43,2,1,185078.15,-0.3213,0.55,0.4296,6,4,1,0
CUST005664,53,4,USA,547,8783.6,2,1,179070.74,0.0765,0.48,0.6948,19,1,1,0
CUST005665,63,14,India,720,157122.36,1,1,18000.0,-0.3393,0.43,0.6446,16,0,0,0
CUST005666,59,12,India,676,4423.16,1,1,38989.43,0.181,1.07,0.426,6,0,1,0
CUST005667,66,11,USA,727,20131.69,2,1,106948.14,0.0552,0.04,0.6312,12,0,0,0
CUST005668,59,9,USA,686,89995.77,1,1,130249.32,-0.2663,0.19,0.5955,9,4,0,0
CUST005669,56,3,USA,794,56850.91,2,1,68396.17,-0.0199,1.86,0.7739,8,0,0,0
CUST005670,33,0,Germany,632,165732.95,2,0,124841.41,0.0311,0.03,0.2226,19,4,1,0
CUST005671,50,13,Germany,653,28412.27,1,0,68126.93,0.5116,0.75,0.6081,10,12,1,0
CUST005672,66,12,Germany,713,77802.68,1,1,71566.7,-0.3448,0.22,0.2644,14,2,0,0
CUST005673,38,6,India,719,38869.55,3,1,46470.66,0.083,0.62,0.2636,25,0,1,0
CUST005674,26,7,USA,676,152394.14,1,1,34337.93,0.0969,0.61,0.2574,11,2,1,0
CUST005675,23,1,India,522,27899.37,2,1,75744.95,-0.028,0.85,0.6851,15,1,1,0
CUST005676,68,6,Germany,508,230238.27,2,1,154242.47,-0.0299,0.15,0.2961,13,2,1,0
CUST005677,62,5,India,619,68721.43,2,1,123082.75,-0.2006,0.82,0.538,9,4,1,0
CUST005678,52,4,India,651,58182.06,2,1,112988.15,0.1464,1.22,0.4923,17,3,1,0
CUST005679,56,12,France,500,74038.3,1,1,86338.24,-0.0616,0.15,0.6351,14,2,0,0
CUST005680,39,3,USA,647,9409.89,2,1,120286.1,-0.0955,1.25,0.2144,12,2,1,0
CUST005681,58,1,India,702,116789.28,1,1,77260.1,0.2558,0.1,0.35,13,0,1,0
CUST005682,71,9,India,645,50669.58,2,0,61517.93,0.2349,0.24,0.5875,8,4,1,0
CUST005683,22,5,USA,673,56616.12,1,0,125487.06,0.3479,0.36,0.4913,11,1,1,0
CUST005684,59,4,France,697,155676.88,3,1,72749.14,-0.0832,0.3,0.1886,10,2,1,0
CUST005685,40,1,USA,521,30625.26,3,1,48742.52,0.4623,1.06,0.4901,9,0,0,0
CUST005686,34,9,France,702,63862.98,2,1,120723.27,-0.1998,0.25,0.3367,19,3,0,0
CUST005687,29,6,India,591,69217.18,1,0,34818.5,-0.0833,1.11,0.2013,11,1,0,0
CUST005688,40,5,USA,630,84559.73,1,0,118659.28,-0.4315,0.05,0.2822,17,0,1,0
CUST005689,33,11,Germany,597,41515.46,1,1,119493.65,-0.2869,0.31,0.1187,13,0,0,0
CUST005690,20,14,USA,735,56220.04,2,1,38230.26,0.3706,1.95,0.3721,11,7,1,0
CUST005691,47,14,India,556,190651.69,2,1,41503.57,-0.1814,0.39,0.2647,12,0,1,0
CUST005692,74,10,USA,760,106965.97,2,1,162638.05,0.1523,0.51,0.1593,9,0,0,0
CUST005693,39,8,USA,841,27697.99,2,0,129854.62,-0.3923,1.12,0.3435,10,0,1,0
CUST005694,26,10,Germany,525,116434.81,1,1,123320.27,0.0184,0.04,0.6177,8,7,1,0
CUST005695,46,9,Germany,603,78830.16,3,1,110380.78,-0.6888,0.96,0.3192,9,8,1,1
CUST005696,64,4,Germany,698,122000.39,1,1,134285.11,-0.151,0.05,0.3163,13,9,1,0
CUST005697,54,8,Germany,570,63352.49,1,1,134284.08,0.177,0.64,0.4648,13,2,1,0
CUST005698,40,8,India,628,25916.39,2,1,61368.01,0.2726,0.76,0.4484,6,8,0,0
CUST005699,30,12,USA,664,27448.42,3,1,90876.21,0.1753,0.12,0.5299,10,1,1,0
CUST005700,49,0,Germany,592,147445.87,1,1,78958.83,0.5262,1.52,0.2591,11,7,0,0
CUST005701,63,4,France,656,118415.23,1,0,127523.5,-0.0203,0.67,0.1765,14,0,1,0
CUST005702,69,8,India,725,98115.7,2,1,108105.41,0.132,0.13,0.3905,14,0,1,0
CUST005703,64,6,USA,643,116230.35,3,1,160720.71,0.0662,1.58,0.4785,12,3,0,0
CUST005704,65,5,India,566,152675.08,4,0,113378.81,0.3331,1.39,0.5752,13,7,1,0
CUST005705,40,5,India,743,28351.87,1,0,101764.31,0.1524,0.89,0.222,15,0,1,0
CUST005706,62,10,USA,761,81166.87,2,1,139167.97,0.0769,0.42,0.3969,13,6,1,0
CUST005707,34,6,USA,679,36267.33,2,0,139638.59,0.5057,0.55,0.5893,16,6,0,0
CUST005708,72,0,India,571,51570.42,2,1,158684.26,-0.1548,0.97,0.613,14,0,1,0
CUST005709,57,3,Germany,579,96454.63,1,0,109822.42,0.2407,0.29,0.2767,14,9,1,0
CUST005710,38,12,Germany,460,54178.85,2,1,198624.51,0.0598,0.72,0.4241,17,4,1,0
CUST005711,19,14,France,602,185268.53,1,1,144399.68,-0.3727,0.78,0.2269,13,2,1,0
CUST005712,54,0,India,735,57953.65,1,0,200592.56,0.0286,0.2,0.0878,8,0,1,0
CUST005713,23,5,USA,595,28245.98,1,1,104109.18,0.2627,0.11,0.0137,12,2,1,0
CUST005714,61,13,USA,573,77983.35,2,0,208894.42,0.0412,0.14,0.6147,16,3,1,0
CUST005715,35,12,India,731,11773.28,1,1,134325.06,-0.244,0.02,0.5378,13,1,0,0
CUST005716,47,3,USA,742,21659.23,3,1,50803.72,0.0506,1.11,0.4017,7,3,0,0
CUST005717,39,0,Germany,607,134061.45,1,0,54290.86,-0.5104,1.33,0.2812,10,3,0,1
CUST005718,71,8,India,690,137396.85,1,1,85760.4,0.2574,1.29,0.7651,12,1,0,0
CUST005719,50,11,France,580,85739.06,4,1,85187.05,-0.2604,2.13,0.5724,8,0,0,0
CUST005720,47,3,Germany,622,113838.62,2,0,116331.71,0.2297,0.07,0.3715,13,0,1,0
CUST005721,34,11,Germany,504,205480.37,1,1,184406.08,0.0971,2.14,0.3423,12,0,0,0
CUST005722,60,5,Germany,678,72380.93,3,1,115539.64,-0.4553,0.56,0.2684,16,0,0,0
CUST005723,49,12,India,641,22253.27,2,1,51683.66,-0.0125,0.4,0.3297,9,0,1,0
CUST005724,59,6,Germany,596,109216.72,2,1,121042.72,-0.0324,0.12,0.5693,12,6,0,0
CUST005725,68,7,India,642,127784.85,3,1,80696.71,-0.168,0.53,0.2338,10,6,0,0
CUST005726,31,11,France,632,133889.1,1,0,83186.37,0.2416,0.92,0.2551,13,0,1,0
CUST005727,27,12,India,583,146939.4,1,1,91063.62,-0.4725,0.07,0.5704,9,4,1,0
CUST005728,64,10,India,681,137685.15,2,0,82374.65,-0.2484,3.05,0.498,17,3,1,0
CUST005729,68,8,USA,626,108242.37,1,0,37822.21,0.0034,1.99,0.3213,7,0,0,0
CUST005730,53,8,India,639,115425.54,3,1,104589.12,0.4861,1.75,0.1233,12,1,0,0
CUST005731,51,7,USA,533,101466.61,1,1,183559.91,0.3296,0.42,0.3505,5,3,1,0
CUST005732,26,9,USA,639,22539.45,1,1,138429.28,-0.0745,1.55,0.4085,13,5,0,1
CUST005733,59,10,France,635,30546.5,1,1,42919.35,-0.1257,0.11,0.4632,7,0,0,0
CUST005734,45,14,USA,583,10697.48,2,1,18000.0,0.3848,1.93,0.3061,19,1,1,0
CUST005735,28,11,India,692,126827.49,1,1,115844.33,0.2796,1.54,0.3045,16,0,0,0
CUST005736,31,11,India,481,48865.0,1,1,127746.92,0.0029,0.71,0.2901,18,1,0,0
CUST005737,56,14,USA,611,84444.62,4,1,127637.82,0.2757,0.87,0.4958,8,0,1,0
CUST005738,72,13,USA,674,172924.21,3,0,105413.65,0.3265,0.35,0.1867,13,7,1,0
CUST005739,64,2,Germany,817,143188.41,1,0,50291.13,-0.0925,2.38,0.4238,10,1,1,0
CUST005740,71,11,India,540,58723.47,1,1,179801.82,0.1258,0.06,0.5338,5,0,1,0
CUST005741,36,1,India,657,121271.62,1,0,93977.73,-0.3854,1.77,0.6327,15,2,0,0
CUST005742,71,4,India,693,79481.12,3,0,75071.04,0.1823,0.24,0.1177,20,2,0,0
CUST005743,32,0,India,655,35338.94,2,0,123710.78,0.1049,1.31,0.1763,8,3,0,0
CUST005744,45,2,India,551,55694.85,2,1,75775.47,-0.0487,0.04,0.2849,14,1,1,0
CUST005745,41,0,Germany,611,56559.43,3,1,45627.45,-0.2212,0.22,0.5518,9,4,1,0
CUST005746,25,12,India,454,5322.62,2,1,76622.99,-0.2293,0.18,0.5251,14,0,1,0
CUST005747,60,2,USA,650,91161.55,1,1,111632.52,0.3993,3.06,0.4889,10,2,1,0
CUST005748,26,12,USA,536,210948.19,1,1,162833.72,0.3438,0.19,0.6252,10,10,1,0
CUST005749,64,3,India,686,138988.35,3,0,18000.0,0.7061,0.37,0.3367,12,0,1,0
CUST005750,50,6,Germany,597,49626.68,2,1,120353.52,-0.2514,0.28,0.0617,13,0,1,0
CUST005751,50,11,USA,590,94062.66,3,1,140363.55,0.0976,3.41,0.324,16,3,1,1
CUST005752,36,14,USA,663,94056.01,3,1,119537.17,-0.0825,0.77,0.0547,10,0,1,0
CUST005753,20,11,Germany,670,14316.79,1,1,130487.23,-0.2551,0.36,0.5978,11,0,1,0
CUST005754,27,4,India,719,925.29,1,1,167849.62,0.1509,1.91,0.2213,14,0,0,0
CUST005755,57,4,France,629,131656.06,2,1,145227.3,0.4687,0.98,0.4468,12,2,1,0
CUST005756,64,12,USA,641,82505.44,1,1,80945.52,0.0873,0.97,0.3653,7,0,1,0
CUST005757,59,0,USA,539,46408.34,1,0,145914.36,0.2086,0.53,0.5865,10,0,1,0
CUST005758,18,7,France,765,113357.63,1,1,107791.08,0.434,0.55,0.274,12,1,0,0
CUST005759,46,12,Germany,575,207274.07,2,1,137639.73,-0.0489,1.05,0.6303,11,2,1,0
CUST005760,67,3,USA,707,91994.07,3,0,40032.92,-0.1366,0.01,0.4536,7,0,0,0
CUST005761,51,9,Germany,708,94064.42,1,1,91620.49,0.3861,0.46,0.0684,15,0,1,0
CUST005762,68,4,USA,681,74663.13,2,1,128961.51,-0.0598,3.18,0.1084,11,1,0,1
CUST005763,30,1,USA,631,51682.28,2,0,93908.23,0.4743,0.85,0.7305,15,0,1,0
CUST005764,71,14,India,620,126785.29,2,1,125563.15,0.1297,0.38,0.4489,8,4,0,0
CUST005765,18,11,India,644,64059.47,2,1,164446.81,0.0996,0.15,0.5459,15,2,1,0
CUST005766,51,12,Germany,497,106995.14,1,1,86895.61,0.2196,0.36,0.7957,11,3,0,0
CUST005767,46,0,India,647,169038.28,1,1,142474.39,-0.0865,0.52,0.3514,11,3,1,0
CUST005768,65,8,India,768,122174.84,1,1,50643.96,-0.0495,0.8,0.1977,11,3,0,0
CUST005769,64,14,Germany,631,2968.01,3,0,136444.75,-0.181,3.27,0.4244,12,4,1,1
CUST005770,30,1,India,647,6596.34,2,1,21641.9,-0.1815,0.55,0.2299,16,0,0,0
CUST005771,65,5,India,568,153703.09,4,1,109452.92,-0.1776,0.36,0.3913,16,1,0,0
CUST005772,66,0,USA,664,69044.95,1,0,107918.93,0.1587,0.23,0.0711,4,1,1,0
CUST005773,70,0,USA,587,92171.84,2,0,182605.39,0.0312,1.16,0.4579,12,0,1,0
CUST005774,46,8,Germany,717,26905.03,2,1,76687.3,0.0475,0.5,0.5144,20,0,1,0
CUST005775,56,3,USA,741,114195.57,2,1,18000.0,-0.1841,1.03,0.4285,9,5,0,0
CUST005776,41,8,USA,758,193048.24,1,1,125196.6,0.3866,0.27,0.2894,17,5,0,0
CUST005777,43,10,Germany,534,85399.69,1,0,51402.81,0.4505,0.37,0.3311,14,1,1,0
CUST005778,34,4,USA,707,116167.83,1,1,102907.63,0.0195,2.49,0.808,12,0,0,0
CUST005779,24,6,USA,701,153218.59,2,1,68318.0,0.063,0.21,0.5796,11,2,1,0
CUST005780,30,0,France,616,180168.25,2,1,90100.6,0.3323,0.31,0.5577,15,1,0,0
CUST005781,22,5,USA,745,33885.32,1,1,18000.0,0.3719,0.57,0.4719,11,2,1,0
CUST005782,43,7,India,683,101645.89,1,1,18000.0,0.2543,0.6,0.6156,14,0,1,0
CUST005783,66,13,India,759,155058.34,1,0,118332.62,0.2995,0.06,0.5666,17,0,1,0
CUST005784,20,0,USA,548,172353.42,2,1,93036.42,-0.2084,2.85,0.1636,11,1,1,0
CUST005785,24,8,India,592,49732.15,2,0,45049.96,-0.1335,0.29,0.5734,16,1,1,0
CUST005786,66,2,USA,657,34450.03,4,0,73488.12,0.5452,0.04,0.5597,8,3,1,0
CUST005787,56,0,Germany,743,66391.27,2,1,123557.54,0.0614,0.24,0.3363,13,3,1,0
CUST005788,70,0,USA,686,56113.15,1,1,86668.24,0.0462,0.41,0.7136,9,3,1,0
CUST005789,18,12,India,574,58723.25,1,0,120863.07,0.3991,0.21,0.2753,13,1,1,0
CUST005790,66,13,Germany,792,101541.48,1,0,57962.0,-0.1108,0.13,0.3972,20,0,0,0
CUST005791,34,10,India,626,42469.02,1,0,126333.45,0.1714,0.57,0.4003,10,1,1,0
CUST005792,60,5,Germany,576,172667.72,2,0,88528.64,0.5338,1.27,0.7139,13,0,1,0
CUST005793,42,10,USA,587,50911.65,1,0,118330.18,-0.0879,0.98,0.3248,10,1,0,0
CUST005794,20,5,India,543,38727.4,1,1,114002.89,-0.2951,0.44,0.2319,11,0,0,1
CUST005795,32,0,France,470,3469.56,2,0,80612.8,-0.1879,0.11,0.221,8,1,1,0
CUST005796,46,13,India,640,153949.61,1,1,82953.13,-0.0583,2.48,0.5063,11,0,1,0
CUST005797,70,13,France,525,4191.46,1,1,92729.07,-0.1423,0.33,0.3418,13,2,1,0
CUST005798,60,2,India,675,104356.79,2,1,132780.13,0.1475,0.09,0.0876,9,0,0,0
CUST005799,49,6,India,728,119063.34,3,0,182930.98,0.0604,0.33,0.6969,10,3,0,0
CUST005800,43,9,India,680,104819.42,1,1,62129.97,0.4979,0.96,0.5278,14,0,1,0
CUST005801,33,2,India,653,5140.54,2,1,146407.86,0.0368,0.23,0.7208,18,0,1,0
CUST005802,42,2,Germany,526,52573.55,2,1,87315.61,0.1431,0.16,0.7451,16,1,1,0
CUST005803,71,2,Germany,717,193460.91,2,1,95019.09,0.0754,0.24,0.4296,9,6,1,0
CUST005804,45,11,Germany,805,52589.19,2,1,113652.95,0.2269,0.64,0.0994,6,0,0,0
CUST005805,26,6,India,762,44785.26,3,1,78267.78,-0.1409,1.66,0.2784,12,0,1,0
CUST005806,73,3,USA,543,29509.91,1,1,82783.38,-0.0451,0.11,0.28,11,3,1,0
CUST005807,73,3,Germany,643,28541.21,1,0,189813.63,0.3767,0.12,0.3337,14,2,1,0
CUST005808,18,2,USA,627,36621.09,2,1,104047.24,0.2368,0.45,0.3641,8,0,1,0
CUST005809,46,9,Germany,618,34328.53,2,1,123794.45,0.3109,0.11,0.5878,12,1,1,0
CUST005810,74,10,USA,652,31678.54,1,1,187352.57,-0.035,3.1,0.3303,6,4,0,1
CUST005811,39,8,India,823,31607.62,2,0,185866.78,0.4314,1.69,0.3331,8,5,0,0
CUST005812,33,1,Germany,658,52367.47,1,1,91533.11,-0.0915,0.05,0.4511,12,1,1,0
CUST005813,58,3,Germany,614,134950.23,3,1,62765.84,-0.0857,1.9,0.1793,15,1,1,0
CUST005814,68,7,Germany,673,6489.09,2,1,48433.89,0.0355,0.27,0.6977,16,2,0,0
CUST005815,61,5,India,544,35887.58,1,1,43520.82,0.4042,0.31,0.5949,18,1,1,0
CUST005816,68,13,India,592,43779.31,2,1,79480.52,-0.105,0.33,0.2516,13,1,1,0
CUST005817,71,6,India,728,75996.88,2,0,47116.64,-0.2684,0.06,0.0923,10,0,1,0
CUST005818,58,12,India,665,28704.4,1,1,96928.91,0.3824,1.21,0.1125,15,1,1,0
CUST005819,24,6,India,818,204674.56,3,1,65601.6,-0.1176,0.16,0.2623,13,3,0,0
CUST005820,31,1,Germany,671,112159.35,1,1,83828.92,0.3403,0.19,0.583,9,7,0,0
CUST005821,46,3,USA,550,136413.39,1,0,95213.08,-0.1171,1.17,0.5221,14,4,1,0
CUST005822,36,9,USA,523,90792.32,2,1,84655.77,0.0019,0.05,0.3919,12,4,0,0
CUST005823,36,9,India,730,163069.88,2,0,49514.39,0.4613,0.33,0.2448,10,0,0,0
CUST005824,19,5,France,566,5124.84,1,1,117048.08,0.3931,0.66,0.6037,12,7,1,0
CUST005825,58,2,India,559,41436.81,2,1,159072.89,0.4298,0.1,0.3774,12,8,1,0
CUST005826,62,8,Germany,608,25372.5,1,1,157924.7,-0.0508,0.44,0.2017,20,0,0,0
CUST005827,32,12,France,729,65374.24,2,1,141150.78,0.1374,0.35,0.3639,15,4,0,0
CUST005828,20,3,Germany,620,174190.01,1,1,86930.69,0.1815,0.31,0.4653,11,2,1,0
CUST005829,28,9,France,582,212361.18,2,1,69676.91,0.2311,0.25,0.3948,12,0,1,0
CUST005830,70,12,Germany,747,135187.26,2,1,133864.14,0.0684,0.33,0.3075,5,0,0,0
CUST005831,63,1,India,733,69926.37,1,0,115701.37,0.4366,0.4,0.5997,12,1,1,0
CUST005832,47,5,India,783,145442.83,1,1,133863.17,-0.2443,0.11,0.3655,10,0,1,0
CUST005833,74,0,India,758,167954.67,1,1,188651.04,0.3419,0.19,0.5671,14,0,0,0
CUST005834,57,5,India,734,148943.77,3,1,98936.25,0.1143,1.93,0.4401,9,3,1,0
CUST005835,35,12,Germany,589,67714.64,1,1,63671.38,0.7975,2.31,0.2039,17,4,1,0
CUST005836,68,11,India,702,69364.33,3,1,74627.97,0.0443,3.93,0.2303,17,1,0,0
CUST005837,65,9,Germany,747,35187.99,1,1,106741.64,-0.2313,0.52,0.4184,10,2,1,0
CUST005838,19,0,India,798,60796.66,1,0,72561.81,0.0139,0.12,0.1138,13,3,1,0
CUST005839,49,13,USA,663,26443.92,3,0,135845.88,-0.1978,0.92,0.6537,17,0,1,0
CUST005840,25,7,France,610,72006.32,2,1,133642.77,0.3796,2.21,0.3893,12,2,0,0
CUST005841,39,4,India,579,74565.16,2,1,161882.48,-0.0301,0.03,0.31,11,2,1,0
CUST005842,23,5,Germany,728,22458.25,3,1,162248.58,0.025,0.02,0.341,12,0,1,0
CUST005843,29,1,Germany,596,242494.39,4,1,18000.0,0.0567,0.76,0.4672,14,4,0,0
CUST005844,64,1,India,658,94357.84,1,1,62323.22,-0.155,0.03,0.7805,10,3,0,0
CUST005845,74,11,USA,579,156131.79,1,1,105239.94,-0.1229,0.4,0.2788,13,0,1,0
CUST005846,57,8,India,637,150438.19,1,0,46250.78,-0.2905,0.38,0.6845,10,2,1,0
CUST005847,53,2,Germany,685,196465.39,2,1,97246.66,-0.4602,0.08,0.3475,14,1,1,0
CUST005848,32,5,USA,671,19765.01,1,1,62861.83,0.019,1.1,0.128,21,3,0,0
CUST005849,45,9,USA,709,42193.14,2,1,80124.2,-0.0768,0.09,0.5776,15,2,1,0
CUST005850,69,4,Germany,540,36471.16,3,1,180321.6,-0.196,0.26,0.5314,13,0,1,0
CUST005851,74,13,India,640,24291.84,2,0,159075.57,0.1739,1.04,0.4886,11,0,0,0
CUST005852,66,11,Germany,612,13395.83,1,1,101429.9,0.2725,0.77,0.716,17,1,1,1
CUST005853,62,3,France,571,66586.77,1,1,57853.06,0.147,0.51,0.0629,12,3,1,0
CUST005854,35,9,France,590,70162.15,1,1,116589.53,0.0851,0.04,0.1564,4,8,1,0
CUST005855,19,1,Germany,578,272851.89,1,1,18000.0,0.5033,1.15,0.1237,13,4,1,0
CUST005856,30,7,USA,677,107202.61,1,0,132546.07,-0.049,1.4,0.3043,13,1,0,0
CUST005857,62,9,France,682,136155.82,1,1,128046.41,0.3115,0.09,0.1022,12,1,0,0
CUST005858,71,6,India,720,84808.37,2,1,44432.19,0.7339,3.43,0.4074,14,1,1,0
CUST005859,32,10,USA,676,5391.92,4,1,165134.74,0.3205,0.34,0.5411,8,0,0,0
CUST005860,37,1,India,662,94396.22,4,1,72344.24,-0.1773,0.44,0.5857,8,0,0,0
CUST005861,46,5,France,656,24079.92,1,1,56970.11,-0.1674,0.43,0.7617,13,0,0,0
CUST005862,59,13,Germany,704,64810.99,2,1,109405.39,-0.2025,0.8,0.5145,11,3,1,1
CUST005863,46,7,Germany,481,116175.34,2,1,37682.1,0.1925,0.68,0.25,13,6,1,0
CUST005864,20,6,India,645,39591.18,2,0,59480.2,-0.1627,0.66,0.2628,15,5,1,0
CUST005865,36,14,Germany,675,87959.59,2,0,117777.17,0.0904,1.22,0.6196,10,4,1,0
CUST005866,20,0,Germany,793,38674.57,4,1,79273.51,-0.4101,2.1,0.3307,10,0,0,1
CUST005867,71,4,Germany,561,7460.64,1,0,168729.15,0.52,1.38,0.8009,11,3,1,0
CUST005868,31,1,India,558,106246.87,2,1,26287.27,-0.0079,1.02,0.3677,6,4,1,0
CUST005869,57,5,USA,468,140762.98,2,1,105506.24,0.202,0.04,0.3383,12,1,0,0
CUST005870,72,6,India,538,140607.25,1,1,148909.98,-0.0694,0.23,0.4693,24,0,0,0
CUST005871,21,13,USA,637,61046.35,1,1,138991.62,-0.1567,0.09,0.4927,16,1,0,0
CUST005872,69,13,India,592,58899.76,1,0,67549.62,0.3624,1.54,0.2494,11,1,1,0
CUST005873,28,6,India,590,81475.82,3,0,188445.29,0.0533,0.84,0.46,4,5,0,0
CUST005874,48,2,India,651,154699.57,3,0,18000.0,-0.2122,0.03,0.4862,12,0,1,0
CUST005875,60,6,India,696,5516.01,2,1,98805.97,0.1694,1.03,0.5915,15,4,1,0
CUST005876,49,14,India,651,186416.79,2,1,144765.11,0.256,0.33,0.1866,9,1,0,0
CUST005877,44,4,France,652,51654.46,1,0,158921.78,0.025,0.63,0.2126,17,0,1,0
CUST005878,47,7,USA,682,100614.43,2,1,57166.29,-0.2858,0.69,0.6561,19,1,1,0
CUST005879,60,14,India,503,127445.19,1,1,107365.27,0.4149,0.14,0.2745,15,0,1,0
CUST005880,19,11,USA,660,167029.37,1,1,138543.15,0.2869,0.41,0.5491,12,4,0,0
CUST005881,66,7,USA,644,104458.68,3,1,92098.5,-0.1443,0.44,0.7159,15,0,1,0
CUST005882,26,6,France,649,55834.01,2,0,42983.87,-0.0377,0.76,0.029,16,4,1,0
CUST005883,45,5,India,603,86421.38,2,1,18000.0,0.0522,1.76,0.1357,12,0,1,0
CUST005884,48,1,India,633,33692.93,1,1,68719.92,0.3775,0.76,0.5127,14,0,0,0
CUST005885,51,5,France,682,47360.36,1,1,73587.84,0.1664,0.92,0.5505,4,5,0,0
CUST005886,73,12,India,778,60996.37,2,0,63685.37,0.3642,0.87,0.5239,15,2,1,0
CUST005887,32,11,India,514,106450.68,1,1,189535.14,-0.0311,0.07,0.5306,7,0,1,0
CUST005888,65,14,India,695,139595.36,1,0,126772.06,0.3235,0.29,0.4927,12,2,1,0
CUST005889,42,10,India,747,45880.76,1,1,86307.8,0.3111,0.41,0.579,9,1,1,0
CUST005890,53,8,France,548,167584.41,1,0,89417.7,0.1989,0.47,0.7248,16,2,1,0
CUST005891,25,14,India,635,65585.81,1,0,92303.65,-0.3618,1.48,0.7281,12,3,0,0
CUST005892,26,1,France,672,105671.06,1,1,128596.02,0.2184,0.6,0.5013,8,2,0,0
CUST005893,54,0,France,810,122247.37,2,1,48267.54,0.1054,1.35,0.3838,10,8,1,0
CUST005894,65,10,USA,823,79310.84,1,1,54117.04,0.7717,1.9,0.9033,13,2,1,0
CUST005895,62,12,India,548,70381.73,1,1,98772.86,0.1972,0.95,0.1514,6,1,1,0
CUST005896,56,4,India,625,172541.81,2,1,18000.0,-0.1233,0.1,0.2041,11,0,0,0
CUST005897,49,10,USA,665,29338.85,1,1,61242.0,0.2373,0.18,0.5608,11,0,1,0
CUST005898,69,5,USA,694,78629.64,1,0,143079.71,-0.0813,1.41,0.2381,13,2,1,0
CUST005899,34,2,USA,666,37735.43,1,1,137837.43,0.053,0.66,0.2611,8,2,1,0
CUST005900,52,7,USA,574,35446.4,1,1,22774.1,-0.3241,0.58,0.3781,14,2,1,0
CUST005901,54,6,France,570,72707.78,1,1,94692.94,0.2523,2.77,0.5963,11,7,0,0
CUST005902,36,1,USA,526,43394.64,2,0,36504.27,-0.2916,0.37,0.497,17,5,1,0
CUST005903,61,11,Germany,488,204894.65,1,0,63352.77,0.1321,0.03,0.5217,11,0,0,0
CUST005904,46,6,France,524,60290.37,1,0,69783.42,-0.039,0.24,0.2849,10,0,0,1
CUST005905,24,14,India,742,146379.14,1,0,131438.72,0.0106,0.27,0.49,17,1,1,0
CUST005906,45,14,India,706,79201.54,1,1,144876.54,0.1717,0.57,0.2716,13,2,1,0
CUST005907,26,0,India,694,1502.24,1,1,75378.45,-0.2604,0.01,0.2604,10,0,0,0
CUST005908,45,8,India,632,33283.16,1,1,27381.14,0.3304,3.56,0.5922,8,0,0,0
CUST005909,23,12,USA,646,8552.57,3,0,18000.0,-0.0409,0.05,0.3128,16,4,1,0
CUST005910,46,6,India,628,96331.29,1,1,154158.89,0.3771,0.21,0.8027,10,3,0,0
CUST005911,34,5,USA,523,175021.5,4,1,86201.96,-0.22,0.89,0.3166,13,3,1,0
CUST005912,33,12,France,701,19352.19,4,0,89518.88,0.0904,3.04,0.108,13,1,1,1
CUST005913,40,1,India,718,127946.62,2,1,44505.11,0.0355,0.57,0.1671,9,1,1,0
CUST005914,48,2,USA,557,64733.27,2,1,143714.99,0.3472,0.33,0.5405,12,0,0,0
CUST005915,20,0,India,557,9979.31,3,0,128917.27,0.3987,0.14,0.7095,9,1,1,0
CUST005916,38,14,India,678,97985.88,1,0,78934.9,0.3393,1.87,0.4634,10,0,0,0
CUST005917,43,9,USA,677,174669.0,1,1,54975.0,0.2665,0.04,0.1377,13,2,1,0
CUST005918,53,12,France,708,71321.17,1,0,108327.42,-0.1157,0.06,0.3244,9,0,0,0
CUST005919,59,4,India,763,127431.82,2,0,18000.0,0.065,0.05,0.2395,8,2,0,0
CUST005920,54,8,India,565,95136.26,1,0,123054.73,0.3679,0.5,0.6445,14,0,1,0
CUST005921,70,12,India,643,95242.81,3,1,84974.91,-0.085,2.14,0.4502,13,6,1,0
CUST005922,39,5,India,569,26207.6,1,1,108431.99,0.0246,0.65,0.0103,6,3,0,1
CUST005923,59,4,India,575,106430.53,3,1,97889.96,-0.5482,0.35,0.0511,16,1,1,0
CUST005924,29,11,USA,615,14628.94,1,1,140452.22,-0.2226,0.22,0.4551,11,2,1,0
CUST005925,59,2,India,765,98403.31,2,1,143506.73,-0.0191,0.58,0.8207,14,1,1,0
CUST005926,30,4,USA,738,161096.91,2,1,149804.08,0.0788,0.47,0.1846,18,0,0,0
CUST005927,28,7,USA,644,187843.94,1,0,104651.14,0.171,0.08,0.5398,14,0,1,0
CUST005928,71,11,USA,477,11379.29,3,1,96062.81,-0.4852,0.01,0.3473,15,4,1,0
CUST005929,33,1,India,681,103387.5,1,0,67418.13,0.6054,0.72,0.1772,9,1,1,0
CUST005930,25,4,France,679,32272.3,1,1,71854.65,-0.0121,1.56,0.777,5,5,0,1
CUST005931,57,5,India,575,84712.12,4,1,116747.12,-0.0202,0.75,0.7123,12,3,0,0
CUST005932,74,9,Germany,716,195173.97,1,0,100713.43,-0.2102,0.32,0.5775,14,1,0,0
CUST005933,57,7,India,573,130420.59,1,1,158323.46,-0.3061,0.13,0.5157,10,3,1,0
CUST005934,62,7,USA,716,35547.83,1,0,88688.44,0.2899,1.07,0.2893,13,3,0,0
CUST005935,19,14,India,669,32053.21,2,1,30906.04,0.1665,0.97,0.3659,12,1,0,0
CUST005936,47,4,India,533,77051.79,2,1,107029.06,0.0787,1.5,0.4374,15,3,0,1
CUST005937,47,8,India,621,81269.55,2,1,144463.31,0.0893,3.25,0.4576,11,0,1,0
CUST005938,29,3,India,661,84239.69,2,1,124567.38,0.1249,0.1,0.2291,13,1,1,0
CUST005939,27,11,France,674,16330.74,1,0,122663.12,0.1786,0.25,0.2258,13,0,1,0
CUST005940,61,8,Germany,732,199944.38,1,1,148453.17,-0.0959,0.34,0.7196,10,0,1,0
CUST005941,28,10,India,742,206068.93,2,1,110053.92,0.2027,0.62,0.2311,22,3,0,0
CUST005942,32,6,USA,630,105718.55,2,1,20943.85,0.032,0.04,0.1937,16,4,1,0
CUST005943,33,5,France,694,22051.23,1,1,140417.89,-0.2786,0.26,0.3148,20,4,1,0
CUST005944,34,3,Germany,778,37127.62,1,0,113435.11,0.1796,1.26,0.5116,10,9,1,0
CUST005945,43,1,India,568,17600.56,3,1,93936.96,-0.2302,0.04,0.5277,15,7,1,0
CUST005946,19,7,France,601,12006.18,3,1,41179.86,-0.2405,1.36,0.7139,17,1,1,0
CUST005947,67,5,India,517,36688.51,2,1,61621.15,0.2787,0.16,0.2864,9,8,1,0
CUST005948,29,11,USA,599,102183.54,1,0,18000.0,-0.1382,0.29,0.4688,14,2,0,0
CUST005949,68,14,USA,666,83964.66,2,1,74175.32,-0.218,1.01,0.5893,14,0,1,0
CUST005950,43,2,France,480,170501.36,1,1,71033.1,-0.0937,1.16,0.5095,6,4,0,0
CUST005951,40,6,France,684,18440.05,2,0,93993.61,-0.1667,0.19,0.2692,13,2,1,0
CUST005952,35,9,France,612,21387.23,2,0,174955.71,0.6413,0.42,0.384,11,1,1,0
CUST005953,49,6,India,644,48007.18,1,0,145894.2,0.0501,0.22,0.6442,7,3,1,0
CUST005954,66,5,France,556,84970.6,1,1,101633.49,0.2105,0.58,0.3027,10,2,1,0
CUST005955,55,1,India,641,175239.75,2,1,63700.15,0.3445,0.85,0.2926,9,5,1,0
CUST005956,74,7,India,784,46708.29,2,1,44715.13,0.0996,0.25,0.5365,13,2,0,0
CUST005957,64,0,USA,618,160656.45,2,1,151272.34,0.3642,0.5,0.6061,11,3,0,0
CUST005958,20,12,USA,472,119013.48,2,1,38377.29,0.2506,0.61,0.5469,11,1,1,0
CUST005959,55,0,USA,747,129740.31,1,1,43906.33,0.1941,0.43,0.1539,5,4,1,0
CUST005960,20,5,USA,693,112325.83,2,0,223108.19,0.0914,0.58,0.4898,9,0,0,0
CUST005961,47,4,France,657,187799.53,2,1,90465.58,0.3214,0.12,0.4628,15,4,0,0
CUST005962,18,8,India,695,63587.34,1,1,199595.65,-0.4803,0.03,0.0888,9,7,0,0
CUST005963,47,12,India,656,118581.59,2,0,82994.73,0.0308,0.05,0.1864,10,0,1,0
CUST005964,62,11,France,781,190419.89,2,1,159861.06,-0.0108,2.88,0.3035,15,5,1,1
CUST005965,49,6,India,710,12555.05,2,1,112839.21,0.0516,0.06,0.1341,12,1,1,0
CUST005966,45,1,USA,613,62660.45,1,1,66516.81,0.3329,0.39,0.7972,15,10,1,0
CUST005967,38,12,Germany,769,111636.2,1,1,57124.36,0.0207,1.25,0.8771,15,6,1,0
CUST005968,63,11,USA,795,22760.16,4,1,18000.0,-0.1605,1.52,0.8364,13,5,1,0
CUST005969,30,6,Germany,722,20155.81,1,1,52034.29,-0.5241,0.25,0.3328,13,2,1,0
CUST005970,44,14,India,682,201858.13,1,1,132936.85,0.0182,0.82,0.4366,17,11,1,0
CUST005971,53,2,France,581,25653.25,3,1,96325.59,0.2923,1.03,0.2918,13,0,1,0
CUST005972,24,0,India,704,53281.69,1,0,72577.78,0.0217,1.98,0.4381,12,0,1,0
CUST005973,39,10,USA,681,89387.06,1,0,94314.65,0.104,1.76,0.8249,10,5,1,1
CUST005974,27,7,India,647,102579.79,1,0,145555.31,0.0294,0.46,0.3016,14,0,0,0
CUST005975,56,13,USA,705,42195.48,4,0,33467.58,0.2146,0.62,0.4354,16,3,1,0
CUST005976,70,11,Germany,656,63109.95,1,1,116417.82,0.1277,1.29,0.1767,8,5,1,1
CUST005977,32,2,France,693,13887.15,2,0,27950.88,0.0397,0.73,0.1817,10,4,1,0
CUST005978,32,10,Germany,732,41667.36,2,0,18000.0,-0.3176,0.35,0.6261,10,4,1,0
CUST005979,21,7,USA,543,119110.76,1,0,70264.22,-0.1564,2.4,0.5446,12,5,0,0
CUST005980,49,6,France,568,132200.07,1,1,76574.35,0.0826,4.87,0.1984,8,0,0,1
CUST005981,40,11,USA,577,139126.26,1,0,83977.46,0.3353,2.16,0.2419,8,0,1,0
CUST005982,72,14,USA,805,75699.07,4,1,94797.07,0.045,0.34,0.5085,11,4,1,0
CUST005983,23,1,USA,700,63803.25,2,0,124978.99,0.0877,0.22,0.3063,15,3,1,0
CUST005984,41,12,USA,708,5080.6,3,1,63987.15,-0.0688,0.54,0.0974,16,6,0,0
CUST005985,37,13,Germany,740,53934.7,1,0,35552.57,0.0541,1.23,0.3661,13,0,1,0
CUST005986,54,13,India,566,86752.95,1,0,151337.12,0.1226,0.25,0.2398,18,9,1,0
CUST005987,37,0,USA,486,143462.39,2,1,160404.48,0.2326,0.42,0.2637,18,0,1,0
CUST005988,29,6,Germany,644,43856.45,2,1,109382.37,-0.3726,0.13,0.1206,11,0,0,0
CUST005989,50,12,France,721,55116.06,2,1,121566.18,-0.1888,0.97,0.1891,17,1,1,0
CUST005990,45,0,France,634,64481.02,2,1,147377.91,0.0751,1.07,0.2791,13,3,0,0
CUST005991,25,5,USA,540,23430.07,3,1,147858.67,0.2131,0.55,0.1198,17,1,0,0
CUST005992,18,12,USA,577,157682.74,1,1,41597.06,-0.2251,1.07,0.3308,11,2,0,0
CUST005993,54,10,India,555,4707.6,2,1,88196.01,-0.3831,0.83,0.7394,9,0,0,0
CUST005994,39,9,USA,601,82700.56,2,1,19687.42,0.3075,2.12,0.8922,9,0,0,0
CUST005995,23,10,France,557,139623.02,2,0,112728.16,0.0515,0.71,0.3814,16,4,0,0
CUST005996,38,9,France,661,46980.64,2,1,128392.43,0.0549,0.35,0.2528,8,0,0,0
CUST005997,49,7,France,606,105.28,3,0,33653.42,0.0083,1.05,0.5579,14,1,1,0
CUST005998,52,6,India,700,83387.56,2,1,131217.79,-0.3394,0.05,0.1556,13,7,0,0
CUST005999,32,3,France,571,172709.66,1,0,145268.19,0.2956,0.52,0.2008,11,0,0,0
CUST006000,22,0,France,670,137550.96,1,0,171534.77,0.3521,2.7,0.3709,12,2,0,0
CUST006001,73,0,India,646,60600.74,3,1,92271.12,0.2337,0.98,0.2717,27,4,1,0
CUST006002,63,3,USA,681,41465.55,2,0,122757.91,-0.2652,5.27,0.4463,10,1,1,1
CUST006003,67,4,Germany,692,147697.02,1,1,163277.32,-0.0771,0.4,0.4755,13,4,1,0
CUST006004,65,11,USA,701,14609.04,2,1,43124.07,-0.45,0.4,0.5205,16,2,1,0
CUST006005,23,6,France,716,134092.5,1,1,93158.5,0.2638,0.05,0.2653,18,0,0,0
CUST006006,42,13,USA,693,43108.08,1,1,38002.85,0.4966,0.36,0.0443,9,1,0,0
CUST006007,73,3,Germany,673,16204.03,1,1,102091.56,-0.156,0.12,0.5825,6,5,0,1
CUST006008,63,9,Germany,596,33523.39,1,1,88988.4,0.4209,0.4,0.66,9,1,1,0
CUST006009,73,13,USA,718,177376.7,1,1,69200.32,0.1129,0.0,0.0827,6,3,1,0
CUST006010,57,11,France,594,63529.7,2,1,129525.54,-0.1107,0.46,0.4712,7,4,0,0
CUST006011,46,0,USA,626,20557.42,2,1,63434.29,-0.2951,2.24,0.3938,12,2,0,1
CUST006012,24,10,USA,581,73290.37,2,0,80848.19,-0.24,1.15,0.563,11,2,0,0
CUST006013,57,9,India,579,40519.37,1,1,153615.69,-0.0083,0.22,0.2821,12,0,1,0
CUST006014,30,6,India,624,42622.77,1,1,196874.68,-0.024,0.25,0.2353,12,1,1,0
CUST006015,55,1,Germany,631,45231.95,1,1,168701.0,-0.2787,0.3,0.2136,13,0,1,0
CUST006016,35,12,France,584,76514.69,1,1,112603.04,0.3476,0.08,0.5983,11,0,1,0
CUST006017,19,10,India,651,122959.95,3,1,135236.64,0.3601,3.86,0.3295,14,0,1,1
CUST006018,25,1,India,662,18793.22,1,0,114111.38,-0.2876,0.88,0.4742,15,0,1,0
CUST006019,28,7,India,606,159727.61,1,1,18000.0,0.1952,1.07,0.4386,9,3,0,0
CUST006020,50,11,Germany,833,17410.5,1,1,22339.62,0.2017,0.95,0.3231,13,6,1,0
CUST006021,71,9,France,676,91883.54,3,1,86341.81,0.3973,0.5,0.0988,11,1,1,0
CUST006022,55,9,USA,659,72394.86,2,1,192213.08,-0.3789,1.36,0.63,17,1,1,0
CUST006023,65,9,USA,595,25971.22,2,1,42800.72,-0.1146,0.22,0.0993,12,4,1,0
CUST006024,44,4,USA,661,146389.62,2,1,135010.95,-0.2757,0.39,0.6689,12,0,1,0
CUST006025,37,9,India,669,26761.88,1,1,40088.48,0.0387,0.32,0.8273,16,7,0,0
CUST006026,29,1,Germany,649,163965.85,4,1,143760.13,-0.0218,2.44,0.7372,13,0,1,0
CUST006027,60,4,USA,763,117417.47,1,1,126808.8,-0.1562,0.03,0.1513,11,0,0,0
CUST006028,48,7,Germany,513,29529.51,2,1,39366.33,0.9211,0.06,0.2012,14,0,1,0
CUST006029,44,5,France,619,1696.57,1,1,105571.16,-0.2295,2.5,0.439,11,6,1,0
CUST006030,49,2,Germany,707,142042.06,1,1,131437.32,-0.1019,0.93,0.4119,15,2,0,0
CUST006031,27,7,Germany,578,5252.34,3,0,111044.89,0.3189,0.81,0.0766,19,2,1,0
CUST006032,20,14,France,526,67746.04,2,1,157297.64,0.0168,1.37,0.5116,9,6,0,0
CUST006033,62,13,France,608,119201.9,1,1,134424.3,0.0358,1.99,0.5802,13,4,0,1
CUST006034,44,8,USA,733,104741.45,2,0,188681.39,0.1528,1.81,0.4735,16,11,1,0
CUST006035,52,4,India,580,63423.83,1,1,176048.09,0.3584,1.76,0.1148,10,4,1,0
CUST006036,48,12,USA,621,30761.62,4,1,123955.14,0.165,1.46,0.3762,12,2,0,1
CUST006037,32,1,Germany,683,120770.04,2,1,139587.2,-0.2469,0.1,0.1503,11,0,1,0
CUST006038,33,1,India,603,40619.09,1,1,89833.13,-0.0931,0.81,0.2913,8,0,0,0
CUST006039,30,6,India,614,92092.12,1,1,119994.47,0.2377,0.54,0.2216,8,3,0,0
CUST006040,66,0,India,597,4394.09,1,1,132256.5,-0.0758,1.21,0.6485,12,2,1,0
CUST006041,52,9,Germany,604,21611.56,2,1,73816.66,0.2038,2.48,0.357,19,0,1,0
CUST006042,69,11,USA,556,98836.29,1,0,173464.39,0.1802,0.36,0.5584,16,0,1,0
CUST006043,28,1,India,629,29522.77,1,1,81694.89,-0.2157,1.12,0.4532,15,7,1,0
CUST006044,38,9,India,735,147752.49,3,1,114722.25,0.1286,0.19,0.2522,12,3,1,0
CUST006045,68,3,Germany,776,119799.14,1,0,91275.23,-0.0399,0.44,0.3584,8,0,0,0
CUST006046,71,0,India,749,32754.44,1,1,170584.67,-0.3164,1.03,0.3672,8,3,0,0
CUST006047,28,3,India,661,62033.61,1,1,33880.86,-0.1813,0.07,0.4113,16,0,1,0
CUST006048,47,12,Germany,782,7575.62,1,0,38606.72,0.0488,1.58,0.5297,16,4,1,1
CUST006049,65,11,USA,834,105324.64,2,0,71481.14,-0.0854,1.99,0.2734,12,8,1,0
CUST006050,70,10,India,664,173224.1,2,0,81883.63,0.1477,1.64,0.5409,7,2,1,0
CUST006051,52,12,USA,570,1902.28,1,1,102637.87,-0.1073,0.0,0.3864,16,0,1,0
CUST006052,39,9,India,754,87681.34,1,0,38656.25,0.5569,1.3,0.6061,13,0,1,0
CUST006053,55,14,Germany,553,96053.76,1,0,112084.22,-0.0993,1.82,0.6025,5,2,1,0
CUST006054,48,4,India,579,1502.34,1,1,37804.7,0.2771,3.3,0.3113,8,0,1,0
CUST006055,31,8,India,483,13479.07,1,1,106506.47,-0.0756,0.03,0.5632,7,8,0,0
CUST006056,41,0,Germany,708,36116.58,1,1,157155.81,0.2206,0.66,0.7581,11,2,1,0
CUST006057,67,11,Germany,464,110772.75,1,0,141179.39,-0.0762,1.71,0.5509,8,1,1,0
CUST006058,66,4,India,729,53699.45,2,0,83287.71,0.7255,1.05,0.5087,10,0,0,0
CUST006059,49,1,India,794,31011.09,1,1,70794.88,-0.1844,1.54,0.6008,8,3,0,0
CUST006060,53,8,Germany,788,203987.77,2,1,223343.04,-0.0127,0.96,0.2504,7,2,1,0
CUST006061,49,5,Germany,548,35725.06,1,1,133134.66,0.2301,0.02,0.6085,11,1,0,0
CUST006062,72,1,India,500,155671.47,2,1,131378.32,-0.2128,1.68,0.6233,12,6,1,0
CUST006063,32,13,Germany,598,57552.1,2,1,148532.97,0.2935,0.77,0.0994,6,1,0,0
CUST006064,60,2,India,720,43713.68,2,0,127384.81,0.691,0.23,0.5714,12,0,0,0
CUST006065,52,13,USA,746,29309.69,1,1,127031.15,-0.2017,0.91,0.1611,10,2,1,0
CUST006066,20,7,India,703,25158.82,1,1,117138.45,0.0924,0.58,0.3261,11,6,0,0
CUST006067,33,0,India,692,42464.74,2,0,115632.88,0.0896,1.01,0.2955,5,9,1,0
CUST006068,22,11,India,838,31996.0,1,1,86733.58,-0.2603,0.51,0.7207,13,0,0,0
CUST006069,38,2,USA,611,91504.22,1,0,96683.02,-0.1829,0.09,0.2434,12,0,1,0
CUST006070,27,12,USA,587,130418.28,3,1,173538.13,-0.5397,1.95,0.1828,12,1,0,0
CUST006071,36,9,USA,554,68984.7,2,0,141214.8,0.0116,0.92,0.224,19,3,1,0
CUST006072,42,0,India,684,96050.07,2,1,61015.17,0.0962,1.0,0.4566,14,1,0,0
CUST006073,21,10,India,635,172781.13,1,0,145049.97,0.1164,1.17,0.4908,11,1,0,1
CUST006074,46,10,Germany,715,32724.61,1,1,96986.78,0.2389,0.57,0.4721,12,1,1,0
CUST006075,36,7,India,613,132040.14,1,0,64886.09,0.3321,1.0,0.4655,12,0,0,0
CUST006076,60,0,Germany,700,232586.48,2,0,120505.79,0.0277,0.19,0.206,8,1,1,0
CUST006077,19,12,India,619,188476.67,1,1,59507.52,-0.0219,0.51,0.5069,10,7,1,0
CUST006078,27,4,USA,636,177018.13,1,1,57139.52,0.2025,0.94,0.5679,6,1,1,0
CUST006079,60,3,USA,644,121143.07,2,1,162064.15,0.5614,1.31,0.0668,11,2,0,0
CUST006080,42,6,France,513,147371.92,1,1,41851.16,-0.3477,2.76,0.5188,14,0,1,1
CUST006081,37,13,India,638,46001.6,2,1,110169.07,-0.283,1.58,0.1486,11,4,1,0
CUST006082,65,4,India,694,70955.19,1,1,142795.98,-0.2324,0.03,0.2417,9,7,1,1
CUST006083,36,7,USA,570,63748.59,1,0,61130.02,-0.2521,0.16,0.7254,13,10,0,0
CUST006084,40,11,France,802,34872.76,1,1,153405.8,-0.4236,0.91,0.8519,10,0,1,0
CUST006085,41,13,France,650,85087.94,2,1,130467.11,0.0053,0.07,0.2471,15,0,1,0
CUST006086,28,10,USA,599,43470.04,1,1,265870.28,-0.3649,4.29,0.2135,9,5,1,1
CUST006087,63,0,USA,597,79858.68,2,0,108134.16,0.1932,0.51,0.3085,18,7,1,0
CUST006088,51,4,USA,759,9606.24,2,0,191066.16,0.3707,0.93,0.1623,11,7,1,0
CUST006089,72,3,USA,584,42926.72,2,1,43347.39,-0.2157,0.04,0.1253,13,0,0,0
CUST006090,45,2,USA,673,157569.3,3,1,63333.71,-0.0429,0.45,0.5167,13,1,1,0
CUST006091,22,4,France,720,88087.2,1,0,154451.29,0.0615,0.22,0.0599,14,0,0,0
CUST006092,22,9,Germany,694,158751.72,2,1,74688.56,0.3789,0.09,0.4549,12,1,1,0
CUST006093,68,14,USA,604,38454.04,1,0,78902.49,-0.0003,0.89,0.6108,11,1,1,0
CUST006094,38,2,USA,717,60605.44,4,1,191779.51,-0.1331,3.01,0.5117,13,2,0,0
CUST006095,29,7,USA,662,89325.66,2,1,134042.22,0.2354,0.29,0.4236,11,0,0,0
CUST006096,67,12,USA,512,63929.33,2,1,127601.31,-0.1726,2.11,0.6669,16,1,1,0
CUST006097,21,2,USA,747,10445.11,1,1,115348.64,-0.1205,0.0,0.125,15,0,0,0
CUST006098,71,0,India,600,111145.01,1,1,120053.68,0.1647,0.87,0.3266,9,0,1,0
CUST006099,66,8,India,635,14893.46,1,0,18000.0,0.1389,0.61,0.5616,16,4,0,0
CUST006100,59,14,USA,674,75353.8,2,1,109426.17,-0.1926,0.37,0.5831,10,2,1,0
CUST006101,37,8,Germany,607,56089.87,1,0,68105.27,0.1503,0.43,0.5112,5,0,1,0
CUST006102,55,5,India,710,35787.31,1,1,150281.95,-0.2066,0.73,0.4196,14,3,1,0
CUST006103,42,9,USA,561,68172.92,2,0,67458.04,-0.1853,0.65,0.425,12,1,1,0
CUST006104,31,0,India,604,110801.45,2,1,74708.18,-0.1589,0.57,0.5663,14,11,1,0
CUST006105,28,7,India,748,596.7,1,1,35912.74,0.0071,3.26,0.2303,18,1,1,0
CUST006106,49,1,France,652,20746.48,3,0,131652.42,0.1097,1.17,0.1314,13,9,1,0
CUST006107,28,8,France,565,185386.11,1,1,169830.62,-0.0529,0.16,0.5376,19,0,1,0
CUST006108,35,13,India,656,197843.8,1,1,58190.29,0.241,1.99,0.7367,17,2,0,0
CUST006109,44,7,Germany,682,107911.76,2,1,69099.84,0.0951,0.54,0.5992,15,0,1,0
CUST006110,72,2,India,523,155337.94,1,0,149015.33,0.0901,0.01,0.4092,6,3,1,0
CUST006111,71,12,France,782,51515.89,3,0,98068.4,0.1619,1.23,0.2518,20,2,1,0
CUST006112,35,4,India,793,116505.56,1,1,111290.57,0.329,0.35,0.23,10,1,0,0
CUST006113,73,8,India,659,113390.14,3,1,126135.76,0.1715,5.44,0.2584,12,1,1,0
CUST006114,40,12,USA,633,17620.83,1,1,89197.5,0.3427,0.63,0.4874,14,0,1,0
CUST006115,28,0,Germany,651,88183.41,2,1,83108.5,0.2449,0.25,0.3437,10,0,0,0
CUST006116,38,8,India,721,57688.82,4,0,56333.02,0.0263,1.12,0.3307,14,0,1,0
CUST006117,61,14,Germany,686,98805.87,1,0,51597.13,-0.0409,0.26,0.5132,12,0,1,0
CUST006118,22,3,India,669,42824.67,1,0,18000.0,0.3479,0.02,0.1577,10,0,1,0
CUST006119,40,3,France,760,14201.67,1,1,107858.47,0.2186,0.08,0.2853,8,3,0,0
CUST006120,58,14,India,740,77069.86,3,1,107835.03,-0.094,0.86,0.5767,16,0,0,0
CUST006121,42,3,France,573,127497.99,1,1,122408.21,-0.1407,0.19,0.4225,11,1,1,0
CUST006122,58,9,USA,720,127507.12,2,1,142591.58,0.035,0.22,0.1534,14,3,0,0
CUST006123,71,11,USA,742,34124.56,2,0,111032.01,0.2913,0.13,0.5368,14,4,1,0
CUST006124,27,8,France,672,87310.98,2,1,33329.4,-0.2162,0.24,0.63,7,7,0,0
CUST006125,39,13,France,697,118691.29,1,0,67088.87,-0.1341,1.14,0.1102,13,1,0,0
CUST006126,36,5,Germany,625,84496.02,3,1,52528.62,-0.006,0.58,0.3915,7,1,1,0
CUST006127,18,10,India,553,129608.7,1,0,53847.08,0.1357,0.19,0.4721,9,5,1,0
CUST006128,24,7,USA,800,11454.49,2,0,127182.17,-0.5827,0.23,0.7319,12,3,1,0
CUST006129,21,11,USA,542,5009.82,1,1,103279.89,-0.124,0.38,0.2416,14,2,1,0
CUST006130,18,13,USA,784,112539.84,1,0,57458.5,-0.082,4.49,0.1011,18,0,1,0
CUST006131,32,3,USA,644,54406.92,3,1,135175.17,-0.1727,0.15,0.3082,10,7,1,0
CUST006132,57,2,India,749,148724.68,1,1,90096.19,0.1419,1.3,0.4611,14,3,1,1
CUST006133,29,13,Germany,651,95021.65,1,1,64488.5,-0.2847,1.61,0.1852,13,4,1,0
CUST006134,39,0,Germany,724,20485.38,2,1,119852.05,0.1004,2.49,0.0789,18,0,1,0
CUST006135,39,9,India,685,17361.65,2,0,166001.12,-0.3589,0.74,0.4131,11,0,0,0
CUST006136,67,14,USA,596,40359.19,1,0,69575.62,-0.0884,0.08,0.2361,9,1,0,0
CUST006137,64,14,USA,660,118623.61,2,1,55013.69,-0.2133,0.02,0.5269,10,4,1,0
CUST006138,34,6,Germany,638,68762.59,2,1,121527.31,-0.0736,0.47,0.5134,18,0,0,0
CUST006139,46,3,India,701,132812.56,3,1,108551.67,0.0554,0.35,0.0682,10,7,1,0
CUST006140,63,13,USA,661,91980.15,2,1,79404.34,0.1076,1.59,0.3696,19,1,1,0
CUST006141,31,7,India,672,83099.6,1,1,71030.72,-0.0572,0.73,0.4569,16,3,1,0
CUST006142,67,13,USA,567,126555.06,1,0,107167.27,0.1495,1.48,0.5149,10,3,0,0
CUST006143,37,2,Germany,547,69929.27,1,1,44211.01,0.2804,0.68,0.4737,14,3,0,0
CUST006144,67,0,Germany,655,55393.43,1,1,80277.35,-0.3267,0.21,0.0928,13,1,0,0
CUST006145,65,4,India,664,75993.03,1,1,66733.16,0.0501,0.18,0.1153,13,4,0,0
CUST006146,50,13,USA,565,128188.4,3,1,56014.5,-0.2817,0.4,0.0345,5,3,1,1
CUST006147,72,1,France,695,17606.49,3,1,112019.35,0.1113,0.02,0.3651,10,3,1,0
CUST006148,60,2,India,699,133332.62,1,1,189001.8,-0.5013,0.55,0.4283,9,6,0,0
CUST006149,32,13,France,662,79928.4,1,0,25692.95,-0.3131,0.25,0.2516,11,0,1,0
CUST006150,29,5,Germany,651,52187.34,1,0,141557.85,0.0746,0.04,0.4915,11,8,0,0
CUST006151,57,2,Germany,548,87361.37,1,1,104583.66,-0.0162,0.51,0.2898,6,6,0,0
CUST006152,71,2,India,547,148936.48,3,1,18000.0,0.3365,0.82,0.5491,20,4,1,0
CUST006153,37,11,India,681,148476.03,2,1,82550.09,0.3056,0.08,0.6794,9,2,0,0
CUST006154,47,5,France,583,100309.12,2,0,264620.63,0.1513,0.75,0.508,14,0,1,0
CUST006155,55,4,India,589,114810.95,2,0,18000.0,0.2279,2.29,0.6032,18,3,0,0
CUST006156,20,9,India,672,78680.5,2,0,156953.64,-0.3858,0.38,0.3691,8,6,1,0
CUST006157,45,8,USA,813,39743.31,2,1,120156.3,0.1429,3.2,0.4233,14,1,0,0
CUST006158,73,0,India,618,103584.24,1,1,56665.97,-0.1827,1.22,0.7099,14,0,1,0
CUST006159,43,12,Germany,814,48173.83,1,1,123834.81,0.2606,0.01,0.6728,15,3,1,0
CUST006160,47,2,USA,643,12356.12,3,0,120442.78,-0.1488,2.32,0.2117,22,2,1,1
CUST006161,30,2,France,695,49815.18,1,1,97007.64,0.2373,0.57,0.547,11,12,1,1
CUST006162,30,10,Germany,726,25808.97,1,1,85001.37,0.2221,0.73,0.8206,9,0,1,0
CUST006163,19,5,India,732,788.26,2,1,81172.75,0.0696,0.75,0.5816,12,0,1,0
CUST006164,54,7,India,677,201804.71,1,1,114379.21,-0.2258,0.4,0.0395,12,5,1,0
CUST006165,66,2,Germany,631,145809.7,2,0,124964.22,-0.2411,0.47,0.2555,10,2,0,0
CUST006166,55,2,USA,716,61110.87,1,1,147057.85,0.3442,0.59,0.5988,15,4,0,0
CUST006167,19,5,France,683,108372.68,4,1,92327.85,0.2713,2.7,0.8704,13,3,1,0
CUST006168,53,7,Germany,615,17067.58,1,1,117235.66,-0.1936,0.2,0.0711,12,0,1,0
CUST006169,71,5,India,762,117018.63,1,1,38082.54,-0.2657,1.97,0.5854,11,2,1,1
CUST006170,43,12,France,686,92195.66,1,0,18000.0,-0.1369,2.98,0.2428,10,7,1,1
CUST006171,28,11,India,590,32293.14,1,1,79273.28,0.5559,0.44,0.378,11,2,1,0
CUST006172,25,13,India,580,55956.9,2,1,44301.28,0.3144,0.23,0.5019,10,2,0,0
CUST006173,61,9,Germany,806,51653.5,4,1,99568.3,0.1782,0.5,0.2482,12,4,0,0
CUST006174,57,2,France,610,128700.22,2,1,119813.73,-0.1006,0.09,0.487,12,3,0,0
CUST006175,60,3,USA,710,70954.82,1,0,104058.46,0.3965,1.38,0.2067,16,4,0,0
CUST006176,39,0,India,680,21844.71,1,0,75178.73,0.0861,0.3,0.262,9,0,0,0
CUST006177,37,12,India,707,48168.32,1,0,59280.31,-0.3914,0.29,0.4297,13,1,0,0
CUST006178,25,7,India,802,27493.3,2,1,134048.79,-0.5095,0.9,0.7785,14,5,1,0
CUST006179,46,3,India,729,15633.71,1,0,151975.37,0.4241,0.66,0.319,8,2,0,0
CUST006180,57,5,India,716,28806.24,2,1,100468.06,-0.1896,0.71,0.6317,18,0,1,0
CUST006181,43,10,USA,634,57827.17,1,1,63103.55,-0.3816,0.53,0.7056,19,0,0,0
CUST006182,47,2,France,596,18291.56,1,1,136007.48,0.4129,0.48,0.4024,13,4,1,0
CUST006183,34,10,India,843,88158.44,3,1,40078.2,0.431,0.3,0.3945,9,3,1,0
CUST006184,37,11,India,646,104131.26,3,0,48927.27,0.152,0.27,0.5009,12,1,1,0
CUST006185,69,10,Germany,641,107213.94,1,0,130907.02,-0.5239,4.08,0.0078,10,0,1,1
CUST006186,72,5,Germany,673,135355.94,1,1,23022.88,-0.2386,0.41,0.3211,12,0,1,0
CUST006187,33,11,France,665,149631.9,2,1,38807.93,-0.0889,0.57,0.2144,16,6,0,0
CUST006188,63,10,India,777,12478.91,2,1,157939.8,0.4431,0.4,0.6997,12,0,0,0
CUST006189,60,8,India,693,9353.04,3,1,21571.84,0.1757,1.04,0.6137,10,1,1,0
CUST006190,24,8,USA,545,78640.46,1,1,84398.21,-0.1896,0.15,0.1935,14,0,1,0
CUST006191,33,9,USA,597,109889.59,1,1,184193.02,0.2732,0.04,0.277,14,4,0,0
CUST006192,62,2,USA,650,24209.26,1,1,128585.47,-0.0496,2.92,0.3821,16,0,1,0
CUST006193,64,2,USA,732,92407.96,2,1,50501.97,-0.3059,0.61,0.2509,14,5,1,0
CUST006194,73,3,India,528,188997.12,2,0,116935.78,0.1635,0.64,0.4181,12,1,1,0
CUST006195,65,11,USA,689,6847.29,2,0,120307.64,0.4015,0.5,0.5367,12,1,1,0
CUST006196,44,6,Germany,708,76366.56,3,1,47090.73,-0.1772,0.04,0.6987,16,7,1,0
CUST006197,70,2,USA,720,140402.57,1,1,125227.93,-0.1259,0.9,0.3201,12,0,1,0
CUST006198,40,9,Germany,643,63737.79,2,1,163554.54,-0.1593,0.67,0.468,18,4,1,0
CUST006199,41,7,USA,733,101597.63,2,1,175552.87,-0.0898,0.12,0.3748,11,8,0,0
CUST006200,26,10,India,584,132427.05,2,1,121616.92,0.0301,0.59,0.1824,7,8,0,0
CUST006201,52,7,India,725,57294.74,1,1,139121.05,0.0365,0.21,0.1486,10,3,1,0
CUST006202,68,5,USA,645,10207.6,2,0,56699.86,0.0586,0.82,0.2335,12,0,0,1
CUST006203,37,3,India,653,69746.93,2,0,182896.2,-0.1741,0.88,0.3189,7,6,0,0
CUST006204,54,10,Germany,652,8129.28,2,1,57716.27,0.2789,0.28,0.6259,18,1,1,0
CUST006205,59,11,Germany,702,41874.65,1,1,67566.18,-0.5324,0.08,0.3988,19,1,0,1
CUST006206,34,10,India,561,103400.78,2,0,79845.26,-0.2104,1.28,0.1644,17,1,0,0
CUST006207,64,4,India,720,87230.31,2,0,74799.02,-0.1624,0.81,0.2377,15,0,0,0
CUST006208,48,11,France,719,137865.16,1,1,44068.28,-0.1646,0.74,0.3671,17,1,1,0
CUST006209,72,1,India,625,90384.63,1,1,86411.59,0.0209,0.73,0.6936,18,7,1,0
CUST006210,74,12,India,650,27659.53,1,0,173333.04,0.1172,1.02,0.2263,13,0,1,0
CUST006211,25,5,India,581,14203.86,2,0,69756.31,-0.0934,0.21,0.1094,12,0,1,0
CUST006212,32,2,Germany,557,114923.45,2,1,72014.06,-0.1321,0.42,0.4811,11,4,1,0
CUST006213,48,14,India,665,90893.5,1,1,167685.87,-0.222,0.2,0.3574,14,0,0,0
CUST006214,70,5,USA,666,64089.57,2,1,18000.0,0.3278,0.06,0.3689,19,4,1,0
CUST006215,47,11,USA,623,97006.6,1,1,139094.57,-0.0284,1.9,0.6742,13,5,0,1
CUST006216,63,4,India,550,32335.93,1,1,89597.68,-0.2512,0.04,0.4333,13,0,1,0
CUST006217,37,13,India,686,75621.11,1,0,123492.02,-0.012,0.04,0.56,15,0,1,0
CUST006218,56,1,Germany,621,140651.95,1,1,114594.04,-0.1838,0.31,0.1921,13,3,0,0
CUST006219,70,14,USA,590,116233.46,2,0,166656.49,-0.0351,0.31,0.3018,16,1,1,0
CUST006220,72,11,India,752,70608.02,4,1,45627.71,0.2926,0.03,0.4343,10,0,1,0
CUST006221,29,12,India,571,20283.59,1,1,35711.27,0.4192,1.17,0.5287,5,1,1,0
CUST006222,66,13,USA,694,62761.72,3,1,117306.81,0.0681,0.1,0.5665,8,4,0,0
CUST006223,34,4,Germany,530,31239.51,2,1,46011.08,-0.1072,0.07,0.3408,17,0,1,0
CUST006224,59,4,India,535,83099.31,1,1,139008.02,0.0555,0.07,0.2272,5,4,1,0
CUST006225,47,13,USA,688,44024.71,1,1,120992.48,0.1169,0.83,0.3563,14,0,0,0
CUST006226,46,8,India,623,82610.09,2,0,116288.35,0.0016,0.15,0.876,16,4,0,0
CUST006227,36,10,India,556,32266.19,2,1,67710.02,0.2051,0.69,0.1961,14,8,0,0
CUST006228,63,7,India,725,66848.91,1,1,98437.36,0.2298,0.18,0.2054,13,7,1,0
CUST006229,28,11,Germany,679,5370.29,1,1,88733.97,-0.4659,1.45,0.1609,16,10,1,0
CUST006230,51,11,USA,479,169507.06,3,0,181562.7,0.2169,0.17,0.5401,7,0,0,0
CUST006231,67,6,Germany,726,98350.92,1,1,86715.17,0.3148,0.45,0.5623,12,9,0,0
CUST006232,24,14,Germany,564,33312.49,2,0,68099.91,0.3651,0.64,0.3779,12,0,1,0
CUST006233,61,14,Germany,513,64872.44,1,0,149001.95,0.0644,1.7,0.7499,15,0,1,0
CUST006234,51,11,India,584,175577.15,1,0,54678.3,0.6095,0.19,0.1863,15,0,1,0
CUST006235,37,12,India,646,17114.13,1,1,187569.27,-0.0582,0.78,0.7916,7,0,1,0
CUST006236,67,14,France,656,7037.53,1,1,23611.73,-0.3531,0.03,0.3374,11,0,0,1
CUST006237,55,13,Germany,519,4383.13,1,1,185960.72,-0.3254,1.19,0.2682,13,2,1,0
CUST006238,41,2,Germany,536,33760.8,1,0,100421.11,0.066,0.6,0.0989,11,0,0,0
CUST006239,27,9,India,589,168693.69,2,1,80331.17,0.2258,2.32,0.3713,10,0,0,0
CUST006240,49,3,India,594,41288.16,1,1,183749.09,-0.1126,1.19,0.5576,9,1,1,0
CUST006241,69,5,Germany,710,50144.23,2,0,87480.88,0.5567,0.41,0.4897,11,0,1,0
CUST006242,32,2,India,616,88502.45,2,0,50402.96,-0.2464,0.43,0.6429,13,8,1,0
CUST006243,54,10,USA,709,74068.17,2,1,97086.02,-0.8331,0.01,0.3798,12,0,1,0
CUST006244,37,8,USA,737,136107.65,1,1,130283.52,0.5561,1.46,0.55,5,0,1,0
CUST006245,20,7,India,694,126919.96,2,0,96280.8,-0.2743,1.31,0.3063,10,1,0,0
CUST006246,54,5,India,404,96291.47,2,0,85985.17,-0.1838,0.67,0.4342,14,0,1,1
CUST006247,74,3,India,625,61752.73,1,0,85016.02,0.203,0.38,0.2504,19,5,1,0
CUST006248,57,6,India,636,135508.75,1,1,127927.7,-0.0145,1.31,0.5064,13,1,1,0
CUST006249,25,12,USA,645,27192.9,1,1,44123.05,0.0064,0.75,0.374,10,0,0,0
CUST006250,57,14,India,483,23222.79,2,1,121564.9,-0.0365,0.17,0.749,15,1,1,0
CUST006251,61,10,India,588,50707.49,2,0,173203.8,-0.1681,0.22,0.5009,16,1,0,0
CUST006252,73,2,France,541,148028.45,3,1,168091.72,0.2484,0.74,0.737,13,4,0,0
CUST006253,40,9,USA,575,24111.0,2,1,170932.01,-0.0725,0.91,0.0913,14,9,0,0
CUST006254,57,14,India,629,38776.47,1,1,58404.92,0.2899,0.1,0.6513,16,0,1,0
CUST006255,28,7,Germany,590,86786.32,4,1,180441.22,0.0625,1.46,0.3451,10,0,1,0
CUST006256,63,0,France,581,72487.76,2,1,92942.29,-0.2024,0.56,0.4088,10,3,0,1
CUST006257,25,2,India,634,52474.63,1,1,119774.66,-0.0924,0.18,0.3634,14,1,0,1
CUST006258,46,10,USA,610,104956.33,3,1,100715.66,0.0535,0.67,0.7711,14,3,0,0
CUST006259,47,4,USA,665,46667.08,1,1,69143.44,-0.1292,1.67,0.7933,16,0,1,0
CUST006260,73,4,India,616,141473.86,1,0,107593.61,0.159,0.05,0.2171,13,12,1,0
CUST006261,27,9,Germany,524,90719.82,2,1,137961.95,0.1278,0.2,0.6731,8,1,1,0
CUST006262,56,13,France,567,139022.35,3,1,127323.46,-0.3068,0.66,0.6474,15,5,0,0
CUST006263,45,1,France,623,26980.81,1,1,119216.64,0.1871,0.0,0.5207,11,0,0,0
CUST006264,66,9,India,614,66809.85,2,1,60861.39,0.2241,0.16,0.2943,10,0,0,0
CUST006265,53,7,India,536,41637.93,1,1,92664.13,-0.0501,0.22,0.4923,10,1,1,0
CUST006266,30,4,France,704,158900.5,2,1,112422.02,-0.2168,1.72,0.132,8,0,1,0
CUST006267,49,6,USA,674,218221.16,1,1,23243.74,0.1302,0.59,0.6877,14,0,1,0
CUST006268,53,14,India,601,58136.07,4,1,128946.78,-0.0825,0.8,0.7674,8,0,1,0
CUST006269,54,6,Germany,636,99109.18,3,0,120233.58,-0.4017,0.0,0.3596,17,0,0,0
CUST006270,43,13,India,564,83020.75,1,1,168835.14,-0.0109,0.39,0.3195,10,0,0,0
CUST006271,39,4,India,718,4107.55,3,1,79165.26,0.1852,0.47,0.5392,12,0,1,0
CUST006272,21,7,France,815,153342.9,3,1,96818.53,-0.1496,1.46,0.5319,12,2,0,0
CUST006273,48,8,India,598,58975.28,1,0,99833.12,-0.3352,0.17,0.2773,6,5,1,0
CUST006274,35,3,India,747,50995.37,3,1,132832.81,-0.0394,0.05,0.4685,10,5,1,0
CUST006275,55,3,India,581,31615.64,4,1,78726.13,0.0727,1.39,0.8106,10,7,1,0
CUST006276,41,7,USA,607,10451.91,1,1,159845.34,0.2149,0.19,0.3259,10,1,1,0
CUST006277,73,0,India,764,83577.51,1,1,89250.76,0.3821,0.94,0.8731,15,4,0,0
CUST006278,40,14,USA,640,83205.78,1,1,111038.32,-0.1719,0.08,0.1514,12,3,1,0
CUST006279,39,3,USA,704,149542.17,1,0,65712.66,-0.0189,0.89,0.2578,10,6,1,1
CUST006280,19,5,Germany,628,189447.96,1,0,44742.59,0.0495,0.44,0.32,11,2,1,0
CUST006281,48,12,India,505,194509.7,1,0,94403.26,-0.0196,2.11,0.4236,8,0,1,0
CUST006282,72,3,Germany,836,12427.92,4,1,58999.93,-0.3803,0.18,0.5136,14,4,0,0
CUST006283,28,5,India,632,114394.4,2,1,51065.3,-0.0024,0.06,0.199,14,0,0,0
CUST006284,45,4,Germany,662,125404.58,3,1,98211.87,0.4545,0.61,0.5204,16,1,0,0
CUST006285,63,13,USA,591,43543.85,4,1,35766.35,-0.1488,2.0,0.3302,4,3,0,1
CUST006286,49,8,India,712,93801.71,1,0,84530.38,-0.0371,0.18,0.2953,2,6,1,0
CUST006287,22,9,Germany,706,100757.83,2,0,101273.02,0.7752,1.44,0.4036,10,0,1,0
CUST006288,55,8,India,525,45924.07,1,1,151396.77,0.233,0.33,0.3175,17,0,1,0
CUST006289,27,3,India,663,155480.65,2,0,93412.78,-0.1297,0.08,0.5196,9,2,1,0
CUST006290,57,12,India,720,90577.45,1,1,118775.48,-0.239,0.71,0.7387,7,1,0,0
CUST006291,63,13,Germany,746,65356.64,1,1,39039.43,-0.1062,0.59,0.1817,8,2,1,0
CUST006292,41,3,India,701,139.16,1,1,40053.61,-0.3832,1.46,0.3458,14,5,1,0
CUST006293,52,11,India,708,147382.38,2,1,141429.39,-0.1008,0.09,0.0855,11,1,1,0
CUST006294,61,7,India,606,80648.27,3,1,66225.92,0.3187,0.83,0.0856,15,0,1,0
CUST006295,65,9,USA,551,80853.93,1,1,52636.97,0.2362,0.77,0.645,13,7,0,0
CUST006296,40,14,USA,625,23540.03,2,1,51458.99,-0.0747,4.23,0.429,13,0,0,0
CUST006297,34,3,India,549,131415.34,2,1,83541.71,0.1857,0.32,0.3401,8,9,1,0
CUST006298,18,1,India,590,5645.04,1,1,130641.12,0.1939,0.04,0.2756,23,5,1,0
CUST006299,72,12,USA,589,60900.37,3,0,18000.0,0.1752,0.42,0.177,9,0,1,0
CUST006300,48,12,Germany,574,32057.3,1,1,226152.06,0.1282,0.5,0.0988,11,1,1,0
CUST006301,48,13,Germany,692,97515.29,1,0,103157.36,-0.1558,0.37,0.3183,7,0,0,0
CUST006302,59,14,France,568,96980.57,1,1,58272.77,0.1827,0.8,0.3631,17,4,0,0
CUST006303,74,1,India,796,84710.47,2,1,92053.01,-0.0748,0.25,0.2207,15,0,0,0
CUST006304,72,0,France,729,65330.35,1,0,53377.73,0.0122,0.16,0.6086,13,0,0,0
CUST006305,59,4,India,745,85834.32,1,1,108355.4,0.226,0.48,0.2567,9,4,1,0
CUST006306,70,14,France,594,253338.44,2,1,61266.22,0.37,1.04,0.0844,12,5,1,0
CUST006307,73,5,India,666,91486.51,1,1,106660.58,-0.0783,1.78,0.4711,16,1,1,0
CUST006308,51,8,USA,566,49810.96,1,0,76610.64,0.1192,0.87,0.3089,10,0,1,0
CUST006309,26,4,India,667,69508.67,4,1,128223.79,-0.0679,0.38,0.4535,7,2,1,0
CUST006310,39,12,India,508,63141.44,2,1,182532.13,-0.4472,1.1,0.203,15,0,1,0
CUST006311,30,5,Germany,734,80297.78,1,0,65839.83,0.3667,0.17,0.5033,11,1,1,0
CUST006312,42,5,Germany,598,19487.78,1,1,97627.03,0.1573,1.12,0.1405,13,2,0,0
CUST006313,65,2,France,674,125534.09,2,1,131814.74,-0.1804,0.52,0.3488,7,2,1,0
CUST006314,35,11,USA,689,94405.38,2,0,158595.53,0.1394,0.25,0.365,7,3,1,0
CUST006315,68,3,USA,605,27075.04,2,1,118068.06,0.3023,0.94,0.1966,9,1,1,0
CUST006316,29,0,India,586,139225.65,2,0,63975.33,-0.1356,0.43,0.354,9,1,1,0
CUST006317,57,3,France,640,41965.29,2,1,42187.32,0.0527,0.77,0.2872,9,0,0,0
CUST006318,34,0,USA,714,209459.53,1,1,112995.42,0.101,0.87,0.3385,15,0,0,0
CUST006319,32,14,Germany,638,192882.52,1,1,132261.08,-0.2456,0.4,0.3577,11,2,0,0
CUST006320,59,4,USA,698,182958.82,2,0,124935.49,-0.1019,3.41,0.4638,8,0,1,0
CUST006321,32,10,USA,713,45215.19,1,1,131081.84,0.0995,0.49,0.5851,10,0,0,0
CUST006322,32,10,France,634,90921.57,3,1,38826.73,0.0846,3.31,0.2366,5,4,0,0
CUST006323,72,7,India,640,37446.96,2,1,72605.52,0.0583,0.21,0.5054,11,0,0,0
CUST006324,56,7,India,661,102702.05,1,1,92438.95,0.35,0.15,0.5566,14,2,1,0
CUST006325,30,4,India,741,77138.65,2,1,111792.22,0.3407,0.8,0.4493,9,1,1,0
CUST006326,34,13,Germany,622,47464.25,2,1,113285.2,0.127,0.63,0.4586,15,0,1,0
CUST006327,49,9,India,741,46803.58,2,1,116332.95,-0.1919,0.62,0.1711,13,1,0,0
CUST006328,26,1,India,670,81114.14,2,1,18000.0,0.1989,4.24,0.3617,9,3,1,1
CUST006329,57,11,India,591,258044.06,2,1,36538.21,-0.2296,0.0,0.3284,7,0,1,0
CUST006330,37,5,USA,646,156943.11,3,1,102433.8,-0.1737,0.48,0.6308,6,3,1,0
CUST006331,43,0,USA,560,81311.36,3,0,107330.86,-0.0845,0.29,0.3039,12,5,1,0
CUST006332,44,6,India,542,64766.42,1,1,92454.96,-0.1262,0.45,0.5104,13,1,1,0
CUST006333,38,10,France,698,114625.75,2,0,119351.41,0.1372,2.23,0.2697,10,0,0,0
CUST006334,35,3,France,713,37997.19,3,1,131569.88,0.1694,1.32,0.0101,13,0,1,0
CUST006335,30,4,India,647,61860.31,2,1,46706.22,-0.25,0.18,0.0717,8,0,0,0
CUST006336,33,5,Germany,653,44996.02,2,1,18000.0,0.1869,0.97,0.7498,13,10,0,0
CUST006337,26,10,USA,603,81632.92,2,0,80952.37,0.0478,0.69,0.1867,14,2,0,0
CUST006338,29,0,India,663,83209.06,1,1,132030.29,-0.3468,0.42,0.0408,9,2,1,0
CUST006339,61,8,India,808,42284.59,1,1,112254.57,0.6017,0.33,0.5396,7,2,0,0
CUST006340,55,9,USA,730,103986.17,2,1,86403.9,0.0034,0.73,0.3494,20,1,0,0
CUST006341,36,3,USA,643,83717.04,2,1,159069.11,-0.0812,0.51,0.0939,8,0,0,0
CUST006342,24,7,India,636,43028.77,1,1,202074.64,-0.1335,0.64,0.2468,14,2,1,0
CUST006343,74,4,Germany,619,127028.94,1,0,134922.33,-0.1477,1.19,0.4958,16,5,0,0
CUST006344,52,10,USA,537,64859.54,1,0,175713.07,0.111,2.73,0.612,11,1,0,0
CUST006345,65,7,Germany,611,11055.47,3,1,27980.5,-0.1883,0.42,0.3141,13,1,0,0
CUST006346,35,14,India,703,33199.72,2,0,106058.83,0.0125,0.44,0.2668,17,4,1,0
CUST006347,33,0,USA,575,164995.34,2,1,74694.48,-0.2319,1.47,0.3272,12,3,0,0
CUST006348,72,7,India,627,83806.75,1,1,133433.01,0.351,0.11,0.4501,10,2,1,0
CUST006349,56,10,USA,560,81177.99,2,1,40880.37,0.0892,1.29,0.2155,9,0,0,0
CUST006350,21,12,Germany,712,73284.54,3,0,98231.68,-0.1304,0.4,0.0575,6,2,1,0
CUST006351,42,10,Germany,548,151518.04,2,1,69752.72,-0.5024,0.43,0.4889,6,1,1,0
CUST006352,49,3,India,697,84841.54,1,1,138711.4,-0.2238,0.28,0.4784,10,0,0,0
CUST006353,57,1,Germany,732,171977.93,2,1,76013.74,-0.1815,0.1,0.2916,10,7,0,0
CUST006354,30,10,France,624,85039.97,1,1,25256.88,-0.1075,1.09,0.2558,8,1,0,0
CUST006355,62,5,USA,595,89831.81,1,1,122406.36,0.4296,1.83,0.0696,11,0,1,0
CUST006356,34,1,India,688,154546.64,1,1,141316.35,0.1187,0.56,0.4402,9,1,1,0
CUST006357,66,4,Germany,778,95546.83,1,0,57374.44,0.0083,0.17,0.1553,11,2,0,0
CUST006358,54,1,India,757,44572.12,1,0,132179.55,0.1415,0.3,0.3379,13,1,1,0
CUST006359,23,2,France,644,60083.41,2,1,104975.67,0.2914,0.07,0.5105,11,2,1,0
CUST006360,36,10,USA,579,56919.87,1,1,104680.22,0.2203,1.42,0.2355,10,2,1,0
CUST006361,30,5,India,631,974.77,3,1,18000.0,0.2561,0.59,0.3294,10,1,0,0
CUST006362,74,0,India,514,130387.74,1,1,155155.99,0.0392,3.08,0.3081,12,0,1,0
CUST006363,43,5,India,605,48356.51,4,0,116981.12,0.2325,1.18,0.0543,12,0,0,0
CUST006364,31,2,France,686,22175.67,1,1,113319.12,-0.6472,1.04,0.2646,13,2,0,1
CUST006365,48,6,India,620,342529.17,2,1,120055.45,0.2695,0.46,0.0682,10,1,1,0
CUST006366,71,1,USA,601,4511.38,1,1,111742.95,-0.0044,0.34,0.2832,12,1,1,0
CUST006367,21,13,France,645,70557.27,2,1,171345.72,-0.1156,0.26,0.6734,8,4,1,0
CUST006368,56,5,India,628,66631.25,4,1,152955.86,0.1437,3.57,0.2355,14,0,1,1
CUST006369,25,7,USA,710,153766.59,2,1,78342.44,0.1971,0.21,0.0509,12,5,1,0
CUST006370,42,14,USA,543,58488.33,1,0,231473.7,0.6704,0.13,0.3125,13,3,1,0
CUST006371,30,14,USA,692,126649.03,1,1,136975.75,0.1015,0.51,0.1642,16,0,1,0
CUST006372,49,14,India,646,17517.2,1,1,193631.74,-0.0625,0.58,0.8137,10,1,1,0
CUST006373,55,0,India,684,24171.81,1,1,110783.81,0.0378,0.16,0.2541,12,0,1,0
CUST006374,55,10,USA,538,29748.77,3,1,105742.63,0.1853,0.34,0.3411,13,1,1,0
CUST006375,73,10,France,720,159419.68,1,0,40428.61,-0.5484,0.28,0.4615,9,5,1,0
CUST006376,45,12,India,693,111785.79,1,1,18000.0,0.1216,1.08,0.5198,10,0,1,0
CUST006377,70,8,India,783,24219.87,1,0,100909.56,0.273,0.54,0.0281,7,0,0,0
CUST006378,47,4,India,583,74013.12,1,1,83683.58,-0.0087,1.2,0.7621,14,2,0,0
CUST006379,20,4,Germany,603,56084.42,3,1,119249.9,-0.0006,0.08,0.5,10,0,0,0
CUST006380,45,12,India,507,143727.06,1,1,67150.59,-0.3054,0.3,0.2625,13,1,1,0
CUST006381,20,11,France,584,28971.94,1,0,134651.72,-0.153,0.28,0.2213,18,0,1,0
CUST006382,62,4,India,764,142731.24,2,1,143495.31,-0.1324,0.49,0.2712,9,0,1,0
CUST006383,71,5,France,673,83872.16,1,1,183391.58,0.1601,0.41,0.2846,14,2,0,0
CUST006384,51,1,USA,591,184671.64,1,1,213677.79,0.2335,0.24,0.3264,8,0,0,0
CUST006385,33,5,Germany,660,33919.8,2,1,136186.73,0.4008,1.36,0.2936,9,4,1,0
CUST006386,39,13,India,645,72277.27,4,1,196951.16,0.1391,1.9,0.1362,12,0,1,0
CUST006387,49,10,Germany,497,35378.0,2,1,121107.69,-0.3816,1.19,0.5363,11,1,1,0
CUST006388,55,3,India,511,137091.74,4,1,113390.85,0.3786,0.96,0.2627,11,0,1,0
CUST006389,25,7,India,738,112630.68,2,1,52679.83,-0.2385,0.71,0.7569,15,2,1,0
CUST006390,72,12,India,708,29303.03,1,1,104387.57,0.046,0.33,0.3529,15,0,1,0
CUST006391,25,10,France,531,118914.82,1,1,84689.82,-0.1544,2.01,0.9188,17,1,1,1
CUST006392,74,8,Germany,639,16318.46,2,1,54473.86,0.0031,0.84,0.2888,8,1,1,0
CUST006393,23,8,USA,592,19503.75,1,1,25773.89,0.2125,1.76,0.7844,19,3,1,0
CUST006394,31,7,USA,737,122232.84,1,0,98999.18,0.1133,0.48,0.3617,13,1,0,0
CUST006395,49,2,India,685,1776.67,3,1,47132.14,-0.1534,0.42,0.1107,11,0,1,0
CUST006396,52,9,Germany,561,52972.19,1,0,93142.39,0.2173,0.06,0.8033,12,2,1,0
CUST006397,27,10,Germany,659,123081.92,2,0,138548.71,0.5128,0.33,0.2749,12,4,1,0
CUST006398,20,10,Germany,646,101742.76,2,0,57297.35,0.0655,0.39,0.1495,12,0,1,0
CUST006399,29,3,USA,646,98116.92,2,1,40752.12,-0.1053,0.55,0.5492,14,0,1,0
CUST006400,66,0,France,609,125091.37,1,0,36153.16,0.2688,0.52,0.6918,17,0,1,0
CUST006401,48,8,France,651,157035.38,2,1,67833.34,-0.1906,2.0,0.4278,7,2,0,1
CUST006402,46,4,USA,581,912.8,1,1,69927.74,0.0361,0.57,0.3693,4,0,1,0
CUST006403,22,5,India,554,96661.23,2,1,36289.12,-0.0702,1.49,0.6606,11,5,1,0
CUST006404,69,2,USA,550,135800.15,2,1,145418.56,0.4668,0.11,0.3219,8,2,0,1
CUST006405,42,10,USA,566,123606.91,3,0,127154.62,0.0593,0.68,0.1617,14,7,0,0
CUST006406,58,9,India,683,66121.68,1,1,26787.53,-0.0955,0.62,0.5225,9,2,0,0
CUST006407,48,7,India,685,62539.67,2,0,49195.46,-0.0675,0.14,0.1882,8,0,1,0
CUST006408,38,14,USA,766,127108.54,2,0,140567.36,-0.5766,0.22,0.1239,13,0,1,0
CUST006409,37,6,USA,631,89269.55,2,1,37154.86,-0.0312,0.56,0.586,16,1,1,0
CUST006410,56,0,USA,706,143836.11,1,1,54127.81,0.1231,0.59,0.3588,11,0,1,0
CUST006411,39,9,India,653,82811.93,1,1,89926.63,-0.0354,1.84,0.3932,16,0,1,0
CUST006412,21,11,Germany,673,52839.56,2,1,63399.07,-0.206,0.14,0.3703,12,1,1,0
CUST006413,30,4,USA,714,33334.99,4,1,200443.7,0.2277,0.29,0.1429,8,2,1,0
CUST006414,62,9,India,696,61712.94,1,1,121729.5,0.0484,0.22,0.6447,13,1,0,0
CUST006415,59,8,India,658,319.16,3,1,113110.88,0.5419,1.22,0.1111,16,1,1,0
CUST006416,67,11,France,600,37431.75,2,1,97741.57,-0.1191,0.19,0.2711,11,0,1,0
CUST006417,66,10,Germany,672,22336.21,3,1,141522.54,0.0467,1.83,0.3615,11,1,1,0
CUST006418,37,11,India,759,119592.96,1,1,113516.06,-0.0053,2.13,0.2869,17,1,1,0
CUST006419,69,5,France,664,61005.26,2,0,76459.61,-0.0767,0.1,0.7857,16,0,1,0
CUST006420,30,7,India,618,87046.96,2,1,21210.7,0.252,0.2,0.2149,15,12,1,0
CUST006421,34,9,France,715,117763.15,2,1,69556.65,0.0489,0.39,0.0441,11,1,1,0
CUST006422,71,0,India,539,73779.93,2,1,83821.71,0.0899,1.61,0.5945,11,5,1,0
CUST006423,53,9,India,621,33343.23,1,1,122881.98,0.0647,0.1,0.6956,4,6,1,0
CUST006424,50,10,USA,571,48341.26,2,0,144668.2,0.2654,0.34,0.4582,13,5,0,0
CUST006425,18,6,India,640,123890.65,1,1,99986.89,0.442,0.97,0.2301,13,0,1,0
CUST006426,32,2,USA,749,74374.81,1,1,104060.8,-0.141,1.03,0.0547,20,0,1,0
CUST006427,30,8,Germany,701,81741.87,1,1,42520.51,0.0203,0.35,0.153,6,5,0,0
CUST006428,34,5,Germany,500,54104.8,1,0,58800.19,0.1599,2.64,0.512,14,2,1,0
CUST006429,41,4,USA,600,108963.83,2,1,18000.0,0.1455,0.35,0.1725,17,1,1,0
CUST006430,25,7,USA,530,87338.38,2,0,70486.62,0.2684,0.76,0.3481,14,1,0,0
CUST006431,67,7,India,734,12726.23,1,1,115646.3,-0.0878,0.76,0.6485,15,1,0,0
CUST006432,44,11,India,603,29742.47,2,1,131590.64,0.0124,1.29,0.7038,13,0,1,0
CUST006433,62,11,USA,656,44815.66,1,0,67652.4,0.2763,0.35,0.5196,11,3,1,1
CUST006434,40,2,India,659,110060.84,1,1,151166.38,-0.0788,0.42,0.106,14,2,0,0
CUST006435,63,1,Germany,666,114551.58,2,1,170545.84,0.0888,0.43,0.2052,6,0,1,0
CUST006436,25,14,USA,418,67729.62,1,1,141636.76,-0.1676,0.05,0.1385,14,0,1,0
CUST006437,25,1,India,678,54280.27,2,1,157155.57,0.5793,1.06,0.6178,13,3,1,0
CUST006438,43,13,USA,606,8948.83,1,1,55812.64,0.0888,1.17,0.3671,10,0,0,0
CUST006439,64,4,India,717,96607.16,2,1,30910.36,0.3715,1.37,0.6014,16,3,1,0
CUST006440,30,9,USA,666,25815.37,1,1,143962.77,0.0603,1.0,0.3933,13,3,0,0
CUST006441,56,11,Germany,700,124163.22,1,1,166238.04,0.2035,0.72,0.5305,10,0,0,0
CUST006442,54,6,USA,591,111908.99,1,0,179953.44,0.1283,0.66,0.505,8,2,0,0
CUST006443,66,7,India,559,148427.43,2,1,19799.46,0.284,0.83,0.4878,17,2,0,0
CUST006444,45,9,Germany,721,79121.58,1,0,102468.43,0.2575,0.01,0.5265,21,1,0,0
CUST006445,42,14,India,695,43760.48,1,1,45691.12,-0.0254,0.48,0.1178,15,0,1,0
CUST006446,33,7,Germany,667,102795.35,1,1,91537.87,-0.024,0.03,0.4953,11,3,1,0
CUST006447,72,12,USA,667,124416.87,1,1,140739.83,0.2571,0.54,0.5268,12,7,0,0
CUST006448,19,11,USA,683,4223.24,1,1,117920.29,0.5168,0.13,0.2847,9,0,1,0
CUST006449,71,7,France,546,71707.65,1,0,29549.21,-0.0487,0.01,0.0489,17,2,0,0
CUST006450,35,14,Germany,736,92452.55,4,1,91085.94,-0.1008,1.05,0.3667,10,1,1,0
CUST006451,34,9,India,637,105840.61,1,1,74786.27,-0.2448,0.98,0.5003,9,1,1,0
CUST006452,47,11,India,639,54157.53,1,1,144228.61,0.1926,0.39,0.5591,10,3,1,0
CUST006453,56,10,France,616,115123.05,4,1,64978.78,0.079,0.05,0.5852,16,5,0,0
CUST006454,30,2,India,452,16468.06,1,1,107750.89,0.0598,2.95,0.6737,17,0,1,1
CUST006455,49,13,USA,696,201118.65,2,0,84614.96,0.1304,0.13,0.5728,12,1,1,0
CUST006456,67,10,Germany,570,37288.47,1,0,185256.09,0.1477,0.54,0.6907,7,0,1,0
CUST006457,46,1,USA,658,101281.83,3,1,133337.13,0.0837,0.25,0.4524,12,4,1,0
CUST006458,63,12,Germany,584,41742.66,3,1,94123.45,0.1845,0.11,0.567,10,8,1,0
CUST006459,47,3,Germany,622,82075.18,1,1,82322.05,0.2335,0.58,0.5631,9,8,1,0
CUST006460,35,14,Germany,618,9086.98,1,1,99688.68,0.2301,0.17,0.2994,12,0,1,0
CUST006461,30,0,Germany,582,142685.54,1,1,205100.28,0.0618,0.36,0.391,16,10,1,0
CUST006462,60,2,USA,631,25322.07,4,0,128218.36,0.088,0.75,0.7979,12,1,1,0
CUST006463,38,10,USA,611,81058.81,1,1,115026.63,-0.1604,0.39,0.3465,18,2,1,0
CUST006464,47,8,USA,566,72039.53,4,1,133076.75,-0.1069,0.59,0.5642,9,1,1,0
CUST006465,38,6,Germany,743,32496.87,2,0,127696.53,0.3136,0.21,0.513,11,4,1,0
CUST006466,65,6,France,585,81801.1,1,1,131925.08,-0.1447,0.95,0.4779,18,1,1,0
CUST006467,72,0,India,694,141682.86,2,0,132919.29,-0.2403,0.81,0.5572,16,0,0,0
CUST006468,34,6,India,703,84951.63,1,1,52958.95,0.2119,0.94,0.3732,16,12,1,0
CUST006469,57,9,France,723,31898.78,2,1,37716.38,0.1959,0.33,0.2087,13,6,0,0
CUST006470,36,6,USA,606,42623.9,1,1,133469.3,0.0925,2.26,0.3538,9,0,1,1
CUST006471,69,3,India,634,56032.69,1,0,117682.15,0.2458,0.78,0.0859,6,1,1,0
CUST006472,32,6,Germany,636,70886.97,1,1,73883.62,-0.3787,0.11,0.3949,12,5,0,0
CUST006473,26,7,France,692,62672.45,2,0,67104.7,0.1537,2.95,0.0812,10,0,1,0
CUST006474,69,2,Germany,630,165524.08,2,0,124619.98,-0.0244,0.67,0.2116,12,7,0,0
CUST006475,27,12,Germany,686,27513.17,2,1,124409.44,-0.0339,0.96,0.2111,9,1,1,0
CUST006476,61,9,India,629,89162.12,4,0,28007.83,0.2791,0.37,0.3058,10,0,0,0
CUST006477,48,1,France,739,116029.13,2,0,102174.98,0.315,0.47,0.6451,13,6,1,0
CUST006478,70,6,USA,649,114716.84,2,1,93930.98,-0.1219,1.05,0.2518,12,1,1,0
CUST006479,40,4,France,639,131418.83,1,0,87275.58,0.2598,1.6,0.4649,14,0,1,0
CUST006480,69,4,India,677,83248.16,1,1,47813.14,0.3765,2.58,0.158,14,0,0,0
CUST006481,47,13,India,780,91259.96,1,1,66794.55,0.0446,3.68,0.3621,4,4,1,1
CUST006482,50,4,USA,601,55549.73,1,0,84828.31,0.074,0.72,0.437,16,0,0,0
CUST006483,74,14,India,733,17597.22,2,1,18000.0,0.1457,0.07,0.0138,14,6,1,0
CUST006484,69,6,Germany,584,96385.06,2,1,150653.13,-0.163,0.69,0.347,14,6,1,0
CUST006485,26,8,France,653,51036.17,4,1,96619.55,-0.2141,0.18,0.1934,16,0,0,0
CUST006486,71,10,Germany,586,29872.21,1,1,72264.57,0.6901,0.84,0.7068,18,4,1,0
CUST006487,64,7,France,620,99094.65,2,1,51249.4,0.01,0.33,0.4283,18,0,1,0
CUST006488,18,5,USA,595,104610.71,3,1,111905.69,-0.3796,0.59,0.6303,21,0,1,0
CUST006489,61,6,Germany,705,32245.8,1,0,19059.83,0.15,0.87,0.3963,11,0,0,0
CUST006490,52,8,Germany,610,91500.54,1,0,134748.78,0.2136,1.91,0.2288,7,0,0,0
CUST006491,28,13,Germany,692,70963.87,3,1,138847.01,-0.4231,1.26,0.6401,12,4,1,0
CUST006492,51,10,USA,607,87773.16,2,1,68401.08,-0.0633,0.02,0.602,10,2,1,0
CUST006493,33,5,USA,649,153721.2,2,1,18000.0,0.2556,0.13,0.3837,8,1,0,0
CUST006494,26,0,Germany,766,103436.87,3,1,71228.35,0.2085,1.62,0.5792,7,2,1,0
CUST006495,49,3,India,590,98751.34,2,1,85116.23,-0.0119,1.09,0.2671,14,7,1,0
CUST006496,32,7,Germany,591,21116.96,1,0,93878.47,-0.1906,0.13,0.4307,14,2,1,0
CUST006497,29,6,France,630,29850.37,2,1,185709.91,0.3344,0.71,0.1046,13,1,1,0
CUST006498,50,2,USA,648,105856.38,2,1,116220.49,-0.2429,0.71,0.2607,9,1,0,0
CUST006499,62,9,Germany,699,22434.87,1,0,181569.15,0.5572,1.19,0.4412,11,2,0,0
CUST006500,31,2,Germany,653,53903.75,2,1,138079.22,0.2021,1.34,0.3949,13,1,1,0
CUST006501,74,10,Germany,669,28678.31,1,0,118920.92,-0.1606,0.9,0.4949,9,1,1,0
CUST006502,74,2,USA,557,67183.23,2,0,106088.13,-0.0195,1.0,0.287,12,0,1,0
CUST006503,25,11,France,674,62629.92,1,1,18000.0,-0.0724,0.88,0.5097,5,1,1,1
CUST006504,25,14,USA,676,84095.9,1,1,18000.0,0.0827,0.13,0.2194,16,10,1,0
CUST006505,44,0,India,703,104838.92,2,1,136252.97,0.032,0.92,0.2517,15,0,1,0
CUST006506,29,14,Germany,623,135929.63,2,1,96324.55,0.2506,0.51,0.3801,15,1,0,0
CUST006507,18,9,Germany,649,140591.54,4,1,149703.07,0.0474,3.05,0.3881,11,3,0,0
CUST006508,60,0,Germany,706,61298.6,4,0,24837.51,0.0187,0.99,0.3985,14,0,0,0
CUST006509,57,5,India,565,39363.57,1,0,115462.33,-0.0204,0.37,0.4151,17,8,1,0
CUST006510,59,13,India,506,27158.53,1,0,122091.45,0.2637,1.93,0.4738,8,3,0,0
CUST006511,68,13,France,561,56011.4,1,1,69460.21,0.3459,0.21,0.6279,11,4,1,0
CUST006512,28,0,India,598,14754.44,1,0,48870.52,-0.2319,0.5,0.2249,17,1,1,0
CUST006513,56,4,Germany,735,105118.43,2,1,50123.16,0.2882,0.05,0.1469,12,0,1,0
CUST006514,60,3,Germany,812,139454.77,1,1,66101.34,0.3912,0.79,0.3946,11,5,1,0
CUST006515,48,4,Germany,577,18526.52,1,0,76228.04,-0.0926,0.65,0.4466,8,2,0,0
CUST006516,34,6,India,643,76588.09,1,1,70407.17,0.0053,0.56,0.4577,11,7,0,1
CUST006517,50,5,Germany,607,172469.12,1,0,115011.46,-0.0067,0.19,0.8077,21,0,1,0
CUST006518,49,11,France,688,15859.7,2,1,92808.51,0.1811,0.55,0.3433,10,1,1,0
CUST006519,46,8,USA,672,167588.47,2,0,39953.03,-0.0941,0.49,0.4058,20,1,1,0
CUST006520,38,5,USA,579,22692.12,1,1,126294.36,0.3373,0.02,0.1054,12,0,0,0
CUST006521,38,8,USA,600,38354.63,1,1,43067.7,-0.5358,0.14,0.1879,14,1,1,0
CUST006522,57,3,India,638,114288.99,2,0,83198.22,0.0256,1.86,0.473,8,0,1,0
CUST006523,40,0,France,748,107469.85,3,1,50670.09,-0.0099,1.24,0.3987,14,4,1,0
CUST006524,73,0,France,597,69464.77,1,1,66852.99,-0.097,0.1,0.2296,12,1,1,0
CUST006525,23,9,France,525,28666.98,1,1,75593.89,0.1698,2.88,0.1793,11,0,0,0
CUST006526,39,6,USA,754,1122.8,1,1,77865.26,0.0643,0.5,0.3465,12,1,0,0
CUST006527,67,12,Germany,689,71248.12,1,1,88730.65,0.1098,1.11,0.4321,10,2,0,0
CUST006528,55,12,India,556,62837.49,2,1,97987.71,0.1539,0.62,0.3827,10,2,0,0
CUST006529,54,12,Germany,674,26879.19,1,0,149757.49,0.5109,1.16,0.6798,14,2,1,0
CUST006530,62,2,USA,714,60156.63,2,1,50321.97,0.62,0.87,0.2291,13,0,1,0
CUST006531,68,1,France,657,91555.32,3,1,18000.0,-0.1775,0.05,0.334,14,3,0,0
CUST006532,71,13,Germany,759,142331.84,2,1,47970.47,-0.2351,1.96,0.4931,5,3,1,0
CUST006533,25,5,France,694,88093.89,1,1,151812.06,-0.03,1.17,0.2657,14,1,0,1
CUST006534,58,5,France,674,65111.86,1,0,130584.54,-0.1631,0.2,0.8079,14,8,1,0
CUST006535,66,12,France,666,24946.6,1,1,61405.11,0.155,0.21,0.5252,15,8,1,0
CUST006536,52,6,India,660,29843.05,2,1,81936.18,0.0203,0.93,0.5448,16,0,0,0
CUST006537,68,4,Germany,720,89419.61,1,0,18000.0,0.2294,0.97,0.1899,9,2,1,0
CUST006538,28,7,USA,638,92786.44,1,1,57869.63,0.0261,0.07,0.6332,9,1,1,0
CUST006539,41,6,India,725,62220.54,1,1,61621.22,0.2012,1.88,0.1455,6,1,0,1
CUST006540,66,1,India,674,132114.76,1,1,135906.64,0.2479,1.1,0.6492,7,1,1,0
CUST006541,38,14,Germany,658,79647.89,2,1,91282.95,-0.1475,3.31,0.2552,14,0,0,1
CUST006542,68,0,India,625,45843.91,3,1,47268.94,-0.4084,0.45,0.468,12,1,1,1
CUST006543,19,12,USA,626,35387.4,4,1,31722.22,0.0186,0.07,0.1048,12,3,0,0
CUST006544,57,13,Germany,675,31227.03,2,1,139902.97,-0.0666,1.89,0.0534,14,5,1,0
CUST006545,36,8,France,731,105761.67,1,1,92549.58,0.1313,1.34,0.3616,17,2,0,0
CUST006546,56,4,Germany,690,37476.75,1,1,52817.58,0.157,0.0,0.4492,8,0,1,0
CUST006547,45,11,USA,592,82669.2,1,1,146362.88,-0.0942,0.6,0.2273,12,1,1,0
CUST006548,34,10,India,522,23393.62,1,1,134909.43,0.2097,0.01,0.328,16,0,1,0
CUST006549,23,4,India,709,65644.36,2,0,75192.89,0.2066,0.35,0.1382,14,0,1,0
CUST006550,36,11,India,850,72618.57,3,1,41322.0,-0.2279,1.63,0.1977,12,3,1,0
CUST006551,73,9,India,627,222576.77,2,1,169218.45,-0.2279,0.9,0.2889,12,0,0,0
CUST006552,55,3,France,612,5040.32,2,1,128955.42,0.188,1.52,0.3406,15,4,1,0
CUST006553,45,1,USA,715,126137.21,2,1,92370.3,-0.1532,0.65,0.2511,13,1,1,0
CUST006554,19,4,India,581,28348.95,1,1,39970.37,0.4104,1.19,0.3652,11,6,1,0
CUST006555,55,1,India,769,159683.92,3,1,120005.74,-0.0237,0.53,0.5373,8,0,1,0
CUST006556,72,11,USA,682,32722.29,2,0,49408.21,0.2604,0.56,0.6312,9,0,1,0
CUST006557,54,6,USA,647,140246.69,1,1,128809.06,-0.1199,0.73,0.576,6,7,1,0
CUST006558,68,10,India,588,89748.02,1,1,123523.97,-0.1009,0.12,0.0999,12,0,0,1
CUST006559,69,8,France,720,6545.05,1,1,65214.46,-0.3277,0.83,0.6158,15,1,0,1
CUST006560,21,8,India,614,88321.07,2,1,123713.75,-0.058,1.55,0.4572,8,2,0,0
CUST006561,39,10,India,706,107966.52,1,1,76049.38,-0.1493,0.14,0.1689,9,2,1,0
CUST006562,43,5,India,681,112434.04,2,1,147501.99,-0.3233,0.38,0.4212,8,1,1,0
CUST006563,66,0,USA,753,61310.0,2,0,75804.26,0.0269,2.02,0.6965,8,2,0,0
CUST006564,60,12,India,662,236866.99,2,1,132613.95,0.3894,0.3,0.4471,7,1,1,0
CUST006565,53,5,India,850,196657.36,1,1,223730.65,-0.1346,1.66,0.3063,10,1,0,0
CUST006566,30,4,India,694,96964.21,1,1,60739.4,-0.0111,0.82,0.1702,5,2,0,0
CUST006567,69,3,USA,661,5600.16,2,0,33263.57,0.4547,1.48,0.0252,15,0,1,0
CUST006568,49,11,India,618,13982.2,1,0,102501.5,0.1466,0.12,0.3916,15,3,0,0
CUST006569,34,5,India,720,59324.08,1,1,123403.75,-0.0629,1.24,0.3374,12,4,1,0
CUST006570,58,5,USA,620,70047.18,4,1,57446.55,-0.2598,0.02,0.3753,14,0,0,0
CUST006571,53,13,India,588,24780.58,2,1,94392.38,-0.0772,0.4,0.2182,6,0,0,0
CUST006572,72,5,USA,612,42288.53,2,0,61024.48,-0.1694,0.26,0.3812,16,1,1,0
CUST006573,63,1,India,634,47308.8,2,1,25461.84,-0.1348,0.82,0.7823,14,1,1,0
CUST006574,36,14,India,829,58000.59,1,0,111249.47,-0.0478,1.16,0.5547,10,6,1,0
CUST006575,52,13,USA,673,76853.03,4,1,98685.56,-0.0953,0.34,0.4937,14,1,0,0
CUST006576,63,6,India,597,174728.2,4,1,47555.22,-0.3758,1.45,0.2462,12,0,0,0
CUST006577,57,13,India,737,20167.75,2,0,57078.75,0.0201,0.64,0.2638,9,1,0,0
CUST006578,73,3,USA,665,62770.83,2,1,80950.18,-0.0893,1.12,0.9743,13,9,0,0
CUST006579,45,12,France,753,74853.57,2,1,92950.47,-0.0961,1.03,0.1102,12,4,0,0
CUST006580,18,14,Germany,802,99110.54,2,1,29741.68,0.0489,0.12,0.2522,13,4,0,0
CUST006581,59,11,Germany,530,44356.73,1,1,66414.85,-0.092,1.05,0.4803,10,9,1,1
CUST006582,35,8,France,459,7789.21,2,0,153033.2,0.1089,1.4,0.3245,10,1,1,0
CUST006583,65,9,France,809,116038.19,1,0,127393.76,0.0268,0.03,0.445,7,6,1,0
CUST006584,57,1,Germany,595,45155.23,1,1,82314.66,0.0052,0.14,0.4582,12,0,0,0
CUST006585,50,4,USA,514,99670.94,1,1,151639.46,-0.0316,0.59,0.4033,9,0,0,0
CUST006586,29,13,India,608,26157.01,1,1,89596.88,-0.1813,0.05,0.1581,13,4,1,0
CUST006587,25,3,India,572,91118.52,2,1,81120.64,0.1723,0.36,0.061,10,0,1,0
CUST006588,41,8,Germany,588,147951.61,1,0,111222.41,0.2675,1.46,0.5018,14,2,1,0
CUST006589,33,3,France,718,33446.91,2,1,108200.14,-0.1089,0.09,0.7302,16,1,1,0
CUST006590,67,7,USA,621,53173.02,1,1,164481.68,0.1409,0.12,0.4263,19,3,0,0
CUST006591,21,7,Germany,520,49923.17,1,0,48151.43,-0.1281,0.1,0.4254,11,0,0,0
CUST006592,55,5,USA,652,217265.4,2,0,132770.32,-0.2788,0.63,0.4343,8,3,1,0
CUST006593,61,5,USA,581,68065.38,1,0,86675.42,-0.1814,0.29,0.3292,12,2,0,0
CUST006594,44,10,USA,630,65220.87,2,0,36368.65,-0.2458,1.36,0.8351,13,1,0,0
CUST006595,26,7,USA,634,70637.71,2,0,114976.26,0.3864,0.7,0.4971,9,0,0,0
CUST006596,64,11,India,717,159879.31,1,1,78386.0,-0.0657,0.89,0.3484,9,0,1,0
CUST006597,33,12,Germany,609,36446.21,1,0,161370.83,0.0233,0.29,0.5405,14,7,1,0
CUST006598,73,11,France,705,125186.52,1,1,59223.82,0.2409,0.54,0.2884,7,0,1,0
CUST006599,29,9,France,522,28941.9,2,1,69237.97,-0.2099,0.37,0.2183,15,1,1,0
CUST006600,48,8,India,721,24640.49,2,1,104702.68,-0.1506,0.55,0.1586,7,0,1,0
CUST006601,41,14,France,753,98990.96,2,1,18000.0,-0.1427,0.93,0.2226,12,1,1,0
CUST006602,72,4,India,631,151282.12,1,1,147404.22,-0.1998,0.48,0.5924,22,11,1,0
CUST006603,31,10,India,584,52233.62,1,1,153239.46,0.1161,0.06,0.4673,13,0,1,0
CUST006604,62,0,Germany,563,51796.94,1,1,131978.61,0.4252,0.37,0.0348,10,1,1,0
CUST006605,42,0,India,647,115384.37,1,1,105574.38,0.2919,1.76,0.7801,12,5,1,0
CUST006606,51,14,India,747,75339.72,1,0,128770.25,-0.3709,1.39,0.2656,12,0,1,0
CUST006607,20,1,India,615,118160.06,1,1,111793.23,0.1739,1.43,0.5524,9,0,1,0
CUST006608,41,9,Germany,738,24772.62,2,1,140527.71,0.3745,0.16,0.6359,9,3,1,0
CUST006609,71,9,India,557,11560.89,4,0,184329.14,-0.1717,0.07,0.1395,10,1,0,0
CUST006610,59,4,USA,621,72179.15,1,1,94169.65,-0.2963,1.34,0.5819,8,5,1,1
CUST006611,26,3,Germany,646,104012.97,3,1,86770.21,0.2886,0.88,0.3628,17,0,1,0
CUST006612,43,0,Germany,667,67948.58,2,1,90644.55,0.0322,0.57,0.496,7,1,1,0
CUST006613,37,3,France,623,80950.34,3,0,42165.22,0.1263,0.93,0.7253,15,10,1,0
CUST006614,57,3,USA,749,113606.39,1,1,104354.31,0.0528,2.14,0.681,12,1,0,0
CUST006615,27,9,India,750,1294.51,3,1,22299.63,0.2145,0.11,0.7533,13,0,1,0
CUST006616,36,3,India,636,113595.08,4,1,157395.92,0.1353,0.15,0.4566,13,7,1,0
CUST006617,20,0,USA,608,141138.2,3,1,161601.72,0.0431,0.71,0.2907,16,8,1,0
CUST006618,41,8,Germany,601,54743.82,2,1,58478.08,0.1651,0.98,0.9149,13,5,1,0
CUST006619,22,13,India,732,22609.68,1,1,48375.97,0.2278,0.83,0.3911,9,0,0,0
CUST006620,20,2,India,596,131104.27,1,1,142131.67,0.1072,0.23,0.1045,7,0,1,0
CUST006621,44,12,Germany,533,182610.5,3,0,26051.46,-0.104,0.78,0.5655,14,0,1,0
CUST006622,33,3,Germany,545,85162.64,1,1,55985.08,0.0759,0.66,0.4218,14,1,1,0
CUST006623,66,4,Germany,703,21259.74,1,0,48687.94,0.1462,0.02,0.1746,12,8,1,0
CUST006624,32,12,Germany,540,75637.57,1,1,117056.45,0.0935,0.78,0.3301,7,1,1,0
CUST006625,52,12,Germany,618,24307.65,2,1,117747.08,0.2153,0.48,0.2907,10,9,1,1
CUST006626,29,6,Germany,658,120398.2,2,1,109212.86,0.2096,1.54,0.3504,9,0,1,0
CUST006627,58,5,USA,515,72862.04,4,1,91766.26,0.0956,0.85,0.518,9,0,0,0
CUST006628,70,4,France,664,18466.32,3,1,128188.65,-0.0308,0.63,0.1804,10,0,0,1
CUST006629,61,7,USA,624,88364.44,2,1,98783.19,0.1457,1.81,0.4899,3,3,0,0
CUST006630,43,13,India,497,35366.72,2,1,169546.23,-0.4178,0.87,0.2167,14,1,1,0
CUST006631,64,0,India,665,5533.69,1,1,144004.29,0.4241,0.23,0.3376,12,4,1,0
CUST006632,51,6,Germany,681,123075.2,1,1,58964.33,0.5695,0.5,0.3423,11,2,0,0
CUST006633,40,11,France,664,94515.13,3,1,78941.63,0.1005,0.89,0.6756,7,1,0,0
CUST006634,48,5,India,690,46912.69,2,0,86197.44,0.0409,1.37,0.2529,6,3,1,0
CUST006635,67,10,India,670,154868.53,1,0,49768.84,0.114,0.27,0.1197,14,1,1,0
CUST006636,37,4,France,708,29702.3,1,1,148380.89,0.2744,1.04,0.5052,10,0,1,0
CUST006637,29,6,France,574,49049.7,2,1,133809.89,0.3826,0.92,0.2815,11,3,1,0
CUST006638,40,2,India,538,99253.01,1,0,82782.81,0.2794,0.13,0.1022,13,0,1,0
CUST006639,21,0,India,557,130328.43,1,1,118216.04,0.4419,0.13,0.1841,11,1,1,0
CUST006640,40,8,Germany,585,100240.13,3,1,74932.48,0.2459,0.56,0.2167,4,2,1,0
CUST006641,65,1,India,811,41034.67,1,1,141292.75,0.5824,0.42,0.7607,10,5,1,0
CUST006642,72,12,France,585,61284.21,2,1,88044.6,0.2373,0.11,0.7947,9,1,1,0
CUST006643,65,9,India,608,35991.13,2,0,18000.0,0.0049,0.07,0.6298,17,1,0,0
CUST006644,18,14,India,631,55395.72,2,0,34988.93,-0.3815,1.82,0.2049,19,1,0,0
CUST006645,71,2,India,621,60089.73,2,0,157279.73,0.0263,0.17,0.6363,13,2,0,0
CUST006646,42,7,India,795,101809.69,3,1,88103.75,0.0925,0.37,0.278,12,3,1,0
CUST006647,19,11,India,511,33219.12,1,1,114305.66,0.2023,0.5,0.7346,15,0,1,0
CUST006648,47,9,India,824,135198.56,3,0,88965.06,-0.0182,0.07,0.4849,18,4,1,0
CUST006649,20,8,Germany,661,74451.46,1,0,27857.01,0.0461,0.12,0.1689,9,1,1,0
CUST006650,38,12,India,726,23057.73,1,1,44418.92,-0.4336,0.6,0.1547,18,0,1,0
CUST006651,42,2,France,651,100093.47,1,1,148350.25,0.3884,0.96,0.0758,8,3,1,0
CUST006652,37,5,India,715,68551.79,3,1,146214.83,0.38,1.49,0.3741,9,3,1,0
CUST006653,66,6,Germany,574,47475.0,1,0,30923.67,0.252,1.59,0.2738,15,1,1,0
CUST006654,69,14,India,541,163823.93,1,1,154269.75,0.1691,0.63,0.2413,15,0,0,0
CUST006655,39,0,India,850,56615.65,1,1,72809.12,0.1391,0.27,0.5224,8,2,1,0
CUST006656,38,13,USA,803,47847.07,1,1,106731.81,0.0665,0.69,0.1459,13,2,0,0
CUST006657,50,6,USA,565,135563.45,2,1,97048.12,0.4305,0.78,0.0711,13,2,1,0
CUST006658,69,3,Germany,707,107239.87,1,0,128413.82,-0.0754,0.27,0.2108,9,3,0,0
CUST006659,55,4,Germany,742,122774.32,2,1,137517.5,-0.3626,0.88,0.2177,11,2,1,0
CUST006660,32,7,Germany,702,41089.0,2,1,79667.59,0.1411,0.15,0.34,13,0,1,0
CUST006661,63,3,USA,633,89634.95,2,1,150446.53,0.3047,0.28,0.2739,11,0,1,0
CUST006662,69,14,France,811,9955.82,2,1,164281.4,0.0691,2.13,0.3127,10,0,1,0
CUST006663,32,3,USA,705,43067.71,1,1,116202.39,0.3619,0.57,0.6017,10,3,1,0
CUST006664,63,7,France,575,39363.18,1,1,48656.32,0.4823,0.13,0.3168,12,5,1,0
CUST006665,42,14,Germany,619,78924.52,2,1,120510.63,0.1331,0.88,0.7459,11,0,1,0
CUST006666,38,4,India,564,224812.54,2,0,75058.18,0.5559,0.21,0.5786,15,1,1,0
CUST006667,41,12,India,641,153485.88,2,0,82434.39,-0.4768,0.03,0.3584,7,2,0,0
CUST006668,74,5,USA,638,8203.01,2,1,55006.0,-0.169,1.64,0.4705,14,6,1,1
CUST006669,22,11,Germany,710,130287.09,1,1,167057.79,0.3007,0.46,0.3418,14,0,0,0
CUST006670,23,10,USA,709,7423.72,1,0,94887.68,0.2319,1.2,0.2852,15,2,1,0
CUST006671,66,13,Germany,681,171048.24,1,1,164192.68,-0.0873,1.54,0.6193,15,1,0,0
CUST006672,60,4,India,678,44670.22,1,1,134368.37,0.0269,0.68,0.3807,10,0,1,0
CUST006673,65,0,India,733,40376.91,1,1,61740.54,0.6236,0.08,0.2873,8,4,1,0
CUST006674,61,6,India,631,139253.21,1,1,62717.74,0.3861,0.31,0.5189,14,3,1,0
CUST006675,64,5,USA,458,41334.72,1,0,91548.13,-0.5053,0.23,0.3855,14,0,1,0
CUST006676,40,1,Germany,818,184392.59,3,0,97903.71,-0.0333,0.74,0.6945,12,4,0,0
CUST006677,21,10,India,577,40652.12,1,1,79471.25,0.0385,0.42,0.113,12,6,0,0
CUST006678,44,6,USA,705,131023.76,1,1,152210.04,0.2907,0.43,0.4875,9,0,0,0
CUST006679,35,5,India,622,83189.89,4,0,104027.26,0.1853,0.85,0.2855,13,2,0,0
CUST006680,38,4,India,761,118085.49,2,1,112853.06,0.3436,0.03,0.7107,7,0,0,0
CUST006681,45,7,Germany,573,13521.64,2,1,48239.86,0.1413,0.11,0.4079,8,1,1,0
CUST006682,52,4,India,593,37673.74,2,1,18000.0,0.1194,1.76,0.6686,9,0,1,0
CUST006683,39,10,Germany,610,17798.28,2,1,141607.41,0.2179,1.45,0.5819,15,4,1,0
CUST006684,57,1,Germany,694,50958.9,1,0,51978.63,-0.0811,2.27,0.4912,12,0,1,0
CUST006685,40,5,France,667,63604.58,1,1,86422.36,0.1675,0.19,0.4118,17,4,1,0
CUST006686,20,13,India,695,45988.34,2,1,95820.03,0.4754,0.33,0.8493,11,0,1,0
CUST006687,57,11,USA,660,56467.57,3,0,106040.24,-0.4234,0.09,0.661,10,2,0,0
CUST006688,67,0,Germany,724,36399.08,1,1,76110.68,0.1629,0.82,0.5135,10,2,1,1
CUST006689,27,4,Germany,725,78452.33,1,0,60005.36,-0.5093,1.22,0.7122,12,2,1,0
CUST006690,42,13,Germany,771,60912.2,1,1,74703.37,0.2465,0.77,0.8048,14,0,0,0
CUST006691,69,5,India,677,52790.23,2,1,18000.0,0.0995,0.73,0.3928,15,11,0,0
CUST006692,66,14,India,677,47474.47,1,1,119584.95,0.2845,1.3,0.1243,14,5,1,0
CUST006693,25,6,USA,791,79498.05,3,1,124844.36,-0.1457,0.07,0.5118,17,1,1,0
CUST006694,72,13,Germany,745,11072.82,4,1,119614.17,-0.0606,1.08,0.2258,15,1,1,0
CUST006695,28,1,India,691,60792.67,2,1,104825.75,0.316,1.78,0.3823,13,1,1,0
CUST006696,22,0,India,538,50731.25,4,1,151557.38,0.3632,0.83,0.4357,14,1,1,0
CUST006697,62,5,Germany,515,1429.18,1,1,156564.01,-0.2084,0.92,0.3452,6,4,1,1
CUST006698,70,2,India,699,64747.35,2,1,149390.29,-0.057,0.82,0.4132,13,1,1,0
CUST006699,72,4,India,702,47140.39,2,1,96719.78,-0.1971,1.39,0.6336,18,0,1,0
CUST006700,54,11,India,592,33906.31,1,1,93263.0,0.2827,0.4,0.4802,11,5,1,0
CUST006701,73,14,India,678,96885.57,1,0,102926.55,0.1554,1.56,0.7182,2,3,0,0
CUST006702,62,10,USA,576,101538.13,1,0,68053.72,0.2186,0.25,0.4191,11,6,1,0
CUST006703,55,12,India,695,76817.57,2,0,108331.48,0.0637,0.1,0.371,9,4,1,0
CUST006704,46,14,India,697,89937.08,3,1,102617.39,-0.485,0.05,0.1781,7,0,0,0
CUST006705,22,1,India,697,114431.23,2,1,142241.73,-0.1346,0.08,0.4755,11,8,1,0
CUST006706,26,14,India,676,82487.47,2,0,165937.91,0.008,0.49,0.5081,15,2,1,0
CUST006707,65,0,Germany,626,148945.11,1,1,112682.64,-0.2628,0.72,0.3427,15,0,1,0
CUST006708,19,0,India,633,55535.62,2,1,132193.96,-0.4789,0.81,0.484,18,1,0,0
CUST006709,18,12,USA,742,127137.4,2,0,99387.38,0.2999,0.67,0.6076,12,2,0,0
CUST006710,57,10,India,683,58826.83,1,0,136646.3,-0.1506,0.19,0.1983,11,0,1,0
CUST006711,68,3,India,689,37146.55,4,0,140644.82,0.1869,1.61,0.1144,14,1,1,0
CUST006712,47,9,India,656,121288.46,2,0,167424.84,0.3982,0.19,0.1861,15,3,1,0
CUST006713,28,12,India,702,114447.27,2,1,18000.0,-0.0831,1.4,0.2999,9,0,0,0
CUST006714,45,1,Germany,726,15864.16,2,1,127494.4,0.0365,1.0,0.3713,8,0,1,0
CUST006715,61,0,USA,599,73023.85,3,0,87138.9,0.2212,0.35,0.4305,15,4,1,0
CUST006716,29,5,Germany,697,39092.86,1,0,122582.8,-0.0233,0.44,0.3667,5,2,1,0
CUST006717,56,13,India,631,128539.26,2,1,123802.4,0.1008,1.34,0.6175,22,3,0,0
CUST006718,43,3,India,675,71205.09,1,1,61766.83,0.2565,3.37,0.1477,13,3,1,1
CUST006719,30,9,India,716,35812.71,1,1,19676.38,-0.3903,0.22,0.6027,12,2,1,0
CUST006720,25,12,Germany,533,99669.19,1,1,115768.34,0.4919,0.93,0.5239,20,0,1,0
CUST006721,71,11,India,563,111903.28,1,1,81015.21,0.1478,0.06,0.5217,14,1,1,0
CUST006722,45,14,USA,597,63899.13,2,1,132883.28,0.1204,0.07,0.3446,13,0,0,0
CUST006723,47,6,India,591,116507.42,1,1,91860.62,0.0988,0.48,0.503,11,6,0,0
CUST006724,26,10,India,637,172819.87,2,0,135184.14,0.4892,0.01,0.7363,13,1,0,0
CUST006725,56,5,France,785,52990.33,3,1,115938.88,-0.2607,1.93,0.2308,20,4,0,0
CUST006726,48,4,USA,744,150774.77,2,0,31943.83,0.1992,0.39,0.3087,11,0,0,0
CUST006727,38,9,Germany,603,164787.82,1,1,100441.16,0.3753,0.38,0.1975,9,3,1,0
CUST006728,73,11,Germany,719,103846.31,1,1,99989.31,0.3679,0.32,0.602,9,0,0,0
CUST006729,64,12,USA,646,56624.17,1,1,84336.36,0.2782,0.28,0.3299,10,0,0,0
CUST006730,51,11,India,677,20637.61,1,0,126585.68,-0.0406,0.08,0.2465,9,5,1,0
CUST006731,72,11,USA,571,78632.7,1,1,57793.18,0.2277,0.75,0.3425,17,2,1,0
CUST006732,48,11,India,544,51041.75,2,1,173961.14,0.2784,0.23,0.2805,6,1,1,0
CUST006733,69,1,USA,708,10246.4,1,1,33864.81,0.1141,0.34,0.5624,11,3,1,0
CUST006734,42,4,USA,652,35285.52,1,1,32536.22,-0.0863,0.33,0.8309,11,8,1,0
CUST006735,29,8,Germany,691,73527.73,1,1,128158.53,0.0354,0.33,0.2973,14,4,1,0
CUST006736,18,8,Germany,777,92704.23,2,1,203233.85,0.0582,1.69,0.4258,17,0,1,0
CUST006737,72,1,Germany,630,12470.66,3,0,70112.36,-0.1343,0.51,0.6354,15,2,1,0
CUST006738,39,6,India,631,71565.78,4,1,121966.95,0.2431,0.57,0.5815,17,0,1,0
CUST006739,57,9,India,791,60148.81,2,1,152056.6,0.1066,1.23,0.1388,12,1,1,0
CUST006740,54,13,India,651,19085.14,2,1,89226.29,0.4881,0.29,0.5956,15,1,1,0
CUST006741,64,3,Germany,585,48946.44,2,1,74874.66,-0.1575,1.14,0.1145,9,0,1,0
CUST006742,18,12,France,708,50904.05,2,1,161812.46,0.0947,0.16,0.0733,8,5,0,0
CUST006743,18,12,India,630,56112.39,2,0,116271.78,0.3883,0.99,0.7038,9,0,1,0
CUST006744,74,2,India,584,99085.96,2,1,126484.23,-0.0989,0.12,0.1961,12,0,1,0
CUST006745,59,10,USA,657,48508.98,1,0,39449.03,-0.2776,0.93,0.6679,16,0,1,0
CUST006746,71,0,France,716,82405.93,4,1,121285.38,0.1903,0.51,0.2223,11,0,1,1
CUST006747,59,2,USA,557,57761.03,1,0,145958.17,-0.3958,0.05,0.2495,10,2,1,0
CUST006748,38,10,India,555,46210.11,1,1,123422.53,0.2119,0.73,0.9285,8,5,1,0
CUST006749,32,8,France,643,81023.67,1,1,125333.67,-0.4443,0.94,0.4555,11,3,0,0
CUST006750,34,13,Germany,561,27358.18,2,0,177807.7,0.1241,0.18,0.5259,13,0,0,0
CUST006751,39,14,India,547,6134.37,1,1,127062.57,0.3579,2.19,0.2294,13,1,1,0
CUST006752,55,8,France,650,118048.69,1,0,157088.67,0.0467,0.21,0.1935,20,0,1,0
CUST006753,52,6,USA,738,92701.92,2,1,138224.11,0.11,0.3,0.1681,15,6,0,0
CUST006754,62,2,India,713,38041.05,2,1,73127.33,-0.0105,1.07,0.3104,11,0,0,0
CUST006755,33,12,USA,641,66382.06,2,1,112348.15,0.4375,0.18,0.7551,11,1,0,0
CUST006756,25,2,Germany,752,85946.48,1,1,127811.15,-0.0873,2.03,0.3604,8,0,1,0
CUST006757,64,3,Germany,788,29318.82,2,1,18000.0,0.4695,0.82,0.3808,7,2,0,0
CUST006758,34,6,India,689,5289.55,2,1,109050.53,0.1813,1.11,0.389,13,1,1,0
CUST006759,34,6,France,620,8249.1,3,0,158063.53,0.1979,0.1,0.1169,12,2,1,0
CUST006760,71,11,India,775,106855.81,2,1,55796.22,0.3476,1.38,0.5534,14,3,0,0
CUST006761,43,11,Germany,771,173059.32,1,1,47362.05,-0.114,0.67,0.5441,14,7,1,0
CUST006762,30,13,USA,670,112654.31,2,1,116432.36,0.1759,1.17,0.2337,13,2,0,0
CUST006763,34,1,India,747,83297.06,1,1,44958.96,-0.1688,0.06,0.5361,10,1,1,0
CUST006764,55,11,India,587,12311.7,1,0,154411.36,0.5133,0.75,0.5198,14,9,1,0
CUST006765,34,14,France,484,121918.57,1,1,75272.8,0.1018,0.94,0.4028,11,3,1,0
CUST006766,65,4,USA,572,53525.9,3,1,132544.97,0.2362,0.55,0.0757,15,2,1,0
CUST006767,31,6,Germany,666,13290.6,1,1,56217.33,0.6305,1.44,0.387,18,1,1,0
CUST006768,62,6,USA,644,120799.66,2,1,196921.32,0.3591,2.25,0.5033,19,0,0,0
CUST006769,23,5,Germany,726,158450.7,1,1,205994.79,0.071,0.2,0.2063,9,4,1,0
CUST006770,52,9,USA,531,121799.11,3,1,154114.68,0.7204,0.05,0.4983,14,2,0,0
CUST006771,63,9,India,532,223465.79,2,1,67224.92,-0.1813,1.19,0.3591,10,1,1,0
CUST006772,31,11,India,710,28971.25,2,1,96650.25,-0.0308,0.52,0.2129,14,0,0,0
CUST006773,64,7,France,535,46930.12,2,0,18000.0,0.1405,0.05,0.8271,13,8,1,0
CUST006774,25,2,USA,628,21397.83,1,0,162696.83,-0.0905,0.07,0.2629,14,0,0,0
CUST006775,32,14,India,651,21021.42,3,1,105649.82,0.135,0.21,0.293,7,0,0,0
CUST006776,71,0,France,597,162626.81,2,0,95723.61,-0.1255,0.0,0.258,11,4,1,0
CUST006777,44,2,Germany,696,7308.0,2,1,56703.71,0.0696,0.51,0.3955,10,0,0,0
CUST006778,30,10,India,485,42061.41,2,0,147333.63,-0.1479,0.37,0.0872,16,0,1,0
CUST006779,66,1,France,796,154167.49,3,1,125866.13,-0.1817,0.04,0.2716,11,2,1,0
CUST006780,48,1,Germany,623,99946.04,1,0,102175.86,0.3271,0.22,0.1788,15,0,1,0
CUST006781,70,13,India,636,13017.19,1,0,120648.12,0.2493,1.08,0.3738,13,6,1,0
CUST006782,73,13,India,850,70994.45,2,1,192712.5,-0.1248,1.32,0.4496,11,1,1,0
CUST006783,52,1,Germany,541,29320.71,1,1,56325.84,0.0289,0.0,0.6215,9,2,1,0
CUST006784,23,4,Germany,566,63537.0,2,1,39618.7,0.453,0.09,0.287,7,0,1,0
CUST006785,22,12,India,762,80758.37,1,0,62514.58,0.114,5.08,0.0969,11,1,0,1
CUST006786,39,0,India,525,84740.14,1,1,157692.7,-0.1036,0.84,0.9191,16,4,1,0
CUST006787,66,9,India,689,192402.53,2,1,113439.25,0.0085,0.92,0.5645,13,0,1,0
CUST006788,40,3,USA,601,122080.02,2,1,63006.74,0.0577,0.38,0.5244,13,7,0,0
CUST006789,42,13,India,520,3420.78,1,1,125287.99,-0.1773,0.56,0.4662,12,1,1,0
CUST006790,51,9,India,692,82740.42,1,1,76162.27,0.1381,0.57,0.5548,12,0,0,0
CUST006791,43,4,Germany,694,71947.44,1,0,108372.3,0.1795,0.34,0.3969,7,1,0,0
CUST006792,64,1,Germany,650,191667.5,4,1,122759.05,0.293,0.94,0.2567,15,2,1,0
CUST006793,22,4,USA,815,48635.93,1,0,70792.31,0.0616,0.68,0.3498,9,0,0,0
CUST006794,43,9,India,588,84081.05,1,1,18000.0,-0.1128,2.3,0.5019,17,3,1,1
CUST006795,37,14,USA,719,92559.16,4,0,111596.46,0.1696,0.01,0.5138,13,0,1,0
CUST006796,23,3,India,676,9673.79,3,1,90697.59,0.1607,1.73,0.2807,17,2,0,0
CUST006797,23,7,France,727,18512.28,2,1,70254.55,-0.1295,2.38,0.6029,22,0,1,0
CUST006798,67,0,Germany,609,61960.83,1,0,111851.41,0.2346,0.13,0.6767,15,2,1,0
CUST006799,35,14,India,539,117342.02,1,1,129893.16,0.4723,0.2,0.5684,11,1,1,0
CUST006800,21,11,India,595,5403.64,1,1,18000.0,0.4148,0.04,0.296,11,4,1,0
CUST006801,34,4,USA,644,69813.82,2,0,105141.97,-0.3158,0.21,0.305,18,3,1,0
CUST006802,74,13,USA,704,34499.56,1,1,94354.35,0.3429,0.82,0.2665,10,5,1,0
CUST006803,31,13,USA,651,44034.87,1,1,82040.92,0.0615,0.2,0.4581,13,0,1,0
CUST006804,31,10,Germany,667,90454.62,1,0,131280.89,-0.0908,1.53,0.3008,9,0,1,0
CUST006805,30,11,Germany,788,101371.07,3,0,18000.0,-0.6378,1.97,0.381,18,0,1,0
CUST006806,24,9,USA,648,117566.67,2,1,18000.0,0.2044,0.02,0.4939,11,8,0,0
CUST006807,61,0,France,607,124560.14,2,1,22544.21,0.2399,0.57,0.2796,9,10,0,0
CUST006808,72,9,Germany,685,69851.37,1,1,134042.83,-0.0721,0.01,0.4478,16,0,0,0
CUST006809,32,9,Germany,512,100828.06,3,1,77009.06,-0.1791,0.77,0.1816,13,1,1,0
CUST006810,36,3,France,512,87648.86,2,1,88187.96,-0.0297,0.34,0.4886,12,0,1,0
CUST006811,60,7,India,639,83536.55,1,1,181803.58,0.2213,1.5,0.4604,12,2,1,0
CUST006812,64,0,India,575,16987.89,3,0,120797.09,0.3744,2.0,0.3613,8,0,0,0
CUST006813,61,10,France,601,30092.93,1,1,148907.94,-0.1599,0.55,0.3463,16,0,1,0
CUST006814,52,14,Germany,724,79247.56,2,1,96783.1,-0.0648,2.44,0.6001,8,2,1,0
CUST006815,34,1,France,692,92600.27,2,1,18000.0,-0.1298,1.61,0.364,6,2,0,0
CUST006816,52,0,India,643,116431.89,1,1,89200.0,0.025,0.08,0.4867,14,4,1,0
CUST006817,36,10,USA,656,117829.43,1,1,60151.73,-0.0663,0.35,0.2114,17,0,1,0
CUST006818,37,6,India,616,87533.32,4,1,61314.32,-0.1307,0.33,0.5487,10,5,0,1
CUST006819,53,1,USA,717,106516.89,1,0,118782.61,0.4189,0.29,0.1925,12,0,1,0
CUST006820,52,0,India,713,171047.81,2,0,18000.0,-0.3891,1.28,0.4272,22,1,0,0
CUST006821,49,14,India,729,101473.91,2,0,66513.13,-0.2278,0.29,0.6405,10,5,0,0
CUST006822,65,11,India,725,73919.75,1,0,78832.59,0.0213,0.38,0.3392,11,2,0,0
CUST006823,61,5,USA,654,104406.6,1,1,130966.82,0.2136,0.07,0.1931,14,0,1,0
CUST006824,57,5,India,594,126570.68,1,0,199867.18,0.3046,0.59,0.5536,10,9,0,0
CUST006825,41,9,India,636,172066.83,1,1,18000.0,0.0074,0.1,0.5895,17,1,1,0
CUST006826,34,1,India,659,8119.53,3,1,104729.0,0.1777,1.63,0.3091,17,3,1,0
CUST006827,24,14,India,596,25645.7,2,1,83487.8,-0.4269,1.28,0.1749,13,6,1,1
CUST006828,60,0,France,780,88853.81,1,0,111891.51,-0.1709,0.29,0.8761,10,0,1,0
CUST006829,67,13,India,780,13607.79,1,1,225430.94,-0.1485,0.0,0.2585,11,6,1,0
CUST006830,18,9,India,640,60550.36,1,1,32569.02,0.2911,0.06,0.6735,8,2,0,0
CUST006831,52,2,Germany,732,188279.53,1,1,71132.0,0.1532,0.2,0.3928,10,0,1,0
CUST006832,49,9,USA,694,76214.27,2,1,161209.87,0.0472,0.55,0.1455,20,0,1,0
CUST006833,53,13,Germany,610,76893.9,1,1,121277.62,0.0534,1.05,0.2066,17,2,1,0
CUST006834,30,4,USA,682,51165.89,3,0,138208.53,-0.0439,0.08,0.6745,10,5,0,0
CUST006835,23,5,France,588,169312.94,1,1,79309.1,0.0736,0.99,0.3777,10,0,1,0
CUST006836,31,2,India,579,102244.97,3,0,146558.23,0.0509,0.63,0.1551,10,2,0,0
CUST006837,54,8,France,688,46983.85,1,1,143014.26,-0.0957,0.77,0.1704,12,1,1,0
CUST006838,65,10,Germany,689,167757.12,2,1,117015.08,-0.1036,2.1,0.64,17,0,1,0
CUST006839,32,4,USA,850,87481.17,2,1,194956.74,0.0647,2.44,0.4587,14,2,1,0
CUST006840,64,12,Germany,637,50271.08,1,1,113049.59,-0.1709,1.07,0.004,16,2,1,0
CUST006841,21,1,USA,607,53464.73,2,1,120410.54,0.2038,0.94,0.4266,17,6,1,0
CUST006842,57,9,India,723,84519.75,2,1,78825.5,-0.1112,1.15,0.0694,13,2,1,0
CUST006843,33,5,India,647,48014.23,1,1,121114.2,-0.3832,0.89,0.0886,15,7,0,1
CUST006844,45,11,France,598,56486.73,1,1,113978.3,-0.0088,0.01,0.5423,11,6,1,0
CUST006845,33,7,USA,603,53001.98,1,0,132177.62,0.2492,4.57,0.1246,13,7,0,1
CUST006846,21,10,India,635,37497.32,1,1,117941.3,0.2224,0.81,0.3809,18,1,1,0
CUST006847,62,5,Germany,734,234954.07,2,1,118628.18,-0.1976,0.54,0.528,12,0,0,0
CUST006848,43,3,USA,684,32983.81,1,1,79938.3,-0.1323,0.48,0.1251,12,7,1,0
CUST006849,45,5,India,583,117436.09,3,1,132604.71,0.2345,0.21,0.556,16,2,1,0
CUST006850,49,7,Germany,796,62428.21,2,1,108808.84,0.1317,0.52,0.4136,8,0,1,0
CUST006851,62,7,Germany,577,93717.28,1,0,84404.91,-0.0848,1.06,0.6396,5,0,1,0
CUST006852,19,12,India,591,66809.59,1,1,62390.19,-0.2258,0.23,0.7253,12,2,1,0
CUST006853,48,9,France,743,83405.86,2,1,140182.76,0.1691,1.49,0.308,8,4,0,0
CUST006854,20,1,India,769,42205.09,1,1,139928.31,-0.3661,0.19,0.3918,22,0,1,0
CUST006855,71,7,USA,678,165956.32,2,0,94452.53,-0.5141,1.56,0.5664,11,0,0,1
CUST006856,25,5,India,546,187102.79,1,0,38674.42,0.3588,0.7,0.4507,8,2,1,0
CUST006857,41,1,USA,657,93800.66,2,1,171665.48,-0.0356,1.45,0.1277,7,1,0,1
CUST006858,32,0,India,540,102243.67,1,1,163588.71,0.0261,0.43,0.4326,11,3,1,0
CUST006859,60,5,India,848,4542.0,2,0,214774.43,0.1042,0.31,0.2739,10,2,1,0
CUST006860,48,12,Germany,672,4311.21,1,0,18000.0,0.2334,0.96,0.4253,15,4,0,0
CUST006861,26,6,India,714,35424.37,1,1,86741.85,-0.0922,0.36,0.5907,6,5,0,0
CUST006862,56,13,Germany,620,200009.12,1,1,64647.77,0.0777,2.44,0.046,12,1,1,1
CUST006863,62,13,USA,794,41988.71,1,0,18000.0,0.0793,1.08,0.3662,13,2,0,0
CUST006864,19,9,France,609,157658.27,1,0,102778.09,0.0095,0.45,0.3791,17,3,1,0
CUST006865,25,4,USA,581,31201.65,1,0,111974.4,-0.2968,0.15,0.3576,16,0,0,1
CUST006866,24,13,India,674,16341.61,1,1,96437.87,0.107,0.65,0.4899,8,5,0,0
CUST006867,73,9,India,720,44977.27,2,1,22335.38,0.1721,0.72,0.2335,7,0,0,0
CUST006868,61,7,France,820,43393.52,2,1,129499.0,0.063,2.77,0.6557,13,4,1,0
CUST006869,68,10,Germany,779,31018.14,4,1,42937.83,-0.0788,1.09,0.4501,15,0,1,0
CUST006870,56,12,India,745,172815.42,1,1,150165.22,0.1496,0.23,0.3633,9,0,1,0
CUST006871,59,11,USA,595,72640.53,1,1,147628.97,0.1962,0.24,0.4198,8,3,1,0
CUST006872,74,8,USA,593,63664.13,2,1,118815.07,0.2385,0.69,0.577,10,2,1,0
CUST006873,33,3,France,579,77573.46,1,1,80463.64,0.4129,0.1,0.1942,17,0,1,0
CUST006874,52,6,France,637,132724.67,2,0,106885.62,0.1478,0.95,0.2385,11,4,0,0
CUST006875,47,7,France,496,77555.11,3,0,70522.13,0.1585,0.07,0.2559,12,0,0,0
CUST006876,27,12,France,759,94943.06,1,1,130300.49,-0.1256,0.68,0.1432,12,4,0,0
CUST006877,55,5,France,568,139096.01,1,1,167813.53,-0.291,3.23,0.7171,16,2,0,0
CUST006878,35,1,India,558,9718.72,2,1,162294.48,0.2732,1.65,0.4932,15,0,0,0
CUST006879,67,6,Germany,617,24060.9,2,0,101298.91,0.3259,1.49,0.1341,9,0,0,0
CUST006880,22,12,Germany,542,82723.93,2,0,167751.71,0.3436,1.11,0.1884,10,5,0,0
CUST006881,70,8,France,701,32118.05,1,1,116241.89,-0.0956,2.11,0.7292,12,0,0,0
CUST006882,46,4,USA,572,61610.06,4,1,18000.0,-0.0579,2.13,0.56,15,7,0,0
CUST006883,56,14,India,690,7625.49,1,1,162429.77,-0.2562,0.14,0.234,4,1,0,0
CUST006884,51,1,USA,723,22504.47,1,1,108884.16,-0.3682,0.21,0.3414,11,0,0,0
CUST006885,60,3,Germany,606,144844.01,4,1,122387.19,-0.0123,2.06,0.1582,10,0,1,0
CUST006886,62,2,India,592,53252.2,3,1,80963.04,0.3658,0.26,0.1695,12,8,1,0
CUST006887,40,3,India,585,47556.55,1,1,164349.54,-0.0168,0.38,0.2275,17,0,1,0
CUST006888,22,9,USA,563,24722.82,1,1,64563.39,0.4737,0.03,0.4719,12,4,0,0
CUST006889,47,6,India,616,21106.21,2,0,159990.19,0.0986,1.84,0.2948,8,3,1,0
CUST006890,23,9,India,655,11675.05,1,1,52817.97,-0.0879,0.06,0.5076,14,1,1,0
CUST006891,73,7,India,539,4048.7,1,1,112869.59,0.0612,0.6,0.7296,13,6,0,1
CUST006892,63,0,France,598,32365.19,4,1,166309.9,0.2914,0.2,0.6912,13,2,1,0
CUST006893,61,12,Germany,662,68829.49,2,1,171347.63,0.2973,0.02,0.2534,14,0,0,0
CUST006894,21,7,India,652,115719.66,2,1,141053.15,0.2292,0.27,0.3088,12,0,1,0
CUST006895,46,4,Germany,436,70764.59,2,0,153638.3,-0.36,0.87,0.3437,8,3,1,1
CUST006896,40,11,Germany,700,13532.82,2,1,144442.54,-0.0035,0.07,0.3583,12,1,1,0
CUST006897,23,6,India,749,42437.55,3,1,80065.79,0.1036,1.52,0.3352,10,6,1,0
CUST006898,49,10,India,604,38689.74,2,0,124940.65,0.1087,0.94,0.3407,13,2,1,0
CUST006899,59,10,USA,511,35008.48,2,1,113714.8,0.1083,0.05,0.4124,12,5,1,0
CUST006900,35,0,USA,588,52517.76,2,0,152541.15,0.1143,0.41,0.4574,7,2,1,0
CUST006901,32,1,Germany,586,131155.01,3,1,155773.33,-0.0103,1.32,0.3473,10,2,1,0
CUST006902,57,0,USA,745,117774.15,2,1,102733.54,-0.2092,2.15,0.2073,8,0,0,0
CUST006903,49,4,India,562,174995.59,3,0,95510.26,-0.0538,0.79,0.3617,10,0,0,0
CUST006904,26,13,France,621,20625.72,1,1,150452.93,-0.0429,0.91,0.625,12,0,1,0
CUST006905,54,13,India,784,6759.47,1,1,91289.95,0.025,1.67,0.1785,12,0,0,0
CUST006906,27,5,Germany,662,53111.21,1,0,154862.34,0.4274,0.48,0.1938,7,4,0,0
CUST006907,37,9,India,665,148316.92,1,1,106887.53,0.0033,0.98,0.6346,6,3,1,0
CUST006908,23,8,India,641,54493.57,1,1,73837.68,-0.1536,0.69,0.4026,14,0,1,0
CUST006909,65,7,USA,728,83063.69,1,0,81723.2,0.4321,0.95,0.2749,8,0,1,0
CUST006910,73,6,India,682,55012.28,4,1,18000.0,-0.3657,1.71,0.3493,8,3,0,1
CUST006911,20,11,USA,798,114658.93,1,0,97066.28,-0.2674,1.25,0.4989,12,0,1,0
CUST006912,59,4,India,807,102054.83,1,1,130685.01,0.2082,0.11,0.5856,13,0,1,0
CUST006913,28,13,USA,675,114385.38,2,1,222512.08,-0.4636,2.15,0.2897,5,0,1,0
CUST006914,60,14,Germany,647,106388.71,1,1,70379.07,-0.1472,0.04,0.8592,11,4,1,0
CUST006915,34,2,India,663,249736.94,1,1,83609.19,-0.0426,1.13,0.1151,9,1,1,0
CUST006916,49,8,France,604,186626.46,1,0,67944.77,-0.1124,0.27,0.6928,16,4,1,0
CUST006917,21,12,India,660,127174.58,1,1,63182.57,-0.1635,1.21,0.2183,15,0,1,0
CUST006918,21,4,India,534,45915.97,4,0,127907.02,0.0778,0.01,0.7196,12,3,1,0
CUST006919,34,2,Germany,593,52703.72,3,1,81247.96,0.0642,0.2,0.5312,10,1,0,0
CUST006920,58,2,USA,712,147246.41,3,0,65289.27,-0.1054,0.07,0.4117,10,5,1,0
CUST006921,36,2,USA,693,149647.76,3,0,119372.54,-0.2784,1.12,0.4849,11,8,0,0
CUST006922,22,13,India,639,23250.39,1,1,126446.74,-0.0194,0.17,0.2586,12,0,1,0
CUST006923,49,5,Germany,683,47943.13,2,1,66449.87,-0.0718,2.1,0.3283,13,0,1,0
CUST006924,39,0,USA,770,37581.23,2,1,152307.09,0.1129,0.42,0.2695,20,6,0,0
CUST006925,73,10,India,619,148704.73,3,0,180046.75,-0.075,1.02,0.7354,9,0,0,0
CUST006926,23,3,India,535,160341.77,1,1,134109.71,-0.022,1.39,0.2393,12,4,1,0
CUST006927,52,12,Germany,700,77072.99,1,1,125964.34,0.2516,2.45,0.268,11,0,1,0
CUST006928,39,7,USA,692,96078.82,1,1,18000.0,0.3957,0.5,0.317,20,1,1,0
CUST006929,18,2,India,710,186505.23,1,1,59299.06,0.1112,0.89,0.6703,13,2,1,0
CUST006930,37,4,India,554,200873.96,2,1,33714.84,-0.2822,0.36,0.2771,21,0,0,0
CUST006931,39,1,India,529,118139.3,1,1,144636.68,-0.2653,0.27,0.2331,10,0,1,0
CUST006932,65,14,USA,671,74654.7,1,0,147008.61,0.323,0.93,0.2073,17,1,0,0
CUST006933,72,1,Germany,665,49194.19,2,1,121309.07,0.1057,0.41,0.8248,10,4,1,0
CUST006934,28,10,USA,621,58547.48,1,1,87923.69,-0.0133,0.68,0.4617,6,0,1,0
CUST006935,30,12,USA,765,27975.59,1,1,87271.93,0.2928,0.18,0.3429,15,0,1,0
CUST006936,59,6,France,649,116406.82,4,0,285118.25,0.6037,1.0,0.1595,13,2,0,1
CUST006937,20,9,USA,748,67854.79,2,1,138354.47,-0.0772,2.79,0.3169,14,1,0,0
CUST006938,26,2,USA,720,25183.43,2,0,95515.9,0.2323,0.62,0.2756,7,7,0,0
CUST006939,29,4,India,562,146010.98,3,1,123510.88,0.2411,0.59,0.2201,9,1,1,0
CUST006940,40,2,USA,579,110281.5,1,1,38531.71,-0.2899,1.54,0.5032,11,7,1,0
CUST006941,31,5,USA,547,91976.62,1,0,127477.37,0.0542,0.13,0.5292,11,3,1,0
CUST006942,50,12,India,684,66037.72,1,1,87942.16,0.1037,0.4,0.1255,13,4,1,0
CUST006943,35,9,France,657,104342.92,1,0,124250.41,0.2195,0.15,0.5974,10,1,1,0
CUST006944,66,2,France,758,54402.91,2,1,54488.69,0.0618,0.63,0.5742,7,3,1,0
CUST006945,58,7,Germany,697,247685.1,1,0,187485.61,-0.0707,0.77,0.193,15,11,1,0
CUST006946,26,1,USA,546,217520.96,1,1,57543.18,-0.135,1.96,0.6922,16,1,1,0
CUST006947,40,2,USA,613,25329.04,2,0,83578.37,-0.0923,1.42,0.644,12,2,1,0
CUST006948,27,7,India,481,59898.26,1,1,47126.27,-0.0388,0.83,0.5556,10,2,1,0
CUST006949,36,7,India,673,20281.92,4,0,65136.45,0.0664,1.19,0.2943,9,3,1,0
CUST006950,64,0,Germany,850,40290.83,1,1,93368.1,0.4104,0.79,0.5881,13,0,1,0
CUST006951,22,7,USA,660,181822.51,2,1,102376.36,0.4821,0.68,0.6144,14,1,0,0
CUST006952,64,9,France,666,66714.81,2,0,88414.94,0.4137,0.04,0.4303,12,0,0,0
CUST006953,69,1,India,648,8158.1,3,1,124410.8,-0.1728,0.02,0.5888,11,4,1,0
CUST006954,40,11,USA,678,31441.95,1,1,212960.26,0.6006,1.53,0.3636,15,5,1,0
CUST006955,47,6,USA,637,89816.37,1,1,90658.98,0.1691,0.26,0.603,12,3,1,0
CUST006956,42,5,USA,699,98215.1,1,1,75962.13,-0.2437,0.35,0.1071,11,1,0,1
CUST006957,45,1,France,588,101513.25,2,1,166106.84,-0.0212,0.48,0.6024,18,4,1,0
CUST006958,51,4,France,591,142355.01,2,1,54513.56,0.2535,0.03,0.6155,10,5,1,1
CUST006959,62,6,India,546,131571.44,2,1,179192.83,0.0671,2.61,0.2324,13,1,0,0
CUST006960,73,7,India,647,3816.97,1,1,18000.0,-0.1492,0.09,0.708,11,4,1,0
CUST006961,65,2,India,561,8511.55,1,1,148066.19,0.0423,2.76,0.432,14,5,0,1
CUST006962,64,0,Germany,766,136429.05,1,1,54552.58,0.084,0.98,0.6578,14,0,0,0
CUST006963,42,12,India,615,37697.63,3,1,53035.07,0.0502,2.29,0.269,12,3,0,1
CUST006964,27,6,Germany,492,14917.8,2,1,118924.68,-0.0509,0.04,0.613,16,3,0,0
CUST006965,31,12,USA,559,9166.09,1,1,143875.55,-0.109,0.47,0.2511,15,4,0,0
CUST006966,59,4,USA,660,134089.63,2,1,133300.62,0.0073,2.44,0.4543,10,0,0,0
CUST006967,74,4,Germany,702,133001.74,1,0,67024.12,0.124,0.83,0.3607,10,11,1,0
CUST006968,63,6,USA,678,83947.87,2,0,141509.12,0.2837,0.63,0.4321,10,1,0,0
CUST006969,47,0,USA,584,17548.62,1,1,59995.17,0.4891,0.89,0.5743,13,2,0,0
CUST006970,72,7,India,604,72096.52,2,1,87854.41,0.227,0.16,0.5473,20,2,0,0
CUST006971,58,11,USA,594,66099.41,2,1,72308.88,0.1343,1.1,0.7168,11,6,1,0
CUST006972,42,13,USA,695,48692.66,1,0,92799.12,0.0647,0.26,0.635,16,1,1,0
CUST006973,31,9,USA,659,118402.18,1,1,74007.84,0.0479,0.26,0.2816,17,2,0,0
CUST006974,52,14,France,614,46239.31,1,1,108612.57,-0.0356,0.73,0.4253,14,0,1,0
CUST006975,69,4,France,597,109493.11,1,0,35054.35,0.1507,0.02,0.4459,15,3,1,0
CUST006976,65,7,Germany,608,96697.77,4,1,128293.72,-0.4315,0.04,0.7502,15,0,1,0
CUST006977,51,9,India,650,13370.84,1,1,75864.39,0.2532,0.01,0.3397,7,10,1,0
CUST006978,27,14,Germany,757,199587.24,1,0,49385.58,-0.0368,1.16,0.4666,13,4,0,0
CUST006979,52,9,India,664,111769.18,2,1,149548.78,-0.1743,0.02,0.4582,5,1,0,0
CUST006980,28,4,India,623,22745.18,1,0,189314.63,-0.0476,0.08,0.9182,13,4,1,0
CUST006981,28,11,India,616,13086.95,1,1,126697.02,-0.1351,0.75,0.2716,11,0,0,0
CUST006982,38,6,India,786,174217.92,1,1,111499.46,0.666,0.52,0.7629,12,5,1,0
CUST006983,38,9,India,715,87145.1,2,0,81336.91,-0.0515,0.36,0.1365,11,0,1,0
CUST006984,39,2,USA,728,110767.7,2,1,36090.76,0.0994,0.35,0.0816,13,7,0,0
CUST006985,62,1,France,709,100049.64,3,1,127683.3,-0.156,1.57,0.0974,18,0,1,0
CUST006986,24,5,India,646,143416.31,1,1,24921.73,0.2846,0.06,0.7424,12,12,1,0
CUST006987,72,4,France,745,146173.3,1,1,122242.62,-0.2532,2.08,0.5587,14,2,0,0
CUST006988,34,8,India,532,21590.96,3,1,18000.0,0.2987,0.22,0.5642,14,1,0,0
CUST006989,19,9,India,774,107197.81,2,1,109736.34,0.1345,0.54,0.2715,15,10,1,1
CUST006990,29,3,USA,709,11108.19,4,0,161760.8,0.1344,2.52,0.3425,20,4,1,0
CUST006991,74,10,Germany,688,8548.99,1,0,117501.3,0.1919,0.81,0.2182,12,3,1,1
CUST006992,59,2,India,589,57190.51,1,0,153144.92,-0.0171,0.23,0.3627,14,5,1,0
CUST006993,35,8,India,724,29431.31,1,1,170659.48,0.221,3.23,0.5964,13,7,1,1
CUST006994,71,7,USA,741,27785.79,1,1,101899.4,-0.0273,1.35,0.3163,11,5,1,0
CUST006995,28,5,India,593,58688.7,1,0,188995.02,-0.1039,0.3,0.631,8,0,1,0
CUST006996,33,0,Germany,596,74757.43,1,0,86474.88,-0.1726,0.73,0.8068,13,2,1,0
CUST006997,66,13,USA,567,177841.24,2,1,52958.62,0.3115,0.65,0.4633,9,5,1,0
CUST006998,68,9,India,693,77985.86,2,1,52542.96,0.3399,0.77,0.4964,16,1,1,0
CUST006999,35,12,France,642,78162.42,1,1,145762.95,0.5803,0.1,0.0843,7,0,0,0
CUST007000,52,11,India,819,53719.6,1,1,88276.17,-0.0153,0.83,0.4543,13,7,1,0
CUST007001,70,10,Germany,527,136562.8,4,1,79139.3,-0.0614,0.19,0.411,13,6,0,0
CUST007002,43,0,Germany,580,72787.63,1,0,135534.64,-0.09,0.31,0.6571,10,1,1,0
CUST007003,33,11,France,650,7841.73,2,1,25114.1,-0.3344,0.63,0.6031,13,2,1,0
CUST007004,23,5,USA,703,86518.81,2,1,225995.34,0.1356,0.19,0.1594,11,0,1,0
CUST007005,74,12,USA,699,172252.44,1,1,43922.13,0.0991,1.78,0.267,16,6,0,0
CUST007006,61,2,India,656,12498.95,2,1,129533.53,-0.049,0.43,0.3022,8,0,1,0
CUST007007,60,2,Germany,678,17658.65,2,1,126055.25,0.3639,0.14,0.2422,14,0,1,0
CUST007008,64,5,USA,659,69525.19,1,0,93081.91,-0.1711,0.05,0.6232,14,6,0,0
CUST007009,64,12,USA,733,54269.04,3,1,153272.3,-0.2088,1.22,0.282,12,1,1,0
CUST007010,65,2,France,605,102038.61,2,1,139519.43,0.255,1.41,0.7631,15,2,1,0
CUST007011,59,12,India,614,15055.68,2,1,94736.14,0.2971,0.07,0.3466,9,2,0,0
CUST007012,29,10,France,705,43157.12,2,0,130061.93,-0.0831,0.63,0.3679,9,2,1,0
CUST007013,30,9,France,775,79251.45,1,1,18000.0,-0.7349,0.85,0.5482,11,0,1,0
CUST007014,21,5,USA,599,81376.82,1,1,80706.01,-0.0105,1.91,0.3551,7,1,0,1
CUST007015,56,4,USA,669,237409.26,1,0,126525.34,-0.1234,0.04,0.5758,9,0,1,0
CUST007016,71,3,India,619,124563.91,1,0,68273.69,0.5864,0.34,0.738,15,2,1,0
CUST007017,19,7,France,694,19515.02,1,0,96044.52,0.3923,0.1,0.8358,13,2,1,0
CUST007018,43,1,India,518,13046.74,1,1,91093.17,-0.0257,0.45,0.4734,9,1,1,0
CUST007019,44,14,USA,622,8418.93,1,1,18000.0,0.0713,0.37,0.3628,13,1,1,0
CUST007020,44,11,Germany,604,176066.32,1,0,143709.66,0.2366,0.72,0.4499,8,1,1,0
CUST007021,32,13,France,622,9710.58,2,1,106199.37,0.0874,0.9,0.5544,12,1,1,0
CUST007022,25,10,Germany,446,112416.46,1,1,43460.22,0.0325,2.67,0.3067,13,4,1,0
CUST007023,24,6,USA,811,106201.14,2,0,188707.15,0.2997,0.14,0.2494,13,0,1,0
CUST007024,64,3,India,450,14874.37,2,1,109083.19,0.3768,1.28,0.5292,14,10,1,0
CUST007025,72,1,India,688,50029.77,2,1,111494.64,0.4163,1.5,0.0868,11,0,1,0
CUST007026,63,14,India,546,59606.09,2,1,95387.99,0.2126,0.67,0.204,15,1,1,0
CUST007027,57,6,France,550,22020.83,3,1,191484.58,0.2206,1.24,0.684,19,0,0,0
CUST007028,29,12,Germany,661,186669.93,2,0,144758.26,0.2115,0.34,0.3113,10,1,1,0
CUST007029,30,0,Germany,705,86562.53,1,1,66292.46,0.0335,0.03,0.3686,13,7,1,0
CUST007030,60,3,Germany,563,174774.3,1,0,18000.0,0.1386,0.13,0.1577,8,1,1,0
CUST007031,34,8,USA,561,212899.72,2,1,132605.49,-0.0956,0.15,0.0909,13,6,1,0
CUST007032,34,13,India,546,85895.75,1,1,93917.97,-0.3039,1.67,0.5327,17,1,1,0
CUST007033,73,3,India,667,99162.62,1,1,82913.97,0.1092,2.53,0.0405,12,0,1,0
CUST007034,53,11,India,566,27156.91,2,1,92842.22,0.4381,0.41,0.2856,10,8,0,1
CUST007035,38,12,Germany,753,158682.37,1,1,18000.0,-0.045,0.85,0.3722,9,12,1,0
CUST007036,25,2,India,557,73035.06,3,1,106567.95,0.1813,0.29,0.4879,13,7,1,0
CUST007037,22,9,Germany,693,49750.93,1,1,88028.06,-0.1713,0.47,0.7168,10,2,0,0
CUST007038,43,9,Germany,773,28404.18,2,1,78571.74,0.2593,0.78,0.4129,8,0,1,0
CUST007039,33,1,USA,655,80542.23,4,1,103189.22,-0.021,1.55,0.722,15,2,0,0
CUST007040,53,13,India,506,114534.26,2,0,174863.41,0.3938,0.45,0.4914,19,2,1,0
CUST007041,45,14,India,682,88626.04,2,0,83796.13,-0.1188,0.96,0.5009,12,0,1,0
CUST007042,71,2,India,630,104673.88,3,1,160086.29,0.4722,0.23,0.2321,10,2,1,0
CUST007043,46,0,Germany,646,62628.87,2,1,107793.38,0.3122,0.32,0.5034,8,0,0,0
CUST007044,64,9,India,776,107299.07,1,1,164297.82,-0.1071,0.2,0.418,12,4,0,0
CUST007045,29,7,Germany,654,105395.47,3,1,97103.38,-0.1108,1.6,0.5362,9,2,0,0
CUST007046,54,0,Germany,691,151319.72,1,1,58135.37,-0.0872,0.1,0.3193,10,1,0,0
CUST007047,47,2,India,597,125988.23,1,0,202220.64,0.3742,1.18,0.4743,16,11,1,1
CUST007048,40,13,Germany,627,85586.64,1,1,148824.1,-0.3126,0.8,0.2865,10,5,0,0
CUST007049,33,2,Germany,739,101714.79,2,1,168748.16,0.1478,0.84,0.6274,10,0,1,0
CUST007050,31,12,Germany,660,4617.48,1,1,128922.94,-0.355,1.68,0.5778,15,11,1,0
CUST007051,27,14,India,672,155227.97,2,1,103086.43,-0.3116,0.61,0.1366,7,0,1,0
CUST007052,24,1,India,730,60527.8,1,0,147560.41,-0.3532,0.06,0.3077,9,0,1,0
CUST007053,62,13,India,780,68267.99,1,1,128238.93,-0.1059,2.14,0.7109,13,4,1,1
CUST007054,69,4,India,557,46338.8,4,1,74572.91,-0.2101,0.33,0.3471,14,0,1,0
CUST007055,54,9,Germany,610,21025.32,1,0,122593.21,-0.1811,0.02,0.3658,10,1,1,0
CUST007056,46,2,Germany,766,25312.17,1,1,83560.78,-0.1538,0.61,0.7185,12,0,1,0
CUST007057,20,2,France,809,9189.21,1,1,38472.0,0.0181,0.36,0.835,8,0,0,0
CUST007058,32,7,India,629,61154.95,2,1,97102.21,-0.1497,1.94,0.6396,10,3,1,0
CUST007059,53,3,India,671,127668.07,2,1,71027.44,-0.1662,0.57,0.3724,10,0,0,0
CUST007060,64,3,Germany,678,74593.92,3,0,200921.79,0.6289,0.04,0.1368,10,0,1,0
CUST007061,63,2,India,668,117132.69,1,1,49396.62,-0.0733,0.22,0.3912,17,2,1,0
CUST007062,69,10,India,669,105834.47,2,1,79107.08,-0.4593,0.2,0.2182,15,1,0,0
CUST007063,36,0,USA,759,48194.8,2,0,72656.13,0.2772,1.16,0.3653,13,1,0,0
CUST007064,30,7,India,505,152766.86,2,0,137571.19,-0.0509,0.05,0.3482,15,9,0,0
CUST007065,59,14,USA,597,137953.14,2,1,112138.17,-0.1668,0.32,0.3056,14,1,0,0
CUST007066,38,0,India,701,126916.32,2,0,191580.7,-0.1906,0.89,0.1449,17,0,1,1
CUST007067,54,6,USA,610,101782.44,1,0,172420.43,0.1901,0.76,0.5515,12,6,0,0
CUST007068,44,4,Germany,672,54934.49,1,1,105069.94,0.1233,0.83,0.569,5,2,1,0
CUST007069,72,3,India,736,54795.7,2,0,47995.6,-0.0947,0.66,0.8825,12,0,0,0
CUST007070,69,3,France,778,74147.51,1,1,118005.44,0.1128,0.15,0.1755,17,0,1,0
CUST007071,46,7,USA,672,161431.25,1,0,111231.57,0.1045,0.9,0.6405,13,6,1,0
CUST007072,37,10,France,769,145298.88,1,1,28370.93,0.1307,2.41,0.0472,11,5,1,0
CUST007073,42,10,India,661,13442.93,1,1,90330.62,-0.1873,0.03,0.4319,11,2,1,0
CUST007074,23,12,USA,625,92098.81,2,0,109603.58,0.2444,0.36,0.0586,12,0,1,0
CUST007075,53,13,USA,526,78205.22,1,1,102094.17,-0.1708,0.28,0.141,13,3,0,0
CUST007076,19,5,Germany,569,48636.92,2,1,53061.79,0.0628,0.13,0.2863,13,3,0,0
CUST007077,39,13,USA,650,34016.99,1,1,99420.42,-0.0411,0.25,0.6881,14,0,0,0
CUST007078,49,11,USA,652,110476.1,2,1,94382.44,0.063,0.02,0.1606,21,7,0,0
CUST007079,33,0,France,668,8539.2,2,0,123438.97,0.3643,0.82,0.6905,7,2,1,0
CUST007080,35,13,India,796,18757.25,2,1,56319.14,0.082,0.76,0.3944,22,8,1,0
CUST007081,22,9,India,710,45070.82,1,1,156247.57,0.2901,0.56,0.2386,10,2,1,0
CUST007082,71,7,USA,714,75514.61,1,1,123837.57,0.1004,0.3,0.2616,9,5,0,0
CUST007083,53,12,USA,796,31810.72,1,1,36511.3,0.5211,2.99,0.2419,10,2,0,0
CUST007084,47,13,USA,621,146544.17,1,1,112958.68,0.1729,0.77,0.4027,14,2,1,0
CUST007085,62,1,USA,609,63517.97,1,0,102028.28,-0.3045,1.75,0.3453,14,0,1,0
CUST007086,36,5,France,747,77567.87,2,1,95921.6,-0.1833,0.29,0.1231,14,2,0,0
CUST007087,40,8,Germany,688,144362.52,4,1,29477.29,-0.1297,1.13,0.2181,10,0,0,0
CUST007088,51,0,India,646,30563.37,1,1,84747.77,-0.0243,0.0,0.4489,15,0,1,0
CUST007089,30,5,India,645,167840.12,1,0,69524.88,-0.1138,0.9,0.6281,9,0,1,0
CUST007090,60,7,France,636,76343.84,3,1,78450.61,-0.3062,1.1,0.6588,7,6,0,0
CUST007091,71,9,Germany,641,125102.48,2,0,143554.94,0.0351,0.25,0.3564,13,1,1,0
CUST007092,46,12,France,649,103525.73,1,0,67721.04,-0.4857,5.02,0.6182,10,0,0,1
CUST007093,53,1,India,626,118593.98,4,1,205233.11,0.4831,0.55,0.2762,13,4,1,0
CUST007094,39,4,Germany,694,80713.32,2,1,218903.3,0.0284,0.37,0.1803,15,0,0,0
CUST007095,69,5,Germany,709,46976.33,2,1,117270.15,0.4562,0.16,0.4939,14,0,1,0
CUST007096,69,4,India,604,196203.31,2,1,38352.0,-0.189,0.14,0.3486,12,1,1,0
CUST007097,64,2,USA,722,74751.6,1,1,38331.32,0.0224,0.19,0.414,10,2,1,0
CUST007098,53,3,USA,548,7944.72,1,0,122772.06,0.2936,0.61,0.2234,10,4,1,0
CUST007099,26,6,USA,690,167066.37,1,1,88898.97,0.5273,0.62,0.4981,13,0,0,0
CUST007100,56,3,Germany,694,56732.18,2,1,65144.8,0.1939,0.6,0.0154,6,0,0,0
CUST007101,68,8,Germany,643,30839.35,1,1,100609.36,-0.2642,1.57,0.6183,14,0,0,1
CUST007102,36,10,France,654,24897.79,1,1,37650.09,0.0445,0.0,0.4959,18,2,1,0
CUST007103,55,11,Germany,631,45400.75,1,0,214395.59,-0.2364,0.25,0.4824,6,0,0,1
CUST007104,23,13,USA,609,27748.58,1,1,127616.15,0.2885,1.73,0.4,7,0,1,0
CUST007105,69,12,India,650,185002.72,1,1,178595.86,0.1748,0.08,0.2793,7,1,1,0
CUST007106,64,12,Germany,606,104455.29,2,1,146215.56,0.309,0.17,0.479,19,1,0,0
CUST007107,32,9,USA,741,75705.58,1,1,136562.09,0.1888,0.32,0.5195,11,0,0,0
CUST007108,74,1,India,481,40199.21,2,1,57308.07,0.1357,1.34,0.4095,11,0,1,1
CUST007109,37,4,USA,639,67439.61,2,0,18000.0,-0.2748,0.7,0.6017,15,1,1,0
CUST007110,26,7,India,497,145114.11,1,1,150024.04,-0.0275,0.65,0.4876,7,6,1,0
CUST007111,49,13,Germany,564,37317.53,1,1,100903.12,0.2275,2.07,0.8406,13,3,0,0
CUST007112,21,4,India,603,258244.54,2,1,205947.55,-0.1577,0.53,0.7833,15,1,0,0
CUST007113,67,9,India,757,21275.33,1,1,79403.45,-0.2397,2.35,0.4379,16,0,1,0
CUST007114,35,11,France,742,60531.04,3,1,101108.9,0.2572,0.12,0.213,17,0,0,0
CUST007115,22,7,Germany,655,66092.86,2,1,83915.48,0.0598,0.41,0.6458,16,0,1,0
CUST007116,37,7,Germany,655,64464.89,2,1,164070.85,0.3265,1.38,0.4408,11,0,1,0
CUST007117,40,8,USA,732,34349.19,2,0,18000.0,-0.0171,0.13,0.1275,7,5,0,0
CUST007118,28,9,Germany,740,130238.13,1,0,119050.66,0.0978,0.15,0.1659,9,0,0,0
CUST007119,54,5,Germany,604,146735.09,2,1,68695.65,-0.0034,0.38,0.2159,11,0,1,0
CUST007120,39,11,USA,703,135228.12,1,1,103617.22,0.1145,2.11,0.0778,10,0,1,0
CUST007121,21,3,France,573,81523.96,1,1,174719.22,0.5439,0.16,0.7241,11,0,0,0
CUST007122,46,11,India,618,39461.25,1,0,48575.19,0.3572,2.49,0.536,15,1,0,1
CUST007123,61,10,France,697,64495.44,2,1,47715.17,0.3198,0.89,0.1408,10,1,0,0
CUST007124,51,2,USA,597,70639.19,2,1,190370.03,-0.1992,0.51,0.536,15,2,1,0
CUST007125,30,14,USA,621,15213.44,1,0,83140.93,-0.0336,0.01,0.4322,11,3,0,0
CUST007126,59,11,India,517,87045.75,2,1,74504.33,0.0736,0.6,0.3254,12,2,0,0
CUST007127,26,13,USA,686,187570.72,1,0,75272.56,-0.0546,0.43,0.326,7,0,0,0
CUST007128,59,4,USA,579,65474.51,1,1,21540.6,0.2439,1.25,0.7158,11,0,1,0
CUST007129,48,5,France,584,106995.03,3,1,174852.79,0.2165,0.66,0.4764,11,0,1,0
CUST007130,24,2,France,758,35271.01,1,1,169288.51,-0.2963,2.91,0.7117,13,2,1,0
CUST007131,21,1,France,595,130916.59,1,1,18000.0,0.0104,0.09,0.5921,8,5,1,0
CUST007132,36,6,India,710,35217.74,1,0,83613.03,-0.304,1.97,0.462,15,0,0,0
CUST007133,59,10,France,737,50380.77,1,1,24799.47,-0.1848,0.38,0.384,20,5,0,0
CUST007134,47,4,USA,723,108080.08,1,0,138786.36,0.2047,0.57,0.4166,9,2,1,0
CUST007135,48,8,France,630,14574.97,1,1,128801.08,0.2945,1.53,0.5865,10,3,1,0
CUST007136,52,14,India,615,102815.85,1,1,52276.29,-0.4786,0.92,0.2083,10,3,0,1
CUST007137,74,2,USA,576,141169.09,1,1,78784.27,0.0843,2.34,0.4003,9,4,1,0
CUST007138,38,13,France,509,86101.07,2,1,165003.53,0.3167,3.34,0.7236,16,0,1,0
CUST007139,48,14,France,711,129860.01,3,0,93336.51,-0.3775,0.82,0.3631,11,0,1,0
CUST007140,36,7,Germany,704,4082.11,1,0,70172.08,0.0345,0.66,0.3723,6,3,1,0
CUST007141,48,5,Germany,688,103788.32,2,1,146570.37,-0.4536,0.23,0.5332,9,0,0,1
CUST007142,70,3,India,422,47717.67,1,1,103812.87,0.0489,0.26,0.4034,5,7,1,1
CUST007143,49,11,Germany,635,99889.59,1,1,161802.82,0.3823,0.23,0.5953,12,1,0,0
CUST007144,19,11,USA,700,174068.82,2,1,146038.06,0.1194,1.23,0.0709,15,1,1,0
CUST007145,69,14,India,752,109065.32,2,1,131346.25,-0.0649,0.76,0.5732,14,0,1,0
CUST007146,27,8,India,673,37515.74,1,1,57682.27,0.3156,1.06,0.4203,16,0,1,0
CUST007147,19,4,India,665,66034.38,1,1,164037.91,-0.1718,1.36,0.5541,14,0,0,0
CUST007148,19,14,Germany,595,324.01,1,1,100364.72,0.4375,1.79,0.1958,13,6,0,0
CUST007149,41,9,India,680,46533.14,2,1,103777.92,0.092,0.13,0.2618,12,2,1,0
CUST007150,34,5,USA,631,129316.31,2,1,27903.05,-0.0544,1.66,0.3373,15,1,0,0
CUST007151,49,13,India,591,126084.74,1,1,67480.92,0.141,0.83,0.0945,13,0,1,0
CUST007152,33,14,USA,557,124291.25,1,1,55869.86,0.1584,2.0,0.2939,10,0,1,0
CUST007153,33,14,Germany,574,110731.2,1,0,124557.46,0.3634,2.11,0.3234,11,0,1,0
CUST007154,63,12,Germany,675,7145.9,2,1,143441.62,0.1884,0.44,0.4118,11,0,0,0
CUST007155,56,8,USA,538,125727.15,1,0,86904.9,0.2732,1.0,0.7438,10,6,1,0
CUST007156,70,6,USA,626,33977.56,1,0,106934.72,0.0261,1.4,0.0985,9,2,0,1
CUST007157,48,11,India,754,103770.33,1,1,96814.89,-0.0663,0.24,0.11,13,5,1,0
CUST007158,60,4,France,535,19081.85,1,1,184792.73,0.0401,0.53,0.6252,18,0,1,0
CUST007159,41,1,India,685,64811.1,1,1,18000.0,0.265,0.24,0.627,9,0,1,0
CUST007160,18,3,India,693,71802.8,2,1,47836.55,0.1816,0.07,0.529,16,1,1,0
CUST007161,28,1,Germany,626,97421.51,1,1,86007.22,-0.1277,0.96,0.2271,9,1,1,0
CUST007162,72,2,India,699,23960.88,3,1,115262.13,-0.2186,0.68,0.4614,11,0,0,0
CUST007163,38,9,Germany,634,117017.6,2,1,76206.17,0.2156,0.41,0.5297,9,1,0,0
CUST007164,21,11,India,713,5413.82,1,1,21741.4,0.4874,0.19,0.2217,6,0,0,0
CUST007165,24,2,Germany,564,181432.69,2,1,131778.97,0.0358,0.17,0.4193,8,6,0,0
CUST007166,43,3,India,801,29399.58,1,1,181204.44,0.298,0.26,0.6601,11,5,1,0
CUST007167,64,5,India,764,45367.37,1,1,24751.2,-0.2481,3.22,0.0525,9,0,1,1
CUST007168,67,11,India,471,71529.93,4,1,118965.57,0.2751,2.63,0.0774,13,1,1,1
CUST007169,29,2,Germany,743,50463.97,2,0,154357.52,0.0023,1.49,0.7251,10,3,0,0
CUST007170,48,9,France,603,19081.99,1,1,121911.73,0.2074,0.06,0.5744,18,1,1,0
CUST007171,34,13,USA,764,159434.87,1,1,150881.77,0.6107,1.43,0.2451,14,2,0,0
CUST007172,50,0,Germany,730,122802.95,1,1,82013.76,0.2403,1.13,0.5692,8,6,0,0
CUST007173,28,0,Germany,563,104647.97,1,1,57652.54,-0.1591,2.23,0.3111,12,1,1,0
CUST007174,45,8,France,696,16765.6,1,0,162833.85,-0.2304,0.5,0.6843,9,4,0,0
CUST007175,49,8,Germany,593,43140.12,1,0,118103.06,-0.3916,0.58,0.6231,15,2,0,0
CUST007176,18,4,India,693,38115.13,2,1,109259.22,0.0547,0.67,0.4784,8,1,1,0
CUST007177,64,8,Germany,653,37266.88,2,0,111621.99,-0.1601,0.63,0.4904,14,1,1,0
CUST007178,45,10,USA,591,92827.54,1,1,30152.7,-0.3883,0.3,0.4074,8,7,1,0
CUST007179,70,6,India,543,97359.18,2,1,68970.11,0.351,0.14,0.5552,8,0,1,0
CUST007180,59,8,India,668,83572.89,1,1,108675.78,0.0915,1.0,0.1387,10,3,0,0
CUST007181,24,11,France,687,90104.55,1,1,182982.32,0.1361,1.95,0.4272,12,1,1,0
CUST007182,19,6,France,637,5766.56,2,0,48439.66,-0.1959,0.88,0.2399,18,0,0,0
CUST007183,59,8,Germany,588,20543.67,2,1,65282.4,0.271,1.41,0.2677,16,0,1,0
CUST007184,41,14,France,611,56381.8,1,1,128113.38,-0.0391,0.59,0.1506,11,0,1,1
CUST007185,21,1,Germany,562,161833.2,1,1,18000.0,-0.1773,0.56,0.354,16,2,1,0
CUST007186,61,10,India,708,148078.4,4,0,90430.38,0.1532,3.39,0.1809,13,4,1,0
CUST007187,36,10,India,477,108053.43,2,1,41193.38,-0.0653,4.17,0.1805,14,2,1,0
CUST007188,43,7,India,726,200922.27,1,1,203275.94,0.4076,0.75,0.1057,9,0,1,0
CUST007189,28,6,India,643,107605.52,1,1,138026.45,0.1023,0.37,0.1728,14,1,1,0
CUST007190,57,5,India,691,115429.2,3,1,55579.4,-0.4719,0.37,0.6282,10,0,1,0
CUST007191,67,4,USA,699,167746.48,1,1,103802.26,0.1848,0.89,0.2778,12,2,1,0
CUST007192,60,3,Germany,659,119131.32,1,1,53458.15,0.7194,0.2,0.3364,11,4,0,0
CUST007193,28,6,France,618,178213.59,1,1,50104.14,-0.1737,3.14,0.4333,17,5,1,1
CUST007194,62,2,USA,738,77767.88,1,1,38378.15,-0.3425,1.0,0.4548,10,1,1,0
CUST007195,20,7,France,512,36299.68,1,0,66279.37,0.524,0.14,0.1481,15,6,0,0
CUST007196,29,1,USA,754,70085.81,2,0,118795.81,-0.1472,0.36,0.2284,14,1,0,0
CUST007197,20,0,France,560,90738.79,1,0,157341.82,0.0852,0.2,0.3413,9,0,1,0
CUST007198,59,10,USA,623,19904.31,2,0,48669.96,-0.2812,0.07,0.6619,11,7,0,0
CUST007199,44,1,India,764,31833.39,1,0,55064.38,-0.1417,0.83,0.8028,8,0,1,0
CUST007200,66,8,France,828,49780.5,1,0,208170.49,-0.0383,0.09,0.071,6,1,1,0
CUST007201,71,4,India,664,7902.29,2,0,106408.1,0.1251,0.4,0.0816,10,0,0,0
CUST007202,19,10,USA,541,39537.48,4,0,85529.71,-0.1867,0.89,0.6343,13,0,0,0
CUST007203,66,7,India,718,121564.42,3,0,60042.69,0.0851,0.14,0.6539,11,0,0,0
CUST007204,33,2,Germany,646,125229.76,1,1,68362.49,-0.2019,1.72,0.402,9,0,1,0
CUST007205,19,6,France,565,10960.33,1,1,102291.11,0.1285,0.16,0.8353,13,2,0,0
CUST007206,71,14,India,667,95159.97,2,1,155127.53,-0.0163,0.75,0.6096,7,1,0,0
CUST007207,47,1,France,545,71703.75,2,1,46322.89,0.0167,2.06,0.5427,13,2,0,0
CUST007208,37,7,India,665,141166.49,2,1,88333.27,-0.0826,0.08,0.5019,9,0,1,0
CUST007209,55,13,India,576,59308.44,4,0,185773.87,0.2467,0.09,0.4732,13,0,1,0
CUST007210,45,6,India,492,851.2,1,1,26387.53,0.2564,0.11,0.2833,8,1,0,0
CUST007211,42,11,Germany,517,45829.95,2,1,160711.08,-0.0347,0.35,0.5867,8,1,0,0
CUST007212,49,4,India,601,1766.59,1,1,200724.85,-0.0492,0.89,0.1263,12,4,0,1
CUST007213,27,11,USA,690,63810.65,3,1,101965.73,0.527,0.62,0.512,10,2,1,0
CUST007214,59,10,India,750,72694.59,2,0,163163.56,0.1699,0.28,0.5521,10,1,0,0
CUST007215,57,3,India,764,108190.5,2,1,18000.0,0.2143,0.77,0.7273,12,1,0,0
CUST007216,50,0,Germany,529,87596.99,2,1,87142.55,0.3939,0.47,0.1667,14,2,1,0
CUST007217,30,4,India,632,3666.53,2,1,151791.18,-0.0268,0.35,0.6658,9,0,1,0
CUST007218,73,11,India,601,7858.13,2,0,30765.81,0.4116,0.39,0.406,10,0,0,0
CUST007219,58,8,India,641,89516.29,3,0,162767.9,-0.4345,0.36,0.2157,15,3,0,0
CUST007220,71,9,USA,762,181291.52,1,1,221143.15,0.4898,0.57,0.1428,11,0,1,0
CUST007221,59,3,Germany,662,156284.45,4,1,65042.26,-0.1162,0.38,0.5015,16,0,0,0
CUST007222,64,12,India,719,57794.34,1,0,135641.25,0.1834,0.31,0.6819,7,6,1,0
CUST007223,54,8,India,826,89116.07,1,1,146240.29,0.2205,0.31,0.0277,18,1,1,0
CUST007224,71,11,USA,524,132618.26,1,0,177036.91,-0.0753,0.2,0.4133,15,0,1,0
CUST007225,33,1,India,612,67079.5,1,0,45162.46,0.2984,0.19,0.4446,12,1,1,0
CUST007226,62,3,France,695,7319.26,2,1,68629.91,0.2764,0.27,0.2348,15,0,0,0
CUST007227,39,8,Germany,671,98827.6,1,1,131005.61,0.0409,2.87,0.4992,19,0,1,0
CUST007228,74,3,USA,733,87271.32,3,1,104366.5,-0.1845,0.18,0.1104,3,2,1,0
CUST007229,37,4,India,619,63677.5,1,1,187462.55,0.4128,0.47,0.588,9,0,1,0
CUST007230,67,10,Germany,666,29766.77,1,1,85325.22,0.1334,1.91,0.5614,7,1,0,0
CUST007231,60,7,Germany,589,12475.34,3,0,79617.39,0.3559,0.01,0.6662,13,2,1,0
CUST007232,44,0,USA,735,59720.34,2,0,117734.19,-0.5343,0.74,0.4134,17,6,1,1
CUST007233,58,0,Germany,653,42120.74,2,1,116625.18,0.2108,1.63,0.6373,15,0,0,0
CUST007234,33,8,Germany,762,164796.66,1,0,94208.38,-0.0767,0.15,0.2725,10,9,1,0
CUST007235,51,8,USA,762,163971.02,2,0,55774.27,0.0314,1.34,0.2466,9,6,1,0
CUST007236,49,3,India,547,23307.26,1,1,106816.9,0.2644,0.83,0.6274,11,1,1,0
CUST007237,43,12,Germany,775,169279.59,4,1,122250.35,-0.421,1.38,0.6,20,7,1,0
CUST007238,42,1,India,724,176253.34,2,0,59190.73,-0.1221,0.06,0.6047,11,5,1,0
CUST007239,19,12,Germany,637,94162.23,2,1,45444.57,0.1458,0.06,0.3979,14,0,0,0
CUST007240,29,8,Germany,717,18283.11,2,0,117792.33,-0.3685,0.12,0.6788,9,7,0,0
CUST007241,57,13,Germany,609,83385.26,2,0,248537.58,0.1299,3.09,0.4223,9,0,0,0
CUST007242,26,3,USA,758,55764.38,2,1,160758.17,-0.2463,1.69,0.4458,5,0,1,0
CUST007243,29,5,India,657,39555.43,2,1,91087.84,0.502,0.68,0.513,12,2,0,0
CUST007244,43,11,India,721,92519.52,1,0,90161.58,0.1928,0.6,0.6128,8,0,0,0
CUST007245,26,0,Germany,599,99901.4,1,1,108346.08,0.2337,0.24,0.2669,15,3,1,0
CUST007246,27,11,France,672,48425.51,1,1,72253.3,-0.1995,0.19,0.6915,15,2,1,0
CUST007247,49,8,Germany,720,80349.0,2,1,119875.78,0.0563,0.21,0.3657,14,6,1,0
CUST007248,74,4,India,674,12817.19,2,1,29901.85,-0.0391,1.05,0.473,6,1,0,0
CUST007249,51,14,France,694,163274.97,2,0,78667.87,0.171,0.8,0.4412,12,4,0,0
CUST007250,65,2,France,589,165769.24,2,1,165908.17,0.2327,0.56,0.377,10,0,1,0
CUST007251,37,3,USA,674,120050.1,2,0,134983.47,0.0213,1.43,0.6054,10,1,1,0
CUST007252,56,0,USA,589,59402.72,1,0,133848.07,0.0786,0.05,0.3866,13,0,1,0
CUST007253,19,13,Germany,648,24937.61,1,1,154762.48,-0.0132,0.03,0.1966,11,0,0,0
CUST007254,18,8,Germany,610,128440.11,1,0,84707.56,0.4973,1.37,0.4067,15,0,1,0
CUST007255,68,13,France,633,87443.84,1,1,33613.16,-0.2299,0.43,0.4852,11,11,1,0
CUST007256,53,7,India,509,13881.35,1,1,110423.92,-0.2932,0.88,0.3507,7,0,1,0
CUST007257,41,3,USA,652,141623.78,2,1,122994.15,0.1263,0.41,0.4778,17,1,1,0
CUST007258,71,1,Germany,641,48254.75,1,1,183872.17,-0.1043,0.46,0.1669,14,0,1,0
CUST007259,44,13,France,528,22448.11,1,1,67159.85,-0.2047,0.02,0.4961,14,8,1,1
CUST007260,19,8,France,677,134692.71,4,1,88195.64,0.1467,0.6,0.375,10,0,1,0
CUST007261,48,3,France,716,27107.23,4,1,157139.88,-0.2188,0.03,0.4651,8,0,0,0
CUST007262,74,8,USA,675,83794.41,2,1,143344.31,0.0821,0.35,0.5539,10,1,0,0
CUST007263,31,9,Germany,712,155553.55,1,1,30113.0,-0.0065,0.12,0.355,11,0,0,0
CUST007264,19,2,USA,607,149333.83,2,0,156223.35,0.0269,0.2,0.9086,9,6,0,0
CUST007265,46,6,USA,632,97181.29,2,1,184171.79,-0.1716,1.9,0.3361,10,3,0,0
CUST007266,32,6,India,655,3296.61,1,1,76089.19,-0.1772,2.79,0.4539,10,6,1,1
CUST007267,29,9,Germany,661,45160.96,2,1,156046.47,-0.0304,0.03,0.2608,16,10,1,0
CUST007268,54,12,France,462,225801.03,1,1,132816.37,0.4545,1.96,0.3231,9,10,1,0
CUST007269,45,3,India,576,134759.2,4,1,59949.83,-0.3366,1.52,0.4444,12,1,1,0
CUST007270,37,1,India,730,61671.71,2,1,38504.22,0.1628,0.58,0.3749,14,6,1,0
CUST007271,56,10,Germany,587,2086.92,1,0,120256.71,-0.2411,0.53,0.8518,10,2,0,0
CUST007272,41,8,USA,630,41799.12,1,1,153969.43,0.0895,0.39,0.1123,14,9,1,0
CUST007273,38,3,France,645,151340.04,1,1,83775.15,0.0521,0.85,0.3041,9,1,1,0
CUST007274,27,7,India,542,152573.38,3,0,44099.11,0.1108,0.16,0.7385,16,1,0,0
CUST007275,63,13,India,776,73633.81,1,1,18000.0,0.4807,0.06,0.1628,12,3,1,0
CUST007276,31,1,USA,647,50518.35,1,1,106735.68,0.2777,3.12,0.8228,10,0,0,0
CUST007277,54,7,India,581,146323.32,1,1,64529.87,0.032,1.38,0.3368,14,0,1,0
CUST007278,35,10,India,701,15687.04,1,1,60697.84,0.4194,0.38,0.3955,13,2,0,0
CUST007279,41,9,India,626,199891.61,3,0,182232.3,-0.1892,0.05,0.5306,14,3,1,0
CUST007280,31,4,India,654,121744.23,3,1,137248.49,-0.239,2.52,0.1039,13,2,0,0
CUST007281,51,6,India,762,1683.7,1,0,133371.41,0.4798,0.04,0.333,10,3,1,0
CUST007282,29,6,France,606,124730.51,1,1,97655.9,0.0857,0.0,0.5701,8,1,1,0
CUST007283,39,11,India,741,33627.19,2,0,125888.79,0.2364,0.27,0.1673,13,0,0,0
CUST007284,73,8,USA,622,6818.38,2,1,115104.5,-0.2096,1.09,0.2587,17,1,0,0
CUST007285,23,2,France,655,124517.62,1,1,83683.27,-0.1003,1.49,0.2319,12,0,1,0
CUST007286,53,9,Germany,674,7515.27,1,1,99181.45,0.4413,0.7,0.3901,9,2,1,1
CUST007287,62,3,USA,622,6854.83,1,1,159160.58,-0.4405,0.49,0.2547,15,1,0,0
CUST007288,53,9,Germany,568,106051.31,1,1,117114.8,0.1161,0.01,0.3243,15,0,1,0
CUST007289,39,3,Germany,686,69577.24,2,1,215587.94,0.3659,0.34,0.0998,8,10,1,0
CUST007290,31,14,France,739,138714.2,1,1,162193.62,-0.3924,0.07,0.7734,16,6,1,0
CUST007291,33,12,USA,700,57387.08,1,0,97014.89,0.0545,0.2,0.2815,10,7,0,0
CUST007292,53,9,France,697,51816.04,2,1,110592.13,-0.5172,0.06,0.2019,13,1,0,0
CUST007293,73,4,USA,613,50274.69,2,1,101145.96,0.0047,1.82,0.1077,18,1,0,0
CUST007294,42,13,India,705,107143.97,1,1,168174.77,0.1221,0.98,0.1359,8,4,1,0
CUST007295,49,5,France,678,74895.69,1,1,44403.92,0.1088,0.48,0.5889,16,1,0,0
CUST007296,50,14,USA,719,149672.92,2,0,94307.58,0.314,2.14,0.1335,11,1,1,0
CUST007297,62,2,France,657,123114.81,1,0,134389.41,0.0928,0.19,0.1139,20,2,1,0
CUST007298,53,12,India,697,96589.8,2,1,126422.23,0.1008,2.46,0.5454,12,0,1,0
CUST007299,37,3,India,611,30694.12,1,0,172356.73,0.1553,0.06,0.3706,14,0,1,0
CUST007300,35,2,France,705,50248.84,1,0,81021.25,-0.0359,1.29,0.7363,11,6,0,0
CUST007301,55,1,India,549,110054.35,1,0,25438.38,0.0621,0.32,0.1212,19,1,1,0
CUST007302,20,9,France,623,72799.64,1,0,124947.84,-0.2668,0.11,0.1856,10,0,0,0
CUST007303,40,11,France,594,163927.5,1,0,110536.36,0.948,0.87,0.0418,5,2,1,0
CUST007304,49,8,France,850,157505.9,3,1,122688.35,0.1624,0.81,0.391,11,0,0,0
CUST007305,62,0,USA,702,60475.77,2,1,82365.94,-0.1277,2.18,0.4331,16,2,1,0
CUST007306,33,1,USA,563,81784.88,2,0,130528.55,0.4315,0.26,0.4225,5,2,0,0
CUST007307,22,7,France,540,26747.13,2,1,89184.43,0.5582,1.16,0.5247,8,0,1,0
CUST007308,21,14,Germany,510,69663.05,2,0,133274.96,-0.0885,2.04,0.2739,9,0,1,0
CUST007309,38,6,USA,558,134892.84,2,1,93921.74,-0.1082,0.49,0.4731,9,1,1,0
CUST007310,57,11,France,582,42279.14,2,1,176558.17,0.5118,0.43,0.2869,7,0,1,0
CUST007311,68,0,Germany,571,53249.87,1,0,18000.0,-0.2213,0.37,0.2819,13,1,1,0
CUST007312,31,4,France,612,3548.96,1,1,18000.0,0.179,3.3,0.2406,13,10,1,1
CUST007313,56,9,India,716,41069.26,4,1,131958.41,-0.0168,0.75,0.4027,13,0,1,0
CUST007314,48,5,India,634,114043.06,2,0,29672.06,0.2943,2.04,0.281,13,1,1,0
CUST007315,31,4,USA,707,61075.58,2,1,108278.26,0.2296,0.48,0.6387,12,1,0,0
CUST007316,23,3,India,564,4606.38,2,1,77012.44,0.1062,1.71,0.4314,14,0,1,0
CUST007317,29,13,Germany,619,89150.26,2,1,164783.33,0.1393,0.5,0.3959,14,1,1,0
CUST007318,33,12,India,574,72815.89,1,0,102836.26,-0.1873,0.14,0.1369,14,3,0,0
CUST007319,34,0,France,685,145481.44,4,1,75271.27,0.0618,0.73,0.3016,13,0,0,0
CUST007320,62,6,India,635,67578.51,2,0,180909.28,0.0445,1.63,0.576,15,1,1,0
CUST007321,40,8,USA,791,14307.74,2,0,130986.31,-0.1002,0.03,0.4626,20,0,0,0
CUST007322,31,5,India,596,135726.02,1,1,46347.66,-0.103,0.27,0.366,11,12,0,0
CUST007323,24,2,USA,566,15889.03,3,0,18000.0,-0.1485,2.34,0.7037,12,1,1,1
CUST007324,63,14,India,673,4687.46,2,1,163616.56,0.2817,0.25,0.1686,9,1,1,0
CUST007325,49,9,India,635,11520.86,2,1,116088.93,0.0715,0.41,0.4202,12,1,1,0
CUST007326,32,13,Germany,690,38132.59,1,0,141499.07,-0.2049,0.32,0.2806,10,3,1,1
CUST007327,61,3,India,645,41202.6,2,1,156424.25,0.2659,0.24,0.3432,14,7,1,0
CUST007328,34,9,India,638,31051.68,1,1,128859.6,0.3331,0.4,0.3839,13,0,1,0
CUST007329,58,4,Germany,596,124411.07,2,0,114805.19,-0.0268,1.53,0.3532,13,0,0,1
CUST007330,71,14,India,628,65388.77,2,1,94689.32,-0.1208,0.32,0.1794,14,11,1,0
CUST007331,64,11,USA,527,65762.02,1,0,120828.54,0.3892,0.97,0.372,13,0,1,0
CUST007332,61,11,India,745,72506.5,2,1,84383.15,0.5004,0.23,0.4255,11,0,1,0
CUST007333,51,0,India,751,110977.57,1,1,164208.5,0.3487,0.16,0.3295,6,4,0,0
CUST007334,22,4,Germany,725,25220.58,2,1,133935.01,0.0332,1.32,0.1492,14,1,1,0
CUST007335,62,0,India,613,110743.92,2,1,171287.4,-0.1338,0.11,0.0355,10,5,0,0
CUST007336,44,8,France,599,82988.14,1,0,116143.74,-0.4506,1.19,0.2714,13,4,1,0
CUST007337,69,6,France,689,16623.26,2,1,104030.39,0.3523,0.81,0.516,14,2,1,0
CUST007338,40,2,India,573,113758.33,2,0,95984.88,-0.3242,0.61,0.3605,11,3,0,0
CUST007339,57,8,France,740,79550.82,4,1,182143.8,-0.1667,0.49,0.4638,9,0,0,0
CUST007340,31,1,India,459,11113.69,1,1,43359.64,-0.0625,0.61,0.4927,13,8,0,0
CUST007341,32,11,India,613,15818.21,2,1,18000.0,0.1946,0.11,0.6828,7,1,1,0
CUST007342,60,6,India,564,105745.51,1,1,90843.88,-0.6406,0.23,0.0757,9,1,1,0
CUST007343,50,8,USA,749,138897.43,2,1,95080.55,0.0714,0.02,0.5094,9,0,0,0
CUST007344,70,5,USA,735,93522.54,2,1,153292.65,0.4806,0.96,0.0576,20,0,1,0
CUST007345,48,9,India,695,131141.07,2,0,166948.11,-0.1113,1.28,0.2706,11,2,0,1
CUST007346,52,4,Germany,803,152425.55,1,1,94217.96,0.2282,0.94,0.3157,12,1,1,0
CUST007347,34,11,Germany,650,62038.47,4,1,80411.12,-0.0689,0.99,0.6189,11,3,0,0
CUST007348,45,6,India,700,86202.9,3,0,18000.0,0.1204,1.59,0.2643,10,0,1,0
CUST007349,36,13,Germany,522,117496.68,1,0,213825.92,0.0134,0.97,0.6932,14,0,0,0
CUST007350,63,14,France,624,4869.46,2,1,130368.82,-0.2023,0.35,0.3849,9,3,1,0
CUST007351,71,14,India,658,140123.08,3,0,164220.78,0.1739,0.22,0.0928,12,3,1,0
CUST007352,40,5,India,576,160526.71,1,1,153284.25,0.1099,0.42,0.0881,9,0,1,0
CUST007353,49,4,USA,670,30234.34,2,0,18000.0,0.0639,0.5,0.2724,11,8,1,0
CUST007354,57,13,USA,492,253923.17,2,1,76578.69,0.4265,0.25,0.3706,12,0,0,0
CUST007355,30,1,USA,690,125261.87,2,0,100202.29,0.0293,0.28,0.3516,11,1,1,0
CUST007356,37,7,India,615,66537.63,2,0,92227.24,0.1412,0.99,0.0412,14,2,1,0
CUST007357,52,14,Germany,587,52789.06,1,1,140705.47,-0.1287,0.19,0.6711,8,1,1,0
CUST007358,22,12,USA,709,70310.5,2,1,35718.11,0.2238,1.17,0.5859,8,1,0,0
CUST007359,26,6,USA,767,102161.96,3,1,80037.87,-0.2486,0.24,0.3574,12,1,0,0
CUST007360,46,5,India,721,95072.37,3,0,100110.05,0.0783,0.42,0.2803,15,1,0,0
CUST007361,23,4,USA,585,5260.14,2,0,54952.35,-0.0646,0.26,0.4427,11,1,1,0
CUST007362,42,4,India,703,34993.75,1,1,145681.27,0.1566,1.38,0.705,13,1,0,0
CUST007363,48,8,USA,629,118171.23,2,1,114043.24,-0.1473,0.4,0.426,18,1,1,0
CUST007364,39,0,France,740,112743.71,1,1,158484.67,0.1664,3.07,0.4178,15,0,0,0
CUST007365,19,8,USA,667,134416.77,2,1,197609.0,0.0531,0.73,0.5653,12,4,0,0
CUST007366,62,5,India,532,83361.96,2,1,91584.87,0.3856,0.01,0.6407,13,1,1,0
CUST007367,22,3,USA,630,74033.38,1,1,140918.1,-0.389,1.35,0.1666,9,0,1,0
CUST007368,44,9,Germany,583,107713.97,1,1,18000.0,-0.1856,0.94,0.4061,11,7,0,0
CUST007369,42,13,Germany,587,81853.59,2,0,29810.33,-0.0934,0.24,0.4157,5,2,1,0
CUST007370,25,6,USA,624,18862.78,3,1,115443.12,0.1154,0.25,0.1045,16,0,1,0
CUST007371,72,8,India,671,170267.23,1,1,85086.34,0.1541,0.54,0.3021,11,4,0,0
CUST007372,18,4,USA,722,133147.92,1,1,177435.41,0.1919,0.88,0.2812,10,2,0,0
CUST007373,37,13,USA,607,102229.85,1,1,129816.47,0.102,1.84,0.5983,10,3,0,0
CUST007374,61,4,France,747,8825.69,1,0,31310.38,0.0362,0.15,0.3236,12,2,1,0
CUST007375,40,7,USA,513,127936.97,4,0,114778.32,-0.0815,0.15,0.7947,20,3,0,0
CUST007376,49,6,Germany,582,48801.57,2,0,78327.54,0.2406,0.96,0.6173,16,0,0,0
CUST007377,28,12,USA,813,127468.48,2,1,164219.92,-0.1425,0.31,0.379,10,0,1,0
CUST007378,56,12,India,558,109877.34,2,1,90176.97,0.149,0.21,0.6967,8,4,1,1
CUST007379,64,7,Germany,750,54928.54,1,1,84511.21,0.0941,0.93,0.2867,9,12,1,1
CUST007380,71,10,USA,647,141221.74,2,1,52276.87,-0.3413,0.05,0.6763,11,0,0,0
CUST007381,41,11,France,644,2103.93,2,1,44919.47,0.1512,0.61,0.5418,16,0,1,0
CUST007382,28,9,USA,724,79485.12,2,1,62159.67,0.7079,0.82,0.4295,12,0,1,0
CUST007383,46,1,India,713,178838.51,1,1,146568.1,0.5552,0.39,0.1933,12,1,1,0
CUST007384,71,8,Germany,756,106172.95,1,1,181753.12,0.3305,0.11,0.3567,18,6,1,1
CUST007385,43,2,India,630,132635.13,2,1,178038.48,0.2038,0.34,0.821,11,0,1,0
CUST007386,33,5,India,661,80918.32,1,0,122697.43,-0.2311,0.45,0.1022,12,1,0,0
CUST007387,52,5,India,629,74671.51,3,1,62640.37,0.1534,0.14,0.4999,8,1,0,0
CUST007388,37,1,Germany,561,324.71,2,1,40986.43,0.5782,0.54,0.2822,12,2,1,0
CUST007389,63,11,USA,663,66335.53,1,1,111311.46,-0.0845,0.33,0.3733,12,1,1,0
CUST007390,20,12,India,636,117771.92,2,1,51858.29,-0.3379,1.84,0.0865,10,0,1,0
CUST007391,18,6,USA,500,8172.14,2,0,197182.86,0.2756,0.05,0.2994,11,0,1,0
CUST007392,70,8,USA,738,16296.14,1,1,136961.66,-0.1403,0.89,0.2492,8,0,1,0
CUST007393,64,11,France,661,101995.34,1,1,100412.56,-0.2116,1.02,0.1902,13,0,1,0
CUST007394,18,9,USA,593,127255.96,1,1,111703.4,0.139,0.75,0.3807,13,2,0,0
CUST007395,34,10,Germany,676,200935.17,1,0,100093.18,0.2712,0.59,0.1384,15,2,1,0
CUST007396,19,0,India,608,59000.51,2,1,152538.76,0.0871,0.1,0.0955,13,0,1,0
CUST007397,46,7,Germany,666,60681.34,2,0,116185.31,0.2702,0.75,0.4875,15,1,0,0
CUST007398,37,1,Germany,760,127558.4,1,1,69235.02,0.3851,0.67,0.3638,22,2,1,0
CUST007399,23,13,France,681,111376.43,2,1,116623.7,0.1717,1.95,0.062,11,5,1,0
CUST007400,25,0,India,611,59988.49,3,1,89137.92,0.2017,1.65,0.4195,14,1,0,0
CUST007401,46,7,USA,567,74243.41,2,0,81097.59,-0.0221,0.02,0.5659,15,3,0,0
CUST007402,65,1,Germany,592,37047.93,2,1,84270.41,0.5244,3.34,0.7954,18,4,1,0
CUST007403,68,5,India,714,4324.19,1,0,92480.94,0.1846,0.67,0.4975,13,0,0,0
CUST007404,50,14,USA,645,67621.62,1,1,18000.0,0.1756,1.98,0.1619,14,6,1,0
CUST007405,20,5,France,694,170403.96,1,0,126667.62,-0.022,0.13,0.5935,17,0,0,0
CUST007406,52,4,USA,627,31448.62,2,0,132412.15,-0.1211,0.95,0.3631,6,0,0,1
CUST007407,22,7,France,575,12970.74,2,1,49782.39,-0.1404,0.49,0.1882,12,5,1,0
CUST007408,44,2,India,697,13770.08,4,0,25042.02,-0.043,0.12,0.1425,9,10,1,0
CUST007409,61,12,Germany,585,108960.15,2,0,169626.27,0.0661,0.02,0.1969,9,0,1,0
CUST007410,29,9,USA,617,102584.88,1,1,203502.96,0.1414,0.19,0.5534,15,0,1,0
CUST007411,37,14,USA,552,154785.5,2,1,95883.34,-0.3885,0.01,0.4612,13,3,1,0
CUST007412,62,3,France,575,141817.07,1,1,154145.57,0.385,0.73,0.7462,9,0,1,0
CUST007413,37,6,India,721,94449.98,2,0,92580.09,0.0146,0.29,0.2694,16,4,0,0
CUST007414,26,14,France,733,116334.28,1,1,109900.04,0.4411,2.46,0.1723,8,2,1,0
CUST007415,56,6,Germany,737,29538.08,1,1,80713.11,0.1881,0.8,0.8999,16,9,1,0
CUST007416,21,12,India,737,118734.22,1,1,136229.37,0.1385,1.15,0.5129,12,3,1,0
CUST007417,68,11,France,621,69252.8,4,1,115298.48,0.3459,0.45,0.4046,18,1,1,0
CUST007418,71,13,USA,703,128744.88,2,1,167676.69,0.4271,0.25,0.8313,9,1,1,0
CUST007419,36,7,Germany,734,101958.53,1,1,84253.32,0.0539,1.17,0.3265,16,1,1,0
CUST007420,55,1,India,580,46651.87,1,1,122005.34,0.4226,0.5,0.3859,7,3,0,0
CUST007421,44,10,France,665,7773.49,1,1,138618.02,0.0838,6.17,0.3715,13,4,0,1
CUST007422,62,11,USA,639,44982.6,1,1,122299.11,0.0294,0.72,0.3144,21,0,0,0
CUST007423,60,1,India,500,87447.59,1,1,116728.43,0.0048,1.49,0.2399,7,1,1,1
CUST007424,30,3,USA,676,25404.65,2,1,170130.96,-0.2666,0.27,0.3205,7,0,1,0
CUST007425,30,12,India,592,66522.34,2,1,50464.94,-0.5987,0.45,0.763,14,0,0,0
CUST007426,74,9,USA,734,143435.69,4,1,128628.99,-0.1016,0.22,0.3894,12,4,1,0
CUST007427,39,12,India,589,148843.99,1,1,66102.13,0.1471,1.19,0.4468,11,0,0,0
CUST007428,45,8,India,676,105646.75,3,1,58698.38,0.1927,1.13,0.2313,10,2,0,0
CUST007429,69,9,India,658,160523.38,1,1,82170.67,-0.3931,0.72,0.4975,14,1,0,0
CUST007430,64,11,USA,512,2452.83,1,0,117585.57,0.1964,1.05,0.0425,6,1,1,0
CUST007431,70,8,USA,624,156447.1,1,1,122967.11,-0.2157,0.36,0.5492,4,2,1,0
CUST007432,62,12,USA,678,8309.62,4,1,89015.72,0.2911,1.68,0.5818,12,1,1,0
CUST007433,39,12,India,731,76622.26,4,0,139333.66,0.1864,2.04,0.388,16,0,1,0
CUST007434,60,3,Germany,651,25601.57,3,1,143064.08,-0.2431,0.87,0.6405,14,6,0,0
CUST007435,36,8,Germany,722,121811.05,1,0,187949.96,-0.0796,0.37,0.3695,8,1,1,0
CUST007436,25,14,India,692,21086.44,2,1,80503.66,-0.2904,1.48,0.17,14,3,1,0
CUST007437,69,13,France,695,33421.69,2,1,64166.03,0.24,3.15,0.2308,14,7,0,0
CUST007438,25,2,USA,699,35423.82,1,1,105496.14,0.0467,0.69,0.3617,14,11,0,0
CUST007439,59,11,Germany,628,31037.47,1,0,33492.64,-0.037,0.86,0.5369,11,1,1,0
CUST007440,43,4,India,570,40601.92,2,1,206581.4,-0.0664,1.52,0.5397,15,0,1,0
CUST007441,65,9,India,775,34152.2,2,0,84623.95,0.4257,0.89,0.0601,8,5,1,0
CUST007442,68,8,France,711,118612.93,2,1,61885.71,0.0751,0.18,0.6285,15,1,1,0
CUST007443,43,5,Germany,644,70746.58,2,1,103614.99,0.2384,0.44,0.061,12,0,1,1
CUST007444,40,2,India,699,172043.75,2,1,104699.29,0.0596,0.76,0.1277,13,2,1,0
CUST007445,60,9,India,681,90314.1,2,0,111582.41,-0.0169,0.5,0.3533,12,2,0,0
CUST007446,30,8,Germany,581,130700.5,2,1,122084.05,0.6127,0.91,0.4355,8,0,1,0
CUST007447,45,5,Germany,622,111949.25,1,1,53782.17,-0.2557,0.26,0.6307,4,0,1,0
CUST007448,26,3,France,756,20308.45,2,1,116981.66,-0.1767,0.14,0.2856,8,7,0,0
CUST007449,37,13,India,649,43710.13,1,1,86482.31,0.0957,0.02,0.53,15,2,0,0
CUST007450,73,3,USA,680,137637.29,1,1,79033.79,-0.3175,0.03,0.5266,5,7,1,0
CUST007451,36,7,India,750,34120.01,1,1,144092.64,-0.3574,0.35,0.6832,13,0,1,0
CUST007452,65,6,India,649,106173.15,2,1,23459.64,-0.0012,0.02,0.1024,11,2,1,0
CUST007453,56,0,India,575,64948.42,1,1,134824.95,-0.1908,0.25,0.5587,9,0,1,0
CUST007454,68,5,France,659,29816.92,3,1,185918.3,0.3137,0.58,0.1217,8,8,0,0
CUST007455,29,7,USA,605,59490.36,2,1,118908.36,0.2107,1.09,0.1323,10,0,1,0
CUST007456,32,2,Germany,538,176461.76,4,1,196704.54,0.1716,0.71,0.6463,16,1,1,0
CUST007457,48,13,India,714,30873.99,1,1,135393.48,0.1099,0.61,0.1506,14,3,1,0
CUST007458,72,8,India,629,441.63,2,1,86657.86,-0.4307,0.22,0.2303,11,0,0,0
CUST007459,31,9,India,411,44157.42,4,1,62232.13,-0.0291,0.01,0.6102,9,2,1,0
CUST007460,28,1,India,670,48842.49,1,1,94154.14,0.3261,0.11,0.3239,10,1,1,0
CUST007461,43,13,Germany,671,37273.99,1,0,106684.74,-0.0935,3.21,0.1653,7,4,1,1
CUST007462,59,5,India,806,85954.42,2,0,86294.84,0.5547,2.1,0.2531,12,2,1,0
CUST007463,44,11,India,649,46272.37,1,1,136359.53,0.2535,0.3,0.3124,9,0,1,0
CUST007464,28,0,India,735,103958.99,1,0,36466.24,0.2768,0.31,0.4377,13,0,1,0
CUST007465,55,11,India,701,27160.69,4,0,47430.04,0.1072,1.78,0.2741,14,0,1,0
CUST007466,51,10,Germany,602,206041.42,2,1,110365.2,0.2863,0.07,0.437,9,0,0,0
CUST007467,60,14,USA,677,114126.95,1,1,69459.97,-0.0656,0.15,0.3141,7,1,1,0
CUST007468,36,1,Germany,636,107972.39,1,1,91961.23,0.4132,0.1,0.4937,13,2,1,0
CUST007469,23,12,Germany,594,114843.49,1,1,39294.42,-0.2807,1.64,0.1184,12,1,1,0
CUST007470,63,4,India,608,11151.01,1,1,85030.54,-0.2603,0.01,0.4283,13,1,0,0
CUST007471,69,0,India,597,60701.65,1,1,86240.19,-0.0043,0.01,0.2455,9,6,0,1
CUST007472,55,7,Germany,649,63383.29,1,0,69648.86,-0.2478,1.34,0.5433,12,0,0,0
CUST007473,66,0,Germany,649,46736.64,1,0,118666.8,-0.2578,0.81,0.5499,11,1,1,0
CUST007474,59,12,India,606,54479.06,3,0,49294.49,0.1205,0.66,0.103,18,0,1,0
CUST007475,45,8,India,633,127415.45,2,1,168607.13,-0.1046,2.05,0.4163,15,4,1,0
CUST007476,18,9,India,499,72359.8,1,1,113701.91,0.1549,0.53,0.2235,14,0,1,0
CUST007477,52,10,India,569,94573.8,2,1,68579.52,0.5498,0.5,0.3708,10,0,1,0
CUST007478,57,2,India,626,28711.09,1,1,18000.0,-0.1442,0.44,0.1409,12,0,1,0
CUST007479,25,11,India,783,32394.64,2,1,194470.55,0.3755,0.84,0.4716,14,5,1,0
CUST007480,69,1,USA,700,17475.92,2,0,125970.8,0.0126,0.31,0.3181,13,3,0,0
CUST007481,71,14,India,571,177645.97,4,1,152756.88,0.1199,0.88,0.5726,9,1,1,0
CUST007482,64,0,India,779,200531.65,1,1,131412.07,0.3916,0.97,0.6741,18,6,0,0
CUST007483,73,8,France,649,136946.64,1,1,143342.52,0.5851,0.19,0.1803,7,1,0,0
CUST007484,24,14,USA,559,51550.4,1,0,113246.72,0.145,0.72,0.2501,15,0,1,0
CUST007485,28,3,France,643,102443.37,1,0,118613.85,0.2547,1.04,0.5995,14,3,1,0
CUST007486,56,11,India,728,154255.32,2,1,109079.53,0.1917,2.6,0.1812,12,6,0,0
CUST007487,21,0,Germany,559,190973.53,2,1,140193.4,0.4401,2.24,0.3257,15,0,1,1
CUST007488,42,0,India,567,4699.59,4,1,142168.93,0.168,0.18,0.4009,11,0,0,0
CUST007489,29,6,USA,794,88654.4,1,1,118730.02,0.1962,0.69,0.451,18,3,0,0
CUST007490,43,1,India,673,55999.17,2,1,143323.52,-0.1367,0.51,0.6537,17,0,1,0
CUST007491,55,6,India,612,112335.43,1,0,146596.74,0.0924,0.34,0.1098,12,0,1,0
CUST007492,63,11,France,641,79241.32,3,1,72703.34,-0.0682,0.34,0.4892,9,2,0,0
CUST007493,29,14,USA,672,13979.95,1,0,70959.62,-0.1895,2.83,0.3857,11,0,1,0
CUST007494,60,6,France,634,100479.01,2,0,140881.04,0.0015,0.03,0.3638,6,5,0,0
CUST007495,68,14,India,757,32813.76,1,0,67395.36,-0.1695,1.53,0.7879,8,0,0,0
CUST007496,70,9,India,657,73807.38,1,1,120844.19,-0.3991,0.48,0.1205,9,0,1,0
CUST007497,54,13,USA,703,76780.56,2,0,54456.4,-0.1147,0.67,0.5837,12,0,1,0
CUST007498,63,8,Germany,656,180596.82,3,1,89186.14,0.1917,1.08,0.1241,7,4,1,0
CUST007499,70,12,USA,647,95881.08,2,0,18000.0,-0.0726,0.49,0.2796,12,0,0,0
CUST007500,41,6,France,721,70469.24,1,0,71624.6,-0.0945,3.49,0.7717,11,5,0,1
CUST007501,33,12,India,723,120904.35,1,1,107611.29,-0.0239,1.62,0.7427,10,1,1,0
CUST007502,74,13,Germany,519,21182.34,1,1,63642.07,-0.2386,0.19,0.6552,13,3,1,0
CUST007503,30,0,India,648,82259.02,2,1,18155.71,-0.1977,0.89,0.4699,10,0,1,0
CUST007504,42,11,India,813,115334.65,1,0,62413.45,-0.0143,0.52,0.8221,10,3,1,0
CUST007505,71,12,USA,614,112505.8,3,1,85295.87,0.1215,0.36,0.7559,13,0,0,0
CUST007506,71,7,USA,686,43166.78,2,0,124277.83,-0.4437,0.35,0.5793,12,3,1,0
CUST007507,74,7,India,749,98563.77,2,1,97810.38,-0.1103,0.14,0.7776,10,3,1,0
CUST007508,69,3,India,561,118179.6,2,1,54783.13,-0.3121,0.49,0.7046,7,8,1,0
CUST007509,71,12,USA,620,19882.62,2,0,152013.68,0.0208,0.72,0.2482,17,3,1,0
CUST007510,21,7,USA,524,38544.32,1,1,183270.32,0.4119,1.28,0.2419,12,5,1,0
CUST007511,28,3,India,658,56010.15,1,1,64458.32,-0.1187,0.27,0.151,11,0,1,0
CUST007512,49,14,India,680,220430.87,1,1,186441.06,-0.0905,1.19,0.2604,5,2,0,1
CUST007513,66,7,India,701,29624.75,1,1,87304.4,0.2042,0.65,0.5554,11,1,0,0
CUST007514,24,4,France,775,96157.95,1,1,122376.21,0.3222,0.24,0.3121,11,0,1,0
CUST007515,63,3,France,655,54110.06,2,1,162906.61,-0.0203,1.24,0.6651,10,0,1,0
CUST007516,28,5,USA,557,17872.91,1,1,160046.25,0.3428,0.74,0.3962,12,0,1,0
CUST007517,45,1,France,579,119270.42,3,1,84980.99,-0.3728,2.48,0.1589,13,2,0,1
CUST007518,71,11,Germany,589,11469.96,2,0,160705.5,0.4779,0.27,0.0805,8,3,0,0
CUST007519,58,1,India,666,165498.68,3,1,125684.06,0.1979,2.89,0.526,15,1,0,0
CUST007520,40,1,India,837,11560.71,1,1,93494.46,-0.265,0.65,0.248,10,1,0,1
CUST007521,62,8,France,644,34736.9,2,1,65820.63,-0.304,0.49,0.4204,13,4,0,0
CUST007522,40,14,USA,759,111454.94,3,0,90819.6,-0.1073,1.66,0.7285,9,2,1,0
CUST007523,67,13,Germany,640,122656.15,1,1,135626.86,0.1168,0.14,0.2943,12,4,1,0
CUST007524,45,9,France,557,90464.87,4,1,81671.55,0.4234,0.5,0.2239,18,1,0,0
CUST007525,60,2,USA,584,42966.3,1,0,113184.67,-0.0177,0.11,0.7783,13,2,1,1
CUST007526,64,14,India,591,22793.44,1,1,75356.76,0.0934,0.76,0.163,9,8,1,0
CUST007527,74,9,India,640,70424.79,1,0,143364.94,0.368,0.03,0.0249,4,0,1,0
CUST007528,43,3,India,682,23297.54,1,1,58782.66,-0.0677,3.14,0.2662,13,3,1,1
CUST007529,42,9,India,597,225547.26,3,1,208508.62,0.1838,0.01,0.5396,10,3,1,0
CUST007530,71,11,USA,713,84247.07,1,1,111563.43,0.1959,2.15,0.5919,11,0,1,0
CUST007531,46,7,India,733,3929.79,2,0,68218.22,-0.1249,0.83,0.267,15,3,0,0
CUST007532,36,3,India,628,55402.22,2,1,75407.84,0.3964,1.38,0.2345,10,2,1,0
CUST007533,50,10,USA,723,122993.66,2,1,51142.31,-0.0973,0.35,0.2031,15,0,1,0
CUST007534,53,9,India,494,148073.49,1,0,149764.81,0.1315,0.22,0.5007,14,0,0,0
CUST007535,31,9,USA,461,56820.62,2,0,115549.94,0.0865,0.15,0.2675,15,2,1,0
CUST007536,31,12,USA,716,68645.52,1,1,115699.84,-0.2587,0.61,0.4538,12,1,1,0
CUST007537,52,6,USA,616,111016.41,2,0,120287.27,-0.3142,0.25,0.5051,13,6,1,0
CUST007538,47,4,France,826,17988.09,3,1,65609.22,0.6903,1.7,0.1514,14,9,1,0
CUST007539,45,8,India,642,97529.62,1,0,86060.57,0.1611,0.02,0.6361,19,2,1,0
CUST007540,34,3,India,569,93711.6,1,0,18000.0,0.4593,0.07,0.2804,12,1,1,0
CUST007541,20,2,France,784,109083.01,2,1,193490.27,0.2545,0.19,0.4943,14,3,1,0
CUST007542,33,12,USA,702,73591.52,1,1,34811.98,0.1162,0.07,0.4222,8,0,1,0
CUST007543,63,1,Germany,773,21003.08,1,0,71699.89,0.1454,1.41,0.44,12,4,0,1
CUST007544,47,0,India,603,90120.98,1,1,89862.4,0.4297,0.0,0.2955,14,0,0,0
CUST007545,69,10,Germany,679,21686.26,1,1,111511.27,0.0627,0.84,0.3016,13,2,1,0
CUST007546,46,5,France,579,183005.44,1,1,104315.13,-0.0339,0.49,0.5535,10,0,1,0
CUST007547,62,9,USA,510,184778.22,1,1,122742.39,0.2755,1.19,0.4525,7,6,1,0
CUST007548,32,1,India,709,5021.22,2,1,196394.0,-0.2791,0.42,0.1742,17,0,0,0
CUST007549,63,7,France,613,22988.05,2,0,119278.07,0.1702,0.83,0.1131,9,0,1,0
CUST007550,73,5,Germany,570,67086.91,3,0,48195.87,0.3223,0.82,0.316,11,7,1,0
CUST007551,42,11,Germany,538,121597.63,2,1,174302.08,-0.2509,0.36,0.584,7,0,1,0
CUST007552,68,11,India,664,40467.92,1,1,169505.41,0.3481,0.1,0.2203,11,1,1,1
CUST007553,55,4,Germany,655,92778.77,1,0,115361.06,-0.3654,0.45,0.4298,9,2,0,0
CUST007554,59,12,India,611,42571.55,2,1,127858.46,-0.2374,1.66,0.2717,15,3,0,0
CUST007555,64,1,India,596,23332.09,3,0,67125.58,0.1279,1.27,0.6747,11,3,1,0
CUST007556,70,6,USA,711,89059.23,2,0,149911.88,0.6545,0.37,0.8011,11,0,1,0
CUST007557,71,1,India,451,155904.28,1,1,58979.5,-0.3084,1.62,0.6819,13,10,0,1
CUST007558,69,12,Germany,700,74263.74,3,0,67876.13,0.0696,0.46,0.5784,15,4,1,0
CUST007559,55,13,USA,687,12329.86,2,1,134366.17,-0.1437,0.17,0.3658,17,2,0,0
CUST007560,40,4,India,551,66812.69,1,1,148172.69,0.1844,1.6,0.6374,11,1,0,0
CUST007561,42,1,Germany,495,107824.27,2,0,56674.95,0.2106,0.54,0.5272,7,12,1,0
CUST007562,59,10,France,697,63486.59,1,1,80937.86,-0.2177,0.46,0.599,8,1,1,0
CUST007563,24,9,India,556,7889.12,1,1,82982.52,0.1442,0.21,0.467,11,3,1,0
CUST007564,39,10,USA,775,201227.31,1,1,150979.1,0.2596,1.16,0.5912,10,6,1,0
CUST007565,34,10,India,819,17777.96,1,1,82606.13,0.5288,0.64,0.4967,17,0,0,0
CUST007566,35,1,USA,684,217025.47,2,1,84823.9,-0.0115,0.19,0.3188,18,2,1,0
CUST007567,66,14,India,641,70245.82,2,0,164262.07,0.5614,0.24,0.2077,10,4,1,0
CUST007568,58,6,India,632,131626.85,1,1,31783.25,-0.0993,0.39,0.1542,13,1,1,0
CUST007569,27,8,India,513,89343.53,1,1,70505.09,0.2272,0.61,0.3895,8,3,0,0
CUST007570,27,4,France,627,21583.65,1,1,18000.0,-0.1952,1.31,0.3399,11,0,0,0
CUST007571,74,6,USA,613,158390.87,2,1,18000.0,0.1885,0.19,0.4509,9,0,1,0
CUST007572,24,3,USA,599,114188.34,1,0,70526.62,-0.5669,1.07,0.6736,11,3,1,0
CUST007573,65,1,India,681,70073.42,2,1,18000.0,0.1204,1.98,0.5609,10,0,1,0
CUST007574,67,2,USA,660,121115.43,3,1,40661.0,0.541,0.4,0.2171,14,0,1,0
CUST007575,55,1,India,712,67485.55,2,0,18000.0,-0.0476,0.36,0.4412,10,0,1,0
CUST007576,44,4,India,614,60470.79,1,0,84474.67,0.3221,0.52,0.4994,12,2,0,0
CUST007577,69,5,USA,698,30059.86,1,1,132014.9,-0.1208,1.36,0.5794,11,3,0,0
CUST007578,50,14,India,650,74631.01,1,1,97313.26,0.4891,0.08,0.2513,13,3,1,0
CUST007579,18,14,India,697,56305.09,1,0,144663.19,-0.2019,0.39,0.2294,13,8,0,0
CUST007580,61,6,USA,643,70448.05,2,1,37129.77,0.0691,0.02,0.141,11,0,1,0
CUST007581,70,2,Germany,792,54911.19,1,1,183810.6,-0.0767,0.58,0.8845,13,2,0,0
CUST007582,51,3,India,454,6458.26,1,0,95287.77,0.2832,2.31,0.5114,14,0,0,1
CUST007583,21,7,India,700,9722.09,2,1,40712.9,-0.0854,0.14,0.0291,12,6,1,0
CUST007584,34,3,India,718,23560.99,3,0,95160.74,-0.0154,0.24,0.2662,6,9,1,1
CUST007585,21,6,France,548,122766.35,1,1,118049.02,-0.6195,0.96,0.5559,10,0,1,0
CUST007586,60,11,Germany,795,25338.64,2,1,138242.63,0.1021,0.94,0.5421,13,5,1,0
CUST007587,71,5,USA,651,140613.19,2,1,161222.86,0.1121,0.73,0.2028,10,1,0,0
CUST007588,43,6,France,640,11728.84,2,0,104783.95,-0.049,0.22,0.5149,10,3,0,0
CUST007589,21,0,USA,679,149477.31,3,1,96839.71,-0.4824,0.06,0.569,9,3,0,0
CUST007590,18,2,France,721,44033.98,1,0,116610.1,-0.0971,0.2,0.2243,16,1,0,0
CUST007591,24,5,India,660,56902.05,2,0,160706.81,0.1695,0.82,0.4372,10,2,1,0
CUST007592,47,2,India,658,57439.16,2,0,64824.69,-0.3697,0.28,0.3391,10,0,1,0
CUST007593,67,14,USA,717,112091.33,3,0,59264.68,-0.6055,1.47,0.3514,16,10,0,1
CUST007594,26,13,India,727,91628.76,1,1,95535.93,0.2856,0.77,0.1104,3,8,1,0
CUST007595,52,14,USA,676,84628.62,1,1,153663.52,0.0474,0.04,0.293,7,10,0,0
CUST007596,25,13,India,526,70984.83,1,1,74686.34,0.4352,0.07,0.1304,21,2,0,0
CUST007597,41,6,USA,568,40697.58,2,0,135401.61,-0.0275,0.26,0.5637,13,6,1,0
CUST007598,36,8,India,736,144008.05,3,1,120166.55,-0.0849,0.68,0.2659,13,1,1,0
CUST007599,53,2,India,627,81329.58,1,0,79222.87,-0.4526,2.21,0.2725,7,0,1,0
CUST007600,67,13,France,602,111598.73,1,0,71328.75,0.6296,0.09,0.4467,10,0,0,0
CUST007601,69,0,France,685,88408.25,1,1,116570.56,0.0596,1.42,0.3065,14,3,1,1
CUST007602,60,9,France,675,49862.55,2,1,43979.31,-0.1052,0.68,0.4962,15,11,0,1
CUST007603,44,14,Germany,632,224513.63,4,0,164987.13,-0.1511,0.36,0.0803,13,0,0,0
CUST007604,49,12,Germany,709,152268.69,2,1,172650.55,0.6284,0.82,0.3924,10,2,0,0
CUST007605,31,5,USA,548,42513.3,2,0,92156.03,0.0918,1.23,0.562,13,4,0,0
CUST007606,74,11,India,511,203259.24,1,1,193504.53,0.3206,0.36,0.6402,10,0,1,0
CUST007607,35,0,India,770,133497.05,4,1,111682.04,0.1539,2.02,0.7385,17,2,0,0
CUST007608,45,0,India,560,8235.46,2,1,75832.52,0.3927,0.64,0.7069,12,0,1,1
CUST007609,46,13,France,531,130683.85,1,1,81604.8,0.0387,0.14,0.6412,16,3,1,0
CUST007610,33,7,India,623,101802.67,2,1,90506.12,0.0662,0.63,0.3121,13,1,0,1
CUST007611,52,8,France,647,86265.57,1,1,74460.71,0.0011,1.16,0.3924,15,0,1,0
CUST007612,64,1,USA,611,138914.02,2,1,60365.55,0.3617,0.71,0.405,11,4,1,0
CUST007613,48,8,Germany,631,97132.28,4,1,152340.64,0.1984,0.7,0.0954,10,2,1,0
CUST007614,21,4,India,536,48610.99,1,1,90213.32,0.4936,0.02,0.3785,8,4,0,0
CUST007615,54,12,India,707,7912.03,2,1,18000.0,0.0114,0.5,0.5369,9,2,1,0
CUST007616,34,7,France,527,22954.82,2,0,217594.52,-0.188,0.36,0.7474,15,2,1,0
CUST007617,56,6,India,651,199726.36,3,1,131305.09,0.2214,0.04,0.6125,16,0,1,0
CUST007618,65,6,India,668,116404.39,1,1,18000.0,0.1248,0.91,0.0371,9,0,1,0
CUST007619,63,3,India,701,109549.06,2,1,30239.32,-0.1046,0.16,0.6771,9,5,1,0
CUST007620,43,1,India,668,82686.73,1,1,20131.42,-0.2506,0.34,0.4419,11,2,0,0
CUST007621,65,4,India,562,18863.63,1,1,105138.01,0.1467,0.69,0.0878,11,0,0,1
CUST007622,56,13,USA,617,14124.97,1,1,121524.41,-0.5034,0.46,0.3794,10,2,1,1
CUST007623,58,10,USA,593,137738.94,1,0,112072.86,-0.0232,0.97,0.7546,18,5,0,0
CUST007624,21,10,USA,524,179131.05,4,1,76048.76,0.3044,1.49,0.7682,16,0,1,0
CUST007625,47,2,India,684,118007.48,1,0,71074.85,0.0555,0.15,0.488,7,1,0,0
CUST007626,47,14,Germany,589,45569.32,1,1,107998.14,-0.2447,0.26,0.4634,11,5,1,0
CUST007627,39,13,Germany,661,50643.04,1,1,70117.44,0.0249,0.16,0.6915,9,2,0,0
CUST007628,28,8,India,641,118973.91,1,1,102042.89,-0.0245,0.55,0.5471,15,0,1,0
CUST007629,19,5,India,559,68773.47,1,1,137478.13,0.7349,0.07,0.1622,10,9,1,0
CUST007630,61,0,India,553,66245.38,4,1,69627.11,0.6013,1.08,0.4098,15,0,1,0
CUST007631,29,2,Germany,623,42612.6,2,0,166174.33,0.1736,0.11,0.411,17,1,0,0
CUST007632,47,11,Germany,544,34872.83,2,1,34770.82,0.1812,2.35,0.3421,10,9,1,1
CUST007633,53,3,France,729,68539.6,2,1,78448.69,-0.1955,1.47,0.1459,12,1,1,0
CUST007634,35,8,India,757,22190.57,2,1,100192.25,-0.2182,2.79,0.2587,18,5,0,0
CUST007635,43,10,USA,712,114397.21,3,1,35796.5,0.0377,0.03,0.6049,12,1,0,0
CUST007636,70,5,India,677,39765.06,3,1,107612.89,0.1048,0.18,0.735,9,0,0,0
CUST007637,24,3,India,654,142051.77,1,1,120074.32,0.1502,2.6,0.5278,9,0,0,0
CUST007638,18,0,USA,566,43283.32,3,1,39165.05,-0.178,3.34,0.2534,11,0,0,1
CUST007639,43,7,India,716,68625.76,2,1,66468.53,0.1939,0.26,0.6888,10,7,0,0
CUST007640,40,13,Germany,759,110598.23,1,1,67922.53,-0.3069,0.73,0.5794,16,2,1,0
CUST007641,43,10,USA,622,58149.47,2,0,25012.94,-0.0556,0.19,0.831,6,1,1,0
CUST007642,62,1,Germany,647,30217.85,1,1,111610.54,0.154,1.8,0.1351,11,0,0,1
CUST007643,23,10,India,585,93758.94,1,1,89611.3,-0.4915,0.12,0.6002,10,0,1,0
CUST007644,23,14,France,623,212296.15,2,1,55895.68,-0.1738,0.93,0.657,20,0,0,0
CUST007645,61,10,France,549,124843.75,1,1,85957.22,0.0331,0.27,0.2329,23,1,1,0
CUST007646,25,7,France,626,29008.46,1,1,98602.3,0.0239,0.37,0.4523,15,1,1,0
CUST007647,41,5,Germany,684,54174.54,4,0,18000.0,-0.2336,0.64,0.3222,9,0,0,0
CUST007648,39,7,Germany,676,46408.45,1,1,97239.62,-0.2475,0.45,0.2969,13,2,1,1
CUST007649,36,5,USA,670,12038.74,1,1,62628.22,0.1271,0.59,0.463,12,0,1,0
CUST007650,54,4,India,454,113191.14,3,1,18000.0,-0.3345,0.91,0.0679,18,2,1,0
CUST007651,35,4,Germany,653,55785.31,3,1,132731.87,-0.0965,0.28,0.586,7,2,1,0
CUST007652,48,13,Germany,699,95701.21,1,1,62129.8,0.1399,1.07,0.4926,21,0,0,0
CUST007653,54,13,France,649,86119.63,1,1,179519.94,-0.0153,0.43,0.2169,13,0,0,0
CUST007654,47,9,USA,740,118781.46,3,1,102626.65,-0.0011,0.02,0.5449,9,0,1,0
CUST007655,74,9,India,642,39295.7,1,1,100655.22,0.2419,1.5,0.7716,7,0,1,0
CUST007656,59,10,Germany,681,13674.0,2,1,125317.4,-0.1902,0.26,0.2162,8,6,1,0
CUST007657,50,7,France,569,6935.87,1,1,185753.25,-0.1398,1.57,0.2515,12,0,1,0
CUST007658,27,6,India,696,18969.07,2,0,71312.91,0.0578,1.09,0.1636,9,3,1,0
CUST007659,54,7,India,712,49472.51,1,1,157506.98,-0.1257,0.42,0.6455,14,10,1,0
CUST007660,29,11,USA,592,131099.68,2,1,81434.43,-0.0087,0.84,0.2369,9,1,1,0
CUST007661,71,7,India,535,48489.92,1,1,84577.59,-0.1603,3.86,0.4759,16,1,1,1
CUST007662,47,6,India,613,136929.12,1,1,94198.18,-0.0838,0.29,0.9113,7,0,0,0
CUST007663,44,1,India,570,94113.42,1,1,89917.12,0.2219,0.48,0.1679,10,3,1,0
CUST007664,56,10,France,697,188798.18,1,0,85178.25,-0.1227,0.13,0.5393,20,7,1,0
CUST007665,26,14,India,610,44942.75,3,1,29132.33,0.2266,1.64,0.5318,9,7,0,0
CUST007666,71,8,USA,707,101651.16,3,1,96573.09,0.2654,0.64,0.8713,16,1,0,0
CUST007667,38,12,Germany,524,153426.48,2,1,84231.05,-0.2217,0.09,0.6955,10,2,0,0
CUST007668,29,6,France,583,115081.38,2,1,151880.28,0.2507,0.73,0.2189,8,4,0,0
CUST007669,72,11,France,588,65442.14,1,1,96412.94,-0.3398,0.5,0.6803,12,3,1,0
CUST007670,46,10,USA,672,45769.09,1,1,18000.0,-0.5282,0.29,0.3633,15,0,1,0
CUST007671,50,14,France,483,44507.05,1,1,80299.29,0.3376,0.02,0.6494,11,6,1,0
CUST007672,60,5,India,628,61147.65,2,1,126252.81,0.0781,0.2,0.2728,18,3,1,0
CUST007673,70,8,Germany,620,18809.2,1,1,26782.53,-0.0076,0.18,0.562,15,4,0,0
CUST007674,32,12,USA,678,42411.7,4,0,18000.0,0.1288,1.01,0.0296,13,0,1,0
CUST007675,19,0,India,654,79203.43,2,1,123912.95,-0.2332,0.24,0.2592,6,1,1,0
CUST007676,69,10,USA,573,20788.18,4,1,145211.02,-0.0047,3.08,0.1998,9,4,1,1
CUST007677,56,1,India,469,14445.2,1,0,133751.32,0.2804,0.16,0.6539,7,2,1,0
CUST007678,70,12,France,588,100015.82,2,1,148952.89,0.5237,1.79,0.5035,18,3,1,0
CUST007679,61,0,India,548,2430.82,1,0,51022.95,0.066,0.36,0.7095,11,3,0,0
CUST007680,71,9,USA,553,73196.99,2,1,112347.95,0.3466,5.94,0.3725,14,0,1,1
CUST007681,35,11,India,591,10904.14,4,1,117596.76,-0.122,1.3,0.5674,14,2,1,0
CUST007682,20,2,India,715,108632.21,1,0,154613.13,0.3158,0.74,0.3045,14,3,1,0
CUST007683,24,10,France,548,116740.16,1,0,147648.68,0.0314,1.42,0.2685,9,0,1,0
CUST007684,60,4,Germany,501,152564.94,1,0,134387.92,0.0579,1.82,0.7556,13,1,1,1
CUST007685,35,0,France,603,153201.98,4,1,70852.17,0.0055,4.82,0.0972,13,1,0,1
CUST007686,61,3,India,627,92997.4,1,1,18000.0,-0.2423,0.15,0.5066,24,1,1,0
CUST007687,55,13,India,622,33224.41,2,1,18000.0,-0.1993,0.7,0.6592,10,7,0,1
CUST007688,54,12,USA,597,76129.58,1,1,125858.21,0.1165,0.39,0.5152,18,1,1,0
CUST007689,50,7,USA,630,104390.91,3,1,140170.98,-0.189,0.39,0.4296,9,0,1,0
CUST007690,61,5,India,667,83497.74,1,1,64961.47,0.1839,0.8,0.243,14,4,1,0
CUST007691,48,12,Germany,580,179090.8,1,0,132340.22,-0.2851,0.56,0.2498,8,3,1,1
CUST007692,28,0,India,730,156455.52,2,0,124731.07,-0.2197,1.33,0.7083,10,1,0,0
CUST007693,21,11,India,635,77624.6,2,1,48248.89,0.137,0.32,0.4105,10,4,1,0
CUST007694,35,0,India,728,122238.34,1,1,154066.17,0.2228,0.6,0.3035,12,0,1,0
CUST007695,21,2,USA,671,14916.51,2,0,115593.84,0.4353,2.7,0.0384,10,7,0,0
CUST007696,66,13,Germany,549,87729.51,1,0,18000.0,-0.0553,0.08,0.1692,4,3,0,0
CUST007697,51,9,USA,493,2356.14,3,0,77977.62,0.2735,0.25,0.3695,9,2,1,0
CUST007698,46,14,USA,735,64898.37,1,1,148082.5,-0.0439,0.09,0.5941,10,3,1,0
CUST007699,41,7,India,577,33918.44,1,0,63407.55,0.4866,0.05,0.4777,7,0,1,0
CUST007700,39,10,France,642,35625.08,1,0,150082.28,-0.1946,0.01,0.1416,8,0,0,0
CUST007701,19,10,France,601,25630.44,1,1,157869.7,0.0092,0.36,0.4775,13,5,1,0
CUST007702,61,13,Germany,757,51191.39,1,0,62972.46,-0.1717,1.51,0.5459,10,7,1,0
CUST007703,23,7,India,644,40545.14,1,0,49554.31,0.233,0.22,0.5534,15,2,1,0
CUST007704,59,12,USA,539,115265.04,2,1,130874.68,0.2163,0.31,0.5749,12,1,0,0
CUST007705,42,2,USA,628,59606.78,1,1,123803.8,0.4428,1.55,0.2235,12,4,1,0
CUST007706,72,6,France,739,73173.83,1,1,127350.89,0.4173,0.13,0.4841,14,3,1,0
CUST007707,74,11,France,580,94046.58,2,1,93169.27,0.0106,0.22,0.4905,8,1,1,0
CUST007708,38,2,France,525,93847.43,2,0,168521.55,-0.204,1.0,0.799,11,0,1,0
CUST007709,72,3,India,708,9730.09,1,1,143082.66,0.4936,1.08,0.513,15,1,0,0
CUST007710,33,8,France,571,59611.98,1,1,78893.52,0.234,0.36,0.4154,11,3,1,0
CUST007711,48,12,USA,514,90709.16,1,0,133652.04,0.1183,0.01,0.5552,9,4,1,0
CUST007712,31,3,Germany,574,21384.55,2,0,106887.91,-0.0962,0.38,0.3671,13,0,1,0
CUST007713,56,2,USA,667,14382.5,4,0,30537.87,-0.1475,1.01,0.6983,12,2,0,0
CUST007714,45,4,India,680,3263.91,1,1,27379.01,0.1107,1.0,0.1886,19,0,1,0
CUST007715,49,6,USA,677,88525.54,2,1,98420.32,0.2024,0.44,0.3147,14,0,1,0
CUST007716,45,4,India,563,57781.87,1,1,72708.73,0.3253,0.34,0.0346,14,6,1,0
CUST007717,68,3,India,717,66616.43,1,0,50197.25,0.3959,0.97,0.2961,14,0,1,0
CUST007718,72,7,France,704,34370.63,2,1,80338.53,0.1057,2.38,0.2544,13,0,1,1
CUST007719,66,3,India,684,80396.58,1,1,126943.35,-0.0371,1.26,0.4874,15,0,1,0
CUST007720,26,1,India,561,83476.46,2,1,114424.27,0.5519,0.21,0.2446,16,3,0,0
CUST007721,62,9,India,597,92332.88,2,1,99282.72,0.0565,2.63,0.1432,16,0,0,0
CUST007722,39,12,USA,672,165412.92,3,1,21558.43,-0.3478,0.75,0.1043,11,4,0,0
CUST007723,49,13,France,693,28898.15,1,1,18000.0,-0.1111,0.1,0.5996,14,0,1,0
CUST007724,22,5,India,566,106240.74,1,1,163921.08,-0.2724,0.33,0.3157,14,0,0,0
CUST007725,40,1,India,787,96737.31,1,1,96438.12,0.0476,1.03,0.3315,10,1,1,0
CUST007726,22,2,France,636,104227.46,1,1,139015.61,0.6035,1.63,0.6416,8,1,1,0
CUST007727,59,0,France,723,56754.11,2,1,106285.63,0.2755,0.6,0.1863,19,3,1,0
CUST007728,70,4,India,548,123337.06,2,1,64218.92,0.2733,0.12,0.6084,12,2,1,0
CUST007729,49,8,Germany,664,30780.02,1,1,80700.72,0.1541,0.11,0.3903,11,1,1,0
CUST007730,27,1,Germany,546,46877.06,4,1,155911.76,0.502,0.32,0.3715,14,1,1,0
CUST007731,56,11,Germany,659,64517.19,2,1,128141.08,0.3064,0.03,0.4075,12,4,0,0
CUST007732,32,6,USA,684,61776.12,2,1,62803.65,0.2676,0.43,0.2544,15,6,0,0
CUST007733,24,4,France,689,99163.87,4,1,143011.66,0.0012,1.2,0.2814,11,1,0,0
CUST007734,46,1,India,588,92138.07,2,0,63465.95,-0.4132,0.49,0.6731,14,4,1,0
CUST007735,64,7,India,502,92668.01,1,1,119027.2,-0.4378,1.42,0.2498,9,3,1,0
CUST007736,20,10,India,673,157948.56,2,1,21059.62,-0.1657,0.86,0.2848,12,0,0,0
CUST007737,36,14,USA,615,63108.27,3,0,90699.59,0.6256,0.17,0.326,8,2,1,0
CUST007738,27,12,France,615,141486.09,1,1,112206.38,-0.1875,0.19,0.1614,12,0,1,0
CUST007739,45,12,USA,573,9999.51,1,1,72828.13,0.3173,0.34,0.4659,10,1,0,0
CUST007740,46,5,India,643,68046.44,1,1,137148.21,0.1478,0.62,0.1322,8,2,1,0
CUST007741,32,3,USA,647,71843.57,1,1,42336.72,0.2662,0.91,0.1836,10,0,0,0
CUST007742,52,12,USA,732,5113.22,3,1,136148.76,0.1415,0.15,0.6232,12,3,1,0
CUST007743,23,3,France,486,78791.65,1,0,115816.22,-0.2661,0.13,0.2769,12,2,0,0
CUST007744,29,1,USA,541,83179.55,2,1,62834.2,0.3802,0.01,0.6816,12,3,0,0
CUST007745,64,2,USA,684,113035.35,3,0,21278.89,0.3972,0.1,0.3865,8,1,1,0
CUST007746,55,14,Germany,471,105891.74,2,1,175821.9,0.2484,1.11,0.6906,8,1,1,0
CUST007747,30,6,Germany,589,3203.65,1,1,98601.34,0.2632,0.05,0.1208,3,1,1,0
CUST007748,46,2,USA,837,150148.43,2,0,73786.26,0.1631,0.74,0.7162,11,1,1,0
CUST007749,36,12,India,625,47327.79,4,1,81174.32,-0.0186,0.73,0.4218,9,5,1,0
CUST007750,20,4,France,703,38500.41,1,0,52939.46,0.2189,3.92,0.3904,9,1,1,0
CUST007751,25,9,Germany,513,106396.03,1,1,131303.78,0.107,0.91,0.3306,10,3,1,0
CUST007752,25,5,Germany,703,128765.83,3,1,106141.59,-0.1034,0.96,0.1199,15,8,1,0
CUST007753,72,5,France,617,46728.02,2,0,32647.76,0.1902,0.08,0.3608,13,3,0,0
CUST007754,37,13,Germany,670,73250.4,2,1,102496.21,0.2615,1.67,0.3566,17,0,1,0
CUST007755,64,3,Germany,692,132490.42,4,0,36811.66,0.0938,0.31,0.4786,5,5,0,0
CUST007756,21,5,France,606,18300.75,2,0,137980.92,0.1287,0.3,0.5844,13,5,0,0
CUST007757,68,2,India,686,97512.64,1,0,63356.65,-0.0674,0.5,0.4798,16,0,0,0
CUST007758,38,6,USA,557,109339.93,1,1,155908.36,0.0159,0.98,0.5674,6,1,1,0
CUST007759,20,6,USA,651,132730.52,1,1,170764.18,-0.0979,0.28,0.3463,14,0,0,0
CUST007760,62,3,India,689,22848.63,1,1,81353.96,-0.1943,1.2,0.3598,7,7,1,0
CUST007761,25,1,Germany,604,74747.36,1,1,62821.87,-0.2065,0.23,0.2504,18,0,0,0
CUST007762,40,10,Germany,570,45121.46,1,1,28972.23,0.1099,0.1,0.0195,8,1,0,0
CUST007763,33,6,Germany,611,83975.02,3,0,18000.0,0.2584,0.95,0.4629,4,0,0,0
CUST007764,30,2,France,734,52244.21,1,0,27982.57,0.0932,2.04,0.6957,14,0,0,0
CUST007765,20,14,India,722,2573.63,2,0,74031.63,0.2901,1.92,0.2446,13,3,1,0
CUST007766,65,0,Germany,708,103821.25,2,0,18000.0,0.0461,0.05,0.9152,8,1,1,0
CUST007767,26,1,USA,770,67740.36,2,1,135407.11,0.2033,0.4,0.6585,5,3,0,0
CUST007768,31,9,India,650,169279.98,2,0,122836.71,0.2102,0.27,0.2605,17,1,1,0
CUST007769,30,8,India,664,112490.07,1,1,122956.98,0.0309,0.49,0.5104,11,1,1,0
CUST007770,70,11,France,490,16293.31,3,0,156236.95,-0.4513,0.04,0.2313,14,1,0,0
CUST007771,74,14,USA,577,120602.96,1,1,44048.95,0.1497,0.42,0.4936,13,1,1,0
CUST007772,24,7,Germany,690,181922.66,2,1,46854.46,-0.1666,2.59,0.5006,17,6,0,0
CUST007773,32,14,USA,719,71518.84,3,0,154203.32,-0.0517,0.67,0.3325,10,2,1,0
CUST007774,24,14,India,546,100974.08,1,0,72838.31,0.4801,0.2,0.7135,10,0,0,0
CUST007775,55,13,India,642,127173.62,3,1,118849.46,0.1798,1.33,0.3398,10,2,1,0
CUST007776,51,5,India,822,65657.07,2,0,18000.0,-0.0942,0.41,0.197,11,9,0,0
CUST007777,58,13,France,642,55140.82,2,0,151434.86,0.1737,0.05,0.1535,13,1,0,0
CUST007778,39,5,India,765,110465.07,1,0,116968.05,0.0092,0.35,0.574,10,0,0,0
CUST007779,41,13,France,677,125584.94,3,1,27838.29,-0.1646,1.35,0.796,16,1,0,1
CUST007780,66,0,France,694,166715.89,1,1,170439.99,-0.1077,0.2,0.4908,13,0,1,0
CUST007781,54,1,France,577,7785.09,1,1,107400.64,0.2326,0.32,0.5061,8,3,1,0
CUST007782,61,3,USA,521,10648.18,2,1,192768.83,0.1029,0.25,0.3764,13,1,1,0
CUST007783,18,2,France,707,33277.16,2,1,18000.0,-0.2651,1.83,0.47,9,9,1,0
CUST007784,27,13,India,674,65589.34,1,1,117056.45,0.1626,0.28,0.4583,12,2,1,0
CUST007785,60,0,India,654,109380.76,1,1,70812.7,-0.0258,0.22,0.4824,6,1,1,0
CUST007786,33,7,India,543,6491.78,2,0,85592.46,-0.0232,2.1,0.2181,12,0,1,1
CUST007787,63,6,France,621,134853.86,1,1,107130.69,0.297,6.72,0.4299,12,1,0,1
CUST007788,25,3,India,600,131725.62,1,1,18000.0,0.2498,0.72,0.4948,11,3,1,0
CUST007789,73,11,USA,608,133497.12,1,1,201199.61,0.0848,2.18,0.5815,8,10,1,1
CUST007790,66,11,India,668,56760.06,2,1,183165.7,0.2199,1.17,0.4579,9,2,1,0
CUST007791,42,8,India,706,62570.94,2,1,110790.24,0.0172,0.17,0.1007,8,10,0,1
CUST007792,67,10,India,672,175279.4,3,1,36750.77,-0.0916,0.92,0.5618,9,0,1,0
CUST007793,29,13,France,665,39240.95,1,1,86177.74,-0.4691,1.25,0.1632,4,3,1,1
CUST007794,42,3,USA,659,120492.15,3,1,111179.49,0.275,1.09,0.4563,11,1,0,0
CUST007795,34,0,France,636,83544.28,3,1,67206.92,0.2922,0.6,0.1403,14,0,1,0
CUST007796,43,14,Germany,583,145981.51,1,1,141280.01,0.355,0.58,0.295,15,0,1,0
CUST007797,63,9,France,653,72819.77,1,1,107145.06,-0.1515,1.38,0.477,13,2,1,0
CUST007798,65,14,USA,709,80263.85,3,1,96485.9,0.0245,0.93,0.7093,9,0,1,0
CUST007799,31,0,USA,640,87154.49,1,1,137447.12,-0.3123,1.26,0.3789,16,0,1,0
CUST007800,58,0,USA,576,101889.64,2,1,18000.0,0.1841,0.19,0.3079,16,1,1,0
CUST007801,53,0,USA,554,589.11,1,1,61981.84,0.0266,2.72,0.7134,15,7,1,1
CUST007802,74,3,Germany,573,192288.83,2,1,94600.91,0.0445,1.06,0.535,9,2,0,0
CUST007803,40,0,USA,558,71618.03,2,1,64023.16,0.5258,0.44,0.2968,12,4,0,0
CUST007804,60,1,Germany,850,111655.21,1,1,31915.42,0.1005,0.73,0.7569,10,1,1,0
CUST007805,23,3,Germany,579,169982.97,3,1,43984.51,0.4327,0.82,0.3097,11,0,0,0
CUST007806,64,6,India,646,75513.54,4,1,99769.46,0.1679,1.29,0.3953,13,0,1,0
CUST007807,22,1,Germany,643,14245.89,2,0,112500.15,0.1431,0.97,0.6331,17,3,0,0
CUST007808,60,7,India,763,12275.47,1,1,210472.85,-0.3093,1.49,0.5239,10,6,0,0
CUST007809,42,12,USA,684,48116.25,2,1,151814.49,-0.144,0.4,0.7352,10,4,1,0
CUST007810,35,6,Germany,683,96667.51,2,0,47018.82,-0.2413,0.44,0.3926,16,0,1,0
CUST007811,30,8,France,663,103150.64,1,1,159344.92,0.1236,0.17,0.3736,9,2,1,0
CUST007812,60,13,India,672,146051.47,2,1,102452.66,-0.4947,0.58,0.0284,15,0,1,0
CUST007813,31,5,India,675,19270.72,1,1,92845.6,0.5656,0.41,0.7382,9,1,1,0
CUST007814,45,3,India,599,89745.54,2,1,67354.9,0.1231,0.87,0.7966,13,4,1,0
CUST007815,35,5,India,576,114171.77,2,1,23780.57,-0.2793,0.74,0.4447,10,0,0,0
CUST007816,74,14,Germany,654,111845.45,1,0,100434.93,-0.0157,1.56,0.1407,12,2,1,1
CUST007817,45,3,Germany,607,73845.29,1,1,38078.96,0.4112,0.15,0.5085,15,1,0,0
CUST007818,68,6,Germany,664,52937.14,1,1,85937.59,0.039,1.98,0.3863,11,1,1,0
CUST007819,73,8,France,563,126450.86,2,1,155620.06,-0.1152,0.2,0.5838,2,0,1,0
CUST007820,44,2,India,532,25627.7,2,1,149419.27,0.1371,1.02,0.4875,18,3,0,0
CUST007821,49,2,India,547,2449.96,1,0,88261.51,0.0198,0.55,0.4345,11,0,0,0
CUST007822,64,1,India,644,110961.76,1,1,148036.69,0.1198,0.97,0.0377,15,3,1,0
CUST007823,26,0,France,520,94548.41,2,1,112983.53,-0.0594,0.61,0.9094,12,0,1,0
CUST007824,57,13,Germany,805,90290.52,1,1,172042.41,0.0702,0.85,0.7169,10,0,1,0
CUST007825,49,0,Germany,806,35929.49,2,0,43285.37,0.1173,1.12,0.2983,13,3,0,0
CUST007826,37,12,India,720,5509.32,2,1,94067.49,0.2,0.17,0.1632,7,5,0,0
CUST007827,45,2,India,620,134865.45,2,0,76782.91,0.2842,0.34,0.2986,24,0,1,0
CUST007828,50,13,France,611,282917.68,2,1,119408.74,-0.2361,1.62,0.3916,13,3,1,0
CUST007829,21,6,India,673,24453.63,3,1,116497.59,-0.2051,1.45,0.504,8,4,0,0
CUST007830,63,14,Germany,697,139254.37,3,0,99476.31,-0.1702,0.91,0.3252,11,2,1,0
CUST007831,74,10,India,673,65384.26,1,1,207409.06,0.5884,0.29,0.5969,19,1,1,0
CUST007832,51,8,India,545,95663.65,2,0,44395.02,-0.2353,0.18,0.3683,15,0,0,0
CUST007833,65,13,Germany,634,72296.84,1,1,58379.71,0.2189,0.04,0.1739,15,3,0,0
CUST007834,20,1,India,692,212103.37,1,0,146362.09,-0.1522,2.18,0.4053,11,8,1,0
CUST007835,43,6,Germany,461,26273.35,2,0,118127.76,0.0247,0.81,0.3425,11,0,1,0
CUST007836,25,0,Germany,561,38710.3,2,0,58694.78,0.054,0.43,0.2583,15,0,0,0
CUST007837,23,1,USA,692,80723.07,2,1,162530.43,-0.4996,0.94,0.1223,6,3,0,0
CUST007838,33,5,Germany,625,111182.32,1,0,102044.82,0.3932,0.49,0.2266,10,3,1,0
CUST007839,41,10,USA,625,158764.72,1,1,102815.0,0.2254,0.35,0.3934,9,1,1,0
CUST007840,65,4,India,738,106482.4,1,1,71395.38,0.1247,0.56,0.7338,10,1,0,0
CUST007841,56,7,Germany,645,89980.74,2,1,121214.2,0.2651,1.07,0.7287,12,9,0,0
CUST007842,47,11,USA,612,48611.13,3,1,43176.07,-0.2439,1.45,0.486,7,0,1,0
CUST007843,62,10,India,625,107771.66,2,0,61742.27,-0.2345,0.08,0.2745,10,1,1,0
CUST007844,30,1,France,627,31759.29,2,1,142043.3,0.0511,0.05,0.4845,8,0,1,0
CUST007845,22,0,USA,583,88528.21,1,0,18000.0,0.1653,0.33,0.6693,12,0,0,0
CUST007846,42,6,France,632,62485.43,2,1,71264.68,-0.3549,0.03,0.3815,12,0,1,0
CUST007847,37,5,France,558,15081.22,2,1,127184.17,0.3815,0.55,0.3764,14,3,0,0
CUST007848,71,7,USA,623,172637.61,1,1,169376.25,0.3141,1.39,0.4284,16,0,0,0
CUST007849,35,10,USA,608,15261.34,2,0,107528.06,-0.1477,0.34,0.5074,13,0,0,0
CUST007850,64,14,USA,668,51575.74,1,0,139432.2,0.2188,0.52,0.5898,23,1,1,0
CUST007851,35,14,USA,771,22264.65,2,1,130104.96,-0.0036,0.68,0.2587,13,0,1,0
CUST007852,19,12,France,670,65586.35,1,0,66450.85,-0.0699,1.96,0.4453,14,6,0,0
CUST007853,27,13,Germany,658,102881.62,4,1,81136.43,0.0419,2.09,0.4458,11,6,1,1
CUST007854,72,7,India,668,19784.25,1,1,104686.58,-0.2906,0.8,0.2411,7,0,0,1
CUST007855,62,1,USA,580,36780.09,1,0,195205.39,0.1671,0.01,0.291,10,3,0,0
CUST007856,67,13,France,706,52748.45,4,0,118440.97,0.2331,0.17,0.4923,19,7,1,0
CUST007857,64,7,USA,682,66284.81,1,1,93664.68,0.1923,0.18,0.1624,9,0,1,0
CUST007858,29,5,Germany,646,61418.43,2,1,35781.49,0.4112,0.73,0.1881,11,3,1,0
CUST007859,64,8,Germany,678,174284.09,1,1,80750.32,-0.1745,0.98,0.5927,10,2,1,0
CUST007860,30,11,India,676,96765.83,2,0,81536.36,0.1906,0.07,0.1677,11,1,1,0
CUST007861,67,6,India,676,91898.1,2,0,131600.36,0.579,0.27,0.2242,13,0,1,0
CUST007862,64,1,Germany,729,96456.69,2,1,71542.05,0.4432,0.57,0.5381,5,1,0,0
CUST007863,74,7,USA,589,96062.18,1,1,104125.73,0.3666,1.18,0.1634,9,3,1,0
CUST007864,72,8,USA,754,48522.54,2,1,109005.23,0.1959,0.34,0.5172,17,10,1,0
CUST007865,28,6,Germany,521,17994.41,1,1,109266.31,0.0775,0.55,0.3871,13,1,0,0
CUST007866,36,3,Germany,702,229225.81,2,0,69073.86,0.1077,0.55,0.5278,12,6,1,0
CUST007867,52,8,India,663,66935.44,1,1,74422.97,0.0736,2.09,0.3567,13,1,1,0
CUST007868,56,3,India,572,77340.8,4,1,115398.21,0.2494,1.49,0.4445,8,1,0,0
CUST007869,70,11,India,732,78806.59,2,0,71220.64,0.2905,1.56,0.4256,10,1,0,0
CUST007870,43,3,USA,504,29066.17,1,1,18000.0,-0.2696,0.15,0.4762,11,0,1,0
CUST007871,63,8,India,780,87064.44,2,0,109092.71,-0.1695,1.85,0.671,11,3,1,1
CUST007872,31,13,USA,830,3296.07,1,1,18000.0,-0.1842,0.4,0.0588,9,0,1,0
CUST007873,71,7,India,636,120386.57,3,1,92313.14,-0.0621,0.63,0.2385,11,0,0,0
CUST007874,62,3,USA,567,60116.91,1,1,48650.97,0.0325,0.76,0.3114,6,7,1,1
CUST007875,61,13,India,603,145951.12,1,1,86281.66,0.1119,0.45,0.3175,15,0,1,0
CUST007876,41,7,USA,728,108076.6,1,1,181916.63,0.1738,0.34,0.4744,11,1,1,0
CUST007877,58,14,USA,624,100413.3,2,1,129239.91,0.2506,0.23,0.6598,16,4,1,0
CUST007878,18,7,India,415,26786.91,1,1,71974.49,0.1006,0.58,0.3655,15,0,1,1
CUST007879,68,6,France,680,80351.96,1,1,35439.91,0.0162,1.45,0.4371,11,1,1,0
CUST007880,60,9,India,721,122847.09,2,0,18000.0,-0.1593,1.16,0.4857,12,0,1,0
CUST007881,72,12,Germany,691,83226.57,1,1,34569.27,-0.0822,0.57,0.5562,13,1,1,0
CUST007882,39,5,France,703,8170.38,1,1,55695.68,-0.0741,0.34,0.0372,11,1,1,0
CUST007883,40,7,USA,778,137097.72,2,1,40835.57,0.2437,0.01,0.1657,14,1,1,0
CUST007884,73,6,France,633,122864.94,3,0,119320.41,0.1865,0.19,0.1508,10,7,1,0
CUST007885,71,4,India,787,17041.24,2,1,94887.18,0.1081,0.17,0.5207,8,8,0,0
CUST007886,36,11,USA,637,83802.6,2,1,175217.81,0.183,0.71,0.5376,12,5,1,0
CUST007887,35,12,USA,740,126547.55,1,0,48105.78,0.0033,2.03,0.4364,16,8,1,0
CUST007888,29,12,India,638,38826.62,2,1,82199.77,-0.092,0.3,0.7387,16,1,1,0
CUST007889,72,3,USA,813,6151.94,1,0,18000.0,-0.3744,1.26,0.4724,13,1,0,0
CUST007890,45,13,India,701,9366.38,1,1,101940.12,-0.0607,0.32,0.1571,16,2,0,0
CUST007891,45,11,Germany,642,69249.07,1,1,18000.0,-0.3378,2.66,0.3201,13,2,0,1
CUST007892,50,1,France,554,133698.32,2,1,44755.09,0.1078,0.17,0.4134,11,3,1,0
CUST007893,36,10,India,666,8587.49,2,0,95774.54,-0.2041,0.42,0.2793,5,3,1,0
CUST007894,45,7,India,584,9055.16,3,1,18000.0,-0.0001,0.13,0.3453,6,0,1,0
CUST007895,69,8,USA,685,57187.45,1,0,65591.96,-0.0098,0.21,0.2912,7,0,1,0
CUST007896,66,3,USA,702,118633.59,2,0,74583.15,-0.5069,0.09,0.634,5,0,1,0
CUST007897,54,3,Germany,733,184735.73,2,1,139724.57,-0.4354,0.09,0.0525,6,6,0,0
CUST007898,43,4,USA,693,81450.77,1,1,125155.64,0.2053,0.79,0.3538,14,5,1,0
CUST007899,52,1,India,656,34164.37,2,1,96766.42,0.0672,1.23,0.1029,6,3,1,0
CUST007900,51,6,Germany,755,26625.61,2,0,61215.13,0.3953,0.07,0.2257,13,1,1,0
CUST007901,52,14,France,765,161074.44,1,1,85641.06,0.1763,0.2,0.5239,12,10,0,0
CUST007902,57,4,USA,565,2297.5,1,1,131697.98,-0.0825,0.31,0.1949,14,1,0,0
CUST007903,33,5,USA,790,88018.12,3,1,113345.84,-0.4614,2.21,0.701,12,1,1,0
CUST007904,55,3,India,748,157695.3,1,1,165348.75,0.2482,0.73,0.4376,11,5,1,0
CUST007905,30,7,India,581,66184.58,4,1,97660.1,0.407,0.09,0.1884,11,1,1,0
CUST007906,40,7,India,499,8973.77,2,1,108681.91,-0.4512,0.37,0.4644,12,2,1,0
CUST007907,71,11,USA,746,108811.47,2,1,43496.48,0.0847,1.0,0.2498,15,0,1,0
CUST007908,39,4,France,666,82445.37,1,1,86078.43,-0.0041,3.06,0.2243,13,4,1,0
CUST007909,33,11,USA,613,105165.2,1,1,106138.99,-0.4963,1.07,0.2945,9,5,0,0
CUST007910,45,5,India,675,111874.49,2,0,94212.04,-0.2676,0.16,0.6351,12,0,1,0
CUST007911,65,2,India,744,108101.67,1,1,183017.21,0.143,1.37,0.6054,4,1,0,0
CUST007912,52,0,India,487,94353.98,1,0,36113.68,0.417,0.0,0.1628,14,1,1,0
CUST007913,62,8,USA,660,117973.09,1,0,81523.25,0.075,0.53,0.3405,9,0,1,0
CUST007914,63,8,USA,654,159641.96,1,1,175470.31,0.0648,0.34,0.464,8,1,0,0
CUST007915,25,2,India,769,27427.44,1,1,133223.42,0.025,2.34,0.1186,10,0,1,0
CUST007916,61,3,USA,716,59529.05,1,0,108143.04,0.2079,0.04,0.2656,10,0,0,0
CUST007917,72,12,India,715,125212.76,2,1,38135.4,-0.069,0.24,0.4235,14,0,1,0
CUST007918,72,6,India,614,71485.58,2,1,108244.45,0.1084,0.24,0.1322,6,0,1,0
CUST007919,39,1,India,703,2348.68,3,1,88548.34,0.4508,0.44,0.514,19,2,1,0
CUST007920,38,11,India,611,96636.71,1,1,151773.62,-0.2212,2.05,0.3228,16,0,1,1
CUST007921,43,2,India,641,45532.3,2,1,104558.8,0.0845,0.85,0.2798,20,3,0,0
CUST007922,57,5,India,695,207461.83,2,1,175002.79,-0.0085,0.1,0.4719,14,0,0,0
CUST007923,38,10,Germany,656,137584.05,2,1,194789.55,-0.045,1.39,0.6456,13,2,0,0
CUST007924,42,7,Germany,675,147896.28,2,0,114944.92,-0.0622,0.8,0.5191,11,1,0,0
CUST007925,58,14,USA,755,78584.5,2,1,119093.7,0.0235,0.01,0.6533,9,0,1,0
CUST007926,18,0,France,620,95252.37,1,1,93000.22,0.0096,2.01,0.1595,7,4,0,0
CUST007927,23,3,India,566,54772.19,1,1,23062.95,-0.0896,0.04,0.4859,17,0,0,0
CUST007928,40,14,France,577,24039.06,1,1,24849.63,0.1847,0.75,0.2402,11,8,0,0
CUST007929,68,0,India,560,19471.27,1,1,144112.88,-0.0382,0.73,0.774,9,7,1,0
CUST007930,40,1,USA,778,208469.36,2,1,167154.99,-0.0976,0.75,0.52,8,0,0,0
CUST007931,60,7,USA,702,100605.54,2,0,73451.33,-0.1477,1.51,0.5495,13,1,1,0
CUST007932,60,5,India,735,6006.86,2,1,85647.22,0.2323,0.11,0.5285,10,10,1,0
CUST007933,40,8,France,721,135612.17,1,1,86426.77,-0.3196,0.61,0.2439,10,4,1,0
CUST007934,49,1,India,634,238637.45,2,1,61418.5,0.1047,0.68,0.3749,12,5,1,0
CUST007935,47,2,India,780,19210.54,1,1,207141.8,0.1626,0.41,0.3015,22,4,0,0
CUST007936,30,8,India,594,113217.67,1,1,82174.3,-0.5458,0.6,0.325,10,7,1,0
CUST007937,60,8,India,810,6394.31,2,1,154065.95,-0.1523,0.56,0.2707,17,1,1,0
CUST007938,35,12,India,659,147641.65,2,1,18000.0,0.2889,1.14,0.4492,14,0,0,0
CUST007939,40,5,India,793,56645.19,2,1,158222.53,0.5601,0.13,0.5465,11,2,1,0
CUST007940,32,13,India,566,80889.42,1,1,200163.76,-0.141,0.02,0.1714,11,2,1,0
CUST007941,50,14,France,615,103512.12,3,0,115748.58,-0.1744,2.14,0.6068,15,3,0,0
CUST007942,38,2,India,521,9846.15,3,1,134868.47,-0.1301,0.3,0.6594,15,1,0,0
CUST007943,74,4,India,733,103531.96,2,1,147440.91,0.1971,1.26,0.562,11,0,1,0
CUST007944,56,14,USA,670,47180.7,4,1,126941.18,0.0724,0.31,0.2603,14,4,0,0
CUST007945,40,1,France,811,182835.01,1,0,92256.26,0.0989,0.0,0.7106,8,0,1,0
CUST007946,44,6,India,611,12274.11,1,1,61898.99,0.2498,0.19,0.3366,8,2,1,0
CUST007947,62,9,India,756,132326.8,3,0,136765.0,0.4564,0.09,0.4899,16,6,1,0
CUST007948,61,10,France,656,69801.81,1,1,42082.52,-0.4317,1.38,0.4283,11,4,0,1
CUST007949,35,7,India,642,156205.57,1,1,132840.31,0.2122,0.15,0.6281,9,5,1,0
CUST007950,41,5,USA,626,157630.94,1,1,51273.23,0.3386,4.05,0.6608,14,1,0,0
CUST007951,68,7,India,582,60399.69,1,1,46625.88,0.2006,0.76,0.676,10,1,1,0
CUST007952,64,1,France,679,73229.56,1,1,18000.0,-0.0425,0.31,0.6886,17,1,0,0
CUST007953,57,2,France,666,132342.02,2,1,75535.38,0.3532,0.56,0.255,6,1,1,0
CUST007954,68,6,Germany,524,108361.56,1,1,151240.93,-0.0595,2.61,0.5448,16,0,1,0
CUST007955,59,9,India,449,68726.96,1,1,131427.31,0.1068,0.81,0.4305,10,1,1,0
CUST007956,24,11,USA,624,24329.81,2,1,78161.0,-0.2406,1.12,0.4649,8,4,1,0
CUST007957,67,0,India,742,98650.07,2,0,58718.15,0.0062,0.54,0.7565,8,0,0,0
CUST007958,65,6,France,667,7112.28,2,1,179638.55,0.366,0.61,0.2985,16,0,1,0
CUST007959,37,5,France,545,116191.03,2,1,18000.0,0.3191,3.3,0.4585,13,3,0,0
CUST007960,44,7,USA,508,144856.04,1,1,99009.59,0.1897,0.74,0.5625,16,0,1,0
CUST007961,23,6,Germany,742,24775.1,1,1,46658.1,0.6653,0.62,0.6752,11,2,0,0
CUST007962,44,3,India,517,50130.72,2,0,107560.35,0.2674,1.65,0.4991,17,3,1,0
CUST007963,26,2,USA,710,36901.49,1,0,106520.09,-0.0624,0.48,0.1679,11,0,0,0
CUST007964,70,2,USA,695,141340.99,2,1,146859.77,0.1289,0.51,0.7406,13,0,1,0
CUST007965,62,14,India,780,79391.88,1,1,158114.87,0.0965,0.99,0.5882,10,0,1,0
CUST007966,74,3,India,599,53305.83,1,0,18000.0,-0.1134,0.14,0.6562,13,4,1,0
CUST007967,48,14,India,725,116147.06,1,0,63579.04,0.062,0.11,0.1903,11,2,0,0
CUST007968,38,8,Germany,761,46193.49,1,1,104080.99,0.0893,0.77,0.7256,8,0,1,0
CUST007969,43,8,France,543,63366.27,1,1,152425.07,0.2978,0.16,0.3531,13,1,0,0
CUST007970,57,12,France,660,6873.04,1,1,128089.33,0.3706,0.46,0.6374,13,0,1,0
CUST007971,65,1,Germany,646,127996.13,4,1,41367.11,-0.265,1.31,0.207,7,1,0,0
CUST007972,62,4,USA,564,8298.71,3,1,110291.63,0.1601,0.3,0.4577,11,0,0,0
CUST007973,30,0,India,671,164842.4,2,1,139388.7,0.1158,1.08,0.1741,15,1,0,0
CUST007974,66,3,France,556,90817.13,3,1,57197.13,0.3428,0.32,0.1698,14,0,0,0
CUST007975,40,1,USA,680,66283.62,2,1,65013.35,-0.0973,0.03,0.8847,12,1,0,0
CUST007976,37,7,Germany,823,75187.92,1,1,72991.57,-0.0241,0.08,0.5529,11,5,1,0
CUST007977,54,3,Germany,633,182017.02,2,0,66042.24,0.1176,0.46,0.7517,11,7,1,0
CUST007978,71,4,Germany,642,7461.83,1,0,89557.53,0.1264,0.31,0.2585,6,0,0,0
CUST007979,70,10,India,763,2867.31,2,0,99422.07,0.2288,0.51,0.4496,14,0,1,0
CUST007980,45,3,India,750,135482.21,1,1,99422.14,0.3234,0.59,0.3631,6,4,1,0
CUST007981,34,4,Germany,600,18876.22,2,1,122019.7,-0.0035,2.29,0.6141,14,1,1,0
CUST007982,45,4,France,705,30169.58,2,1,83727.74,-0.1739,0.51,0.2825,10,0,1,0
CUST007983,58,4,Germany,413,48529.25,1,1,49979.8,-0.186,1.56,0.4448,22,4,0,0
CUST007984,19,10,USA,569,145779.26,3,1,54706.52,0.3968,1.52,0.2789,9,2,1,0
CUST007985,42,2,India,735,126191.87,3,1,124004.54,-0.1961,1.75,0.2523,14,5,1,1
CUST007986,67,6,Germany,609,67246.83,3,1,63437.21,0.2998,0.62,0.3687,16,1,0,0
CUST007987,58,2,Germany,633,100831.98,2,1,118588.72,-0.4729,0.27,0.6092,10,1,0,0
CUST007988,23,1,USA,576,99332.49,2,1,122898.52,0.2065,1.23,0.521,15,0,1,0
CUST007989,28,2,India,563,13843.43,1,0,150060.46,0.0228,0.31,0.7912,14,0,1,0
CUST007990,74,10,France,450,18061.05,1,1,55846.09,0.2491,1.81,0.2348,10,3,1,1
CUST007991,55,2,USA,620,50275.05,1,1,59897.49,-0.0084,0.09,0.0903,17,0,0,0
CUST007992,23,7,Germany,687,168417.11,1,0,141622.47,0.0219,0.91,0.7945,10,0,0,0
CUST007993,62,3,India,669,34454.51,1,0,18000.0,0.1015,0.53,0.6177,16,0,1,0
CUST007994,28,2,India,583,76842.51,2,0,129659.33,-0.2314,0.75,0.341,11,11,0,0
CUST007995,31,9,France,535,109412.31,1,1,150713.41,0.0861,0.09,0.1861,6,0,1,0
CUST007996,19,4,India,620,15781.38,1,1,18000.0,0.066,2.84,0.2221,14,3,1,0
CUST007997,57,3,USA,543,23449.05,2,1,106577.37,0.4661,1.0,0.3044,11,2,1,0
CUST007998,20,8,USA,588,18902.85,1,1,76112.34,0.2728,0.27,0.8352,17,0,1,0
CUST007999,72,7,Germany,660,103602.44,1,0,171673.67,0.2502,1.76,0.1703,9,3,0,0
CUST008000,70,10,India,580,71961.38,1,1,181911.76,0.1096,0.48,0.5291,9,4,1,0
CUST008001,52,6,India,752,220903.92,1,1,216693.48,0.2581,0.16,0.6435,13,0,0,0
CUST008002,50,14,France,566,43174.72,4,0,171502.59,-0.3483,0.45,0.3674,8,2,1,0
CUST008003,41,7,USA,601,44868.27,2,0,170192.43,0.2776,0.31,0.63,14,0,1,0
CUST008004,36,12,India,717,53071.64,1,1,227254.03,-0.1514,0.99,0.7101,12,1,0,0
CUST008005,35,4,India,705,95319.79,1,1,107051.99,-0.2675,0.02,0.4479,9,2,1,0
CUST008006,66,3,France,691,130649.65,1,1,130304.46,0.0212,1.7,0.4408,14,1,0,0
CUST008007,69,6,India,598,24261.98,2,0,175951.28,0.1926,0.45,0.6748,12,0,1,0
CUST008008,41,0,USA,696,104679.63,4,1,95759.88,0.7282,0.1,0.7664,10,7,1,0
CUST008009,62,5,USA,713,70683.68,1,1,63876.79,-0.456,1.17,0.2433,7,1,0,0
CUST008010,52,14,France,685,94530.5,2,1,70849.79,-0.0967,3.56,0.5123,11,3,0,1
CUST008011,18,7,Germany,647,103980.08,1,1,85225.5,0.083,1.86,0.6387,15,0,1,0
CUST008012,53,6,USA,696,15562.23,2,0,98145.62,-0.0917,0.14,0.4813,14,3,0,0
CUST008013,42,1,India,643,43383.25,1,1,68723.14,0.6979,0.2,0.301,8,8,1,0
CUST008014,62,13,France,682,104666.37,1,1,19198.09,0.181,3.52,0.1354,12,2,0,0
CUST008015,66,12,USA,655,67308.55,2,1,160539.78,0.0017,0.18,0.4392,13,3,0,0
CUST008016,60,13,France,529,125118.79,1,1,210278.35,-0.2612,0.29,0.209,18,1,0,1
CUST008017,51,6,USA,603,62211.57,2,0,30852.48,-0.101,0.78,0.2532,9,2,0,0
CUST008018,42,12,Germany,816,138649.63,3,1,41501.78,0.2329,0.28,0.2333,11,7,1,0
CUST008019,33,5,India,495,45680.69,1,0,68355.95,-0.0983,0.38,0.1976,17,1,0,0
CUST008020,51,12,Germany,774,96047.37,1,0,40114.24,0.2227,1.08,0.2938,13,0,1,0
CUST008021,46,4,India,700,3958.72,1,1,79057.03,0.1858,0.72,0.7432,15,4,1,0
CUST008022,36,3,India,652,145525.14,1,1,99761.57,0.1404,1.33,0.5602,14,8,1,0
CUST008023,40,0,India,515,66739.68,2,1,125052.75,0.1951,1.2,0.2623,8,0,0,0
CUST008024,36,12,India,649,54888.76,1,1,83564.76,0.2426,1.28,0.1514,12,0,0,0
CUST008025,42,1,India,590,24774.5,2,1,171411.3,0.0278,0.16,0.2931,7,1,1,0
CUST008026,33,14,India,745,117149.09,2,1,53135.85,-0.0103,0.24,0.265,10,2,0,0
CUST008027,71,6,France,596,111224.87,1,1,72333.11,0.0206,0.16,0.4139,10,0,1,0
CUST008028,68,9,India,627,58545.2,2,1,212249.17,-0.3008,0.1,0.4753,15,0,1,0
CUST008029,26,2,Germany,669,117256.92,3,1,111812.8,0.3614,1.52,0.685,12,9,1,0
CUST008030,18,4,India,598,89678.59,1,1,122342.39,-0.3352,0.0,0.3356,14,9,0,0
CUST008031,59,7,USA,726,81329.57,2,0,60447.11,-0.4164,0.79,0.6312,14,0,1,0
CUST008032,36,12,USA,626,124538.41,2,1,109079.46,0.4934,1.65,0.1215,8,5,0,0
CUST008033,50,12,France,499,188303.58,2,1,103012.39,0.3044,0.15,0.2162,13,6,1,0
CUST008034,51,7,Germany,662,93477.44,1,0,105229.35,0.018,2.15,0.5231,12,2,0,0
CUST008035,33,5,USA,714,93572.96,2,1,116936.58,0.4254,2.53,0.3802,6,0,0,0
CUST008036,61,4,Germany,765,132953.9,2,0,162130.32,-0.0704,0.7,0.3017,16,4,1,0
CUST008037,57,12,India,694,16947.05,1,1,39541.57,0.3214,0.88,0.6081,11,0,1,0
CUST008038,72,1,USA,742,64649.22,2,0,128381.92,-0.0251,0.17,0.2063,11,8,0,0
CUST008039,35,8,India,689,52062.73,3,0,112103.12,0.1871,3.32,0.5722,5,8,1,1
CUST008040,51,0,India,573,94624.59,2,1,133325.63,0.0624,1.08,0.2528,11,0,1,0
CUST008041,42,10,India,587,89450.29,3,1,146672.68,-0.3429,0.58,0.2871,16,0,1,0
CUST008042,62,1,Germany,466,185031.05,1,1,89940.87,-0.1151,0.56,0.502,12,2,1,0
CUST008043,23,12,USA,632,168949.6,1,1,90091.85,-0.0449,0.77,0.3526,10,1,0,0
CUST008044,38,0,Germany,702,17918.44,2,1,130821.31,0.1159,0.16,0.4579,9,4,0,1
CUST008045,23,11,USA,523,98150.6,1,1,61124.66,0.0566,0.73,0.2814,8,0,1,0
CUST008046,49,3,India,753,119907.77,2,0,92701.56,-0.3814,0.06,0.6258,9,6,1,0
CUST008047,58,3,Germany,641,81211.18,1,0,105203.71,-0.1556,0.74,0.2622,13,8,1,0
CUST008048,65,4,Germany,578,44008.85,1,0,150116.53,0.3684,0.68,0.736,18,2,0,0
CUST008049,60,4,France,523,161480.36,2,1,106293.38,-0.0237,0.35,0.5192,14,0,0,0
CUST008050,56,7,USA,782,96469.87,1,1,109092.26,-0.2969,0.08,0.2636,12,1,1,0
CUST008051,48,10,Germany,744,11308.03,1,0,89212.88,0.306,0.64,0.5307,10,1,1,0
CUST008052,59,14,Germany,617,136513.38,3,1,114346.32,-0.002,0.46,0.1521,9,5,1,0
CUST008053,27,10,India,724,105000.0,2,1,108709.41,0.2759,0.3,0.6546,13,0,1,0
CUST008054,47,2,India,633,36092.97,2,1,68865.15,-0.1241,0.45,0.4399,11,2,1,0
CUST008055,74,5,India,601,28665.08,2,1,130125.81,-0.155,0.05,0.5102,14,0,0,0
CUST008056,69,11,India,597,26639.89,1,1,36450.0,-0.1721,0.07,0.6302,15,1,1,0
CUST008057,35,12,USA,631,149392.63,1,1,104674.1,0.0812,0.12,0.2002,19,0,1,0
CUST008058,41,11,France,618,112547.03,1,1,185515.47,0.5586,0.64,0.3573,12,5,1,0
CUST008059,69,2,USA,654,135286.18,2,1,30680.7,-0.0555,0.27,0.1857,9,0,1,0
CUST008060,26,12,Germany,778,88678.88,1,1,53197.19,0.1002,0.21,0.3796,14,1,1,0
CUST008061,48,1,Germany,832,33743.81,2,0,157596.69,0.5651,0.8,0.6114,8,2,1,0
CUST008062,32,7,India,553,26751.14,1,0,139087.16,0.0625,0.73,0.1938,12,2,1,0
CUST008063,21,0,India,686,142535.22,2,0,52598.12,-0.2199,0.33,0.5216,14,2,1,0
CUST008064,57,8,USA,666,103666.19,1,0,42475.16,0.0314,2.21,0.2257,8,5,1,0
CUST008065,26,10,Germany,692,59527.0,2,0,18000.0,0.1122,0.41,0.6446,11,2,1,0
CUST008066,62,6,France,613,77323.97,2,1,18000.0,-0.2089,0.17,0.6966,11,10,1,0
CUST008067,26,11,India,693,137881.43,2,1,89552.27,-0.0599,1.76,0.3469,17,0,0,0
CUST008068,43,9,France,539,110917.44,2,1,156743.34,-0.1493,0.97,0.562,11,1,1,0
CUST008069,21,12,India,850,70279.33,2,0,150925.09,0.57,1.11,0.6064,9,2,1,0
CUST008070,34,14,Germany,673,73132.54,2,1,137922.14,-0.2778,1.51,0.359,14,3,1,0
CUST008071,33,11,USA,708,39388.33,1,1,31889.42,-0.1045,1.27,0.3078,12,1,1,0
CUST008072,32,10,India,560,77435.53,1,1,166805.11,-0.3326,1.51,0.1532,13,0,1,0
CUST008073,52,3,India,594,58153.01,2,1,130294.71,-0.1428,0.21,0.4496,13,0,1,0
CUST008074,74,2,India,532,72891.53,3,0,29527.42,-0.0133,0.77,0.2683,11,0,1,0
CUST008075,69,5,India,766,42423.12,2,0,40653.81,0.2066,0.9,0.7369,10,0,1,0
CUST008076,22,8,Germany,561,7063.18,2,0,138840.83,0.2462,0.28,0.389,11,2,0,0
CUST008077,72,14,India,634,135135.57,2,0,141958.25,-0.0725,4.13,0.2242,16,0,0,1
CUST008078,22,8,USA,638,111533.43,4,1,81051.28,0.1487,1.32,0.3927,12,1,1,0
CUST008079,37,3,India,687,59540.72,2,0,76210.39,-0.4657,1.97,0.2505,12,0,1,0
CUST008080,32,9,Germany,546,56047.74,2,0,123360.29,0.1033,0.13,0.3415,8,0,0,0
CUST008081,35,4,Germany,718,10102.26,1,1,108653.23,-0.0866,0.03,0.6331,14,1,0,0
CUST008082,64,10,Germany,749,142084.45,1,0,129288.8,0.0024,0.02,0.6,16,6,1,0
CUST008083,19,12,USA,597,153744.9,1,1,31201.26,0.3203,1.61,0.4545,12,1,1,1
CUST008084,46,8,India,647,70544.73,3,1,99253.63,-0.0199,0.63,0.2715,13,0,1,0
CUST008085,30,1,Germany,700,96260.49,1,1,117170.44,0.2169,0.29,0.1868,11,0,0,0
CUST008086,21,1,India,670,14700.5,2,1,109393.06,-0.4271,1.31,0.5556,13,6,1,0
CUST008087,59,4,India,570,81307.12,4,0,101698.62,0.0896,0.83,0.0221,14,1,1,0
CUST008088,62,0,India,706,33343.9,2,1,64377.04,0.4696,0.77,0.5557,9,6,1,0
CUST008089,27,7,Germany,771,33558.76,2,1,116113.68,-0.0481,1.28,0.5349,9,0,0,0
CUST008090,48,4,Germany,770,58106.98,1,0,18000.0,-0.2227,0.51,0.1741,14,0,1,0
CUST008091,58,11,Germany,696,49694.17,1,0,111226.16,0.2402,0.14,0.2619,9,0,1,0
CUST008092,25,9,USA,711,68047.49,1,1,170571.86,0.2257,2.0,0.0335,10,4,1,0
CUST008093,20,1,India,618,141512.07,2,0,110238.11,0.1768,1.6,0.1959,15,0,1,0
CUST008094,65,11,France,576,54942.03,1,1,55903.71,-0.4579,0.23,0.348,13,5,1,0
CUST008095,63,8,USA,644,42937.28,1,1,84293.46,-0.1161,0.32,0.4899,6,2,1,0
CUST008096,26,1,USA,831,115169.16,2,1,60651.43,-0.1454,1.37,0.262,17,2,1,0
CUST008097,47,6,USA,607,88072.54,1,1,109697.42,0.0008,2.87,0.0566,7,0,1,0
CUST008098,70,7,India,684,27655.22,2,0,101149.11,-0.2316,1.19,0.6087,15,1,1,0
CUST008099,28,13,India,680,206522.47,2,1,55105.67,0.2069,0.04,0.4364,17,0,1,0
CUST008100,52,5,USA,620,243173.41,2,1,151794.73,0.141,0.42,0.3089,12,2,1,0
CUST008101,54,13,India,768,75038.62,4,1,84925.84,0.5642,1.2,0.0397,17,7,0,0
CUST008102,59,10,India,777,14530.69,1,1,120727.22,0.2012,0.5,0.6809,10,0,1,0
CUST008103,30,6,France,850,60430.72,1,0,174683.13,-0.1579,0.9,0.3588,13,7,1,0
CUST008104,53,10,USA,586,6106.16,1,0,41070.76,-0.1127,0.03,0.3391,12,0,0,0
CUST008105,73,0,USA,682,100840.07,2,1,175252.03,0.3439,0.19,0.2534,10,0,1,1
CUST008106,30,3,Germany,657,111684.76,3,1,70683.33,-0.4704,1.14,0.617,7,1,1,1
CUST008107,29,12,France,595,137090.02,3,1,163737.29,-0.2478,0.17,0.2375,13,0,1,0
CUST008108,54,6,India,596,100764.15,4,1,157383.07,0.1795,2.84,0.6136,14,1,0,0
CUST008109,27,0,Germany,663,90183.09,2,1,69966.92,0.2293,0.37,0.5017,8,0,1,0
CUST008110,73,12,USA,612,13532.0,2,1,94617.02,0.0308,0.17,0.5679,8,5,0,0
CUST008111,26,0,India,571,205.95,2,1,18000.0,-0.0322,0.17,0.5107,17,0,1,0
CUST008112,69,10,India,659,49287.93,1,1,83639.62,-0.078,0.15,0.351,14,3,1,0
CUST008113,24,5,USA,561,81014.8,1,1,52356.54,-0.1266,0.34,0.1437,9,4,1,0
CUST008114,19,3,Germany,612,129522.59,1,1,64504.9,-0.0042,0.7,0.4518,12,0,1,0
CUST008115,71,2,India,678,147403.9,1,1,103071.01,0.5084,1.72,0.3968,10,0,1,0
CUST008116,73,11,USA,639,127931.63,1,1,120439.7,-0.5568,2.17,0.5423,13,0,1,0
CUST008117,40,14,Germany,629,53233.62,3,1,69650.03,-0.1988,0.73,0.3781,14,6,0,1
CUST008118,56,4,USA,794,191267.44,2,1,101656.94,0.4793,0.8,0.5819,6,1,1,0
CUST008119,57,8,France,762,17174.74,2,1,76633.92,0.2895,0.59,0.8472,11,2,1,0
CUST008120,56,9,France,656,14279.13,1,0,121542.41,-0.2915,0.33,0.6348,6,0,0,0
CUST008121,38,9,USA,568,123535.69,2,0,88827.97,0.0004,0.61,0.2533,12,1,1,0
CUST008122,40,11,France,714,163186.87,2,1,47410.56,0.2468,0.14,0.3559,16,0,1,0
CUST008123,46,13,India,850,187144.24,1,1,65453.08,0.3091,0.31,0.1652,12,0,1,0
CUST008124,31,13,India,759,137820.61,2,1,86942.31,-0.1959,0.18,0.1818,10,4,0,0
CUST008125,43,11,India,545,121545.21,3,1,130515.38,-0.1273,1.47,0.4905,18,0,1,0
CUST008126,68,10,USA,634,126395.23,2,1,172706.96,-0.2015,0.14,0.3841,9,0,0,0
CUST008127,22,9,USA,591,58756.54,1,1,69304.71,-0.0149,1.1,0.1628,11,2,1,1
CUST008128,72,2,USA,575,26320.65,1,1,18000.0,0.1645,0.05,0.6831,7,1,1,0
CUST008129,48,4,India,740,93031.83,1,0,160164.17,0.3638,0.86,0.3614,12,3,1,0
CUST008130,42,9,India,739,29131.05,3,1,127086.11,-0.2974,1.16,0.1672,12,0,0,0
CUST008131,48,4,France,792,56883.25,2,0,113935.55,0.3029,0.08,0.2185,12,2,1,0
CUST008132,67,8,France,704,43095.42,1,1,36406.06,0.0956,1.18,0.6154,17,0,1,0
CUST008133,37,10,Germany,646,112162.84,2,1,96341.45,-0.0104,0.71,0.143,12,0,1,0
CUST008134,61,11,Germany,665,89648.11,1,1,133803.49,0.6579,0.93,0.4344,12,1,0,0
CUST008135,72,9,USA,577,168161.22,2,1,32182.23,0.4747,1.03,0.4319,12,2,0,0
CUST008136,34,10,India,759,126981.72,2,0,144038.16,-0.4046,0.14,0.1797,10,4,0,0
CUST008137,62,3,USA,590,36374.8,2,1,119866.86,0.4808,1.28,0.2014,15,4,1,0
CUST008138,19,0,Germany,617,117695.7,1,0,158837.22,0.0537,1.22,0.6298,13,1,0,0
CUST008139,42,9,USA,625,31090.41,1,1,138272.6,-0.2863,0.83,0.7396,6,4,0,0
CUST008140,30,4,India,404,121408.56,1,0,18000.0,0.363,0.56,0.5902,10,7,1,0
CUST008141,56,0,France,719,29737.65,2,1,51906.43,0.3756,1.52,0.5025,11,7,1,0
CUST008142,45,5,Germany,574,38317.76,2,0,132694.53,0.07,1.7,0.3076,16,0,1,0
CUST008143,59,11,India,705,159264.49,2,1,41261.7,0.1614,0.33,0.5476,13,8,1,0
CUST008144,72,9,USA,614,100151.33,1,1,62670.79,0.0827,0.61,0.1026,10,5,1,0
CUST008145,23,9,France,613,64027.73,2,1,92172.21,0.0261,0.48,0.161,11,0,1,0
CUST008146,20,14,India,561,139016.23,1,1,75932.4,0.4603,0.44,0.1616,13,0,0,0
CUST008147,52,6,USA,761,167342.41,1,1,18000.0,-0.0135,1.41,0.4926,9,3,1,0
CUST008148,35,0,USA,778,14017.7,2,1,121323.81,0.387,0.87,0.2838,10,4,1,0
CUST008149,28,9,USA,729,31747.63,1,1,89217.9,0.1902,0.51,0.3554,9,1,1,0
CUST008150,71,3,Germany,671,126294.02,1,1,111640.32,-0.2599,1.24,0.6596,15,0,1,0
CUST008151,37,8,India,660,95008.77,1,1,90286.15,0.0135,2.29,0.4152,16,0,1,0
CUST008152,22,12,India,736,39389.86,2,0,18000.0,0.0388,0.42,0.335,12,0,0,0
CUST008153,36,0,India,639,186526.44,1,1,68890.35,-0.087,0.12,0.0449,7,0,1,0
CUST008154,39,8,India,755,46130.13,1,1,55859.33,-0.0677,2.02,0.5755,9,0,1,0
CUST008155,36,7,USA,572,13694.51,1,0,101438.71,0.2158,2.52,0.3764,8,4,1,0
CUST008156,64,4,Germany,728,76719.46,1,1,131823.34,0.2656,0.42,0.6546,13,1,1,0
CUST008157,33,5,India,752,131929.06,2,1,81148.58,0.2083,0.84,0.5059,13,0,0,0
CUST008158,41,6,USA,562,146349.2,3,1,130215.61,0.0917,0.08,0.283,18,0,1,0
CUST008159,58,3,Germany,582,79544.46,1,0,165943.87,-0.0461,0.04,0.4489,15,4,1,0
CUST008160,21,13,India,646,233221.38,4,1,128149.0,-0.0418,0.08,0.5243,17,2,1,0
CUST008161,32,13,USA,683,251029.85,1,1,189840.92,0.1132,1.19,0.422,14,5,1,0
CUST008162,42,5,Germany,600,103774.09,1,0,43512.67,0.2261,0.49,0.9242,14,0,0,0
CUST008163,61,6,USA,657,72151.07,2,1,151266.23,0.4586,0.85,0.4074,11,0,1,0
CUST008164,72,10,India,484,55116.64,2,1,77009.09,0.1481,0.65,0.2801,12,1,0,0
CUST008165,52,14,USA,711,66526.83,1,1,115157.12,0.2217,0.17,0.1407,8,0,0,0
CUST008166,72,5,France,714,168696.06,1,0,27311.99,-0.345,1.35,0.5341,8,4,1,0
CUST008167,31,10,USA,771,96819.7,2,0,191781.65,-0.3898,0.19,0.177,11,1,1,0
CUST008168,66,12,India,695,129958.85,4,1,65499.49,-0.1166,0.16,0.4371,12,0,1,0
CUST008169,36,14,USA,620,119020.81,4,1,140465.98,0.1859,0.77,0.2867,12,0,1,0
CUST008170,55,11,India,568,113595.91,2,1,186625.79,-0.0818,1.63,0.2181,13,0,0,0
CUST008171,53,5,USA,584,143522.09,2,1,98084.23,-0.5056,1.61,0.1339,11,0,1,0
CUST008172,24,1,India,642,127308.92,2,1,160664.2,0.003,0.46,0.5683,8,0,0,0
CUST008173,47,4,India,582,105553.9,2,1,40204.43,0.4748,0.93,0.4031,18,0,1,0
CUST008174,36,2,USA,588,190382.86,4,1,142764.71,0.3453,1.4,0.3029,19,0,1,0
CUST008175,66,6,India,646,5796.33,2,1,107152.58,-0.3174,0.19,0.358,10,0,1,0
CUST008176,42,3,USA,521,93548.81,2,0,89558.88,0.0437,0.4,0.3521,15,2,1,0
CUST008177,33,0,India,570,43287.3,1,0,69668.63,-0.0488,0.8,0.2021,12,2,1,0
CUST008178,64,11,India,667,133017.3,2,0,31364.91,-0.0124,1.46,0.212,16,0,1,0
CUST008179,71,11,Germany,671,25320.97,3,1,106599.12,0.166,0.33,0.1304,8,0,1,0
CUST008180,57,5,France,719,90457.3,1,1,80120.76,-0.012,0.78,0.203,4,0,1,0
CUST008181,68,5,India,662,105907.33,1,0,130195.76,0.3924,0.05,0.5652,10,7,1,0
CUST008182,25,6,USA,652,151823.43,1,1,114091.93,-0.308,2.16,0.4881,24,0,1,0
CUST008183,35,14,India,700,49787.51,4,1,115722.95,0.2322,1.81,0.3579,6,0,1,0
CUST008184,45,10,USA,665,248994.35,2,0,129970.38,0.3012,2.04,0.3646,13,5,1,0
CUST008185,33,7,USA,572,39644.8,1,0,49555.14,-0.0195,2.76,0.1472,11,3,0,1
CUST008186,69,14,India,586,5430.71,1,1,28432.6,0.1111,1.5,0.1588,8,2,0,0
CUST008187,36,2,Germany,784,113559.11,2,1,54135.29,0.6269,0.19,0.4435,6,1,1,0
CUST008188,59,13,India,850,68091.77,2,1,85350.46,0.0578,0.7,0.4157,15,6,1,0
CUST008189,34,5,India,708,190163.94,1,1,54155.93,0.2496,0.16,0.3499,14,0,0,0
CUST008190,62,9,Germany,569,22569.67,4,0,40236.4,0.2941,0.02,0.2401,8,0,1,0
CUST008191,30,1,Germany,801,78212.58,2,1,26756.18,-0.2222,0.12,0.6071,11,2,0,0
CUST008192,24,12,USA,615,126723.19,2,1,92013.12,0.6764,1.48,0.2642,9,0,1,0
CUST008193,44,13,USA,683,34670.2,3,1,87849.36,-0.0106,1.09,0.2918,10,0,0,0
CUST008194,27,8,USA,648,10328.22,1,1,99143.97,0.0039,1.14,0.2718,10,2,0,0
CUST008195,51,1,USA,664,165785.73,2,1,137618.42,0.211,0.42,0.3336,13,1,1,0
CUST008196,53,2,India,614,23955.8,2,0,100074.38,0.0894,0.02,0.5219,14,1,1,0
CUST008197,42,11,USA,753,140717.94,4,0,125528.51,-0.0353,0.31,0.2264,4,4,1,0
CUST008198,23,14,USA,635,18703.86,1,1,129675.75,0.2155,0.49,0.6106,8,0,1,0
CUST008199,41,14,Germany,699,56228.46,2,1,41232.49,-0.2729,0.35,0.0489,10,1,1,0
CUST008200,35,12,Germany,697,122947.28,2,1,197240.19,0.4285,0.56,0.6466,12,9,1,0
CUST008201,40,9,India,641,97942.74,2,1,59321.61,0.1418,0.76,0.3702,15,1,0,0
CUST008202,23,11,USA,529,18249.26,2,0,94685.4,0.1975,0.1,0.5608,9,0,1,0
CUST008203,46,11,India,583,108896.28,1,0,71199.82,-0.0388,1.91,0.038,13,1,1,0
CUST008204,42,1,USA,706,58683.33,1,0,94101.05,-0.0855,0.66,0.6391,12,0,0,0
CUST008205,72,8,USA,674,1580.66,1,1,160524.61,-0.2548,1.55,0.1749,8,6,0,0
CUST008206,34,0,France,584,184224.98,1,1,153838.88,0.2392,0.51,0.2845,14,0,1,0
CUST008207,63,4,Germany,653,65478.75,3,1,77721.35,-0.3532,1.05,0.597,11,0,1,0
CUST008208,41,0,France,666,120511.64,1,0,31986.64,0.1037,1.8,0.5094,14,0,0,0
CUST008209,28,4,Germany,696,118714.44,1,1,190904.8,-0.0782,0.74,0.5697,13,5,0,0
CUST008210,43,7,France,795,54666.25,3,0,169323.62,0.1051,0.42,0.6015,12,5,1,0
CUST008211,68,7,USA,467,83273.18,3,1,18000.0,-0.1795,0.69,0.6185,12,1,1,0
CUST008212,51,10,France,746,3293.12,2,0,108929.37,0.3614,0.15,0.4055,9,0,1,0
CUST008213,45,7,India,667,84052.91,2,1,31970.49,-0.2036,0.97,0.5824,6,1,1,0
CUST008214,20,1,India,567,45589.88,1,1,90732.99,-0.6676,0.03,0.097,13,4,1,0
CUST008215,28,7,USA,663,205688.71,1,1,108407.4,-0.0347,0.48,0.5374,15,2,1,0
CUST008216,55,11,France,765,32525.47,1,0,126254.3,-0.1747,0.63,0.2686,8,3,1,0
CUST008217,31,4,USA,789,107827.08,2,0,18000.0,-0.0135,0.41,0.2868,13,0,1,0
CUST008218,68,14,India,568,59040.37,1,0,175938.83,-0.1574,0.53,0.2522,14,1,1,0
CUST008219,43,0,USA,582,126432.33,1,1,51997.06,0.1097,0.15,0.8033,12,1,0,0
CUST008220,65,6,USA,546,8106.98,1,0,74442.56,-0.2896,0.07,0.4563,16,0,0,0
CUST008221,38,12,India,668,67814.79,1,1,108110.05,0.051,0.47,0.3812,7,3,1,0
CUST008222,71,5,Germany,672,112728.92,1,1,73477.14,-0.0277,2.17,0.1267,9,2,1,0
CUST008223,73,4,France,728,90587.55,3,0,123561.2,-0.1909,0.16,0.5625,11,0,0,0
CUST008224,56,0,France,685,106736.76,4,1,118387.32,-0.2431,0.27,0.1917,9,1,0,0
CUST008225,47,13,India,721,24589.62,1,1,125383.87,0.3866,1.69,0.3694,11,8,0,0
CUST008226,25,13,India,539,54514.22,1,1,114343.84,-0.2703,0.25,0.2734,8,0,1,0
CUST008227,68,0,India,790,74830.79,3,0,32977.13,-0.1412,0.39,0.371,17,2,1,0
CUST008228,37,5,India,753,124352.84,1,0,122413.12,0.3395,0.09,0.428,8,0,0,0
CUST008229,65,9,India,607,162606.34,3,1,168796.52,0.0835,0.04,0.8147,14,0,0,0
CUST008230,49,11,Germany,587,39217.12,1,0,69787.76,0.1077,0.86,0.5267,12,2,0,0
CUST008231,39,6,India,709,56188.35,2,1,97277.76,-0.1619,0.13,0.7001,14,12,0,0
CUST008232,24,9,France,525,35146.41,2,1,147416.89,-0.0007,0.65,0.3762,17,0,1,0
CUST008233,26,9,France,591,28053.44,1,1,146769.94,0.5645,0.45,0.4195,9,3,0,0
CUST008234,62,0,India,567,92531.79,1,1,65398.31,0.3229,0.08,0.5124,8,6,1,0
CUST008235,18,8,France,642,78019.14,2,1,58291.73,-0.2128,0.45,0.1353,8,3,1,0
CUST008236,46,14,Germany,614,6439.45,4,1,100379.67,-0.0396,0.23,0.4486,17,2,1,0
CUST008237,25,3,USA,587,3401.12,2,1,115160.91,-0.6023,1.56,0.3764,11,2,1,0
CUST008238,73,4,India,579,104635.46,2,1,137730.25,0.2247,0.24,0.2927,13,1,1,0
CUST008239,71,1,USA,598,8323.67,3,1,18000.0,-0.2162,0.96,0.058,12,0,1,0
CUST008240,21,13,India,554,32923.8,1,1,88624.6,0.1656,0.92,0.1202,9,1,0,0
CUST008241,52,11,USA,693,133251.65,1,1,102180.46,0.045,0.17,0.4265,10,1,1,0
CUST008242,20,9,India,740,86687.08,1,0,20289.07,-0.0514,0.65,0.137,8,0,1,0
CUST008243,71,12,USA,682,171952.99,1,0,109842.77,-0.0111,1.47,0.7303,14,0,1,0
CUST008244,62,7,India,760,69367.12,2,0,64976.75,-0.011,0.08,0.4416,12,4,1,0
CUST008245,57,13,India,582,214440.7,1,0,148206.77,-0.2378,0.75,0.467,8,0,1,0
CUST008246,24,1,USA,590,64609.49,1,1,83932.07,0.2623,0.15,0.2794,11,0,1,0
CUST008247,44,2,USA,685,150263.74,1,0,95275.71,0.0634,0.22,0.4566,18,0,0,1
CUST008248,18,14,USA,695,23925.47,1,1,39321.02,0.3599,0.84,0.3988,16,0,0,0
CUST008249,44,11,India,651,35689.72,1,1,161134.08,-0.3496,0.81,0.3791,11,0,1,0
CUST008250,33,14,France,648,180888.51,1,1,145093.45,0.2912,0.87,0.5779,7,4,1,0
CUST008251,55,8,USA,564,32891.57,3,1,102507.71,-0.0904,0.63,0.5311,9,5,1,0
CUST008252,24,1,India,437,62523.77,2,0,87985.71,-0.0637,1.23,0.1225,13,0,0,0
CUST008253,61,13,USA,694,34990.01,3,0,142686.27,0.3064,0.84,0.1898,15,4,1,0
CUST008254,40,5,USA,728,145711.61,3,0,133325.66,0.3307,0.19,0.103,10,2,0,0
CUST008255,58,11,India,615,1024.67,3,0,63982.14,0.429,0.09,0.3611,12,2,1,0
CUST008256,28,3,USA,605,157064.91,1,1,60966.88,0.0401,0.01,0.4085,15,5,0,0
CUST008257,59,6,Germany,597,91172.68,3,1,57306.69,-0.0153,0.01,0.1027,14,0,0,0
CUST008258,70,13,Germany,619,87560.34,2,1,96210.21,0.3918,0.09,0.3841,15,1,1,0
CUST008259,50,13,India,730,72432.58,1,1,81809.61,0.2194,0.46,0.0405,14,0,1,0
CUST008260,67,5,France,575,153548.69,2,1,156306.51,0.1121,0.0,0.2319,9,0,1,0
CUST008261,53,9,India,701,62407.46,1,1,152246.0,-0.4624,0.39,0.3084,10,10,0,1
CUST008262,54,13,France,610,31918.61,1,1,94123.23,-0.0311,1.2,0.3342,14,5,1,0
CUST008263,58,8,India,490,108267.02,1,1,130681.14,-0.0595,0.11,0.6508,10,3,0,0
CUST008264,34,13,USA,622,70703.84,1,1,147529.13,-0.0163,1.24,0.1688,11,8,0,1
CUST008265,52,8,USA,781,197570.26,2,0,210590.61,-0.1506,0.17,0.3013,12,4,1,0
CUST008266,65,9,India,595,132533.46,1,1,137504.14,-0.0488,0.21,0.1734,16,0,0,0
CUST008267,22,3,Germany,631,97504.49,2,0,130070.89,0.4191,0.22,0.223,12,1,0,0
CUST008268,65,0,USA,650,164916.77,1,0,18000.0,0.2841,0.31,0.5204,15,0,1,0
CUST008269,49,1,India,665,13953.37,1,1,153073.91,0.1641,0.56,0.3967,17,1,1,0
CUST008270,20,7,USA,773,110785.98,1,1,105774.91,0.135,0.91,0.3244,10,4,0,0
CUST008271,69,13,USA,586,82328.22,3,1,66122.97,-0.2049,1.2,0.6157,13,5,1,0
CUST008272,64,9,India,650,63390.4,4,1,62383.66,0.1821,0.02,0.3909,18,0,0,0
CUST008273,52,7,France,710,58580.58,1,1,118141.47,0.1899,0.13,0.1993,9,1,1,0
CUST008274,69,13,France,592,145021.55,4,1,33760.71,0.0519,1.1,0.3753,7,7,0,0
CUST008275,31,14,India,655,39417.68,2,1,49737.05,-0.2686,1.18,0.5983,11,0,0,0
CUST008276,65,1,USA,728,105295.07,1,1,137511.65,0.4095,2.31,0.7818,7,0,0,0
CUST008277,48,3,India,608,12687.12,1,0,151221.21,0.0143,0.28,0.2383,16,0,1,0
CUST008278,48,0,Germany,636,60834.64,2,0,170763.56,0.1535,0.2,0.3563,8,6,0,0
CUST008279,34,6,France,557,72880.91,2,1,47288.78,0.253,0.68,0.487,11,1,1,0
CUST008280,41,3,India,725,176221.24,2,1,65093.09,-0.3246,0.07,0.3886,14,0,1,0
CUST008281,69,10,Germany,662,42919.46,1,1,108673.38,0.4306,1.03,0.2334,11,0,0,0
CUST008282,40,13,USA,615,79369.89,1,1,147532.7,-0.2692,0.52,0.5033,14,1,1,0
CUST008283,35,7,India,625,185.71,1,1,120900.87,0.0134,0.99,0.2832,17,0,1,0
CUST008284,67,8,France,649,107360.99,2,1,110019.47,0.4147,0.14,0.6174,8,0,0,0
CUST008285,71,11,USA,676,6523.75,2,1,72039.31,-0.2553,0.5,0.0996,18,10,0,0
CUST008286,31,8,USA,597,34245.61,2,0,44881.08,-0.0324,0.34,0.2643,10,2,0,0
CUST008287,67,2,Germany,604,17553.38,2,1,27918.74,0.254,0.51,0.5333,6,0,0,0
CUST008288,32,4,India,628,58403.23,1,1,82310.65,0.3642,0.65,0.5711,12,0,1,0
CUST008289,32,5,India,662,61501.97,1,1,66198.76,-0.2805,0.92,0.2639,7,10,0,1
CUST008290,23,5,France,778,146352.32,3,1,71463.73,-0.2221,1.61,0.6312,10,0,0,0
CUST008291,44,9,Germany,585,170373.88,1,0,106352.76,-0.0044,0.21,0.4481,11,0,1,0
CUST008292,32,7,Germany,517,168880.39,2,1,122616.38,0.2034,0.45,0.2636,16,0,1,0
CUST008293,67,5,India,761,147345.16,1,1,71954.83,0.0127,0.1,0.7663,7,1,1,0
CUST008294,53,5,USA,579,204676.59,1,1,115485.5,0.052,0.33,0.2181,11,3,1,0
CUST008295,72,3,France,767,104232.4,1,1,125386.65,0.0068,0.38,0.3725,17,6,1,0
CUST008296,25,6,India,749,105136.21,2,0,74932.76,0.0845,0.47,0.2956,13,0,1,0
CUST008297,32,13,India,693,189275.8,2,0,72543.35,0.1361,2.09,0.8599,16,0,1,0
CUST008298,20,13,USA,747,6910.65,2,1,104088.26,0.1899,1.93,0.1816,16,1,0,0
CUST008299,64,7,India,503,134269.43,3,1,52777.51,0.4497,0.06,0.2832,15,3,1,0
CUST008300,30,2,India,541,73075.84,1,0,225985.98,0.1405,0.43,0.178,9,5,1,0
CUST008301,58,6,France,672,158657.75,1,1,114348.83,0.2156,0.31,0.2572,15,0,0,0
CUST008302,51,2,France,619,149270.89,1,1,46534.92,0.2427,0.36,0.2395,10,1,0,0
CUST008303,41,7,USA,587,65810.95,1,1,121292.61,0.251,1.11,0.2486,15,2,1,0
CUST008304,57,0,Germany,714,1303.73,3,1,77700.2,0.1349,0.18,0.466,11,0,1,0
CUST008305,49,0,France,670,159671.18,3,1,145643.88,0.4616,1.13,0.3902,7,5,1,1
CUST008306,49,13,Germany,733,46665.81,2,1,114565.42,-0.4288,1.99,0.5269,16,5,0,1
CUST008307,47,5,India,620,83506.81,2,1,120574.78,0.0282,0.95,0.2747,11,0,1,0
CUST008308,69,9,India,648,6627.3,3,1,18000.0,0.13,0.42,0.6967,12,1,0,0
CUST008309,66,8,India,773,53642.6,2,1,113388.13,-0.1039,0.05,0.8525,11,3,0,1
CUST008310,30,11,India,547,139011.32,1,1,175389.48,0.4069,0.09,0.3178,10,3,1,0
CUST008311,18,13,India,643,99880.22,2,1,174942.19,-0.4651,1.0,0.5245,14,1,0,0
CUST008312,51,3,India,580,29420.29,2,1,201139.01,-0.0435,0.1,0.2788,14,1,1,0
CUST008313,32,5,India,785,40482.78,2,0,167283.19,-0.3823,0.43,0.5578,14,2,1,0
CUST008314,61,11,India,842,118667.84,1,1,98088.56,-0.0532,1.64,0.4436,12,2,1,0
CUST008315,31,4,USA,666,50254.13,1,1,145046.32,-0.1512,0.61,0.265,10,6,1,0
CUST008316,74,11,India,689,86841.96,1,1,98337.9,0.1256,0.33,0.6957,18,0,1,0
CUST008317,46,14,Germany,641,67514.15,1,1,128656.85,0.6226,0.21,0.3912,7,0,0,0
CUST008318,51,0,India,638,49626.63,1,1,145957.06,0.3854,0.62,0.2311,9,1,0,0
CUST008319,35,5,Germany,656,114434.67,1,1,104192.36,-0.2958,0.33,0.1768,8,0,1,0
CUST008320,71,8,France,542,22160.7,1,0,145057.22,0.168,2.55,0.3006,14,3,1,1
CUST008321,24,14,Germany,702,85275.88,1,0,73669.15,-0.0779,0.01,0.5617,8,2,1,0
CUST008322,46,14,Germany,571,101712.21,3,0,132823.79,0.271,2.32,0.2671,14,1,0,0
CUST008323,72,11,France,621,159546.69,1,1,110223.21,0.2452,0.19,0.5029,6,3,1,0
CUST008324,48,2,India,652,79234.61,1,1,76402.46,0.3996,0.68,0.2064,16,2,0,0
CUST008325,42,10,France,589,2103.4,1,0,146210.42,0.4537,0.24,0.3913,14,7,1,0
CUST008326,55,14,Germany,697,117837.74,1,1,31891.88,0.3079,1.36,0.2127,14,5,0,0
CUST008327,31,2,Germany,611,20938.09,2,1,86856.78,0.0111,0.96,0.4831,14,2,0,0
CUST008328,25,13,India,735,34453.94,1,0,100405.03,0.0062,0.21,0.7103,15,1,1,0
CUST008329,44,1,USA,580,45008.08,2,1,170455.12,-0.2793,0.67,0.3088,9,6,1,0
CUST008330,71,12,Germany,636,64544.22,1,1,94182.31,0.1469,1.91,0.5973,14,2,1,0
CUST008331,19,3,USA,564,156153.82,1,1,94375.66,0.1651,0.2,0.1766,10,0,1,0
CUST008332,34,9,Germany,728,116421.27,2,1,153025.06,-0.3902,1.34,0.456,12,2,0,0
CUST008333,54,2,India,625,7799.16,3,0,105858.62,0.3331,1.26,0.042,6,0,1,0
CUST008334,31,11,India,605,169783.24,1,1,62314.82,-0.0204,0.39,0.835,12,4,0,0
CUST008335,42,1,USA,634,141787.62,2,1,215585.57,-0.2136,0.03,0.1629,13,1,1,0
CUST008336,73,0,India,641,101828.82,2,0,144198.5,0.1009,0.15,0.4071,13,5,0,0
CUST008337,47,2,India,682,67679.54,1,1,84705.85,-0.3065,0.51,0.2793,19,3,1,0
CUST008338,46,9,India,693,23666.99,3,1,93779.46,-0.121,0.51,0.464,9,3,1,0
CUST008339,37,5,India,637,76560.38,2,0,45862.15,-0.1685,0.09,0.1106,9,0,0,0
CUST008340,38,8,USA,646,178636.42,1,1,112480.23,-0.1662,0.27,0.486,13,1,0,0
CUST008341,70,10,India,401,158179.05,3,0,144862.66,-0.2095,0.38,0.1332,9,11,1,0
CUST008342,39,4,France,613,16143.28,1,1,18000.0,-0.0076,1.36,0.3904,10,2,1,0
CUST008343,52,14,Germany,764,28176.5,1,0,110064.66,0.2614,1.83,0.2533,14,1,1,0
CUST008344,54,2,Germany,685,64690.35,1,1,30904.5,-0.2098,0.74,0.3937,17,3,1,1
CUST008345,33,13,India,564,84703.71,2,1,84682.98,-0.1197,0.26,0.7367,15,4,0,0
CUST008346,67,4,USA,618,955.33,2,1,107574.15,-0.2078,0.93,0.3758,19,5,1,0
CUST008347,66,4,USA,602,22003.78,1,1,109032.15,0.2652,2.32,0.463,14,1,1,0
CUST008348,60,4,France,735,207200.9,1,0,214379.6,-0.0458,0.09,0.3614,14,0,0,0
CUST008349,34,11,Germany,727,52810.61,1,0,113856.68,0.1484,0.26,0.3594,12,3,0,0
CUST008350,33,11,USA,587,57348.78,1,1,72967.17,-0.0562,0.63,0.2712,13,0,0,0
CUST008351,72,6,France,650,251230.97,2,1,54678.67,0.4225,0.33,0.1508,10,4,1,0
CUST008352,19,4,India,559,54998.88,2,0,73022.84,0.0075,1.6,0.519,7,0,1,0
CUST008353,21,6,India,599,13298.57,1,1,117950.23,0.3288,0.24,0.3049,10,0,0,0
CUST008354,38,8,Germany,602,32031.27,1,0,18000.0,0.2759,1.72,0.7556,15,0,1,1
CUST008355,56,4,India,593,94078.12,1,0,42039.66,-0.0356,1.43,0.4958,13,1,1,0
CUST008356,51,1,India,679,46557.01,1,1,114046.04,-0.1228,0.15,0.2751,11,0,1,0
CUST008357,47,4,Germany,757,67930.91,2,0,91133.08,-0.062,0.08,0.3374,12,1,1,0
CUST008358,23,7,India,645,73336.69,1,1,122633.59,-0.0317,0.9,0.7541,11,9,1,0
CUST008359,34,11,USA,565,271167.7,1,1,61459.46,0.399,0.41,0.5682,11,1,1,0
CUST008360,56,3,France,666,120184.03,2,0,71494.24,0.299,0.21,0.0804,10,2,1,0
CUST008361,42,1,India,666,17034.57,4,1,151694.49,0.1494,1.97,0.2494,15,0,1,0
CUST008362,22,9,India,634,65199.3,1,0,131467.94,-0.0827,0.07,0.3471,13,1,1,0
CUST008363,22,2,India,798,125788.12,1,1,27098.4,-0.1606,1.42,0.3628,14,0,0,0
CUST008364,37,8,India,669,143136.88,4,1,18000.0,-0.3144,0.66,0.2104,12,1,1,0
CUST008365,33,8,India,695,23473.6,1,1,50249.59,-0.0371,0.1,0.1287,8,7,1,0
CUST008366,68,7,India,470,11860.92,2,0,71754.94,-0.0937,0.38,0.6452,11,0,1,0
CUST008367,58,7,USA,572,105137.91,2,1,145032.27,0.3658,0.61,0.5456,8,0,1,0
CUST008368,54,7,India,691,36460.04,1,1,40156.0,0.1749,0.15,0.2206,17,1,0,0
CUST008369,57,7,Germany,672,27751.01,1,1,135397.48,0.0394,0.11,0.2819,13,5,1,0
CUST008370,26,7,France,619,87598.9,1,1,81988.16,0.2543,0.25,0.6108,12,0,1,0
CUST008371,22,0,Germany,686,125027.22,2,1,93223.58,0.3693,0.66,0.7187,5,4,1,0
CUST008372,59,5,USA,724,61186.35,2,1,78947.14,0.0088,1.18,0.5748,12,9,0,0
CUST008373,74,11,India,612,44469.34,2,0,115994.58,0.0068,2.61,0.235,11,5,0,1
CUST008374,19,8,Germany,600,43228.43,1,1,147532.01,-0.2971,0.13,0.3538,20,8,0,0
CUST008375,26,7,India,629,4054.87,1,1,65420.47,0.3999,0.01,0.5082,15,2,0,0
CUST008376,60,2,India,689,110826.94,1,0,153130.0,0.2909,3.21,0.7281,8,2,1,0
CUST008377,53,10,Germany,604,203130.81,3,1,140621.1,-0.0885,0.12,0.45,12,10,1,0
CUST008378,39,0,India,718,93850.97,3,0,86325.12,0.291,1.12,0.453,9,1,1,0
CUST008379,39,1,India,611,103342.83,1,1,68782.69,-0.5381,1.19,0.4494,18,1,0,0
CUST008380,39,10,France,605,126406.05,1,1,167316.4,-0.0698,0.07,0.3359,20,0,1,0
CUST008381,51,14,France,837,159578.87,2,1,86807.84,0.0632,1.33,0.3243,6,1,1,0
CUST008382,72,1,India,551,39924.97,1,1,90462.42,0.1255,0.23,0.6163,11,5,0,0
CUST008383,46,6,India,712,72717.86,2,1,120211.59,0.2801,1.26,0.2416,12,2,1,0
CUST008384,55,11,USA,505,134804.76,1,1,137000.69,-0.1647,0.31,0.6424,11,2,1,0
CUST008385,63,5,Germany,702,17614.75,1,1,164656.49,0.191,1.11,0.677,17,0,0,0
CUST008386,50,10,India,850,17560.12,1,1,125092.81,0.2505,1.47,0.2286,20,0,0,0
CUST008387,35,1,USA,734,47166.07,1,0,107069.09,-0.0089,0.0,0.5351,18,2,1,0
CUST008388,24,7,France,757,153896.33,1,1,111214.51,-0.0656,0.59,0.5155,11,1,1,0
CUST008389,18,14,India,642,84711.3,1,1,40582.42,-0.2559,0.33,0.1252,17,7,0,0
CUST008390,50,8,France,725,47092.18,1,1,85428.76,-0.0986,1.49,0.6552,11,0,1,1
CUST008391,18,14,France,669,138975.56,1,0,52968.32,-0.4507,0.53,0.5388,8,0,1,0
CUST008392,41,6,India,812,110315.79,1,0,139705.32,-0.0017,0.39,0.3743,13,8,1,0
CUST008393,21,3,Germany,561,27828.9,1,0,68815.04,0.0745,0.13,0.4369,17,3,1,0
CUST008394,21,12,India,744,64230.51,2,1,154649.46,-0.0245,0.27,0.4461,6,0,1,0
CUST008395,35,12,Germany,684,12502.89,3,1,76993.34,-0.0594,4.1,0.2236,6,1,0,1
CUST008396,44,0,Germany,576,84889.92,1,1,67815.62,0.0352,1.55,0.1894,13,7,0,1
CUST008397,60,3,India,628,115452.87,1,1,64530.23,0.0985,0.29,0.1405,10,1,1,0
CUST008398,49,3,Germany,521,76397.64,1,1,31704.85,0.189,0.77,0.2298,7,3,1,0
CUST008399,50,7,Germany,388,12749.21,2,1,59898.61,-0.3231,4.93,0.225,9,0,0,1
CUST008400,45,3,India,554,180072.94,1,1,64535.4,-0.0634,0.93,0.4824,8,0,1,0
CUST008401,59,3,India,618,55196.28,1,1,147391.68,-0.3182,0.33,0.4004,17,0,1,0
CUST008402,58,12,India,656,178840.12,3,1,86063.03,-0.0665,0.03,0.4177,14,0,0,0
CUST008403,72,1,USA,545,3053.7,1,1,90762.66,0.3092,1.28,0.1538,13,1,0,0
CUST008404,53,11,France,624,43028.78,4,0,80526.84,0.1006,0.27,0.0631,9,7,1,0
CUST008405,23,9,Germany,668,89494.64,2,1,149697.56,-0.0495,0.12,0.4872,10,1,1,0
CUST008406,33,6,USA,603,56247.46,2,0,108269.0,-0.1322,0.1,0.3361,6,0,0,0
CUST008407,51,14,USA,563,154457.96,2,0,55921.02,-0.0709,0.09,0.3722,10,4,0,0
CUST008408,40,3,India,591,68662.32,1,0,37092.41,-0.0994,0.1,0.1169,12,1,1,0
CUST008409,67,10,India,756,120149.37,2,1,75132.67,0.1335,0.58,0.3053,14,8,0,0
CUST008410,59,5,USA,511,8294.77,1,1,158119.72,-0.1796,1.15,0.517,10,0,0,0
CUST008411,41,2,USA,742,92392.67,1,1,92891.17,-0.0583,1.79,0.3221,8,1,1,0
CUST008412,73,6,USA,759,56545.39,1,0,155872.71,-0.1161,0.93,0.1003,7,1,1,1
CUST008413,66,5,France,621,13909.67,1,1,182548.93,-0.2456,0.08,0.5838,9,2,1,1
CUST008414,30,2,USA,686,104926.46,2,0,193688.55,-0.3345,2.35,0.5328,13,0,0,0
CUST008415,73,3,USA,587,160455.41,1,1,84529.92,0.0389,0.0,0.3489,10,4,1,0
CUST008416,35,9,India,671,39093.95,1,0,59399.79,-0.2753,1.12,0.156,13,1,1,0
CUST008417,71,13,France,828,102212.19,1,1,137499.62,0.025,3.23,0.2514,20,9,1,0
CUST008418,30,4,Germany,751,62664.07,2,1,47052.88,0.2889,1.8,0.6253,12,0,1,0
CUST008419,66,8,France,609,82644.0,1,1,100694.6,0.0318,1.01,0.1826,5,0,0,0
CUST008420,54,13,USA,544,128071.4,2,1,56923.05,-0.0129,0.6,0.4272,11,3,0,0
CUST008421,60,5,USA,626,165390.61,2,1,79694.73,-0.344,6.13,0.1875,11,8,1,1
CUST008422,56,12,USA,671,152996.39,2,1,95225.78,-0.1262,0.79,0.4784,9,2,1,0
CUST008423,59,3,India,707,29526.19,2,1,77786.83,-0.1835,1.42,0.3061,13,2,0,0
CUST008424,34,10,Germany,641,7345.76,3,1,135464.59,-0.1082,0.16,0.4911,10,10,1,0
CUST008425,32,10,France,792,48706.7,1,1,111459.86,0.0596,0.82,0.7297,14,0,1,0
CUST008426,35,6,India,652,115247.39,1,1,53219.63,0.1985,0.01,0.392,13,0,1,0
CUST008427,40,1,India,611,43369.75,2,0,57453.51,-0.5507,1.32,0.5896,15,2,1,1
CUST008428,71,3,Germany,691,141863.81,1,1,68835.45,0.3468,0.43,0.2322,11,0,1,0
CUST008429,68,4,India,706,11850.85,3,0,162193.27,-0.2597,0.24,0.6759,13,0,1,0
CUST008430,47,3,USA,588,103664.44,1,1,135099.7,0.5218,0.24,0.1925,13,1,0,0
CUST008431,51,3,Germany,574,33755.75,2,1,18000.0,-0.0927,3.12,0.2346,13,8,1,1
CUST008432,21,10,India,518,107287.27,2,0,114459.58,0.1155,1.61,0.4364,6,2,0,0
CUST008433,20,12,Germany,626,100260.57,1,1,220646.11,0.0651,1.24,0.4621,11,0,1,0
CUST008434,24,8,USA,747,7829.15,2,1,115146.05,-0.0635,0.56,0.2227,19,1,0,0
CUST008435,73,13,France,703,87919.0,2,1,96189.96,0.2669,0.41,0.156,9,2,1,0
CUST008436,35,10,Germany,739,204299.32,4,0,69613.15,0.3504,0.72,0.3885,15,4,1,0
CUST008437,59,12,France,597,118657.15,1,1,52172.92,-0.0167,0.63,0.1422,17,4,1,0
CUST008438,24,1,India,636,259219.95,2,0,112692.79,-0.1844,1.74,0.5029,14,1,1,0
CUST008439,57,5,India,497,85499.29,3,1,18000.0,-0.2637,2.89,0.4744,12,2,0,1
CUST008440,23,13,India,730,111844.77,1,1,67693.61,0.3243,2.14,0.6507,6,1,1,0
CUST008441,39,7,USA,757,46476.65,1,1,98467.44,-0.2754,1.17,0.2758,18,0,0,0
CUST008442,18,7,France,564,91270.16,1,1,153119.08,0.0817,0.42,0.1839,7,0,1,0
CUST008443,21,10,USA,780,15480.37,4,1,26824.15,0.1819,1.15,0.583,11,3,1,0
CUST008444,63,6,Germany,631,132144.31,1,0,78936.14,-0.1295,1.21,0.5555,11,0,0,0
CUST008445,66,9,India,563,26054.58,2,0,129992.0,0.2052,0.15,0.1465,5,10,1,0
CUST008446,69,10,India,624,179305.54,1,1,90685.52,0.0287,1.37,0.4879,11,1,1,0
CUST008447,67,3,France,700,7461.72,1,1,162174.11,-0.015,1.95,0.2017,16,0,0,0
CUST008448,60,6,USA,645,57101.31,3,0,126237.27,-0.3092,1.11,0.5666,12,1,1,0
CUST008449,46,12,Germany,603,60568.27,1,1,61131.64,-0.0989,0.91,0.0711,11,0,1,1
CUST008450,38,9,India,697,6684.13,2,0,101290.23,-0.1402,0.2,0.4056,12,9,0,0
CUST008451,43,5,France,704,90547.02,1,1,61197.42,0.2296,0.81,0.5805,16,4,0,0
CUST008452,31,10,USA,636,42927.01,1,1,96168.06,0.1114,0.8,0.6289,7,4,1,0
CUST008453,26,5,Germany,621,163064.55,2,1,108471.93,-0.1579,0.38,0.1278,13,0,1,0
CUST008454,64,1,India,606,25644.21,1,1,132245.4,-0.3681,0.1,0.5201,11,0,1,0
CUST008455,29,7,USA,688,102102.29,2,0,110012.13,0.2188,0.46,0.3699,11,1,1,0
CUST008456,59,7,France,521,70668.58,1,1,43261.98,0.2953,2.03,0.6441,10,4,1,0
CUST008457,68,13,France,588,62773.47,3,1,18000.0,0.2999,1.22,0.4478,9,2,1,0
CUST008458,73,10,India,637,81671.7,2,1,125026.2,0.125,0.35,0.6597,9,1,1,0
CUST008459,68,6,India,586,119910.74,2,1,18000.0,-0.2061,0.17,0.539,13,1,0,0
CUST008460,23,10,USA,670,41013.65,1,0,107899.12,-0.1164,0.49,0.5838,9,5,1,0
CUST008461,37,8,India,663,78952.89,1,1,54581.02,-0.5214,1.14,0.1643,14,5,1,0
CUST008462,41,7,Germany,848,24801.38,1,1,98216.9,0.0809,0.92,0.2577,14,0,0,0
CUST008463,44,13,India,589,29511.64,1,1,92063.59,0.2044,1.72,0.6241,12,2,1,0
CUST008464,55,8,India,649,91102.86,1,1,113861.05,-0.179,0.3,0.2771,11,2,0,0
CUST008465,25,14,Germany,573,144200.93,3,1,99497.8,-0.1629,0.55,0.7413,11,0,1,0
CUST008466,18,8,USA,805,172169.99,4,1,131629.08,-0.6021,0.24,0.6328,12,0,0,0
CUST008467,71,5,Germany,786,39927.13,2,0,111392.79,0.1629,1.19,0.4916,14,3,1,0
CUST008468,66,1,France,524,100619.19,2,1,152640.12,0.338,0.44,0.3567,13,1,1,0
CUST008469,66,11,India,636,80352.71,1,0,75386.6,0.0291,0.45,0.3157,21,1,1,0
CUST008470,41,6,Germany,652,36724.34,1,1,47178.77,-0.1281,1.35,0.5055,23,3,0,0
CUST008471,64,2,India,622,103361.0,2,1,111737.93,-0.1691,1.05,0.3761,12,6,1,0
CUST008472,24,12,USA,611,20252.8,2,1,94643.38,-0.0826,0.51,0.398,12,1,1,0
CUST008473,36,6,India,711,97225.51,2,0,117047.22,0.2391,0.38,0.0529,10,4,1,0
CUST008474,39,8,India,793,23091.62,2,1,96196.73,-0.0745,0.93,0.4917,13,0,1,0
CUST008475,74,9,India,714,3812.2,3,0,148474.82,-0.2202,2.28,0.5395,17,1,0,0
CUST008476,72,13,India,719,5335.85,1,0,121816.12,0.552,0.44,0.4214,9,0,1,0
CUST008477,52,9,France,621,100614.35,1,1,40943.5,-0.2588,0.03,0.4294,16,6,1,0
CUST008478,47,1,Germany,731,5953.44,4,1,79773.95,-0.2272,1.69,0.645,15,12,0,0
CUST008479,46,13,France,731,109848.31,2,0,107000.41,-0.1666,0.15,0.3078,11,3,1,0
CUST008480,39,12,USA,612,186189.07,3,1,79879.3,0.0785,1.85,0.4864,14,7,1,0
CUST008481,28,5,India,631,179604.69,1,1,69764.32,-0.0384,1.42,0.5014,7,1,1,0
CUST008482,37,12,India,523,22981.2,1,1,160690.04,-0.0857,0.86,0.5726,4,3,1,0
CUST008483,46,5,India,541,7526.63,1,1,135616.44,0.0319,1.5,0.4613,15,0,1,0
CUST008484,68,8,India,615,105836.17,1,0,63917.65,-0.2389,0.24,0.3421,11,1,0,0
CUST008485,58,12,Germany,564,9767.24,3,1,142416.48,0.1245,1.55,0.4207,10,4,1,0
CUST008486,59,8,USA,714,114364.44,2,1,137717.13,0.251,0.66,0.3164,9,0,0,0
CUST008487,51,14,India,637,30037.89,4,1,127909.05,-0.126,0.16,0.7105,17,0,0,0
CUST008488,18,12,India,692,71564.21,1,1,26365.93,0.0936,0.24,0.3657,9,0,1,0
CUST008489,48,4,India,552,134534.95,1,1,107188.91,-0.0171,1.25,0.6864,14,5,0,1
CUST008490,47,13,India,753,20223.83,1,1,52432.76,0.1743,1.48,0.7143,11,0,1,0
CUST008491,65,4,India,689,68751.41,1,1,90192.97,0.0235,1.66,0.1745,13,1,0,0
CUST008492,35,8,Germany,682,67918.07,2,1,153937.43,0.281,0.16,0.35,13,0,1,0
CUST008493,72,7,India,725,113598.4,1,1,80755.28,0.6454,1.86,0.41,9,0,1,0
CUST008494,34,6,Germany,675,34531.56,1,1,92280.03,0.2132,0.54,0.4125,13,2,1,0
CUST008495,55,7,India,568,12538.74,2,0,32009.38,0.2536,3.99,0.4398,19,2,1,1
CUST008496,31,5,India,700,80504.45,1,1,106460.12,-0.0783,0.52,0.1811,7,8,1,0
CUST008497,40,2,Germany,587,158163.03,1,1,167128.04,-0.1149,0.23,0.7116,12,2,1,0
CUST008498,42,6,USA,666,127761.14,2,1,199522.4,0.0851,0.05,0.5295,11,2,1,0
CUST008499,32,7,India,588,74488.12,2,1,143853.07,-0.2514,0.87,0.1476,12,2,0,0
CUST008500,63,14,France,782,72828.76,3,1,79674.6,0.3006,0.0,0.4138,7,0,1,0
CUST008501,73,7,India,703,102363.24,2,0,122465.78,0.2202,1.45,0.1249,14,0,0,0
CUST008502,39,0,India,730,135883.79,3,0,77555.69,-0.1056,0.3,0.5836,9,0,0,0
CUST008503,20,6,Germany,589,49064.99,1,1,107687.48,0.1856,0.88,0.545,9,6,1,0
CUST008504,73,2,Germany,673,34354.01,1,1,124851.69,0.5851,0.55,0.3845,15,1,0,0
CUST008505,72,1,India,665,43403.21,2,1,33872.56,0.0904,0.86,0.5519,12,4,0,0
CUST008506,36,13,India,658,54550.15,2,1,136722.98,0.2151,0.04,0.3569,15,0,0,0
CUST008507,74,1,France,495,87280.02,2,1,120480.51,0.1071,0.18,0.2782,7,7,1,0
CUST008508,61,13,India,807,138777.11,2,1,64136.9,0.1125,1.79,0.5333,9,2,1,0
CUST008509,51,14,India,646,104471.84,1,1,18000.0,0.0212,0.43,0.539,16,7,0,0
CUST008510,52,13,USA,690,6940.95,1,1,109851.27,0.5651,0.67,0.3491,11,0,0,0
CUST008511,67,7,France,544,84101.14,1,1,133676.01,-0.4583,0.49,0.3062,11,0,1,0
CUST008512,18,8,India,767,91785.83,1,1,84149.64,0.1494,1.93,0.5205,7,1,1,0
CUST008513,69,2,Germany,760,63620.63,2,1,84423.4,-0.0035,0.18,0.5067,13,8,1,0
CUST008514,38,13,USA,718,6239.8,1,1,126931.79,0.325,1.46,0.4271,10,4,1,0
CUST008515,46,2,USA,671,32620.7,1,1,69397.5,0.3172,0.05,0.843,10,4,1,0
CUST008516,23,5,Germany,836,67507.01,4,0,132935.21,0.2409,1.56,0.3918,12,7,0,0
CUST008517,54,10,France,728,30438.91,1,0,86747.46,-0.1717,1.87,0.0849,13,0,1,0
CUST008518,18,9,India,540,23100.4,1,0,110920.66,0.3872,1.25,0.5596,10,7,1,0
CUST008519,68,0,India,667,9613.67,2,1,116171.86,-0.0545,0.26,0.0854,17,2,0,0
CUST008520,18,5,France,696,107124.34,2,1,174974.22,0.3459,0.1,0.5125,26,4,1,0
CUST008521,44,11,Germany,658,19308.86,1,1,113174.54,0.1289,0.56,0.2442,6,6,1,0
CUST008522,38,2,USA,695,5051.05,2,1,56479.16,0.1026,0.88,0.3427,12,1,0,0
CUST008523,70,10,USA,765,43916.17,1,0,74487.54,-0.049,1.37,0.5468,13,0,1,1
CUST008524,33,3,Germany,634,122668.29,2,1,74344.81,-0.4691,0.56,0.3785,14,2,0,1
CUST008525,61,8,Germany,619,74574.91,1,1,124824.04,0.5303,0.63,0.5101,13,0,1,0
CUST008526,71,2,France,563,144333.49,1,1,97184.82,0.1457,2.2,0.1895,12,2,0,0
CUST008527,57,0,USA,500,134829.46,2,1,99559.36,-0.0548,0.04,0.2917,9,4,1,0
CUST008528,43,2,India,625,29506.94,2,1,157067.73,0.1745,0.31,0.4658,9,4,0,0
CUST008529,33,6,USA,595,84347.67,2,1,142162.74,-0.05,0.46,0.5591,15,1,0,0
CUST008530,45,12,USA,633,144059.79,3,1,86244.2,-0.1696,0.82,0.0945,9,0,1,0
CUST008531,18,6,USA,603,46066.73,1,0,182715.17,-0.1164,0.08,0.2046,8,0,1,0
CUST008532,53,10,USA,564,90889.69,2,1,208298.27,-0.0713,1.66,0.614,11,0,0,0
CUST008533,27,4,India,605,20085.2,1,1,59493.21,-0.091,0.3,0.071,15,5,0,0
CUST008534,60,13,USA,691,62018.8,1,1,74434.0,0.097,0.16,0.2173,10,6,1,0
CUST008535,34,0,Germany,607,59999.98,2,1,48112.9,0.3447,0.72,0.4858,6,0,1,0
CUST008536,74,10,Germany,634,114886.44,1,1,167647.98,0.1388,0.12,0.5357,13,4,1,0
CUST008537,40,7,USA,817,52224.34,1,1,58954.8,0.0078,0.32,0.4303,16,1,0,0
CUST008538,24,9,India,736,89360.35,2,1,75985.46,-0.5149,1.58,0.4716,7,0,1,0
CUST008539,61,7,USA,668,99630.99,1,1,214939.36,0.161,1.25,0.6647,11,4,1,1
CUST008540,70,9,Germany,670,27077.82,1,1,145725.39,-0.1292,0.26,0.398,12,0,0,0
CUST008541,24,11,USA,593,51045.92,2,1,87349.27,0.1111,0.44,0.592,15,0,1,0
CUST008542,61,9,Germany,616,104709.52,1,1,98523.98,0.1574,0.57,0.2258,13,1,0,0
CUST008543,32,12,USA,627,189985.51,1,1,18000.0,-0.0358,0.67,0.3857,11,2,0,0
CUST008544,51,9,India,658,1948.43,1,1,96897.35,-0.1593,0.29,0.6418,7,3,1,0
CUST008545,63,1,Germany,646,108570.74,1,1,111076.58,0.1323,0.61,0.3143,11,1,1,0
CUST008546,62,9,India,559,151274.53,3,0,48400.45,-0.2508,1.19,0.2189,10,1,0,0
CUST008547,21,2,USA,697,81926.42,3,1,110797.57,0.6183,0.93,0.2491,16,3,0,0
CUST008548,31,3,India,604,20004.79,1,1,198508.96,0.0621,2.41,0.2827,24,1,1,0
CUST008549,31,0,India,803,72749.38,1,1,170600.09,0.1907,0.22,0.1144,13,0,0,0
CUST008550,33,3,USA,749,16032.0,1,1,175726.98,0.0214,0.91,0.1695,11,3,1,0
CUST008551,24,4,USA,517,44825.86,1,1,85876.67,-0.1527,2.39,0.444,14,1,0,1
CUST008552,49,2,Germany,629,99893.19,1,0,81326.0,0.5347,0.08,0.2661,10,4,1,0
CUST008553,36,13,Germany,778,72248.1,1,0,128075.96,-0.2445,0.66,0.3473,8,5,1,0
CUST008554,19,10,Germany,703,88152.57,2,1,74237.39,0.0449,3.33,0.5158,12,12,1,0
CUST008555,27,14,USA,657,3506.09,1,1,134039.88,-0.014,0.05,0.2085,11,8,0,0
CUST008556,67,9,USA,463,38120.86,2,1,146695.89,-0.0572,0.36,0.6784,9,3,0,1
CUST008557,34,1,USA,632,114007.63,1,1,205200.28,-0.1308,0.07,0.8753,13,2,1,0
CUST008558,54,12,USA,666,27841.59,2,1,36964.87,-0.0427,0.71,0.6589,13,8,1,0
CUST008559,29,5,USA,485,6232.26,1,0,150553.52,0.1737,1.53,0.3358,7,8,1,0
CUST008560,23,7,France,699,57053.68,3,1,76983.06,0.106,0.22,0.353,11,11,0,0
CUST008561,39,6,India,593,43917.65,2,1,172898.4,0.1405,0.18,0.0941,12,3,1,0
CUST008562,49,10,France,674,123704.54,1,1,117688.84,-0.0371,0.6,0.4974,17,5,1,0
CUST008563,58,13,India,660,72475.86,1,0,107143.68,0.2574,0.35,0.5276,4,0,1,0
CUST008564,37,0,India,629,70885.83,1,1,146060.72,-0.3412,1.4,0.3545,6,10,1,0
CUST008565,18,3,India,713,160999.27,2,0,147200.78,0.0065,0.12,0.3571,11,0,0,0
CUST008566,71,2,USA,672,96274.77,1,1,82387.37,-0.0186,1.97,0.5257,13,0,1,0
CUST008567,64,5,India,850,19088.52,1,1,105196.0,-0.0187,1.33,0.4079,8,2,1,0
CUST008568,70,8,France,792,226509.36,1,1,71610.25,-0.0194,0.01,0.1671,14,2,0,0
CUST008569,23,8,Germany,569,42094.76,2,1,107431.27,0.0036,0.26,0.6517,7,0,1,0
CUST008570,36,6,Germany,744,74919.29,1,1,145359.42,0.1976,1.96,0.3808,9,0,0,0
CUST008571,35,14,USA,591,126347.0,2,0,174404.47,-0.0721,1.55,0.2521,16,1,1,0
CUST008572,23,11,France,556,25890.47,3,1,18000.0,-0.0629,0.54,0.1628,12,6,1,0
CUST008573,62,8,Germany,531,192009.18,4,1,155348.73,0.3498,0.63,0.4385,21,2,0,0
CUST008574,50,7,USA,621,120742.34,1,1,136635.85,0.2873,0.07,0.2936,12,0,0,0
CUST008575,40,4,Germany,730,208127.54,2,0,43796.55,0.0613,1.29,0.3237,11,0,1,0
CUST008576,40,8,USA,662,10690.63,1,0,24123.7,0.0931,0.06,0.6837,18,0,1,0
CUST008577,43,13,USA,690,155235.3,1,1,101071.32,-0.3278,0.83,0.2956,13,0,0,0
CUST008578,30,6,India,391,25579.45,3,0,96589.29,-0.0064,0.1,0.4231,11,1,1,1
CUST008579,24,4,USA,631,97300.94,1,1,102905.54,0.2058,0.45,0.3249,10,0,1,0
CUST008580,32,14,India,565,86689.02,1,1,173730.71,0.202,0.36,0.3872,15,0,1,0
CUST008581,61,7,India,523,162009.4,2,1,27637.48,-0.2269,0.43,0.2508,16,3,0,0
CUST008582,44,14,Germany,553,126212.94,1,1,46459.55,-0.296,0.69,0.1024,15,0,0,0
CUST008583,43,6,France,655,47177.82,3,1,34478.47,0.2212,0.12,0.2314,10,1,0,0
CUST008584,50,8,France,702,143496.44,1,0,156148.39,0.3089,0.2,0.449,13,0,1,0
CUST008585,32,9,USA,577,70297.62,2,0,133934.1,0.2336,0.09,0.2765,7,3,0,0
CUST008586,53,0,USA,697,119000.67,3,0,107874.56,0.5522,0.85,0.8524,15,3,1,0
CUST008587,62,14,India,715,94330.73,2,0,75477.03,0.3895,0.04,0.6989,6,0,0,0
CUST008588,72,12,Germany,676,62786.21,3,1,90377.85,-0.1353,0.86,0.2886,11,3,1,0
CUST008589,44,8,India,581,6063.92,1,1,81787.86,0.3848,2.89,0.1635,12,2,1,0
CUST008590,74,14,India,610,88608.49,1,1,130079.88,-0.1484,1.76,0.6077,18,1,0,0
CUST008591,22,6,Germany,676,34148.96,2,0,192121.38,0.1429,0.32,0.3783,14,2,1,0
CUST008592,19,0,India,592,267.58,2,0,47467.48,-0.2678,0.19,0.488,11,1,1,0
CUST008593,72,0,India,701,127488.71,1,1,79528.8,0.3148,2.58,0.6324,11,1,0,1
CUST008594,50,4,Germany,561,36886.4,2,1,89048.29,-0.065,0.47,0.5618,17,0,1,0
CUST008595,33,7,India,680,35925.1,1,0,18000.0,0.6314,0.35,0.3801,9,0,1,0
CUST008596,40,8,India,722,76138.77,1,1,142168.45,0.1376,0.11,0.4544,12,4,0,0
CUST008597,55,11,India,665,66575.02,1,1,103947.02,0.0476,0.15,0.1947,12,0,1,0
CUST008598,72,5,India,570,72171.63,2,0,119032.46,-0.1633,1.08,0.2631,15,2,0,0
CUST008599,33,11,India,519,72100.08,4,0,71736.78,0.1689,0.18,0.2835,15,0,1,0
CUST008600,31,12,Germany,561,13627.52,2,1,119150.28,0.1428,0.16,0.5779,13,3,0,0
CUST008601,46,9,India,688,51242.57,2,1,93193.72,-0.0998,0.31,0.3095,8,2,1,0
CUST008602,43,11,Germany,633,140434.2,1,1,103431.24,0.4569,1.96,0.4358,8,5,1,0
CUST008603,52,7,India,601,129008.13,1,1,152866.05,-0.1148,0.71,0.1906,9,0,1,0
CUST008604,32,14,USA,681,54082.23,2,1,117654.8,-0.3106,1.19,0.2277,15,0,1,0
CUST008605,20,5,Germany,491,112280.62,1,1,28245.54,0.0188,1.02,0.4697,15,5,0,0
CUST008606,40,10,Germany,629,81768.42,2,1,95735.05,0.0539,2.39,0.3128,7,7,0,1
CUST008607,46,5,USA,561,55556.19,1,0,157532.09,-0.013,0.94,0.5067,6,2,1,0
CUST008608,51,3,France,541,153292.66,1,1,90504.97,0.2162,0.11,0.3755,14,7,1,0
CUST008609,50,10,India,608,20519.03,2,1,136409.07,0.0914,0.18,0.4498,14,0,0,0
CUST008610,58,4,USA,847,95004.86,2,1,174028.53,0.4064,0.97,0.1643,12,5,0,0
CUST008611,58,13,France,700,27131.56,1,1,142171.36,0.3471,0.19,0.599,10,5,0,0
CUST008612,40,1,India,559,98351.48,1,1,124459.61,0.2357,1.4,0.5289,11,3,0,0
CUST008613,24,2,India,746,35077.35,4,1,110499.29,0.2432,1.69,0.4446,6,8,1,0
CUST008614,20,2,India,545,52333.82,2,1,89309.93,-0.3362,0.43,0.5889,12,2,0,0
CUST008615,49,13,USA,771,57948.45,2,1,95096.92,0.2512,0.39,0.2982,11,1,1,0
CUST008616,48,11,India,579,61548.03,1,1,166774.18,0.2369,0.1,0.5746,16,1,1,0
CUST008617,35,10,India,658,24073.97,1,1,132488.04,0.4481,2.22,0.2336,12,0,0,0
CUST008618,60,4,USA,816,127467.39,1,1,92705.64,-0.0963,0.53,0.4955,17,5,1,0
CUST008619,24,13,USA,621,82484.78,1,0,86581.87,-0.1286,0.98,0.4073,11,1,1,0
CUST008620,58,4,India,797,166418.39,1,1,104060.14,-0.0442,0.14,0.6844,14,0,1,0
CUST008621,18,5,India,644,8810.72,1,1,115771.02,0.0537,0.62,0.1784,13,1,0,0
CUST008622,31,4,USA,643,128774.23,4,1,82958.62,-0.2029,1.2,0.2325,8,4,1,0
CUST008623,69,11,France,579,104562.76,1,1,44281.07,-0.2862,0.73,0.5463,10,0,0,0
CUST008624,49,5,Germany,762,148199.78,2,0,125648.04,-0.0967,0.38,0.6499,11,2,0,0
CUST008625,23,7,Germany,610,69329.9,3,1,80581.32,-0.3051,0.76,0.1971,17,2,0,0
CUST008626,56,14,India,802,83107.53,1,1,70702.89,-0.3883,4.33,0.539,7,0,1,0
CUST008627,27,1,India,599,21595.46,1,0,79045.28,-0.1189,0.92,0.5979,8,1,1,0
CUST008628,24,3,USA,613,59222.91,1,0,68585.42,0.0705,0.56,0.2075,12,1,1,0
CUST008629,43,12,Germany,730,45536.04,3,0,135427.25,-0.0091,1.55,0.1615,10,1,1,1
CUST008630,51,5,USA,641,6180.74,2,0,145507.2,0.2388,0.51,0.4518,11,0,0,0
CUST008631,47,11,Germany,673,84442.19,1,0,134892.91,-0.3334,0.48,0.1257,8,5,1,1
CUST008632,53,4,France,545,134399.27,2,1,111047.11,0.2785,0.65,0.6836,13,0,1,0
CUST008633,38,0,India,658,149154.84,1,0,39253.16,-0.0121,0.31,0.1917,14,7,0,0
CUST008634,34,8,India,679,25742.05,1,1,124752.28,0.4436,0.06,0.1388,12,0,0,0
CUST008635,50,2,India,787,73742.59,2,0,194984.79,0.087,0.38,0.6161,14,5,1,0
CUST008636,27,1,India,611,67653.53,2,1,91105.87,0.0358,1.05,0.1829,16,5,1,0
CUST008637,68,8,India,676,167425.17,1,1,23105.49,-0.0068,0.53,0.6978,9,0,1,0
CUST008638,64,6,France,746,186750.29,1,1,134959.74,0.1149,1.54,0.3291,13,1,1,0
CUST008639,59,4,India,653,4902.44,1,1,18000.0,0.3086,0.16,0.5151,13,0,0,0
CUST008640,68,11,India,736,106161.94,1,0,54386.33,0.254,0.2,0.2817,8,3,0,0
CUST008641,29,5,India,849,108929.53,2,1,87885.68,0.1154,0.83,0.7693,13,0,0,0
CUST008642,73,11,France,652,63568.73,2,1,153327.96,0.0072,1.37,0.4953,10,0,1,0
CUST008643,33,10,Germany,755,2301.13,2,1,107809.62,0.0925,0.95,0.3088,13,0,0,0
CUST008644,58,3,France,691,119736.62,3,1,71320.04,0.5901,0.47,0.199,14,0,1,0
CUST008645,49,0,France,718,151407.1,2,0,72214.95,0.2151,1.72,0.2088,10,1,0,0
CUST008646,32,3,USA,706,42087.25,1,1,47945.87,0.3197,0.9,0.4054,5,0,1,0
CUST008647,44,8,India,735,150176.2,1,1,74620.79,0.2099,1.44,0.2426,7,3,0,0
CUST008648,45,0,India,730,76250.1,1,0,89772.89,0.1573,1.87,0.8207,9,2,0,1
CUST008649,34,9,India,644,164160.11,2,1,103117.12,-0.5817,0.6,0.2695,16,1,0,0
CUST008650,63,2,Germany,605,164036.38,2,1,129866.33,-0.1951,0.71,0.4052,15,0,0,0
CUST008651,67,14,India,684,74539.5,1,0,109243.98,0.0662,0.88,0.5033,8,0,1,0
CUST008652,19,14,India,533,101876.4,2,1,43008.26,0.0717,2.87,0.1288,13,0,1,0
CUST008653,53,4,USA,699,32450.05,1,0,18000.0,0.1215,1.31,0.3536,11,2,0,0
CUST008654,67,6,USA,709,24658.62,2,1,69674.99,0.2074,0.03,0.2484,11,1,1,0
CUST008655,24,8,Germany,635,91545.21,1,1,197931.35,-0.2698,0.45,0.5025,11,2,1,0
CUST008656,30,5,India,653,14909.95,1,0,84106.09,0.1027,1.62,0.7086,11,1,1,0
CUST008657,32,2,Germany,722,205770.91,2,0,108502.06,0.0847,0.03,0.2987,16,1,0,0
CUST008658,42,12,USA,709,146586.29,1,1,32559.97,0.1739,0.8,0.7276,14,3,1,0
CUST008659,40,6,India,724,66602.48,2,0,73098.66,-0.2564,2.32,0.8905,11,2,1,0
CUST008660,39,14,Germany,712,241372.36,2,0,130340.88,0.0648,0.3,0.2954,13,4,0,0
CUST008661,43,13,France,658,36919.24,2,1,125464.55,-0.4445,1.02,0.1371,7,3,1,0
CUST008662,50,3,India,648,51668.61,2,0,100849.19,-0.3401,0.3,0.6716,12,0,1,0
CUST008663,28,2,India,683,50919.08,2,0,119323.62,0.5262,0.82,0.8775,9,0,1,0
CUST008664,27,13,USA,766,72032.58,3,1,162427.74,0.0172,2.21,0.2369,13,1,1,0
CUST008665,42,6,India,671,56778.17,2,0,108170.17,-0.2222,0.37,0.4408,11,7,0,0
CUST008666,54,10,France,754,104306.84,2,0,179407.21,-0.4153,2.58,0.2763,12,0,0,1
CUST008667,65,10,India,487,14076.21,2,1,118250.01,-0.015,0.39,0.0928,10,0,0,0
CUST008668,60,6,Germany,675,83930.88,3,1,69203.37,0.4622,0.4,0.4511,14,1,1,0
CUST008669,70,3,Germany,656,42363.06,1,1,62345.03,0.0348,1.16,0.4357,16,10,1,1
CUST008670,55,11,USA,516,79885.87,2,1,83614.7,0.1827,0.36,0.3239,11,1,0,0
CUST008671,58,6,India,528,8859.28,1,1,94465.92,-0.1425,0.32,0.2915,15,3,0,0
CUST008672,62,10,India,686,22399.72,1,1,146817.2,-0.1556,0.16,0.5702,14,1,0,0
CUST008673,41,13,India,658,207760.8,4,1,161168.75,0.07,0.07,0.1649,16,1,0,0
CUST008674,57,1,India,713,18885.59,1,1,89146.6,-0.0007,1.45,0.1375,5,0,0,1
CUST008675,63,0,India,442,108454.97,2,1,123368.24,0.0121,0.52,0.8668,11,2,1,0
CUST008676,73,11,Germany,735,42717.95,1,1,110811.05,0.1077,0.84,0.4687,9,10,0,0
CUST008677,50,14,India,736,12924.95,2,1,91797.67,0.2251,0.52,0.3791,6,1,0,0
CUST008678,34,1,Germany,539,79974.55,2,1,119260.8,-0.4635,0.38,0.6428,9,2,0,0
CUST008679,41,3,USA,762,22127.86,1,1,128230.59,-0.0754,0.42,0.3602,13,6,1,0
CUST008680,54,7,Germany,793,108116.03,1,1,200236.11,0.2187,0.07,0.8567,13,1,1,0
CUST008681,74,2,France,543,68266.02,1,1,181910.77,-0.1072,0.9,0.2358,13,1,1,0
CUST008682,19,14,India,658,158836.96,1,1,162630.45,0.4196,0.57,0.6448,13,0,1,0
CUST008683,49,9,France,665,4947.3,2,0,89052.49,0.2245,0.05,0.3947,8,0,1,0
CUST008684,74,14,USA,506,93117.94,1,1,47886.95,-0.153,0.79,0.6193,14,0,1,0
CUST008685,41,5,Germany,623,98960.76,2,0,122087.47,-0.0967,0.19,0.4701,15,1,1,0
CUST008686,26,5,Germany,762,14211.91,1,1,18000.0,-0.0433,0.12,0.1513,11,5,1,0
CUST008687,21,12,USA,581,34830.6,1,0,95526.81,-0.1629,3.02,0.5376,12,1,0,0
CUST008688,34,8,India,796,12254.14,1,1,123571.97,-0.0839,0.07,0.2645,16,5,1,0
CUST008689,34,8,India,679,20722.72,1,0,50147.32,-0.2016,1.05,0.3651,17,6,0,0
CUST008690,70,3,USA,586,68648.0,1,1,114334.54,-0.0032,0.96,0.4033,15,7,0,0
CUST008691,67,8,France,653,126024.27,1,1,140625.61,0.1654,0.59,0.494,13,1,0,0
CUST008692,65,14,Germany,532,67840.48,4,1,96386.6,0.1892,0.07,0.2469,10,2,1,0
CUST008693,47,14,India,684,70431.39,4,1,103827.88,0.1,0.28,0.5257,14,0,0,0
CUST008694,57,12,Germany,634,4496.23,2,1,135650.18,-0.4339,0.14,0.7435,12,2,1,0
CUST008695,28,5,Germany,615,54300.21,2,0,182755.18,0.114,3.28,0.6875,14,0,0,0
CUST008696,38,1,India,534,97207.21,3,0,111215.42,-0.0678,0.08,0.2272,12,2,1,0
CUST008697,38,9,India,643,35037.32,2,1,132779.1,0.085,0.01,0.3574,6,0,1,0
CUST008698,35,13,India,666,35656.07,1,0,86098.18,-0.1443,0.2,0.7229,15,2,1,0
CUST008699,72,10,France,540,42269.67,2,1,133476.89,-0.174,1.23,0.4771,5,0,0,0
CUST008700,46,5,Germany,736,91459.17,1,0,134709.54,-0.0222,1.49,0.4415,14,1,1,0
CUST008701,41,1,India,672,100959.76,1,1,123989.41,0.3109,0.97,0.1368,15,2,1,0
CUST008702,27,7,India,582,88331.25,2,1,183023.82,-0.7636,0.45,0.2194,11,0,1,0
CUST008703,62,3,Germany,642,32877.05,2,1,87585.84,0.2091,1.25,0.541,17,0,0,0
CUST008704,34,4,France,716,112854.79,1,0,102007.6,0.3293,0.9,0.3088,14,0,1,0
CUST008705,35,7,Germany,759,74733.14,1,1,168954.85,-0.4476,4.05,0.7566,14,0,1,1
CUST008706,59,13,USA,776,21672.98,3,1,86050.4,-0.0464,0.46,0.126,12,0,1,0
CUST008707,65,10,India,794,6739.24,2,0,139409.43,-0.1634,0.17,0.6625,7,6,1,0
CUST008708,37,7,USA,543,88170.18,2,0,188994.92,-0.1234,0.05,0.4276,9,8,1,0
CUST008709,54,11,India,593,129876.03,2,1,139054.4,-0.0172,0.78,0.5083,11,0,0,0
CUST008710,62,13,Germany,537,112807.48,2,0,121875.7,0.0868,2.18,0.2862,13,3,0,0
CUST008711,35,11,India,737,86119.78,1,1,92908.7,-0.0611,1.23,0.4762,10,3,1,1
CUST008712,34,5,Germany,636,115269.99,1,1,156363.26,-0.356,1.05,0.4494,10,2,1,0
CUST008713,26,3,India,751,223029.25,1,1,52262.13,-0.2478,0.58,0.5714,17,2,1,0
CUST008714,31,14,Germany,536,93845.79,4,1,31332.69,-0.0008,0.16,0.2845,16,1,1,0
CUST008715,66,0,India,594,85760.3,2,1,57604.71,0.0409,0.26,0.2687,17,0,1,0
CUST008716,46,11,USA,586,109765.51,1,1,102207.2,-0.0925,0.27,0.5571,14,0,1,0
CUST008717,48,6,USA,749,122519.57,1,1,44744.48,-0.289,0.87,0.3798,10,1,0,0
CUST008718,21,7,India,706,6824.86,3,0,207565.04,-0.1746,1.55,0.5554,14,0,1,0
CUST008719,35,8,France,487,86981.58,2,1,61349.53,0.058,0.12,0.5953,7,4,1,0
CUST008720,37,1,USA,612,138239.85,1,0,144271.08,-0.3913,0.03,0.2974,10,2,1,0
CUST008721,73,0,USA,726,184229.87,1,0,66827.47,-0.0086,0.57,0.1262,15,3,1,0
CUST008722,73,3,Germany,739,77251.64,2,1,99812.63,-0.4576,1.82,0.1204,10,1,0,1
CUST008723,64,12,France,683,47835.13,1,1,104504.84,-0.2249,2.6,0.3703,13,0,1,0
CUST008724,60,4,USA,664,86228.06,2,1,48851.81,0.3075,0.52,0.1899,6,4,1,0
CUST008725,61,9,France,575,36077.19,2,0,101066.77,-0.2168,0.23,0.5416,13,2,0,0
CUST008726,26,11,India,735,173295.82,2,1,169433.41,0.4449,1.17,0.4175,16,2,0,0
CUST008727,30,0,India,554,105813.88,2,1,93063.99,0.0228,0.15,0.2802,11,0,1,0
CUST008728,32,4,USA,521,72739.95,2,1,112305.68,0.4352,1.39,0.2636,11,2,0,0
CUST008729,44,5,India,666,145041.69,1,0,116417.6,-0.5267,1.63,0.1716,12,6,1,0
CUST008730,32,2,USA,614,4487.98,2,0,119015.61,0.4176,0.3,0.1187,6,1,1,0
CUST008731,45,11,India,707,52462.08,1,1,18000.0,0.01,0.16,0.3964,10,2,0,0
CUST008732,54,14,USA,688,102146.11,1,1,137951.15,0.0053,0.09,0.2991,11,0,1,0
CUST008733,72,6,Germany,786,142586.46,2,1,127164.79,-0.1617,0.75,0.4081,12,1,0,1
CUST008734,36,13,USA,682,67177.15,2,1,103465.65,-0.0025,3.21,0.5427,7,7,1,0
CUST008735,43,5,France,734,33894.86,2,0,165994.92,0.135,0.47,0.3852,17,0,0,0
CUST008736,69,3,Germany,581,16678.22,2,1,153221.83,-0.1971,0.24,0.5821,15,4,1,0
CUST008737,43,2,India,706,537.48,1,1,120036.32,-0.1778,1.41,0.6158,11,6,1,0
CUST008738,42,4,India,627,117240.67,1,1,78051.18,0.1315,1.0,0.6487,11,11,1,0
CUST008739,43,2,India,610,126713.44,1,0,89961.84,0.0399,0.06,0.3573,9,1,1,0
CUST008740,43,9,Germany,577,132921.71,1,0,95784.01,-0.5467,0.24,0.4842,7,0,1,0
CUST008741,63,8,India,773,76450.73,2,1,129561.57,0.2052,0.37,0.3188,14,1,0,0
CUST008742,45,8,India,649,4323.56,1,1,99831.43,0.2282,0.2,0.4336,21,2,0,0
CUST008743,66,5,France,586,31675.65,2,1,112797.65,-0.3037,1.72,0.2329,11,4,1,1
CUST008744,35,12,USA,704,113115.8,3,1,43553.21,-0.2154,0.17,0.4673,12,0,0,0
CUST008745,49,10,India,614,11687.12,2,1,140786.99,-0.2446,1.26,0.5295,12,1,0,0
CUST008746,70,5,India,586,69686.04,2,0,158934.19,0.4047,1.08,0.6604,15,8,1,0
CUST008747,20,11,France,850,12916.01,2,1,82720.09,-0.1409,0.01,0.555,9,10,0,0
CUST008748,19,13,France,553,32797.01,1,0,79011.08,0.1476,0.26,0.2955,7,2,1,0
CUST008749,50,3,India,799,4582.08,2,1,69431.21,0.3229,0.57,0.675,11,2,0,0
CUST008750,59,3,USA,585,77009.43,1,0,191555.07,0.2147,0.2,0.2326,11,0,1,0
CUST008751,36,1,Germany,700,14710.57,1,1,139376.58,0.0256,1.36,0.1385,8,8,0,0
CUST008752,34,9,Germany,641,28857.15,1,1,98575.54,0.2755,0.12,0.398,18,0,0,0
CUST008753,61,3,Germany,708,128769.63,1,1,71152.46,-0.3862,0.15,0.0805,11,0,1,0
CUST008754,50,7,USA,539,141026.92,2,1,51112.14,0.1746,0.71,0.3969,11,1,0,0
CUST008755,29,12,France,529,117588.75,1,1,138625.81,-0.0215,0.02,0.8045,10,2,1,0
CUST008756,66,9,India,711,163755.87,4,0,87456.66,-0.0265,3.98,0.6817,16,2,1,1
CUST008757,73,1,India,507,5815.39,3,1,121991.87,0.0861,0.6,0.2732,15,4,0,0
CUST008758,20,8,Germany,556,70335.65,4,1,167048.72,0.35,0.84,0.4413,12,3,0,0
CUST008759,60,13,USA,642,80680.34,2,1,51460.8,0.2928,0.23,0.1747,13,0,1,0
CUST008760,66,0,France,546,197015.23,4,1,69801.69,-0.0325,2.47,0.4345,12,7,1,0
CUST008761,72,12,India,556,61277.26,1,1,125248.17,0.1068,0.33,0.3135,11,0,1,0
CUST008762,43,1,Germany,617,125681.25,1,1,90049.86,-0.1826,0.11,0.7269,13,1,1,0
CUST008763,52,14,India,475,181003.46,1,1,92385.21,-0.0403,0.49,0.106,11,2,1,0
CUST008764,25,1,Germany,537,84078.46,2,0,140025.39,0.12,0.11,0.066,14,0,0,0
CUST008765,69,10,India,757,46914.41,2,1,135924.91,0.0882,2.62,0.2705,13,0,1,0
CUST008766,53,12,USA,726,52281.81,1,0,83702.82,0.138,0.56,0.0429,11,2,1,0
CUST008767,70,14,Germany,831,30108.68,1,1,74093.82,0.1025,0.73,0.7997,15,10,1,0
CUST008768,71,13,India,697,47531.65,2,1,96980.38,-0.0814,0.53,0.5224,13,0,1,0
CUST008769,24,5,India,754,12124.28,1,1,154228.82,-0.1136,0.21,0.4443,18,2,1,0
CUST008770,63,14,USA,616,124497.56,2,1,22034.27,-0.0322,0.15,0.9028,11,2,0,0
CUST008771,63,13,Germany,635,20853.86,1,1,94841.02,0.1202,2.69,0.6762,12,0,1,0
CUST008772,53,6,India,683,100318.91,3,0,130416.34,0.105,0.31,0.3917,8,0,1,0
CUST008773,33,12,India,498,146536.94,3,0,70711.54,0.1584,0.05,0.3151,10,7,1,0
CUST008774,41,14,India,693,121195.76,1,1,34102.11,0.0569,0.56,0.384,17,3,1,0
CUST008775,71,14,France,600,46052.85,4,0,48709.91,0.0398,0.22,0.2366,17,0,0,0
CUST008776,18,2,India,613,123358.42,4,0,116918.42,-0.144,0.98,0.3569,10,1,0,0
CUST008777,66,10,India,729,76599.97,2,1,95986.54,0.0926,0.38,0.3718,11,2,1,0
CUST008778,42,8,Germany,525,47646.66,2,0,18000.0,0.3346,2.17,0.7736,7,3,1,0
CUST008779,27,4,Germany,654,53467.88,1,1,76391.42,-0.241,0.46,0.2997,6,0,1,0
CUST008780,71,4,India,685,103459.93,4,1,161307.77,0.1216,0.9,0.3452,18,0,1,0
CUST008781,33,10,France,607,20512.14,1,0,97157.96,0.2936,1.51,0.7518,10,2,1,0
CUST008782,33,11,USA,652,44747.96,3,1,127756.95,-0.1817,1.59,0.3272,13,2,1,0
CUST008783,25,3,USA,656,99233.81,1,1,95562.65,0.0948,0.65,0.6125,17,4,0,0
CUST008784,46,8,India,721,44215.34,2,1,139094.76,-0.0278,1.3,0.4952,15,0,1,0
CUST008785,56,7,France,635,4091.63,1,1,128290.27,-0.2087,0.23,0.3713,14,1,0,0
CUST008786,45,11,India,549,20737.75,1,0,100997.36,0.0394,0.74,0.5137,13,3,1,0
CUST008787,23,3,India,603,86671.03,3,1,57584.88,0.1281,0.03,0.4142,10,6,0,0
CUST008788,33,3,India,622,105937.98,2,1,121157.65,0.2223,0.32,0.4844,12,2,0,0
CUST008789,37,1,Germany,585,143243.95,2,1,33711.32,0.0814,0.34,0.4584,15,4,1,0
CUST008790,33,8,USA,665,124408.54,2,0,123775.48,-0.2672,1.66,0.6376,8,0,1,0
CUST008791,24,2,USA,661,123683.53,3,1,142121.72,0.3495,0.51,0.7499,11,0,0,0
CUST008792,58,3,India,657,43138.01,2,1,76291.2,-0.1977,1.08,0.2974,14,3,1,0
CUST008793,31,13,Germany,578,122685.69,1,1,44490.4,-0.242,0.51,0.1899,10,1,0,0
CUST008794,60,6,Germany,660,43934.38,2,0,147441.54,0.1699,0.3,0.4721,14,0,0,0
CUST008795,43,9,India,753,13375.72,1,0,100520.39,0.2509,2.24,0.1829,20,1,1,0
CUST008796,43,7,Germany,673,110590.43,2,1,91733.67,-0.2033,0.78,0.3177,14,2,0,0
CUST008797,31,7,India,735,87093.05,1,1,108831.66,-0.2485,0.82,0.2065,9,5,0,0
CUST008798,24,3,Germany,658,130855.77,2,0,77737.68,0.3284,0.54,0.2171,14,0,1,0
CUST008799,50,14,India,599,42865.26,2,1,25365.2,-0.6143,0.16,0.3089,15,6,0,0
CUST008800,43,6,USA,718,75646.28,2,1,73066.27,-0.3906,1.44,0.1307,16,0,0,1
CUST008801,74,9,France,537,35650.77,2,1,101069.77,0.1246,1.07,0.5623,12,1,1,1
CUST008802,62,0,France,605,197579.28,3,1,101249.49,-0.1816,0.38,0.416,5,2,1,0
CUST008803,37,5,India,638,6976.62,1,1,18000.0,-0.0221,2.21,0.1322,15,0,1,0
CUST008804,20,5,USA,702,25761.95,2,0,87288.71,-0.3735,0.34,0.645,12,4,1,0
CUST008805,69,5,India,751,12092.99,1,0,179196.03,0.0947,0.03,0.7184,14,8,1,0
CUST008806,21,11,France,717,88806.89,1,1,102246.93,-0.1178,0.24,0.5308,7,0,1,0
CUST008807,43,1,USA,709,23418.61,1,1,141880.17,0.1107,0.37,0.742,16,0,1,0
CUST008808,28,7,India,719,142849.36,2,1,127778.72,0.3464,1.37,0.142,10,9,0,0
CUST008809,19,13,India,730,95517.75,1,1,69117.08,0.4695,1.24,0.4065,16,0,1,0
CUST008810,31,14,France,558,16389.01,3,1,70489.27,0.2844,0.45,0.2945,10,0,1,0
CUST008811,61,14,USA,826,124352.23,1,1,119252.73,0.0835,0.97,0.426,14,0,0,0
CUST008812,47,4,India,738,132538.65,1,1,73881.3,0.0842,0.21,0.2877,10,4,0,0
CUST008813,66,4,India,635,30831.44,1,1,155166.45,-0.2964,1.77,0.1909,12,0,0,1
CUST008814,29,1,India,679,5050.09,1,1,85351.6,0.101,0.05,0.4014,14,0,1,0
CUST008815,43,3,USA,544,100717.52,1,1,139809.58,-0.0853,0.41,0.0972,10,4,1,0
CUST008816,61,11,France,629,116837.06,2,0,118382.4,0.2034,1.33,0.4857,13,2,0,0
CUST008817,50,8,France,622,13785.44,1,1,122943.75,-0.007,0.57,0.0942,12,2,0,0
CUST008818,30,8,USA,616,133260.7,1,1,70656.52,0.3198,1.34,0.6641,12,1,0,0
CUST008819,31,5,Germany,715,40431.37,1,1,151949.03,-0.4146,0.15,0.3093,18,0,1,0
CUST008820,41,10,USA,658,149358.05,1,0,212107.12,0.2051,0.23,0.3632,10,0,0,0
CUST008821,51,14,India,554,21948.53,2,0,55215.46,0.2986,0.41,0.2958,13,0,1,0
CUST008822,61,8,France,555,30534.44,1,0,145171.42,0.0197,1.57,0.1971,9,3,1,0
CUST008823,43,3,India,492,63078.75,1,1,100192.37,0.0102,2.52,0.3075,11,0,1,0
CUST008824,38,14,India,720,14546.3,1,1,61415.41,0.0202,0.05,0.4901,21,0,0,0
CUST008825,45,10,France,632,74037.51,4,1,49146.2,0.186,2.26,0.1469,9,1,1,0
CUST008826,65,0,India,710,54498.35,1,1,58692.62,0.3682,0.96,0.3734,11,2,1,0
CUST008827,53,1,Germany,850,63000.18,1,0,64962.2,-0.0476,0.53,0.2246,16,0,0,0
CUST008828,57,12,France,578,50953.26,2,1,44227.32,0.2435,0.22,0.3099,16,0,0,0
CUST008829,19,0,USA,676,4016.16,2,1,152883.51,-0.09,0.27,0.5299,12,0,0,0
CUST008830,59,7,India,765,74575.26,1,1,99570.47,0.0687,0.87,0.3693,8,6,1,0
CUST008831,26,8,India,610,68215.57,2,1,119823.18,-0.0405,0.44,0.5064,19,3,1,0
CUST008832,40,9,India,622,13444.35,2,1,44682.43,0.1517,0.03,0.2217,14,0,0,0
CUST008833,32,11,USA,692,153441.27,1,1,157670.21,0.0398,2.71,0.8247,10,8,0,1
CUST008834,30,5,Germany,850,95524.44,3,1,74463.17,-0.2045,0.88,0.5274,21,1,0,0
CUST008835,40,1,USA,700,120618.75,2,1,162277.98,-0.1504,1.24,0.4151,11,2,1,0
CUST008836,34,5,USA,582,25860.72,2,1,121501.18,0.2191,0.82,0.3241,13,2,0,0
CUST008837,65,8,USA,592,67157.0,4,0,54125.44,-0.1373,1.0,0.204,13,3,0,0
CUST008838,19,11,USA,610,184126.76,1,1,117554.34,-0.2207,0.03,0.2016,8,2,1,0
CUST008839,37,2,France,504,86456.76,2,1,98541.03,0.1991,0.39,0.3023,11,1,0,0
CUST008840,37,8,India,637,98545.66,2,0,53438.39,0.2375,2.19,0.1918,10,0,0,1
CUST008841,63,1,Germany,650,95876.92,1,1,48753.45,-0.1797,2.52,0.3066,13,1,1,1
CUST008842,20,10,USA,653,100740.83,1,0,139419.17,-0.1659,2.02,0.229,13,2,1,0
CUST008843,72,4,India,534,10049.95,2,1,157988.8,0.1058,5.35,0.6333,5,1,1,1
CUST008844,29,10,India,677,12216.21,1,1,49918.79,0.2477,0.06,0.6345,9,2,1,0
CUST008845,57,1,India,571,12388.69,2,1,105251.58,-0.0752,0.05,0.1906,12,0,1,0
CUST008846,19,6,USA,630,110180.38,2,1,29145.74,-0.0457,2.16,0.5038,9,0,0,1
CUST008847,53,10,India,590,775.06,2,1,140257.68,-0.1569,0.02,0.8568,19,2,1,0
CUST008848,31,9,France,742,18784.18,2,1,103729.06,0.4047,1.73,0.5624,17,3,0,0
CUST008849,33,14,USA,595,36164.49,1,1,36159.55,0.0366,1.67,0.2795,14,0,1,0
CUST008850,36,8,France,757,59119.62,1,1,78445.92,0.0855,0.62,0.1456,15,4,0,0
CUST008851,51,6,India,660,72920.13,3,1,73865.48,-0.0246,1.7,0.5,10,2,0,1
CUST008852,61,11,India,683,45851.11,1,0,58797.17,-0.0307,0.93,0.2829,7,1,0,0
CUST008853,63,4,India,656,106028.54,1,1,145715.69,0.2325,0.15,0.5641,14,5,1,0
CUST008854,23,14,India,581,148351.27,3,0,59604.68,0.0452,1.49,0.3799,14,8,1,0
CUST008855,30,3,France,682,79047.5,1,1,180608.48,0.2532,0.41,0.6524,22,2,1,0
CUST008856,53,11,India,615,148043.35,2,1,141412.71,0.2548,0.2,0.4583,9,0,1,0
CUST008857,39,3,USA,675,110094.47,1,0,84199.56,-0.0781,3.02,0.1073,11,0,0,0
CUST008858,35,14,India,698,16789.76,1,1,209770.5,-0.1625,0.92,0.337,12,0,1,0
CUST008859,29,9,USA,802,23502.66,2,1,82435.02,-0.1436,0.16,0.6137,5,1,0,0
CUST008860,69,7,Germany,687,20370.63,2,1,33460.91,-0.6517,1.64,0.4662,9,6,1,1
CUST008861,71,9,USA,726,64162.97,4,1,147767.14,0.4208,1.39,0.4128,9,1,1,0
CUST008862,47,12,Germany,702,58710.09,2,0,58762.9,0.0324,0.09,0.7484,12,6,1,0
CUST008863,70,9,India,632,112872.7,1,0,159964.45,0.3847,0.11,0.251,8,5,0,0
CUST008864,68,13,France,704,66273.88,1,1,33479.9,0.4285,0.2,0.2515,13,1,1,0
CUST008865,57,9,Germany,640,91355.44,1,1,59267.49,0.2173,1.84,0.1359,13,0,0,0
CUST008866,24,9,USA,616,3592.89,1,1,74223.88,-0.0351,1.03,0.7912,10,1,1,0
CUST008867,49,9,USA,562,90980.63,2,1,127417.13,0.1005,1.85,0.2934,17,8,1,0
CUST008868,65,0,France,702,46339.74,1,1,76853.81,0.0276,1.49,0.143,13,0,1,0
CUST008869,36,4,USA,604,41820.11,1,1,73980.23,0.2294,0.61,0.253,7,2,1,0
CUST008870,23,13,Germany,700,35917.86,4,1,131739.97,0.4239,0.04,0.5157,14,0,0,0
CUST008871,37,1,USA,650,169698.83,2,0,156378.12,0.2715,1.02,0.383,15,0,0,0
CUST008872,44,12,India,627,2858.25,1,1,85848.94,0.3895,0.77,0.3844,20,6,1,0
CUST008873,70,10,Germany,580,117958.88,1,0,52183.67,-0.075,0.21,0.1158,13,3,1,0
CUST008874,60,8,USA,754,73109.6,2,1,169749.35,0.0573,2.07,0.3911,9,7,0,0
CUST008875,54,6,USA,618,8322.75,3,1,92948.98,0.0614,0.93,0.2455,9,1,0,0
CUST008876,65,9,USA,776,57553.64,2,1,120087.07,0.3966,1.3,0.5336,5,5,1,0
CUST008877,24,7,India,584,68866.39,1,1,77348.63,0.0468,1.2,0.7051,20,3,1,0
CUST008878,22,5,Germany,770,182614.58,2,1,81538.48,0.0459,0.11,0.6799,19,5,1,0
CUST008879,28,8,France,656,53180.47,3,0,77336.89,-0.0968,0.26,0.3731,13,7,0,0
CUST008880,32,5,France,718,145160.78,1,0,140034.08,0.1062,1.15,0.3973,12,3,0,0
CUST008881,20,6,India,545,159436.14,3,0,157087.92,0.1267,0.7,0.2537,8,5,1,0
CUST008882,22,6,USA,545,40779.71,2,1,75375.49,0.1475,0.11,0.2596,15,2,0,0
CUST008883,40,8,Germany,670,77818.47,1,1,81212.62,0.2238,0.44,0.4787,13,1,1,0
CUST008884,70,10,USA,568,87494.8,1,0,159031.02,-0.0378,0.22,0.6453,7,0,1,0
CUST008885,54,7,USA,756,193816.22,2,1,191151.6,0.3139,1.1,0.061,18,0,1,0
CUST008886,26,12,France,679,64140.3,1,1,127376.9,-0.2757,0.12,0.8152,11,0,1,0
CUST008887,32,0,USA,598,72667.09,1,1,116703.91,0.501,0.76,0.7485,11,1,0,0
CUST008888,20,3,USA,576,10741.29,4,1,192510.74,-0.5135,0.02,0.1036,11,0,1,0
CUST008889,46,6,India,626,20569.55,1,1,111897.37,-0.4179,0.94,0.4381,11,6,1,0
CUST008890,23,10,India,604,45018.9,1,0,111990.24,0.1569,0.07,0.7531,8,0,1,0
CUST008891,34,7,India,689,156683.24,1,1,77631.8,-0.2083,0.11,0.1508,11,3,0,0
CUST008892,43,6,France,643,193377.27,2,1,133661.26,0.0348,0.52,0.2071,14,0,1,0
CUST008893,38,11,USA,743,107068.25,2,0,70192.28,0.082,0.01,0.174,7,6,0,0
CUST008894,25,2,USA,700,97758.15,1,0,79881.91,0.4944,3.06,0.5915,13,0,1,0
CUST008895,38,14,Germany,580,118461.08,1,1,87024.06,0.3192,0.25,0.3364,9,8,1,0
CUST008896,74,3,USA,615,33550.86,1,1,127955.15,-0.2648,0.0,0.4853,10,1,1,0
CUST008897,28,11,USA,580,162175.82,1,0,86193.13,-0.5872,1.6,0.4188,12,5,1,0
CUST008898,55,6,India,580,12724.35,3,0,143044.93,0.1248,0.06,0.474,11,0,0,0
CUST008899,25,7,Germany,506,47802.66,1,1,53873.65,0.2033,1.66,0.4168,7,2,1,0
CUST008900,59,6,India,725,116505.47,1,1,84023.4,0.0612,1.28,0.2534,14,2,1,0
CUST008901,41,5,India,753,46165.8,2,1,105736.9,-0.0196,0.1,0.5085,11,2,0,0
CUST008902,52,8,India,570,229045.1,2,1,109177.36,-0.0386,0.1,0.5362,11,1,1,0
CUST008903,72,8,India,562,117392.02,1,1,135653.99,-0.226,1.09,0.0048,13,7,1,1
CUST008904,31,10,India,694,136979.02,2,1,57059.73,-0.3795,1.23,0.5025,10,1,1,0
CUST008905,72,12,Germany,584,28946.46,1,1,102764.89,-0.2003,0.38,0.7823,18,2,0,1
CUST008906,31,6,India,751,135828.92,1,0,53981.34,-0.1329,1.67,0.2652,9,2,0,0
CUST008907,27,7,Germany,592,126222.94,1,0,130968.05,0.8868,0.18,0.3854,19,2,0,0
CUST008908,29,5,India,478,173001.93,1,0,78293.77,0.0944,0.75,0.7324,9,2,1,0
CUST008909,55,0,India,639,59913.89,1,0,139698.59,-0.0304,0.43,0.4804,9,0,1,0
CUST008910,61,0,USA,602,27603.6,1,1,101048.91,0.1019,0.32,0.2117,16,0,1,0
CUST008911,72,5,France,661,96854.36,1,1,105955.81,0.2519,0.62,0.2837,6,8,0,0
CUST008912,63,1,France,622,98709.0,1,0,227542.22,0.057,0.29,0.3758,8,1,1,0
CUST008913,51,13,France,696,73207.78,2,1,148503.27,0.0786,0.2,0.1708,11,1,1,0
CUST008914,58,7,Germany,683,18731.47,1,1,133124.69,0.342,0.62,0.1155,10,1,0,0
CUST008915,27,0,Germany,676,88183.49,1,0,100762.74,0.6373,0.6,0.358,10,1,1,0
CUST008916,34,12,USA,665,95127.44,1,1,83407.77,-0.0634,1.33,0.7715,11,6,0,0
CUST008917,34,1,USA,649,75813.95,2,1,77521.46,-0.3977,0.84,0.3616,11,0,0,0
CUST008918,20,7,India,538,73715.55,1,0,166998.85,-0.2059,0.33,0.5161,7,0,1,0
CUST008919,48,11,USA,681,134416.02,2,1,71532.58,-0.1416,0.93,0.4797,13,0,1,0
CUST008920,68,5,India,708,66449.2,1,1,127706.18,0.0386,0.1,0.1628,21,7,1,0
CUST008921,18,11,USA,677,1506.2,2,0,73628.87,-0.0466,0.16,0.3361,18,2,1,0
CUST008922,29,9,USA,633,163013.79,2,1,59262.32,0.4895,0.71,0.7899,13,0,1,0
CUST008923,56,1,India,697,159518.57,2,1,81397.79,-0.0144,0.65,0.1388,8,2,1,0
CUST008924,21,1,India,668,73540.91,1,1,135112.86,0.1215,0.6,0.3406,15,1,1,0
CUST008925,59,10,India,706,130254.38,2,1,151986.27,-0.3344,0.8,0.4733,11,8,1,0
CUST008926,30,13,France,642,18489.36,2,1,111971.05,-0.1573,0.13,0.6076,20,1,0,0
CUST008927,51,6,India,535,67043.26,1,1,95155.73,-0.5895,1.29,0.6964,14,8,0,1
CUST008928,59,4,India,635,30280.32,3,1,128514.21,0.2696,1.67,0.4795,9,3,0,0
CUST008929,38,4,France,574,145727.4,4,1,93185.43,0.453,0.59,0.1388,18,3,1,0
CUST008930,39,7,USA,612,16750.72,1,1,83319.62,-0.1253,0.92,0.4378,5,0,1,0
CUST008931,74,11,India,656,50496.87,2,1,58595.1,0.2064,1.37,0.0461,10,0,1,0
CUST008932,21,11,India,729,89375.18,2,1,153849.76,0.4793,0.84,0.3871,9,2,1,0
CUST008933,35,6,India,703,127083.33,1,1,76315.67,0.3785,0.46,0.3914,16,1,1,0
CUST008934,22,11,India,666,108689.37,1,1,55670.42,0.1226,0.92,0.7903,8,8,1,0
CUST008935,36,13,India,749,146865.78,1,1,91381.16,0.1709,2.14,0.593,11,0,0,0
CUST008936,19,8,USA,653,125840.28,3,1,143928.13,-0.0371,0.27,0.1128,10,0,1,0
CUST008937,29,3,Germany,666,157127.81,2,1,136466.91,-0.2757,1.29,0.2864,13,0,0,0
CUST008938,34,9,USA,619,32814.39,1,1,92673.63,0.431,4.76,0.1614,10,0,1,0
CUST008939,27,3,USA,564,45953.95,2,1,80146.41,0.1988,1.15,0.5137,9,0,1,0
CUST008940,51,1,India,694,103985.13,2,0,208058.25,0.1013,0.3,0.2678,14,1,1,0
CUST008941,23,2,India,524,173571.1,1,1,65088.96,-0.6473,0.1,0.4227,15,5,1,0
CUST008942,25,0,Germany,575,44687.86,1,0,102453.51,-0.3653,0.63,0.1088,14,7,1,0
CUST008943,68,0,India,664,197838.39,2,1,70676.57,0.1797,0.1,0.4829,11,5,1,0
CUST008944,28,6,France,582,97889.48,2,0,143461.05,-0.3039,0.5,0.4747,8,0,1,0
CUST008945,74,13,USA,651,31878.97,4,1,144624.01,0.0392,0.33,0.1429,19,1,1,0
CUST008946,29,13,Germany,661,4419.4,1,1,52385.93,-0.0286,0.52,0.2358,11,0,1,0
CUST008947,26,4,India,605,121612.82,2,0,112143.43,-0.2408,0.3,0.4259,15,2,1,0
CUST008948,19,2,India,654,36311.76,2,1,18000.0,-0.0761,1.49,0.883,12,0,1,0
CUST008949,25,6,Germany,653,59123.02,2,1,107705.6,0.5403,0.46,0.2266,10,1,1,0
CUST008950,28,13,Germany,558,86047.2,2,0,18000.0,0.0777,0.09,0.1022,6,2,0,0
CUST008951,70,1,India,693,88370.03,1,1,117729.18,0.0093,0.83,0.2621,9,3,1,1
CUST008952,53,2,France,487,194574.69,1,0,87203.98,0.3871,1.21,0.3254,13,8,1,0
CUST008953,27,0,India,800,100417.95,1,0,34152.74,-0.1359,0.44,0.5225,9,3,0,0
CUST008954,38,7,India,692,38503.46,1,1,127243.93,-0.1167,0.74,0.0957,11,0,0,0
CUST008955,37,1,USA,731,29721.84,1,1,103699.64,-0.4139,0.47,0.5472,14,2,0,0
CUST008956,65,14,Germany,702,179369.13,3,1,57393.86,0.3817,0.18,0.5462,12,3,1,0
CUST008957,25,6,France,646,44039.14,1,0,136120.79,0.1125,0.73,0.5172,13,4,1,1
CUST008958,53,10,USA,588,112255.1,1,1,97337.4,-0.4462,0.97,0.4969,10,0,1,0
CUST008959,46,8,India,648,87916.37,4,0,120476.14,-0.3316,0.23,0.3142,11,4,1,0
CUST008960,59,5,USA,716,102076.85,2,1,85549.94,0.1309,0.99,0.2136,13,0,0,0
CUST008961,29,1,India,584,162693.77,1,1,93332.57,0.4188,1.57,0.6117,10,2,1,0
CUST008962,31,1,USA,662,93530.28,1,1,175624.61,-0.1661,1.99,0.5526,16,3,0,0
CUST008963,65,8,USA,505,126683.98,2,1,73285.34,-0.2112,0.15,0.6092,10,6,1,1
CUST008964,71,9,India,585,94956.08,1,1,114376.25,-0.4762,0.15,0.4557,14,0,1,0
CUST008965,67,7,USA,581,47879.36,4,1,114806.4,-0.2335,1.63,0.7862,13,6,0,1
CUST008966,38,13,USA,784,106631.76,2,1,45072.93,0.1784,0.92,0.2281,11,1,0,0
CUST008967,39,13,Germany,543,35645.02,2,0,115311.68,-0.0448,0.11,0.8839,13,5,0,0
CUST008968,38,13,USA,681,3855.83,1,1,23817.43,0.2652,0.55,0.153,8,1,1,0
CUST008969,61,8,India,777,112056.07,4,0,197984.54,-0.2326,1.14,0.288,18,0,1,0
CUST008970,67,3,India,730,104768.97,2,0,168384.94,0.3115,0.18,0.3334,10,1,1,0
CUST008971,47,3,India,771,98403.36,2,0,18000.0,-0.2793,1.93,0.0827,11,3,1,0
CUST008972,56,14,India,783,74574.71,3,1,154311.27,0.2691,1.61,0.1034,9,7,1,0
CUST008973,37,14,Germany,654,71521.25,3,1,104520.01,-0.0614,0.72,0.4301,11,2,0,0
CUST008974,41,1,France,688,8825.24,1,0,29369.06,0.12,1.2,0.3451,14,2,1,0
CUST008975,40,13,Germany,665,39466.99,1,1,18000.0,0.2067,0.13,0.5136,15,0,0,0
CUST008976,24,9,USA,688,131044.39,1,1,98154.51,-0.3967,0.23,0.279,10,4,1,0
CUST008977,26,0,USA,683,130210.45,1,1,179639.75,-0.1892,1.19,0.3826,9,0,0,0
CUST008978,18,9,India,787,60443.76,3,1,213540.65,0.1381,0.47,0.4784,11,1,0,0
CUST008979,43,12,France,673,167252.16,1,1,113889.83,-0.1169,0.16,0.5143,11,0,0,0
CUST008980,55,3,France,573,106997.03,1,1,52017.15,-0.0256,0.27,0.5121,9,1,1,1
CUST008981,55,9,USA,697,96951.01,1,1,188570.86,0.0144,0.78,0.5177,12,2,1,0
CUST008982,71,9,India,708,201085.28,4,1,55417.56,-0.4056,0.03,0.5472,16,4,1,0
CUST008983,61,10,Germany,584,1807.7,2,1,83844.69,-0.2656,0.13,0.4419,11,4,1,0
CUST008984,39,7,India,580,73073.27,2,0,132740.99,0.0561,0.18,0.2753,20,2,1,0
CUST008985,61,1,Germany,726,23172.56,2,0,163379.05,0.102,1.75,0.4701,11,3,0,0
CUST008986,27,12,Germany,607,53201.8,2,0,45267.37,0.5689,1.75,0.3911,12,7,0,0
CUST008987,72,11,India,616,71829.04,2,0,99031.33,-0.1261,0.19,0.8121,7,2,1,0
CUST008988,23,10,France,613,73243.41,1,1,131352.49,0.0555,0.73,0.1978,16,0,1,0
CUST008989,34,7,France,669,9449.56,2,1,18000.0,-0.1327,0.36,0.2627,16,6,0,0
CUST008990,68,0,France,738,80216.72,2,1,18000.0,0.067,0.04,0.8203,8,2,1,0
CUST008991,67,14,USA,703,24856.33,2,1,21243.0,0.5877,0.13,0.5213,15,0,1,0
CUST008992,55,0,India,613,150192.18,2,1,112667.67,0.2723,0.0,0.1358,11,12,0,0
CUST008993,41,3,USA,757,123401.4,4,0,128697.86,0.0992,3.32,0.3812,13,0,0,0
CUST008994,68,6,USA,719,97321.83,2,1,157926.0,-0.1604,0.84,0.171,10,0,1,0
CUST008995,27,8,India,729,46494.73,2,1,115845.37,-0.2335,0.11,0.1566,11,4,1,0
CUST008996,73,4,USA,726,85594.98,2,1,213485.57,0.2789,1.06,0.6608,11,3,1,0
CUST008997,25,1,Germany,608,119822.5,1,1,130390.96,0.1341,0.76,0.6397,18,1,1,0
CUST008998,38,11,India,576,54897.12,1,1,164407.66,-0.3817,0.19,0.3511,11,3,1,0
CUST008999,73,6,India,622,22580.04,2,1,145899.38,0.2533,0.54,0.3584,14,3,1,0
CUST009000,23,10,India,729,120585.1,2,0,113152.56,-0.2778,0.75,0.2117,5,6,1,0
CUST009001,38,1,Germany,555,108840.57,1,1,177270.76,0.3301,0.36,0.4788,17,9,0,0
CUST009002,74,8,USA,544,95914.21,2,1,132135.42,-0.3415,2.55,0.3533,20,0,1,0
CUST009003,56,8,India,504,28955.29,2,1,71907.45,-0.0614,0.08,0.1446,12,0,1,0
CUST009004,41,2,France,549,135512.43,2,0,109508.33,0.2297,0.11,0.3706,15,0,1,0
CUST009005,50,12,India,586,147230.2,2,0,84515.52,-0.118,1.55,0.8736,13,4,1,0
CUST009006,35,7,USA,659,93456.8,1,0,62879.14,0.0214,0.23,0.4723,6,3,1,0
CUST009007,73,10,Germany,557,51433.84,3,1,67179.13,0.023,0.11,0.3816,14,0,0,0
CUST009008,45,3,Germany,702,52733.3,2,1,130124.96,-0.0755,0.39,0.846,9,0,1,0
CUST009009,74,2,India,653,51485.62,1,1,33743.06,0.3835,0.15,0.2577,17,1,1,0
CUST009010,69,0,France,486,48656.98,2,1,113196.18,0.2843,0.56,0.3433,12,1,1,0
CUST009011,49,4,France,648,54054.08,1,1,75359.7,-0.5696,1.06,0.3174,11,12,0,1
CUST009012,29,12,USA,661,96037.77,1,1,51846.63,0.367,1.13,0.2878,17,2,1,0
CUST009013,65,13,USA,803,131580.58,1,0,95679.18,-0.095,0.29,0.0898,8,0,1,0
CUST009014,59,10,India,669,165969.09,1,1,106947.27,0.5382,0.94,0.5485,16,5,0,0
CUST009015,44,3,USA,508,19387.1,2,0,197913.11,-0.167,2.69,0.3937,19,0,1,0
CUST009016,27,0,USA,668,29525.95,2,0,50605.78,-0.1391,0.01,0.1974,14,0,0,0
CUST009017,63,9,Germany,663,128340.21,1,0,114745.73,-0.0285,0.83,0.33,10,1,1,0
CUST009018,74,7,USA,698,19396.98,2,0,122251.48,0.2711,0.55,0.2598,3,6,0,0
CUST009019,69,7,Germany,850,4174.48,1,1,95361.44,-0.0432,0.4,0.6244,9,0,0,0
CUST009020,59,12,India,607,17552.86,2,1,169090.7,0.0931,0.19,0.2518,9,1,1,0
CUST009021,49,7,India,597,65077.86,1,1,112164.15,0.1598,0.11,0.5391,15,0,1,0
CUST009022,59,2,India,687,177412.29,2,1,142173.46,-0.0843,2.03,0.303,10,3,1,0
CUST009023,43,5,India,796,68073.82,1,1,69752.32,0.5459,0.02,0.1968,18,1,1,0
CUST009024,42,11,USA,703,93003.72,1,0,40367.38,-0.0233,0.51,0.34,10,0,0,0
CUST009025,28,11,Germany,622,1715.28,2,1,90913.34,-0.1554,0.18,0.4285,11,6,0,0
CUST009026,40,6,USA,728,142604.77,2,1,90197.59,0.0377,0.13,0.1414,9,0,0,0
CUST009027,51,8,USA,793,130034.23,1,0,83002.86,0.3658,0.35,0.534,12,4,1,0
CUST009028,74,4,Germany,588,46933.65,1,1,113524.21,-0.0223,0.3,0.6521,13,0,1,0
CUST009029,69,8,India,569,33394.37,1,0,77867.17,0.1415,0.5,0.5454,9,2,0,0
CUST009030,57,5,India,654,135393.84,2,1,79072.1,-0.0418,0.54,0.1605,9,0,1,0
CUST009031,40,9,India,674,61998.47,2,1,169599.34,0.2471,0.56,0.0213,16,3,0,0
CUST009032,46,9,Germany,760,34844.55,2,0,53592.35,-0.7197,0.11,0.6535,10,3,1,0
CUST009033,48,9,India,612,53273.82,1,1,164080.39,0.1584,0.15,0.607,11,8,1,0
CUST009034,24,3,India,682,90795.42,2,1,141020.53,0.0133,0.31,0.2429,10,0,1,0
CUST009035,57,12,USA,774,121374.85,1,1,154736.67,0.4375,0.07,0.7788,14,0,0,0
CUST009036,50,0,France,667,96035.37,2,0,154726.94,0.0969,1.43,0.4555,5,0,1,0
CUST009037,38,0,USA,618,92833.58,3,1,94563.52,-0.079,0.08,0.846,7,0,1,0
CUST009038,19,13,Germany,695,61091.97,2,1,67335.18,0.223,0.21,0.4695,8,6,1,0
CUST009039,35,9,Germany,623,85026.84,3,1,85101.04,0.0711,0.81,0.2864,13,2,1,0
CUST009040,64,4,USA,677,51732.5,1,0,99687.08,0.0234,2.13,0.4223,13,1,1,0
CUST009041,50,12,Germany,635,59272.38,1,1,43789.26,0.3147,0.12,0.254,7,9,1,0
CUST009042,54,13,Germany,638,164141.34,1,1,119601.33,0.185,0.46,0.1886,11,1,0,0
CUST009043,51,2,India,617,78614.4,2,1,80149.53,0.0607,0.28,0.3333,11,3,0,0
CUST009044,37,4,India,604,53211.41,1,1,108716.61,0.5049,0.52,0.1921,12,7,1,0
CUST009045,52,4,India,729,34210.09,1,1,90777.92,-0.2292,0.46,0.1827,17,2,1,0
CUST009046,68,0,USA,665,60446.56,1,0,144412.06,0.0841,0.69,0.5095,8,0,1,0
CUST009047,67,13,France,751,205370.56,2,1,125736.18,0.2954,0.03,0.1981,9,5,0,0
CUST009048,71,7,India,469,212133.22,1,1,70561.26,-0.6088,1.41,0.3357,17,0,0,0
CUST009049,35,4,India,608,114917.51,1,1,104129.95,-0.5755,0.03,0.5499,9,7,0,0
CUST009050,63,4,France,590,11814.8,1,0,18000.0,-0.2507,0.68,0.1376,3,1,0,0
CUST009051,41,8,USA,629,245545.96,1,0,78608.74,0.413,1.35,0.314,6,3,0,0
CUST009052,25,7,USA,567,11043.76,1,0,113033.87,0.3502,0.1,0.4393,11,5,0,0
CUST009053,47,12,France,521,100381.67,1,1,53913.71,0.3093,0.92,0.4559,9,0,1,0
CUST009054,61,0,USA,703,30212.16,1,1,136602.52,0.2459,0.19,0.1158,11,0,1,0
CUST009055,70,2,Germany,602,58678.47,2,1,37724.03,0.1171,0.18,0.345,18,2,1,0
CUST009056,27,11,India,694,90389.01,2,0,114727.35,0.3516,0.04,0.1223,11,4,0,0
CUST009057,40,6,India,555,98259.74,3,0,92634.49,-0.0,0.37,0.8157,13,1,0,0
CUST009058,69,0,USA,519,83377.57,1,1,152385.5,-0.108,1.79,0.1927,12,5,0,0
CUST009059,66,0,USA,669,168572.96,1,1,73265.35,0.5164,0.97,0.443,12,12,1,0
CUST009060,28,4,France,700,73023.53,1,1,91412.16,0.0192,0.67,0.2165,12,3,1,0
CUST009061,19,8,France,600,126361.58,2,0,163793.24,0.1977,1.37,0.6214,12,1,1,0
CUST009062,43,5,France,568,27473.92,1,1,164448.44,0.4266,1.44,0.7065,15,1,1,0
CUST009063,53,9,India,749,156290.62,2,1,18000.0,-0.0347,0.72,0.1158,10,3,1,1
CUST009064,50,1,France,645,161582.97,2,1,29104.37,0.2333,0.3,0.1715,13,7,0,0
CUST009065,64,10,Germany,570,60217.48,2,1,167332.87,-0.0683,1.7,0.6142,9,1,1,0
CUST009066,30,8,India,530,99263.06,1,0,155952.38,0.0971,0.34,0.2792,9,0,1,0
CUST009067,57,5,Germany,594,32674.62,1,1,138958.89,0.451,0.15,0.7114,9,0,1,0
CUST009068,42,4,India,618,62330.05,2,1,94912.58,0.1179,0.66,0.1967,11,0,1,0
CUST009069,21,4,India,711,121713.11,1,1,98874.56,0.116,0.07,0.4951,10,0,0,0
CUST009070,59,14,Germany,648,106059.99,1,1,29625.14,-0.0842,0.19,0.4627,11,1,1,0
CUST009071,36,11,USA,639,31205.91,1,1,79192.54,0.3724,1.5,0.067,7,3,0,0
CUST009072,35,2,India,576,5489.55,2,1,142922.1,0.4681,0.43,0.2115,15,2,1,0
CUST009073,54,13,USA,760,39544.98,3,0,94531.46,0.1515,0.54,0.31,12,0,1,0
CUST009074,47,5,France,728,89627.54,1,1,144319.59,-0.0818,0.62,0.395,8,3,1,0
CUST009075,36,14,USA,721,19112.35,2,1,150542.38,-0.2151,0.54,0.2216,17,4,1,0
CUST009076,40,14,India,645,11660.48,2,1,146019.21,-0.126,0.2,0.6442,14,1,1,0
CUST009077,71,12,India,682,87020.66,1,0,121665.95,-0.1893,1.98,0.6066,6,3,0,0
CUST009078,33,3,India,443,205342.7,1,1,87065.76,0.2243,0.91,0.5429,4,3,1,0
CUST009079,18,12,France,666,88522.82,4,1,111391.57,-0.452,0.84,0.5309,22,0,1,0
CUST009080,29,11,USA,803,13441.87,1,1,52523.43,0.0465,1.45,0.3804,8,0,0,0
CUST009081,41,9,USA,603,140047.78,1,0,21925.71,-0.0438,0.9,0.4338,13,0,0,0
CUST009082,51,13,USA,571,168601.44,3,0,109622.51,0.3453,0.1,0.1118,13,0,0,0
CUST009083,70,14,France,638,89228.19,1,1,71457.49,0.1756,0.33,0.4211,14,0,1,0
CUST009084,74,1,USA,581,114628.11,2,1,67028.73,-0.1634,0.37,0.2071,13,0,0,0
CUST009085,25,12,Germany,576,157143.73,1,0,92198.6,-0.001,0.89,0.627,17,0,1,0
CUST009086,35,2,India,671,113546.3,2,0,142177.1,0.2589,0.98,0.1648,14,8,1,0
CUST009087,74,8,India,715,115219.55,2,1,156087.66,0.0463,0.65,0.5597,10,0,1,0
CUST009088,65,10,France,671,19125.16,1,1,55227.9,-0.552,0.41,0.5387,9,2,1,0
CUST009089,22,10,France,558,93209.13,2,0,194243.39,0.0222,1.67,0.4237,10,2,1,0
CUST009090,43,8,France,596,129410.74,1,1,119553.21,-0.4151,0.65,0.4849,10,0,0,0
CUST009091,47,5,France,675,62093.76,1,1,126510.52,-0.0009,1.39,0.7154,14,4,1,0
CUST009092,71,9,Germany,702,47800.56,2,1,52878.85,0.3957,2.09,0.4731,11,0,1,0
CUST009093,30,9,Germany,633,136338.42,2,0,97596.9,0.1027,0.44,0.2572,10,0,0,0
CUST009094,36,13,Germany,578,16800.45,2,0,95241.51,0.0672,0.27,0.3598,10,1,1,1
CUST009095,46,8,USA,711,73736.15,3,1,18000.0,-0.1771,0.37,0.0951,12,2,1,0
CUST009096,20,3,India,794,79537.36,3,0,98130.81,0.0273,0.07,0.5265,17,0,0,0
CUST009097,43,10,India,739,118767.74,2,1,138399.65,-0.0849,0.35,0.5869,7,1,1,0
CUST009098,57,4,France,808,97159.21,3,1,74614.96,0.238,0.56,0.6118,10,1,0,0
CUST009099,29,9,India,600,97188.03,1,1,63852.44,-0.0201,0.18,0.6533,11,4,1,0
CUST009100,19,5,France,732,50912.59,2,1,151012.64,0.1449,0.16,0.3789,11,0,1,0
CUST009101,28,12,India,753,52534.75,2,0,109478.1,0.021,0.31,0.3908,15,0,0,0
CUST009102,61,14,India,611,97096.09,1,1,96869.8,0.0693,0.08,0.5477,11,9,0,0
CUST009103,45,8,India,583,44967.82,3,1,108011.09,-0.039,0.54,0.3586,17,2,1,0
CUST009104,35,12,India,573,24631.5,1,1,127469.37,-0.0459,0.81,0.4919,10,1,0,0
CUST009105,30,4,India,642,155747.88,1,1,141821.4,0.0449,0.71,0.3692,8,0,1,0
CUST009106,54,7,India,529,34171.95,1,1,148071.88,-0.0997,0.26,0.6031,15,5,1,0
CUST009107,39,10,Germany,785,47565.7,2,0,120603.46,0.4062,1.58,0.2436,10,0,1,0
CUST009108,29,0,India,547,152047.45,1,0,162273.84,-0.3847,0.09,0.0619,15,0,1,0
CUST009109,19,4,India,683,33230.03,2,1,18000.0,0.2592,0.0,0.4122,8,0,0,0
CUST009110,54,9,India,468,95911.22,2,1,152498.59,0.464,0.12,0.159,9,1,1,0
CUST009111,24,0,Germany,813,101365.12,2,0,90246.37,-0.055,1.03,0.5109,13,7,1,0
CUST009112,43,9,USA,749,70407.21,2,0,44584.86,-0.0057,1.24,0.4259,8,8,1,0
CUST009113,43,13,USA,522,51920.54,1,1,150668.61,-0.1767,1.16,0.1082,11,0,1,0
CUST009114,41,5,India,674,6162.8,1,1,102330.16,0.3256,0.31,0.2035,6,1,1,0
CUST009115,29,6,India,630,114927.26,2,0,145032.52,0.2533,1.66,0.7231,16,0,1,0
CUST009116,33,11,Germany,662,144365.27,2,0,88430.91,-0.2199,1.76,0.2761,15,0,1,0
CUST009117,40,13,Germany,700,137765.96,2,1,117637.78,-0.2993,1.37,0.729,14,2,0,0
CUST009118,57,4,India,585,98995.61,1,1,92761.98,-0.0187,1.07,0.1066,11,2,0,0
CUST009119,26,0,USA,645,46502.93,1,1,101485.55,0.222,1.47,0.2873,14,0,1,0
CUST009120,49,5,India,505,123705.32,4,1,72962.17,0.1997,0.86,0.3286,16,1,0,0
CUST009121,32,9,India,656,69279.14,2,1,43461.9,0.0445,2.66,0.1838,14,4,0,0
CUST009122,54,4,Germany,485,39292.52,1,1,50936.21,0.133,0.8,0.1372,5,0,1,0
CUST009123,30,5,USA,754,116768.13,2,1,111253.5,0.0551,0.14,0.7216,15,7,1,0
CUST009124,22,10,India,532,90013.48,1,1,73890.74,-0.0873,0.16,0.1321,10,6,1,1
CUST009125,28,9,India,673,138554.84,1,1,126345.98,0.0799,0.45,0.3933,8,0,1,0
CUST009126,27,14,France,716,97135.0,1,1,93695.83,-0.1612,1.02,0.4176,11,1,1,0
CUST009127,69,6,Germany,799,59452.51,2,1,77414.7,0.3198,0.12,0.097,13,0,1,0
CUST009128,30,6,France,791,54367.87,4,1,184008.72,-0.0728,0.17,0.5781,11,0,1,0
CUST009129,58,1,USA,761,113900.5,3,1,70825.64,-0.0634,0.06,0.3703,9,3,1,0
CUST009130,70,14,USA,648,6952.05,3,0,108557.24,-0.41,0.15,0.2309,15,4,1,0
CUST009131,63,11,India,739,44902.34,2,1,183540.85,-0.0718,0.2,0.6703,6,3,0,0
CUST009132,67,2,India,672,60038.1,1,0,144819.09,0.0693,0.65,0.7444,10,0,1,0
CUST009133,32,11,USA,678,102123.1,1,1,115177.16,-0.3531,0.39,0.4975,10,0,1,0
CUST009134,59,5,USA,600,115994.7,2,1,67235.06,0.3318,0.08,0.4198,13,2,1,0
CUST009135,73,2,India,789,28302.68,2,1,18000.0,-0.2158,0.14,0.3092,13,1,1,0
CUST009136,24,1,Germany,585,8200.45,3,1,18000.0,0.0707,0.59,0.3806,10,1,1,0
CUST009137,57,3,India,564,135098.35,1,1,81424.93,0.2733,0.11,0.1264,12,3,1,0
CUST009138,45,4,India,682,31719.94,1,0,182739.83,-0.3982,1.04,0.0609,10,6,1,0
CUST009139,49,10,India,506,115884.94,1,1,63063.4,-0.2429,0.08,0.3161,11,0,1,0
CUST009140,52,9,USA,659,75122.92,2,0,51355.86,0.1113,0.17,0.3554,9,4,1,0
CUST009141,32,8,India,780,43202.06,1,1,88545.67,0.1971,1.67,0.6016,11,0,1,0
CUST009142,65,2,India,683,111964.29,3,1,106363.93,-0.5935,0.61,0.6082,20,1,0,0
CUST009143,53,2,USA,652,77969.92,1,1,113410.49,0.0947,3.62,0.8472,9,3,0,1
CUST009144,38,5,USA,582,168655.3,4,1,155601.48,-0.1383,0.13,0.1921,11,7,1,0
CUST009145,23,4,USA,529,30421.32,1,1,57974.28,0.0727,0.06,0.3893,11,6,1,0
CUST009146,18,5,India,719,6137.34,1,0,161022.84,0.0355,0.06,0.399,16,0,1,0
CUST009147,21,6,USA,652,74996.78,2,0,131260.0,0.2646,2.19,0.3658,15,0,0,0
CUST009148,28,10,USA,699,105531.74,3,0,71543.75,-0.1229,0.82,0.2408,9,0,1,0
CUST009149,61,2,India,474,64365.52,1,0,56033.92,0.4843,0.33,0.5254,8,0,1,0
CUST009150,43,14,Germany,708,187500.47,2,1,36440.69,0.2425,0.39,0.5932,13,0,1,0
CUST009151,54,12,USA,808,151196.31,1,1,155940.7,-0.0538,0.96,0.4645,14,3,1,0
CUST009152,40,4,India,757,43416.44,3,0,85198.99,-0.1543,0.77,0.1468,13,0,1,0
CUST009153,46,7,France,673,79985.76,1,0,85044.65,0.2379,0.35,0.5036,11,1,1,0
CUST009154,38,3,Germany,566,35921.74,1,1,111679.94,0.06,0.94,0.1892,9,0,0,0
CUST009155,65,9,France,659,141199.13,1,1,46690.8,0.2787,0.34,0.2951,14,6,1,0
CUST009156,62,1,Germany,662,33810.63,1,0,172983.86,0.1276,0.48,0.4513,6,0,0,1
CUST009157,62,3,India,610,88335.48,1,1,115822.01,-0.5512,1.52,0.7971,11,0,0,1
CUST009158,66,1,India,616,60041.38,1,1,114469.51,-0.0471,0.1,0.5109,9,5,1,0
CUST009159,44,2,Germany,817,16339.7,2,0,95478.98,0.0631,0.45,0.4202,20,1,1,0
CUST009160,56,3,France,572,127680.57,2,1,34158.12,-0.3967,0.08,0.2411,11,4,0,0
CUST009161,57,3,USA,615,10365.18,1,1,150862.39,0.2923,0.03,0.4517,11,0,0,0
CUST009162,30,9,France,694,43804.6,4,1,208938.74,-0.0471,2.71,0.3063,11,0,1,0
CUST009163,40,8,India,824,128879.13,4,1,59214.55,-0.2849,0.66,0.5349,8,1,1,0
CUST009164,33,9,USA,625,15781.05,3,1,55500.03,-0.1093,3.02,0.283,7,4,1,0
CUST009165,47,5,France,506,168433.93,2,1,59113.93,-0.0597,1.57,0.5389,16,0,1,0
CUST009166,21,8,Germany,479,14808.07,1,0,64914.58,0.1306,3.38,0.3992,17,4,0,1
CUST009167,57,3,France,850,3484.05,1,0,170125.43,0.2833,2.18,0.5631,13,7,0,0
CUST009168,33,8,Germany,497,78884.17,1,1,51266.31,-0.3574,1.69,0.1154,11,0,1,0
CUST009169,48,10,USA,656,177315.03,2,1,213165.81,0.1805,1.03,0.1787,11,0,0,0
CUST009170,70,12,USA,528,75632.87,2,1,189855.51,-0.2405,1.06,0.2931,14,0,1,0
CUST009171,59,8,France,586,136845.28,2,1,138743.96,0.1132,2.29,0.4147,12,0,0,1
CUST009172,42,5,USA,598,7133.11,2,0,128706.38,-0.3405,3.02,0.3921,11,4,1,0
CUST009173,61,4,India,493,53281.04,1,0,142341.7,0.2888,2.31,0.4565,9,0,0,0
CUST009174,29,2,USA,747,57230.73,2,1,74304.24,0.2221,0.53,0.2882,17,1,0,0
CUST009175,43,13,USA,684,2205.09,1,1,45258.14,0.2028,1.68,0.2032,11,3,1,0
CUST009176,54,14,India,615,22658.69,2,1,106397.77,0.2172,0.57,0.4574,14,0,0,0
CUST009177,65,4,Germany,604,61019.56,1,0,35487.44,-0.0324,0.66,0.257,7,9,1,0
CUST009178,50,14,India,737,173943.81,1,0,64930.69,0.1067,1.39,0.1269,16,0,1,0
CUST009179,45,2,USA,657,89549.83,3,0,137789.88,-0.0219,1.42,0.0662,13,3,0,1
CUST009180,26,4,Germany,816,33655.08,1,1,120293.07,0.5234,1.39,0.4772,14,7,1,0
CUST009181,29,4,USA,614,50304.44,2,0,168017.57,0.5045,1.41,0.7296,12,2,1,0
CUST009182,22,1,Germany,684,52933.22,3,1,86545.18,-0.1354,0.45,0.6987,11,2,1,0
CUST009183,71,13,India,551,48735.98,1,1,185417.05,0.616,0.6,0.252,12,0,1,0
CUST009184,69,13,France,615,99840.67,1,1,68781.18,0.3161,0.23,0.2272,10,2,0,0
CUST009185,71,8,India,733,60269.12,1,1,144183.98,0.5245,0.5,0.3878,11,0,1,0
CUST009186,45,14,India,744,115172.3,1,1,108380.72,-0.2851,2.59,0.5463,12,0,1,0
CUST009187,73,6,France,797,123585.27,1,1,153454.64,-0.2561,1.36,0.2363,11,3,1,0
CUST009188,52,13,Germany,685,71669.92,1,1,65417.35,0.3749,0.36,0.7905,13,3,1,0
CUST009189,22,5,India,748,72539.99,1,1,143018.94,-0.3645,0.8,0.5538,10,0,1,0
CUST009190,51,4,France,699,78123.32,1,0,123353.7,-0.0143,0.23,0.6475,8,1,1,0
CUST009191,63,14,USA,616,32175.93,1,1,59513.61,0.2377,0.19,0.1065,17,0,0,0
CUST009192,51,3,France,528,120663.38,3,0,209225.54,0.265,0.43,0.4007,17,2,1,0
CUST009193,30,7,USA,631,181231.02,2,0,94883.94,0.1991,0.15,0.6711,14,5,0,0
CUST009194,56,1,USA,558,79676.3,1,1,141656.13,0.2785,0.65,0.2397,9,0,0,0
CUST009195,59,7,USA,734,27473.33,2,1,130622.87,-0.2923,0.44,0.4665,22,1,1,0
CUST009196,62,0,India,738,75567.07,1,1,42203.18,-0.0934,0.12,0.3341,12,5,0,0
CUST009197,65,9,USA,568,49033.4,1,1,148094.15,0.2863,0.96,0.1119,11,10,1,1
CUST009198,31,0,USA,738,77698.93,1,1,43891.35,0.0688,1.02,0.4597,17,0,1,0
CUST009199,28,2,India,555,56655.68,2,1,81001.83,-0.1729,1.77,0.6385,9,0,1,0
CUST009200,59,4,India,765,57476.91,1,1,117395.81,0.2772,1.0,0.4958,11,1,1,0
CUST009201,55,13,India,637,81916.6,1,1,103643.91,-0.0915,0.2,0.5353,9,0,1,0
CUST009202,21,5,France,686,213909.63,2,1,131218.11,0.0177,0.87,0.3921,15,0,0,0
CUST009203,70,3,USA,765,6839.01,4,1,18000.0,0.0474,2.99,0.5504,14,2,1,0
CUST009204,50,6,Germany,697,144024.51,1,0,32754.62,0.0329,1.53,0.187,15,0,0,0
CUST009205,24,6,France,639,100839.26,1,1,133700.25,0.2182,0.46,0.3714,15,0,1,0
CUST009206,73,1,USA,719,19025.84,3,1,93091.77,0.1563,0.95,0.3537,11,0,1,0
CUST009207,58,1,France,572,7285.72,1,1,118584.42,-0.2686,0.01,0.4438,19,2,0,0
CUST009208,25,1,India,495,92286.05,1,1,122066.3,-0.0183,0.2,0.7416,22,0,0,0
CUST009209,54,14,India,741,98376.03,3,1,54369.47,-0.0441,0.41,0.2839,13,7,0,0
CUST009210,68,13,USA,544,17514.42,2,1,39367.56,-0.362,0.42,0.2494,11,9,1,0
CUST009211,27,14,USA,723,133434.2,1,1,138967.5,0.1987,1.69,0.5058,9,5,1,0
CUST009212,60,1,France,661,45345.28,2,1,68041.23,0.5693,3.61,0.2726,7,0,1,1
CUST009213,74,12,USA,648,106549.68,2,0,112948.83,0.4168,0.49,0.5301,14,0,1,0
CUST009214,32,8,India,574,119599.11,1,1,97100.88,0.2449,0.4,0.3633,14,2,1,0
CUST009215,55,13,Germany,613,131541.52,1,1,48462.79,-0.3964,0.11,0.3938,13,2,0,0
CUST009216,32,4,USA,651,14651.34,1,0,78823.56,0.0002,0.21,0.3735,7,1,0,0
CUST009217,22,10,India,665,200710.41,2,1,151777.9,0.3894,0.12,0.1936,5,0,1,0
CUST009218,46,7,USA,577,18911.44,2,1,112023.94,0.3977,0.34,0.5754,16,0,1,0
CUST009219,36,4,France,709,131458.94,1,0,87217.51,0.1413,1.1,0.5339,10,1,0,0
CUST009220,71,12,Germany,714,45047.82,2,1,122603.28,-0.0572,0.02,0.1256,16,2,0,0
CUST009221,68,10,USA,688,79223.32,2,1,169575.75,-0.0263,1.64,0.0494,13,0,1,0
CUST009222,27,4,India,614,68265.38,1,0,102556.2,0.0959,1.03,0.6193,12,1,1,0
CUST009223,29,0,India,718,104952.86,2,1,205288.97,-0.5251,0.37,0.5699,16,0,0,0
CUST009224,71,5,USA,699,140979.43,2,1,119314.81,-0.1525,0.6,0.5146,8,0,0,0
CUST009225,21,3,Germany,493,38041.8,1,1,89555.2,-0.4857,0.09,0.1626,11,1,1,0
CUST009226,48,14,India,666,21626.08,3,1,121580.26,-0.4694,1.21,0.2975,12,4,1,0
CUST009227,35,2,India,804,51885.17,1,0,212462.6,-0.3953,1.22,0.7041,9,5,0,0
CUST009228,33,5,France,727,87176.52,1,1,169747.89,0.0981,0.38,0.4181,6,3,0,0
CUST009229,57,1,Germany,742,65518.02,2,1,35852.8,-0.1833,0.24,0.4239,11,0,0,0
CUST009230,53,7,USA,593,82742.23,2,1,31598.7,0.0323,0.7,0.1955,6,2,0,0
CUST009231,42,0,India,660,69705.01,4,0,90116.97,0.0736,0.31,0.1742,13,2,0,0
CUST009232,40,11,India,635,123052.47,1,1,209629.55,-0.3048,0.97,0.3679,10,5,1,0
CUST009233,29,8,India,649,44601.03,1,1,111261.5,-0.3165,1.0,0.5256,12,10,1,0
CUST009234,51,7,USA,608,97647.25,1,1,68975.49,-0.2279,3.07,0.3729,11,2,1,0
CUST009235,53,0,India,551,74021.59,3,1,201114.08,0.0388,0.35,0.4478,12,2,1,0
CUST009236,54,9,Germany,655,16416.1,1,1,151460.26,0.3395,0.05,0.5475,9,1,1,0
CUST009237,20,11,France,587,33441.46,2,1,87893.33,-0.6703,1.73,0.6946,15,0,0,0
CUST009238,26,14,India,696,133049.53,1,1,73928.57,0.346,0.01,0.534,8,1,0,0
CUST009239,70,8,USA,647,127081.94,1,1,150487.83,0.2757,0.47,0.526,8,2,0,0
CUST009240,35,1,Germany,495,121810.09,1,1,56315.23,-0.2346,0.24,0.7151,15,2,1,0
CUST009241,60,2,France,760,65533.4,3,1,77917.39,-0.003,0.42,0.4068,10,0,1,0
CUST009242,52,1,France,684,63084.96,1,0,108612.72,0.0683,0.15,0.7403,16,0,1,0
CUST009243,74,12,India,613,27161.25,1,1,78513.67,0.0326,0.9,0.1891,9,2,0,0
CUST009244,72,13,India,623,59698.68,1,1,58466.68,-0.0149,0.66,0.5205,15,0,1,0
CUST009245,51,7,Germany,551,18101.86,3,0,119517.84,0.26,0.41,0.3705,11,2,1,0
CUST009246,58,1,Germany,645,146974.88,2,1,109280.85,-0.21,0.87,0.6295,10,5,1,0
CUST009247,31,9,India,704,25835.41,4,1,113095.08,0.2144,0.07,0.5328,13,0,1,0
CUST009248,21,1,USA,789,58969.83,1,1,18000.0,0.0264,1.56,0.4647,15,0,1,0
CUST009249,46,14,Germany,642,183582.35,1,1,154820.35,-0.1979,0.48,0.1117,14,4,0,0
CUST009250,58,0,India,653,139900.31,1,0,18000.0,-0.103,0.77,0.2715,7,6,1,1
CUST009251,62,6,France,745,97472.2,2,1,115800.77,-0.6357,0.26,0.2113,16,1,1,0
CUST009252,67,11,India,557,89709.49,1,1,210528.11,0.3475,2.86,0.43,6,0,1,0
CUST009253,32,1,Germany,661,29116.38,2,1,144578.23,-0.1225,0.48,0.4476,9,1,1,0
CUST009254,45,9,USA,589,123193.77,1,1,86973.65,-0.1271,0.16,0.6251,7,0,0,0
CUST009255,59,4,India,660,89188.04,2,1,76314.51,-0.2304,0.14,0.6477,9,1,0,0
CUST009256,33,4,Germany,724,67601.3,1,1,95516.79,0.3457,0.26,0.3189,18,4,1,0
CUST009257,29,2,Germany,517,115744.08,2,1,156309.48,-0.1436,1.19,0.4843,14,1,0,0
CUST009258,69,2,France,738,116854.69,2,1,130073.37,0.0717,0.29,0.3718,13,7,0,0
CUST009259,22,12,India,678,15779.01,1,1,102216.02,-0.4784,0.07,0.4496,11,5,0,0
CUST009260,51,11,Germany,661,132836.29,3,0,150254.26,0.5708,0.47,0.5336,13,0,1,0
CUST009261,59,2,USA,757,70695.34,2,0,38443.43,-0.172,0.19,0.6036,10,4,0,0
CUST009262,18,5,USA,586,81160.5,1,1,72287.64,-0.4253,2.03,0.1488,15,0,1,0
CUST009263,56,13,France,542,5569.41,2,0,76492.87,0.1599,0.37,0.5483,14,1,0,0
CUST009264,49,3,India,568,3686.94,1,0,154191.77,-0.0603,0.3,0.6888,14,1,0,0
CUST009265,43,12,India,692,14199.09,1,1,113291.07,0.1044,0.48,0.1288,12,5,1,0
CUST009266,34,2,USA,610,224369.58,1,1,219114.35,0.3929,0.02,0.5589,15,2,1,0
CUST009267,65,1,India,580,216635.58,1,1,140178.04,-0.1971,0.61,0.4321,13,2,1,0
CUST009268,44,12,France,571,29509.61,2,1,66933.42,-0.0753,3.46,0.274,13,2,1,1
CUST009269,41,2,USA,663,17887.54,1,0,146704.91,-0.0436,0.34,0.593,12,4,1,0
CUST009270,52,3,USA,647,44237.52,1,0,67191.91,-0.2538,2.19,0.4896,15,0,0,1
CUST009271,63,5,Germany,536,144642.04,2,0,80256.58,0.1387,0.1,0.4803,11,4,1,0
CUST009272,59,3,USA,539,114762.17,2,1,96199.38,-0.2763,0.71,0.1706,13,7,1,0
CUST009273,71,7,USA,607,210381.94,1,1,115883.88,0.1655,0.15,0.329,11,4,1,0
CUST009274,56,2,India,723,57117.78,2,1,110638.76,0.1133,1.69,0.5908,9,4,0,0
CUST009275,43,11,India,615,32765.29,1,1,110486.45,-0.1207,1.03,0.5339,11,4,1,0
CUST009276,66,2,India,531,79466.91,2,1,53222.43,-0.1743,1.66,0.4495,13,0,0,1
CUST009277,55,2,Germany,643,65223.75,1,1,99846.36,-0.1809,0.94,0.4869,15,2,0,0
CUST009278,40,7,USA,653,74308.96,2,1,114971.56,0.2269,0.89,0.3701,14,2,1,0
CUST009279,39,3,India,531,82626.91,1,0,141480.02,0.3974,0.6,0.295,6,1,1,0
CUST009280,21,0,USA,552,207441.86,2,1,77613.07,-0.1092,0.63,0.3668,8,0,1,0
CUST009281,66,1,India,709,83453.14,2,1,18000.0,-0.2032,1.22,0.7104,10,1,1,0
CUST009282,26,12,France,551,10079.76,2,0,153828.32,-0.0389,0.68,0.1597,16,10,1,0
CUST009283,21,13,India,712,57987.34,2,1,127264.54,-0.0422,0.45,0.3897,9,2,0,0
CUST009284,24,9,France,526,120992.46,1,1,36033.96,-0.0007,0.98,0.7416,15,0,0,0
CUST009285,40,12,USA,529,113223.5,1,1,29141.47,-0.0275,2.66,0.2966,10,0,1,0
CUST009286,19,12,USA,651,109843.95,2,0,131764.76,0.0797,1.92,0.6451,12,0,1,0
CUST009287,66,13,India,589,29337.56,1,0,85483.48,0.1996,0.31,0.4754,16,4,1,0
CUST009288,41,1,France,607,20686.23,1,0,31807.83,0.0746,0.39,0.3882,17,0,0,0
CUST009289,57,13,India,662,67856.11,3,1,48914.36,0.2974,2.53,0.134,11,1,1,0
CUST009290,72,2,USA,604,103656.63,1,1,93238.25,0.3291,0.21,0.3182,13,1,1,0
CUST009291,48,5,France,574,24474.53,1,0,63604.65,-0.1094,0.11,0.247,14,0,0,0
CUST009292,64,7,France,689,168642.21,2,0,76003.31,-0.0323,0.52,0.4009,12,2,0,0
CUST009293,48,11,USA,664,109528.99,3,1,103696.27,0.0938,0.47,0.8625,20,0,1,0
CUST009294,64,0,France,653,43873.87,3,1,150207.49,0.3354,0.63,0.2266,12,12,0,0
CUST009295,57,8,Germany,648,248372.54,2,1,127655.33,-0.0488,0.03,0.348,10,7,1,0
CUST009296,65,0,India,585,47136.25,1,1,110802.17,0.5145,0.18,0.6313,9,1,1,0
CUST009297,68,9,USA,569,53097.17,2,1,167872.26,-0.1319,1.3,0.1667,9,0,1,0
CUST009298,60,1,India,622,50204.57,2,0,54907.76,-0.1607,0.36,0.2629,13,2,1,0
CUST009299,51,2,India,587,78590.07,1,0,97157.92,-0.3418,1.99,0.3132,11,0,1,0
CUST009300,72,6,Germany,649,9364.99,3,1,71049.14,0.1014,0.67,0.8789,14,3,1,0
CUST009301,41,8,USA,618,121704.71,1,1,93635.26,-0.1278,0.02,0.5656,14,3,1,0
CUST009302,66,2,India,651,130238.59,1,1,97828.25,0.0077,3.06,0.5163,15,3,1,1
CUST009303,43,7,France,642,117362.15,1,1,69239.85,-0.0619,0.31,0.1721,12,0,1,0
CUST009304,33,14,India,791,47907.26,3,1,82043.55,0.0461,0.37,0.3396,12,0,1,0
CUST009305,74,8,France,539,48187.15,1,1,132250.07,0.2032,1.93,0.3825,15,4,0,1
CUST009306,64,9,France,635,114012.1,1,0,94750.59,0.0197,1.68,0.3653,12,0,1,0
CUST009307,30,6,France,561,89369.12,3,0,18000.0,-0.0203,0.92,0.3299,18,3,1,0
CUST009308,32,3,Germany,611,26285.83,1,1,133473.53,-0.1617,0.01,0.1238,8,0,1,1
CUST009309,44,3,India,584,49494.65,1,0,126156.39,0.481,0.0,0.824,14,0,0,0
CUST009310,21,3,USA,701,51525.03,1,0,38776.44,0.1576,0.16,0.3756,18,6,1,0
CUST009311,33,5,India,532,108365.49,1,1,172953.72,-0.3497,1.15,0.4871,11,1,1,1
CUST009312,47,3,India,712,106683.2,1,1,88062.13,-0.1875,1.44,0.4828,12,2,1,0
CUST009313,61,4,USA,692,17899.21,2,0,148569.29,0.2987,0.2,0.5377,7,0,0,0
CUST009314,47,8,India,814,127913.01,1,1,102025.56,-0.1175,0.07,0.1445,13,0,1,0
CUST009315,53,11,France,794,190762.6,2,1,76670.04,0.0186,0.45,0.1992,15,0,1,0
CUST009316,20,6,France,586,54226.48,4,1,118602.62,0.0423,2.11,0.4148,6,0,1,0
CUST009317,39,7,India,748,63383.88,3,1,74912.95,-0.0979,0.59,0.273,10,1,0,0
CUST009318,66,4,USA,624,43560.82,2,1,92621.71,0.168,1.06,0.5535,11,1,1,0
CUST009319,39,4,USA,674,54103.89,3,1,24553.42,-0.0262,0.99,0.7143,13,6,1,0
CUST009320,67,12,France,787,151114.76,4,1,85400.97,0.0708,1.54,0.1428,11,6,1,0
CUST009321,74,10,Germany,589,27370.51,2,1,40770.37,-0.1662,3.32,0.5872,14,0,0,1
CUST009322,67,6,India,654,91018.72,1,0,99694.62,-0.5044,3.14,0.4862,15,0,1,1
CUST009323,72,10,USA,494,58947.49,3,1,124145.25,-0.1783,0.62,0.1984,5,0,1,1
CUST009324,66,12,USA,721,87824.58,2,1,102546.36,-0.1357,0.32,0.3901,11,7,0,0
CUST009325,29,13,France,818,58265.67,1,1,144547.73,0.0463,1.24,0.371,10,0,1,0
CUST009326,72,11,India,695,126886.11,3,1,194943.7,0.2085,0.97,0.4891,13,1,1,0
CUST009327,38,7,India,759,140537.05,1,0,94692.22,0.1739,1.22,0.3547,12,1,0,0
CUST009328,73,8,France,741,99190.98,1,1,103661.12,0.1856,0.29,0.673,17,0,0,0
CUST009329,21,14,France,593,62641.73,1,1,68543.82,-0.2028,0.7,0.3712,12,1,1,0
CUST009330,48,13,France,675,124779.3,1,1,18000.0,-0.0908,0.16,0.547,7,1,1,0
CUST009331,61,1,USA,689,29548.42,2,1,106494.27,0.053,0.2,0.8671,15,1,1,0
CUST009332,48,2,Germany,556,102630.03,2,1,132746.26,0.5248,0.37,0.6409,14,9,0,0
CUST009333,40,11,USA,765,44103.14,1,0,100843.11,0.8025,0.99,0.5413,12,2,0,0
CUST009334,71,11,India,609,89329.37,1,0,60714.76,-0.1047,0.29,0.2948,9,7,0,0
CUST009335,70,1,USA,632,16495.62,2,1,53530.01,-0.2314,0.32,0.776,17,0,1,0
CUST009336,37,9,India,628,149394.78,1,0,39322.61,-0.2466,1.28,0.2079,9,0,0,1
CUST009337,32,6,India,652,1923.15,3,1,94858.2,-0.1875,1.96,0.5737,7,1,1,1
CUST009338,40,11,France,850,68025.95,2,1,51912.16,0.348,1.47,0.5485,14,0,1,0
CUST009339,45,1,India,601,15575.6,2,1,155577.68,0.2331,0.16,0.7535,16,0,1,0
CUST009340,33,11,France,526,148078.31,1,1,136291.82,-0.4689,0.49,0.0361,12,1,0,1
CUST009341,54,13,India,663,172359.28,4,1,150316.2,-0.3808,0.97,0.3021,9,3,0,0
CUST009342,38,14,India,580,2160.16,1,0,161248.01,0.2867,1.0,0.1494,12,7,0,0
CUST009343,32,1,USA,617,96104.79,1,0,81834.35,0.5684,0.4,0.3478,15,1,0,0
CUST009344,34,13,Germany,699,57658.37,2,1,140011.4,0.3057,0.44,0.365,10,1,1,0
CUST009345,67,13,USA,562,107748.28,2,0,87644.71,-0.1661,0.69,0.3372,10,3,0,0
CUST009346,54,1,France,620,173734.86,1,1,88219.63,-0.1452,0.91,0.3793,17,4,0,0
CUST009347,30,14,India,673,99895.76,2,1,90315.55,0.1251,0.06,0.2508,19,1,1,0
CUST009348,36,11,France,587,28534.46,2,1,60576.29,0.2488,0.83,0.0524,14,1,0,0
CUST009349,47,12,India,646,33191.96,2,0,93286.07,0.1757,0.57,0.3048,12,0,0,0
CUST009350,62,3,France,673,54058.28,2,1,93995.62,-0.4178,0.03,0.3937,13,6,1,0
CUST009351,35,0,USA,640,30880.26,4,1,132212.11,0.1044,0.05,0.4517,11,0,1,0
CUST009352,31,1,Germany,662,123134.06,4,0,89431.89,0.1552,0.18,0.5994,10,4,1,0
CUST009353,53,2,Germany,678,128417.43,4,1,73959.73,0.2148,0.35,0.2705,11,1,1,0
CUST009354,53,6,India,596,154097.01,2,1,133140.26,0.0089,1.14,0.2195,12,5,1,0
CUST009355,37,9,France,532,49664.97,1,0,56592.27,0.5672,0.3,0.2323,13,10,0,0
CUST009356,69,0,India,567,147563.9,2,1,93630.53,0.1325,1.15,0.2425,9,4,0,0
CUST009357,36,5,India,554,180362.35,2,0,131712.33,-0.2429,0.55,0.4404,11,0,0,0
CUST009358,62,2,Germany,748,6242.33,1,1,139586.49,0.0262,0.19,0.1615,10,2,1,0
CUST009359,61,2,India,511,45789.59,2,1,163157.51,-0.015,1.2,0.6595,15,2,1,0
CUST009360,24,3,India,700,69294.99,2,0,119196.34,-0.3709,1.02,0.1095,13,5,1,0
CUST009361,74,12,USA,595,126982.0,3,0,105524.45,-0.3018,0.03,0.5588,12,3,1,0
CUST009362,61,3,Germany,732,159088.35,1,1,176409.07,0.3976,1.06,0.2846,15,0,0,0
CUST009363,70,6,India,616,31294.64,2,1,60081.3,-0.0567,0.88,0.6051,14,2,1,0
CUST009364,21,2,USA,652,34486.65,1,0,137679.09,0.5466,0.38,0.3928,13,5,1,0
CUST009365,51,7,Germany,691,147021.33,1,0,106171.4,-0.0138,0.79,0.1472,9,1,1,0
CUST009366,19,7,France,750,23175.19,1,1,18000.0,0.2977,0.13,0.558,12,3,1,0
CUST009367,22,10,France,604,125489.15,1,1,176705.88,0.3307,0.71,0.19,10,1,0,0
CUST009368,72,12,Germany,600,111560.74,1,0,61163.21,0.1978,0.15,0.7974,12,6,0,0
CUST009369,27,6,Germany,690,124191.06,1,0,236739.58,-0.0618,0.1,0.5662,13,1,1,0
CUST009370,49,1,USA,523,124982.5,3,1,107371.84,0.4032,0.18,0.3816,5,0,1,0
CUST009371,59,4,India,512,49548.85,1,1,54229.02,-0.1627,0.1,0.7464,11,0,1,0
CUST009372,58,5,Germany,679,59518.85,2,1,138493.3,0.1429,0.11,0.3474,11,4,1,0
CUST009373,30,11,France,703,54584.02,3,0,81434.68,0.4485,1.72,0.6643,10,0,1,0
CUST009374,56,9,Germany,676,89965.95,1,1,103126.83,0.2723,1.83,0.2233,13,0,1,0
CUST009375,22,3,India,642,56132.06,1,1,126696.43,-0.0162,1.06,0.5199,7,0,1,0
CUST009376,27,12,USA,606,105911.09,2,1,105164.05,-0.0822,1.22,0.4273,13,5,0,0
CUST009377,27,9,USA,777,182794.33,1,1,100649.43,0.3502,0.36,0.2044,16,0,1,0
CUST009378,55,4,Germany,787,88235.0,1,1,76050.12,0.466,0.63,0.3237,7,0,0,0
CUST009379,44,13,Germany,658,68414.92,2,1,18000.0,-0.1514,1.35,0.2911,16,1,0,0
CUST009380,68,8,USA,595,80560.47,1,1,118601.3,0.1402,0.54,0.5451,11,0,0,0
CUST009381,38,10,India,569,108902.58,2,1,127166.22,0.2472,1.07,0.3887,12,1,0,0
CUST009382,25,6,France,684,146888.29,2,1,198721.29,0.0571,0.44,0.2333,14,0,1,0
CUST009383,18,1,Germany,551,71792.2,2,1,140025.82,0.0945,0.34,0.882,14,1,1,0
CUST009384,45,10,India,553,65653.38,1,1,51094.23,0.2796,1.5,0.5844,15,0,0,0
CUST009385,66,0,India,611,9183.53,1,1,18000.0,-0.1057,0.32,0.6296,12,1,1,0
CUST009386,56,1,France,690,78909.56,2,0,18000.0,0.1627,0.52,0.6513,15,0,1,0
CUST009387,31,2,France,767,1482.94,3,1,102323.95,-0.0107,0.09,0.2332,17,8,1,0
CUST009388,38,10,USA,670,42065.69,2,1,129979.16,0.0837,0.57,0.4426,12,3,0,0
CUST009389,47,1,India,689,130406.13,2,1,120515.3,0.4108,0.74,0.2456,13,0,1,0
CUST009390,38,10,India,728,139294.63,2,1,115895.58,0.3356,0.4,0.6997,13,2,0,0
CUST009391,66,2,India,721,104721.62,2,1,166570.32,-0.0643,0.83,0.5392,10,4,0,0
CUST009392,26,9,USA,605,151296.05,1,1,118766.38,0.0927,0.47,0.3241,10,1,1,0
CUST009393,34,14,USA,719,26300.92,2,1,54954.0,0.4042,0.44,0.8597,16,9,0,0
CUST009394,22,10,USA,732,176939.55,1,0,73027.2,-0.1178,0.44,0.4333,17,3,1,0
CUST009395,74,10,Germany,674,23372.11,1,0,122108.22,-0.0451,1.57,0.3861,15,0,0,0
CUST009396,48,14,India,660,94649.62,3,0,110143.34,0.3841,1.04,0.3172,16,2,1,0
CUST009397,69,11,India,697,34739.39,2,1,98037.79,0.0495,0.49,0.2537,9,0,1,0
CUST009398,57,13,India,689,95220.07,1,0,77646.5,-0.2629,0.81,0.2433,9,0,1,0
CUST009399,55,11,India,500,77107.93,4,0,56793.49,0.2085,1.39,0.6158,12,4,0,0
CUST009400,60,8,India,684,146525.31,1,1,180845.86,0.1066,0.49,0.5185,14,1,0,0
CUST009401,36,3,USA,744,228828.18,1,1,55755.75,0.289,1.49,0.3478,3,1,1,0
CUST009402,53,11,Germany,729,130672.66,3,1,71877.98,0.1843,0.16,0.5706,11,5,1,0
CUST009403,67,8,Germany,680,68588.04,1,1,102597.9,0.2343,0.72,0.379,17,0,0,0
CUST009404,50,10,Germany,661,171037.09,2,1,117655.48,-0.0801,0.36,0.2656,16,0,1,0
CUST009405,30,2,Germany,618,29216.96,1,1,111571.95,0.2879,0.08,0.5197,16,0,0,0
CUST009406,31,11,Germany,640,40004.88,3,0,23120.74,0.5937,1.78,0.1486,11,0,1,0
CUST009407,73,0,India,708,61686.04,2,1,118063.92,-0.1589,0.54,0.3526,19,1,0,0
CUST009408,50,10,France,680,58806.07,2,1,153875.77,-0.1145,0.62,0.4602,11,0,1,0
CUST009409,46,4,India,722,30185.02,2,0,113178.03,0.2927,0.58,0.3855,8,7,1,0
CUST009410,60,9,India,608,119150.75,4,0,199404.94,0.0772,0.63,0.422,12,5,0,0
CUST009411,66,9,India,736,75865.82,1,1,168585.02,-0.1454,0.71,0.3405,16,0,1,0
CUST009412,53,13,France,600,67530.71,1,1,84240.03,-0.1837,1.64,0.347,14,2,1,0
CUST009413,61,1,France,666,163378.62,2,1,75125.69,0.788,2.36,0.4061,9,0,1,0
CUST009414,27,3,Germany,605,48322.28,1,1,51672.9,-0.3248,0.77,0.3618,13,4,1,0
CUST009415,48,1,USA,642,139713.98,4,1,102563.4,-0.206,0.38,0.33,10,5,0,0
CUST009416,23,1,USA,812,59008.25,1,1,117106.52,0.197,0.58,0.4506,6,2,1,0
CUST009417,74,12,France,690,60349.36,1,1,157150.87,-0.1862,0.97,0.1771,16,6,0,1
CUST009418,18,2,Germany,668,28845.55,2,0,99757.24,0.0932,0.6,0.1422,8,0,0,0
CUST009419,24,4,France,762,14229.29,1,1,63846.3,-0.2711,0.24,0.2477,6,1,0,0
CUST009420,44,3,India,444,34992.4,1,1,154455.54,0.004,0.75,0.5395,14,0,1,0
CUST009421,38,1,India,637,34127.62,1,0,44418.96,-0.0187,1.76,0.1633,16,1,1,1
CUST009422,45,14,France,610,91859.94,3,1,122253.29,-0.128,0.09,0.1866,15,5,0,0
CUST009423,33,10,India,581,56472.06,2,0,110839.92,0.108,0.06,0.23,9,0,0,0
CUST009424,73,13,France,527,143216.11,1,1,105969.28,-0.0983,2.95,0.1604,11,3,1,0
CUST009425,63,13,USA,632,31045.12,2,1,87353.29,0.2109,1.3,0.5058,13,2,0,0
CUST009426,40,9,France,705,60024.2,2,1,158355.87,-0.1788,0.43,0.6613,7,0,1,0
CUST009427,69,1,India,638,151503.83,2,1,116923.5,0.1735,0.02,0.0705,10,1,1,0
CUST009428,37,13,Germany,713,131181.28,1,1,121335.4,0.2239,2.17,0.3018,17,0,1,0
CUST009429,55,5,USA,655,84451.63,1,1,134047.46,0.2217,1.26,0.4203,16,0,1,0
CUST009430,71,6,USA,743,11845.04,2,1,33087.58,0.3639,0.75,0.4487,14,0,1,0
CUST009431,42,11,USA,609,112380.65,1,1,50052.87,-0.3252,1.26,0.2212,14,4,1,0
CUST009432,45,9,France,500,58129.56,1,1,63383.02,-0.2565,0.79,0.05,6,4,0,0
CUST009433,22,5,Germany,523,43762.52,1,1,104100.83,-0.3386,0.9,0.3569,14,5,1,0
CUST009434,73,6,India,610,158539.31,1,1,60259.17,0.1563,1.88,0.2965,12,0,1,0
CUST009435,38,0,France,579,166913.38,2,0,62763.22,-0.191,0.42,0.2701,14,3,0,0
CUST009436,35,5,India,602,21028.45,1,1,90276.38,-0.0586,0.6,0.6357,12,3,1,0
CUST009437,64,10,India,741,182396.65,1,1,147087.92,0.2297,1.22,0.6727,13,0,1,0
CUST009438,23,2,India,529,70440.23,1,1,146094.67,0.2637,0.25,0.3117,13,0,1,0
CUST009439,74,0,France,770,124529.94,1,0,131077.37,-0.5294,0.74,0.549,4,0,1,0
CUST009440,46,7,India,585,189538.77,1,0,128284.13,0.0645,0.34,0.7263,14,1,1,0
CUST009441,36,3,India,550,65900.7,2,0,100197.37,-0.0813,0.04,0.5756,9,5,1,0
CUST009442,50,9,France,638,92239.97,1,0,113402.04,0.1122,0.13,0.3781,11,7,1,0
CUST009443,18,7,Germany,769,120853.99,1,1,101432.24,0.0714,0.1,0.6299,11,0,0,0
CUST009444,62,9,India,593,173978.63,1,1,106194.53,0.0015,0.64,0.7577,10,7,0,0
CUST009445,20,13,Germany,601,77236.28,1,0,111839.32,0.4705,0.1,0.2854,13,7,1,0
CUST009446,59,10,France,607,126181.52,3,1,86209.7,0.1403,0.63,0.5531,13,3,0,0
CUST009447,38,3,India,742,27995.45,2,0,18000.0,-0.0922,1.06,0.7366,13,3,1,0
CUST009448,52,3,Germany,614,15855.86,2,0,134643.04,-0.03,0.8,0.4081,12,1,1,0
CUST009449,58,11,USA,685,33934.41,1,0,105473.24,-0.4067,1.11,0.4068,17,5,1,0
CUST009450,57,13,Germany,659,33762.68,1,1,23588.76,-0.3863,0.54,0.569,8,4,1,0
CUST009451,20,9,USA,641,136457.63,1,0,135000.32,-0.0719,1.07,0.6137,14,6,1,0
CUST009452,42,3,Germany,610,71444.77,2,1,117801.59,0.1336,1.25,0.6319,10,1,0,0
CUST009453,62,5,India,807,38127.06,2,1,27413.36,0.3334,0.23,0.155,12,0,1,0
CUST009454,55,13,Germany,850,20987.44,2,0,184525.14,-0.2111,1.55,0.565,11,0,1,1
CUST009455,62,8,India,579,50102.95,1,1,97452.56,0.1807,2.2,0.5354,10,0,0,0
CUST009456,72,4,USA,564,132869.1,1,1,210705.18,0.4739,1.05,0.7138,17,0,1,0
CUST009457,37,11,India,653,20817.49,2,0,155470.06,0.3755,2.84,0.3462,14,5,1,0
CUST009458,69,12,Germany,468,68104.97,2,1,177369.35,0.2194,0.05,0.6149,13,1,0,0
CUST009459,61,9,India,653,52303.28,1,1,102599.8,-0.2973,0.13,0.5085,10,0,1,0
CUST009460,62,13,USA,810,97961.24,1,1,110180.08,-0.104,1.86,0.2588,9,2,1,0
CUST009461,51,14,USA,602,190137.0,2,0,131831.55,0.26,0.03,0.3524,12,1,0,0
CUST009462,38,7,Germany,736,35577.25,1,1,115497.7,0.1965,0.71,0.3486,14,3,1,0
CUST009463,73,7,USA,767,95677.93,2,1,132540.41,0.1991,0.25,0.1315,14,0,1,0
CUST009464,72,3,Germany,581,75049.79,4,0,96605.0,0.2645,0.49,0.4025,13,3,1,0
CUST009465,65,14,India,664,47101.48,1,1,18000.0,-0.0428,0.39,0.4958,8,0,0,0
CUST009466,40,10,India,678,79125.74,1,1,79054.88,-0.0705,0.17,0.2206,14,1,1,0
CUST009467,23,9,USA,708,188827.55,2,1,122288.51,1.0,0.71,0.4214,10,5,1,0
CUST009468,68,8,France,714,71719.45,1,0,118400.57,0.1111,0.18,0.4582,13,3,1,0
CUST009469,70,8,India,739,71711.63,1,1,196014.4,0.3765,0.42,0.3539,9,0,0,0
CUST009470,30,4,India,587,52516.15,1,0,83189.96,0.0385,1.18,0.6581,13,7,1,0
CUST009471,66,5,India,663,101754.66,1,1,119047.18,0.1195,0.89,0.3305,12,1,1,0
CUST009472,40,4,USA,768,14007.51,3,1,133633.3,-0.039,0.84,0.4472,11,4,0,0
CUST009473,26,2,India,777,83529.67,2,1,123314.75,0.0808,0.55,0.5773,14,2,1,0
CUST009474,34,10,Germany,668,103641.11,1,1,62214.05,-0.3006,0.17,0.2549,11,5,1,0
CUST009475,19,7,India,607,23416.47,3,1,121248.68,0.279,0.47,0.5447,9,4,0,0
CUST009476,36,8,India,732,175068.49,2,1,52864.16,0.8859,0.51,0.3461,19,5,1,0
CUST009477,36,14,India,692,172796.94,1,0,79134.06,0.0975,0.18,0.2966,6,4,0,0
CUST009478,73,3,USA,691,215356.17,1,1,92169.03,-0.4103,0.74,0.501,7,0,1,0
CUST009479,24,8,Germany,712,111424.3,2,1,91485.16,-0.1512,0.58,0.3275,18,7,1,0
CUST009480,71,8,India,573,101766.53,1,1,26340.06,0.4398,0.32,0.7339,11,3,1,0
CUST009481,59,6,France,717,71167.58,1,1,98207.48,-0.2788,0.19,0.2513,16,0,1,0
CUST009482,59,7,India,662,80226.49,1,1,106320.69,0.1533,0.12,0.4071,13,6,1,0
CUST009483,37,14,Germany,741,133475.07,1,1,111206.46,0.3494,1.7,0.392,10,0,1,0
CUST009484,26,2,USA,651,77065.5,2,0,87825.92,0.1762,2.24,0.3003,20,1,1,0
CUST009485,34,14,India,696,66648.92,1,0,194795.01,-0.4046,1.37,0.4022,17,1,1,0
CUST009486,44,4,Germany,686,110653.37,2,1,108813.65,-0.0831,0.72,0.4149,12,1,1,0
CUST009487,64,2,Germany,606,37166.97,1,0,79487.56,0.3002,2.61,0.4972,11,3,0,0
CUST009488,19,6,India,577,173980.22,2,0,115082.56,-0.188,0.5,0.4453,19,0,1,0
CUST009489,53,5,USA,714,76521.46,1,1,69467.54,0.1518,0.04,0.0963,16,3,1,0
CUST009490,36,10,India,581,123414.86,2,1,146288.52,-0.1873,0.37,0.2823,16,3,0,0
CUST009491,34,2,Germany,623,26299.97,1,0,124587.2,0.2261,0.16,0.8246,16,0,1,0
CUST009492,22,8,India,620,73305.54,1,1,177564.68,0.0852,0.94,0.3018,13,0,0,0
CUST009493,56,11,Germany,679,51591.83,1,1,147945.72,0.1405,0.28,0.3571,17,1,0,0
CUST009494,35,0,India,704,54206.94,2,1,172054.1,-0.1256,0.51,0.1626,16,1,1,0
CUST009495,70,9,India,525,5476.78,1,1,18000.0,-0.1853,2.18,0.5497,16,0,1,1
CUST009496,71,2,India,591,141491.56,2,1,50937.08,-0.5232,3.92,0.2595,16,5,1,1
CUST009497,24,14,India,588,106038.41,1,0,133821.33,-0.1249,0.61,0.4759,14,6,1,0
CUST009498,34,14,USA,631,11963.77,3,1,72216.76,-0.0573,0.26,0.0908,10,0,1,0
CUST009499,56,14,India,490,62825.45,1,0,173652.02,0.1686,0.46,0.1401,7,0,1,0
CUST009500,53,10,Germany,740,62513.5,1,1,88514.38,-0.4138,1.67,0.5308,14,2,0,0
CUST009501,57,14,India,654,100731.97,1,1,154073.88,0.4612,0.22,0.5277,8,1,0,0
CUST009502,62,9,Germany,639,67001.64,1,1,123351.27,-0.1315,0.05,0.0977,17,6,1,0
CUST009503,21,10,USA,710,143396.23,3,1,95843.0,-0.0601,1.36,0.6007,5,1,1,0
CUST009504,55,6,France,691,135773.02,1,0,66555.38,0.179,0.6,0.5754,11,3,1,0
CUST009505,42,2,France,690,212824.05,2,1,115648.63,-0.0358,1.82,0.5326,16,2,1,0
CUST009506,22,13,France,648,62060.63,1,1,91805.16,0.1898,0.92,0.4196,9,5,1,0
CUST009507,47,2,Germany,658,160776.88,2,1,61683.54,-0.1334,0.03,0.6974,11,7,0,0
CUST009508,29,1,India,717,125282.9,3,1,31979.24,-0.1264,1.24,0.3915,8,0,1,0
CUST009509,21,8,Germany,692,65142.06,4,1,104584.77,-0.0322,0.17,0.3428,12,5,1,0
CUST009510,41,10,France,788,60088.65,1,1,147597.82,-0.1013,0.11,0.3005,10,2,0,0
CUST009511,46,3,India,661,70527.44,2,1,114025.73,0.1104,0.66,0.6069,14,8,0,0
CUST009512,26,9,USA,702,91367.7,1,1,134696.54,0.3448,0.46,0.4789,12,4,1,0
CUST009513,21,12,India,640,42465.94,1,0,94108.93,-0.5374,0.29,0.7165,12,12,1,0
CUST009514,68,5,USA,675,23425.41,2,0,61986.11,0.3286,0.71,0.6085,8,1,1,0
CUST009515,41,1,USA,680,43782.44,1,0,136309.74,0.1265,1.09,0.7549,8,3,0,0
CUST009516,31,8,USA,614,59523.24,2,1,88782.38,0.4103,0.54,0.851,15,2,1,0
CUST009517,22,14,USA,598,111348.87,4,1,102449.83,0.1281,1.24,0.7188,16,0,0,0
CUST009518,35,6,France,701,2346.61,2,0,135405.37,0.2027,0.43,0.4602,10,0,0,0
CUST009519,59,9,USA,686,115842.43,1,0,136239.53,-0.2527,0.55,0.8932,14,0,1,0
CUST009520,74,4,Germany,767,1311.25,2,1,104954.85,0.3638,0.63,0.1187,11,7,1,0
CUST009521,36,6,India,650,100628.94,1,1,142215.73,-0.236,0.3,0.1321,15,2,1,0
CUST009522,29,13,USA,570,110246.65,1,1,125857.9,0.0028,0.36,0.2192,19,7,0,0
CUST009523,35,3,USA,650,67917.06,2,1,126844.16,0.5354,0.57,0.1159,4,4,1,0
CUST009524,34,12,India,711,78860.78,2,0,164914.5,0.2125,1.72,0.537,12,0,0,0
CUST009525,47,9,India,480,119242.54,3,1,128341.03,-0.099,0.64,0.3193,16,0,0,0
CUST009526,41,12,USA,649,39911.36,1,1,187959.62,0.006,0.09,0.1961,8,2,0,0
CUST009527,28,14,USA,703,95146.78,3,0,35390.92,0.1947,1.05,0.7022,6,5,0,0
CUST009528,52,6,USA,668,54253.49,2,1,56474.45,0.3304,0.58,0.1206,11,1,1,0
CUST009529,40,1,India,621,172109.68,1,1,76962.66,-0.2255,0.41,0.7986,12,0,1,0
CUST009530,34,6,India,553,109680.22,1,1,48866.58,0.2495,0.94,0.337,14,4,1,0
CUST009531,18,14,USA,649,11258.64,1,1,187046.11,0.0151,0.15,0.4283,16,0,1,0
CUST009532,32,3,India,552,188703.74,1,1,176464.8,-0.2192,1.23,0.382,7,0,0,0
CUST009533,49,3,India,703,138108.93,1,1,135735.36,0.2409,1.01,0.126,3,2,0,0
CUST009534,26,0,India,654,1200.46,2,1,117274.96,-0.1258,0.16,0.387,13,2,1,0
CUST009535,32,11,India,769,18627.51,1,1,50558.28,-0.2241,1.5,0.5552,11,0,1,0
CUST009536,45,2,India,493,129.85,3,0,122811.67,0.0738,0.17,0.301,14,9,1,0
CUST009537,41,4,India,622,15109.88,3,0,106835.28,0.1004,0.91,0.7333,10,3,1,0
CUST009538,52,4,India,708,85379.49,1,0,141231.37,0.0104,0.37,0.6679,9,3,1,0
CUST009539,39,1,Germany,741,81099.09,1,1,78883.92,-0.2674,1.13,0.4603,14,1,0,0
CUST009540,44,3,India,711,121558.25,2,1,127705.86,0.4701,0.05,0.2161,6,1,1,0
CUST009541,36,0,USA,573,56733.5,2,1,148757.8,0.2634,0.23,0.537,8,0,0,0
CUST009542,62,14,France,611,59840.98,3,1,144171.16,0.2026,0.51,0.2535,14,7,1,0
CUST009543,29,8,Germany,471,82975.69,1,1,107525.79,-0.1861,1.0,0.144,12,1,1,0
CUST009544,37,0,India,653,145804.86,2,1,165593.49,-0.0751,0.76,0.1297,11,0,1,0
CUST009545,18,5,France,743,41338.9,2,0,58297.17,-0.3097,2.46,0.3979,17,0,1,0
CUST009546,38,6,India,650,60101.48,1,1,113412.15,-0.04,0.66,0.1395,13,0,0,0
CUST009547,66,2,India,696,157759.24,1,1,127759.33,-0.2731,0.29,0.2251,13,1,0,0
CUST009548,62,11,France,694,80202.39,2,1,99975.37,-0.1223,0.45,0.1706,12,1,1,0
CUST009549,18,14,France,624,57717.19,1,1,136603.08,0.6534,0.06,0.4231,16,1,1,0
CUST009550,27,0,USA,455,25492.52,4,1,149736.26,0.7122,0.1,0.3295,9,3,1,0
CUST009551,64,6,Germany,757,131955.86,3,1,18000.0,0.0467,0.58,0.4461,15,5,1,0
CUST009552,49,2,Germany,684,46159.03,2,1,174365.85,-0.0671,2.97,0.4588,13,6,1,0
CUST009553,56,12,India,549,45668.36,2,1,75194.28,0.2815,0.22,0.1464,13,4,0,0
CUST009554,39,9,India,679,160551.66,1,1,156618.9,-0.0133,1.2,0.7051,14,2,1,0
CUST009555,35,11,USA,666,11093.54,3,0,68196.66,0.362,0.37,0.3638,10,4,1,0
CUST009556,65,11,France,754,177145.41,1,1,123948.16,0.124,0.03,0.3618,10,4,0,1
CUST009557,63,5,India,687,86482.3,2,1,125321.49,0.4031,0.14,0.468,13,3,0,0
CUST009558,49,12,Germany,688,77521.8,3,1,92809.26,0.3964,0.78,0.4995,12,2,1,0
CUST009559,44,11,India,665,93695.04,1,1,78722.84,-0.1152,0.21,0.7121,21,8,0,0
CUST009560,45,13,USA,588,77288.42,1,1,239307.13,-0.0263,1.53,0.6106,8,0,0,0
CUST009561,35,5,USA,703,43260.2,2,1,76122.35,0.1358,0.37,0.1221,12,1,0,0
CUST009562,56,13,Germany,647,97338.58,1,1,172573.69,0.488,0.2,0.3023,9,3,0,0
CUST009563,66,11,India,573,45628.34,1,1,238323.88,0.4833,1.21,0.0868,9,0,1,0
CUST009564,46,3,USA,597,102538.53,2,1,84079.87,0.0528,0.14,0.3468,20,2,1,0
CUST009565,35,11,USA,559,219375.66,2,1,24499.91,0.0117,2.44,0.225,12,11,1,0
CUST009566,61,10,India,734,116930.07,1,0,100834.12,0.2142,0.22,0.2688,8,8,0,0
CUST009567,25,5,India,808,64301.96,3,1,78391.22,0.1231,1.35,0.6138,15,0,0,0
CUST009568,71,10,Germany,742,91845.0,1,1,133288.94,0.1779,0.58,0.4666,13,0,1,0
CUST009569,48,9,USA,680,56169.86,2,1,78868.38,0.0904,1.07,0.7539,9,0,0,0
CUST009570,51,3,India,644,64602.61,1,1,91315.91,-0.5312,0.12,0.7317,5,0,1,0
CUST009571,24,14,USA,626,69073.14,1,0,98312.15,0.1035,0.19,0.4021,8,2,0,0
CUST009572,53,12,France,571,105467.36,1,1,43163.77,0.0465,0.18,0.0789,9,11,1,0
CUST009573,35,7,India,805,132221.08,2,0,91177.3,0.0419,0.12,0.7132,12,1,0,0
CUST009574,55,8,USA,567,206770.91,2,1,96919.78,0.1722,0.25,0.6392,13,9,0,0
CUST009575,26,1,India,582,116203.88,1,1,67149.36,-0.2852,1.47,0.3995,9,5,0,0
CUST009576,26,6,India,634,7995.7,1,1,117156.76,0.2043,1.1,0.1249,19,4,0,0
CUST009577,63,8,India,640,3418.87,2,0,155461.59,-0.0939,0.29,0.7065,10,3,1,0
CUST009578,25,8,USA,698,71837.45,1,1,89026.23,-0.3607,0.36,0.1394,12,0,0,0
CUST009579,68,11,Germany,596,138026.47,1,1,99531.81,0.2249,1.06,0.3041,14,0,1,0
CUST009580,52,4,India,490,63106.85,3,1,88065.86,0.1867,1.39,0.0818,11,7,1,1
CUST009581,35,0,USA,631,64067.78,2,1,186513.38,-0.3838,0.44,0.8117,16,1,0,0
CUST009582,22,5,USA,636,131793.04,1,1,70420.6,-0.3183,1.08,0.2122,16,0,1,0
CUST009583,31,14,India,630,74340.42,2,1,68484.1,-0.2598,0.67,0.2668,14,0,1,0
CUST009584,45,7,USA,629,140133.43,2,1,74719.73,-0.3469,3.88,0.3363,14,1,1,0
CUST009585,47,0,Germany,621,17298.77,2,1,161729.04,-0.0996,0.94,0.2528,11,4,1,0
CUST009586,21,1,Germany,544,105555.58,2,1,165855.81,0.2074,1.07,0.294,12,2,1,0
CUST009587,56,12,Germany,766,34125.89,2,1,60498.86,0.207,1.48,0.1708,11,9,1,0
CUST009588,37,12,India,762,92531.89,2,1,139297.8,-0.0743,0.12,0.7184,13,6,1,0
CUST009589,42,0,Germany,761,131840.48,2,1,81835.59,-0.3798,0.37,0.2691,9,0,1,0
CUST009590,45,4,India,555,24945.52,2,0,34973.84,0.1206,0.54,0.311,13,5,0,0
CUST009591,29,1,Germany,682,66304.79,2,1,34906.63,0.1916,0.13,0.3827,15,4,1,0
CUST009592,19,14,France,616,128761.89,1,0,93442.16,-0.115,0.36,0.6944,9,0,1,0
CUST009593,60,9,India,611,103863.6,1,1,141436.77,-0.2122,0.93,0.3323,20,0,1,0
CUST009594,31,9,USA,575,7889.66,3,0,102083.35,0.0538,0.23,0.4265,11,1,1,0
CUST009595,39,13,USA,850,91150.22,3,1,107505.29,-0.1799,0.53,0.7496,13,1,0,0
CUST009596,48,3,Germany,630,42430.81,2,0,18000.0,-0.4714,0.12,0.2642,15,7,1,0
CUST009597,40,0,India,576,64892.92,1,0,84344.5,-0.2768,0.1,0.0675,11,3,1,0
CUST009598,65,6,France,661,59363.08,1,0,88803.41,-0.1532,0.37,0.1913,13,1,0,0
CUST009599,37,7,USA,711,6504.65,1,1,82575.38,0.3465,1.04,0.2128,10,1,1,0
CUST009600,55,4,India,638,131867.93,2,1,53161.19,-0.1621,0.6,0.3565,10,1,1,0
CUST009601,72,1,India,669,10337.89,1,0,193541.92,-0.1126,0.79,0.0883,10,1,1,1
CUST009602,21,7,Germany,730,81744.57,2,0,129425.66,0.0983,0.41,0.1797,10,7,1,0
CUST009603,32,0,India,573,116427.54,2,0,142187.38,0.1025,0.71,0.2528,17,0,0,0
CUST009604,41,14,India,664,24535.27,2,1,106492.75,-0.3022,0.53,0.4894,12,1,1,0
CUST009605,42,6,USA,598,58957.81,3,0,165966.42,-0.0263,0.41,0.778,14,1,0,0
CUST009606,18,0,USA,588,44456.7,3,1,56596.15,0.398,0.02,0.4736,12,4,1,0
CUST009607,24,11,Germany,790,182918.62,2,0,143084.49,0.1411,1.49,0.6207,14,1,0,1
CUST009608,74,5,India,642,132723.76,1,1,45049.51,0.2102,2.43,0.0953,10,1,1,0
CUST009609,48,12,Germany,565,123112.05,3,1,104645.18,0.1999,0.6,0.2336,9,7,1,0
CUST009610,29,5,France,641,213045.81,1,1,102411.52,-0.1965,0.47,0.512,12,3,1,0
CUST009611,59,14,India,553,97830.62,1,1,106823.78,0.3235,1.16,0.6165,13,3,1,0
CUST009612,22,4,Germany,632,55170.65,2,1,102658.15,-0.1362,0.01,0.4617,15,0,1,0
CUST009613,61,14,France,595,13269.31,1,1,18000.0,-0.0847,0.12,0.1706,11,1,0,0
CUST009614,67,1,Germany,690,32629.22,2,1,82612.14,-0.052,0.26,0.2096,12,0,1,0
CUST009615,59,1,Germany,804,85874.16,1,0,98456.38,0.3761,0.07,0.0528,9,0,0,0
CUST009616,55,8,India,636,133745.96,2,0,77938.73,0.4352,0.04,0.5851,9,2,0,0
CUST009617,29,4,USA,598,35458.73,4,1,26894.22,-0.3306,2.23,0.2588,12,3,1,0
CUST009618,56,4,USA,657,174187.55,2,1,84980.28,0.1589,0.16,0.2644,20,3,1,0
CUST009619,35,6,Germany,769,19454.51,1,1,131652.53,-0.5507,0.72,0.2779,14,8,1,0
CUST009620,19,5,France,691,52721.0,1,1,173896.02,0.2599,0.62,0.4996,11,2,1,0
CUST009621,27,1,India,638,101035.12,4,1,94845.04,-0.1683,0.27,0.0819,11,3,1,0
CUST009622,32,10,India,484,84132.64,2,1,90434.96,0.159,0.83,0.6782,3,5,1,0
CUST009623,47,0,India,645,105556.97,1,0,64361.19,0.2083,0.31,0.1387,9,6,1,0
CUST009624,61,4,Germany,712,83967.78,2,1,176002.93,-0.2608,0.49,0.377,10,1,1,0
CUST009625,34,3,India,726,116190.13,1,0,66636.1,0.2796,0.38,0.1869,11,1,0,0
CUST009626,21,11,USA,754,60876.67,1,1,85287.73,-0.1319,1.93,0.2513,18,3,1,0
CUST009627,24,2,India,596,57363.38,2,1,122847.6,-0.4554,2.13,0.0574,11,4,1,0
CUST009628,58,1,USA,617,24851.25,1,1,146892.69,0.103,0.37,0.6215,7,1,0,0
CUST009629,48,9,India,640,210770.23,1,0,76377.8,0.1344,0.23,0.2328,8,0,0,0
CUST009630,68,1,France,706,71133.49,2,0,91440.93,0.2889,1.07,0.6649,16,0,0,0
CUST009631,72,13,USA,628,103002.68,3,1,89661.57,-0.2818,0.3,0.3391,10,6,1,0
CUST009632,56,14,France,691,62897.03,2,1,35713.3,-0.5108,0.52,0.2854,11,1,0,0
CUST009633,72,3,USA,619,174696.97,1,0,121629.03,-0.0825,0.63,0.0824,13,1,1,0
CUST009634,51,1,India,593,75304.98,2,1,71437.36,-0.0283,3.47,0.4027,10,3,1,1
CUST009635,23,3,India,738,96304.24,2,0,79417.53,-0.2173,0.39,0.1272,12,0,0,0
CUST009636,67,2,France,674,21913.13,2,1,116360.09,-0.1739,0.42,0.0246,13,5,0,0
CUST009637,55,8,Germany,709,185148.81,1,1,104592.9,-0.0465,0.06,0.2216,13,5,1,0
CUST009638,62,6,India,633,89453.65,1,1,185136.53,-0.4644,0.87,0.4719,17,5,0,0
CUST009639,68,13,Germany,714,187405.52,2,0,184999.27,-0.1508,0.17,0.1451,12,4,0,0
CUST009640,51,12,USA,564,38753.84,1,1,169971.39,0.1955,0.76,0.2201,9,0,1,0
CUST009641,61,10,India,577,48596.43,1,1,196663.13,0.3506,0.22,0.4496,19,4,0,0
CUST009642,32,14,India,725,43316.93,1,1,177291.55,-0.3034,2.31,0.0962,13,3,0,0
CUST009643,31,11,Germany,644,58412.6,1,0,21204.7,0.0362,0.07,0.6016,14,4,1,0
CUST009644,23,2,India,630,117574.21,1,0,126557.46,0.4571,2.12,0.3837,16,0,1,0
CUST009645,67,12,India,576,50994.93,3,0,115352.05,0.2277,0.64,0.6691,12,2,1,0
CUST009646,54,14,India,714,73007.36,2,1,113223.04,0.141,2.21,0.6209,13,2,1,0
CUST009647,67,13,India,799,27598.42,1,1,76970.76,-0.2675,0.54,0.1121,14,0,0,0
CUST009648,49,7,USA,698,20940.83,3,1,18000.0,0.3972,0.04,0.5237,13,8,1,0
CUST009649,20,8,India,614,105031.39,2,1,73634.82,-0.1054,0.18,0.4307,13,7,0,0
CUST009650,20,12,India,760,94600.99,1,1,67645.82,-0.1197,0.35,0.5033,11,0,1,0
CUST009651,39,6,France,678,129510.45,2,1,133399.05,0.1992,2.22,0.3231,20,1,1,0
CUST009652,39,5,India,615,100017.78,1,1,86372.73,-0.0237,1.14,0.2018,11,1,0,0
CUST009653,27,3,India,752,87144.15,1,1,159612.27,0.1437,0.74,0.5962,16,0,0,0
CUST009654,68,4,USA,635,41368.35,2,1,185511.65,0.2399,0.46,0.0871,15,9,1,0
CUST009655,20,7,USA,534,18533.47,2,0,60570.5,0.2117,0.47,0.4645,16,2,1,0
CUST009656,29,2,Germany,624,113145.09,1,1,49275.94,-0.0748,0.85,0.3592,14,1,1,0
CUST009657,46,1,India,692,60138.32,1,1,123525.47,0.4989,1.02,0.3821,10,0,1,0
CUST009658,65,2,France,592,100751.41,1,1,129117.16,0.9481,0.52,0.1251,13,2,1,0
CUST009659,34,11,Germany,500,75720.23,4,1,105326.63,0.0825,1.28,0.5109,9,0,1,0
CUST009660,24,6,Germany,767,50703.17,1,1,44343.69,0.3651,0.59,0.67,13,2,1,0
CUST009661,30,7,India,850,105977.04,2,1,116221.13,0.18,0.58,0.6578,13,2,0,0
CUST009662,73,0,India,611,37195.71,1,0,89681.57,-0.0024,0.84,0.175,7,1,1,1
CUST009663,19,12,USA,599,129580.29,1,1,133536.6,0.1035,1.26,0.1783,10,0,1,0
CUST009664,21,6,France,542,39250.06,3,1,89170.17,-0.0945,0.73,0.1614,13,0,1,0
CUST009665,27,8,USA,584,193741.77,1,0,139838.75,-0.1357,2.05,0.3135,16,5,0,0
CUST009666,56,11,India,527,39048.54,2,1,140051.96,-0.1282,1.67,0.8076,16,10,0,0
CUST009667,41,12,India,545,105214.03,2,0,72006.48,0.1266,1.18,0.4733,12,6,0,1
CUST009668,34,13,Germany,650,31820.17,2,1,135596.81,0.2484,0.5,0.5741,13,1,1,0
CUST009669,69,13,Germany,523,40247.02,2,0,125216.65,0.0758,0.76,0.622,9,1,1,0
CUST009670,23,14,India,532,118488.44,2,0,91991.76,0.0322,0.57,0.8198,20,0,1,0
CUST009671,36,2,India,666,63474.86,1,0,157430.03,0.2389,0.0,0.5553,18,1,1,0
CUST009672,22,14,USA,600,67780.65,3,1,38784.89,-0.2489,0.87,0.6906,10,0,1,0
CUST009673,49,2,USA,678,128666.66,3,1,79276.91,-0.1777,1.98,0.083,9,9,1,0
CUST009674,27,7,Germany,622,87713.82,1,0,155946.78,0.0231,0.59,0.5043,7,0,1,0
CUST009675,26,3,Germany,635,103792.04,1,1,108724.67,-0.1469,0.15,0.4085,9,1,0,0
CUST009676,44,13,USA,712,37267.68,1,1,93457.22,0.3394,0.49,0.5575,9,3,0,0
CUST009677,30,7,India,606,117326.16,1,1,87002.23,-0.2521,0.0,0.4528,14,1,0,0
CUST009678,36,4,Germany,706,82919.48,1,1,61811.0,-0.0982,1.08,0.6912,5,4,1,0
CUST009679,38,13,France,616,102684.77,1,1,166362.51,-0.0627,0.88,0.6832,16,0,0,0
CUST009680,41,2,France,584,98553.66,2,1,108835.13,0.1509,0.84,0.6892,15,6,1,0
CUST009681,55,14,France,564,146032.35,2,0,101667.86,-0.0635,0.46,0.4157,4,0,1,0
CUST009682,21,3,India,517,107298.82,3,1,152881.35,-0.2928,0.4,0.2211,10,0,0,0
CUST009683,41,13,Germany,550,4082.22,2,1,153566.08,0.205,0.25,0.3618,15,1,1,0
CUST009684,52,3,France,508,39141.64,1,0,111111.62,0.0574,1.98,0.5763,17,3,1,1
CUST009685,20,7,Germany,570,90032.04,1,0,218541.26,-0.0783,0.37,0.6619,8,2,1,0
CUST009686,21,5,India,715,100701.71,2,1,33837.17,0.1699,0.65,0.8607,8,0,1,0
CUST009687,74,6,France,649,6143.12,3,1,179552.94,0.3853,0.49,0.2552,11,4,1,0
CUST009688,54,8,USA,618,14472.31,2,1,123343.61,0.1501,0.86,0.254,11,0,1,0
CUST009689,57,14,India,594,143801.1,2,1,136586.69,-0.0215,3.2,0.3589,16,3,0,1
CUST009690,65,5,India,643,197879.91,2,0,41100.19,0.1597,0.69,0.8064,5,11,0,0
CUST009691,71,2,USA,652,26564.62,2,1,52298.9,-0.3175,0.42,0.5359,13,0,1,0
CUST009692,52,14,USA,560,92007.43,1,1,95079.56,0.0473,0.75,0.5992,9,1,1,0
CUST009693,48,12,India,687,78968.65,1,0,116070.14,0.0546,0.03,0.8832,11,0,1,0
CUST009694,73,2,Germany,623,138707.3,2,0,115635.76,-0.1078,1.88,0.433,17,3,1,0
CUST009695,61,10,Germany,673,106774.92,1,1,92404.74,0.4669,0.15,0.1307,7,2,0,0
CUST009696,42,2,Germany,647,127404.16,2,0,69708.68,-0.0695,0.62,0.6601,10,0,0,0
CUST009697,57,11,India,536,65411.65,1,0,106511.57,0.1919,0.38,0.3923,7,2,1,0
CUST009698,30,9,Germany,754,75557.6,1,1,18000.0,0.0243,1.52,0.6917,13,1,1,0
CUST009699,21,1,India,649,19817.12,2,0,203106.85,-0.259,2.63,0.3161,21,2,0,0
CUST009700,63,0,India,620,21404.23,2,0,92615.08,-0.2778,0.05,0.3795,11,2,0,0
CUST009701,31,10,India,696,14.92,1,0,62005.48,-0.0896,0.19,0.6099,9,3,1,0
CUST009702,30,9,Germany,557,90159.5,4,1,65526.17,0.1217,1.51,0.1037,9,4,0,0
CUST009703,44,0,India,524,96672.87,1,1,46214.78,-0.3962,0.48,0.2622,10,0,1,0
CUST009704,23,3,India,694,115118.53,2,1,149940.18,-0.2749,0.8,0.4993,18,0,0,0
CUST009705,34,2,India,741,51009.47,3,1,124807.67,-0.1022,0.37,0.2875,9,2,0,0
CUST009706,53,4,USA,672,161816.75,1,0,94183.26,0.015,0.61,0.4127,19,9,1,0
CUST009707,57,11,France,714,18212.93,3,1,93097.82,0.0644,0.25,0.4734,13,1,1,0
CUST009708,66,8,France,548,12819.66,2,1,80846.79,-0.0191,0.71,0.5379,14,0,1,0
CUST009709,52,11,India,621,89565.36,1,0,18000.0,-0.0891,0.45,0.3896,16,1,1,0
CUST009710,34,12,India,597,33560.81,2,1,137502.17,-0.2477,0.92,0.342,10,0,0,0
CUST009711,58,7,India,732,108971.48,3,1,100274.9,0.1268,0.75,0.1025,11,7,1,0
CUST009712,19,11,Germany,689,35219.97,2,1,128724.25,0.0996,0.11,0.1959,12,0,1,0
CUST009713,74,8,India,732,40106.66,2,1,143536.95,0.3865,0.17,0.4797,18,0,1,0
CUST009714,30,12,India,600,35070.38,1,0,150382.91,0.0735,0.02,0.3123,15,1,0,0
CUST009715,69,4,USA,559,30616.45,1,1,107295.68,0.0118,0.35,0.2422,13,0,1,0
CUST009716,19,7,India,756,75879.88,2,0,106717.86,-0.2242,0.25,0.5616,9,0,0,0
CUST009717,69,3,India,652,90828.66,2,1,153726.93,0.0286,0.07,0.8339,17,4,0,0
CUST009718,45,4,India,735,30502.36,3,1,95014.68,-0.1187,0.91,0.1533,13,4,1,1
CUST009719,60,14,India,644,3419.93,1,1,163238.63,-0.0355,1.01,0.2848,15,0,0,1
CUST009720,43,11,USA,826,106918.28,1,1,152154.71,0.0979,0.87,0.5554,10,1,1,0
CUST009721,39,2,France,744,100050.12,1,0,74417.42,0.1465,0.21,0.3713,7,1,1,0
CUST009722,64,4,India,637,120307.23,1,1,67205.05,-0.0383,0.79,0.7971,13,3,1,0
CUST009723,60,11,India,651,11311.89,1,0,46483.63,0.1761,0.38,0.4007,9,1,0,0
CUST009724,72,2,France,651,24738.33,2,0,142852.28,-0.2129,0.01,0.2613,23,5,1,0
CUST009725,20,4,France,559,127040.95,1,1,18000.0,0.6283,2.74,0.4304,16,6,1,0
CUST009726,52,10,India,611,131554.93,3,1,18000.0,-0.219,1.01,0.1359,12,0,0,0
CUST009727,29,13,Germany,605,50635.31,2,1,118050.13,-0.159,0.22,0.4717,11,0,0,0
CUST009728,41,4,India,668,16937.98,3,1,27803.0,-0.7124,0.3,0.3091,9,0,1,0
CUST009729,22,5,Germany,584,32506.8,1,1,49588.45,-0.3731,1.83,0.3501,12,0,1,1
CUST009730,37,8,France,637,16139.59,2,1,108663.56,-0.0279,0.24,0.73,16,3,1,0
CUST009731,56,0,USA,620,125471.19,2,0,27228.88,-0.0045,0.08,0.5695,9,0,1,0
CUST009732,56,11,USA,656,120199.83,4,1,35520.84,0.029,1.47,0.7152,12,1,1,0
CUST009733,30,9,India,767,81040.9,2,1,176008.15,0.1569,0.96,0.2686,11,9,1,0
CUST009734,58,13,USA,737,33975.53,2,1,118927.59,0.208,0.63,0.529,11,4,1,0
CUST009735,74,5,USA,545,21368.45,2,1,144772.65,0.1091,0.65,0.4678,9,1,1,0
CUST009736,70,0,Germany,645,37831.38,1,1,71440.61,-0.075,0.93,0.1527,9,0,1,0
CUST009737,62,5,India,625,20906.23,2,1,182573.74,-0.2189,1.93,0.6185,7,3,1,0
CUST009738,29,1,USA,598,90049.97,4,1,18000.0,0.0155,1.38,0.3987,9,1,1,0
CUST009739,30,7,USA,822,123266.96,1,1,22657.67,-0.164,0.21,0.7351,14,2,1,0
CUST009740,73,10,India,607,125221.46,2,1,18000.0,0.3832,0.83,0.2398,14,1,1,0
CUST009741,27,2,India,613,21171.29,2,0,55951.54,0.0712,0.89,0.2121,14,6,1,0
CUST009742,50,9,India,790,38940.55,3,1,156555.77,-0.0703,1.38,0.7739,13,1,1,0
CUST009743,74,13,Germany,727,41702.09,1,0,194209.52,-0.2616,1.94,0.3279,9,6,1,1
CUST009744,57,5,USA,614,139184.83,1,0,106807.61,0.1639,0.05,0.1693,12,1,1,0
CUST009745,71,5,Germany,710,6720.04,1,1,126854.47,0.1095,0.08,0.2675,18,3,1,0
CUST009746,33,14,India,630,75816.43,1,1,18000.0,0.1241,0.08,0.3968,10,0,0,0
CUST009747,62,3,France,636,21757.81,2,0,124495.77,-0.0632,0.94,0.4782,9,2,0,0
CUST009748,52,4,Germany,585,64126.8,1,1,68123.31,-0.3825,2.11,0.0525,17,0,1,0
CUST009749,20,1,India,455,119018.68,2,1,48025.62,0.1892,0.7,0.2685,8,3,1,0
CUST009750,73,9,India,536,55965.95,3,1,79357.19,0.1683,0.67,0.2153,15,4,0,0
CUST009751,22,14,India,561,29292.72,1,1,91767.8,-0.1143,1.47,0.3448,14,6,1,0
CUST009752,43,9,France,683,122353.68,1,1,161759.64,0.2598,3.89,0.5368,14,4,0,0
CUST009753,28,7,India,662,84054.79,4,1,23883.73,0.2115,2.28,0.7262,13,0,1,0
CUST009754,24,9,India,736,105901.81,2,1,50218.83,0.3732,0.75,0.4866,7,1,1,0
CUST009755,70,6,India,553,92409.19,1,0,157829.28,0.1858,4.79,0.5538,15,0,1,0
CUST009756,73,9,Germany,792,683.65,1,1,40031.32,0.0577,1.03,0.3586,14,0,1,0
CUST009757,27,5,India,785,156919.88,4,1,18000.0,0.3013,0.96,0.5209,8,6,0,0
CUST009758,59,6,India,652,63667.5,1,1,213016.93,0.1168,0.08,0.6037,16,6,1,1
CUST009759,69,11,USA,595,128231.9,2,1,46006.32,0.2228,0.28,0.2916,15,3,0,0
CUST009760,51,0,USA,599,54292.56,1,0,92012.76,-0.319,0.7,0.605,16,2,0,0
CUST009761,20,13,USA,665,111075.45,1,1,89294.49,0.1937,0.96,0.5473,9,1,0,0
CUST009762,25,13,USA,800,138670.59,3,1,166387.77,0.0305,0.18,0.0655,8,3,0,0
CUST009763,48,4,Germany,642,130711.38,1,1,103816.1,0.2299,1.32,0.3896,9,3,1,0
CUST009764,28,6,Germany,523,82533.83,1,0,115187.71,0.0851,1.67,0.4521,10,6,0,0
CUST009765,62,0,Germany,801,54949.91,1,1,135562.67,0.0916,1.53,0.503,11,7,1,0
CUST009766,24,1,India,617,11316.99,2,0,140407.03,0.0193,0.62,0.5166,8,1,1,0
CUST009767,62,8,Germany,766,743.32,1,1,144869.55,-0.3179,0.33,0.3002,9,1,1,0
CUST009768,19,11,India,700,145218.34,1,0,165671.71,0.0978,1.48,0.2965,12,2,1,0
CUST009769,23,2,India,638,24925.98,1,1,67276.85,0.1445,1.08,0.671,12,4,0,0
CUST009770,58,5,France,727,125861.76,1,1,54088.39,0.0279,0.03,0.3508,12,4,0,0
CUST009771,49,14,Germany,591,132690.93,1,1,77396.13,0.2062,0.56,0.4979,5,0,0,0
CUST009772,37,6,USA,626,104230.36,3,1,63551.51,-0.0253,1.39,0.184,11,5,1,0
CUST009773,74,8,France,607,100255.88,1,1,138237.62,-0.1753,0.67,0.4576,9,0,1,0
CUST009774,51,4,France,633,3738.66,2,1,18000.0,-0.0155,0.25,0.2802,21,2,1,0
CUST009775,67,3,USA,693,7662.32,1,1,162549.64,0.2839,0.01,0.4174,19,4,1,0
CUST009776,33,10,USA,693,35159.6,1,0,122710.69,-0.1009,0.21,0.2322,12,0,1,0
CUST009777,42,11,Germany,525,178474.75,1,0,19916.79,0.2092,0.76,0.3004,9,1,1,0
CUST009778,29,14,India,607,161235.61,1,1,101658.92,0.1015,0.23,0.2454,17,0,1,0
CUST009779,24,1,India,620,78305.37,1,0,116030.12,-0.0099,0.01,0.1317,6,1,0,0
CUST009780,56,2,Germany,696,156251.2,2,1,142713.13,0.2553,0.06,0.2356,5,0,1,0
CUST009781,34,14,India,537,18032.08,3,0,97466.8,-0.0177,0.38,0.1579,12,5,1,0
CUST009782,62,4,India,706,53095.6,1,0,99950.48,0.1302,0.5,0.6078,15,0,1,0
CUST009783,28,10,India,559,174409.34,2,1,94050.4,0.3641,1.14,0.2093,13,3,1,0
CUST009784,23,14,India,669,206335.06,1,1,154517.99,0.4734,0.62,0.4935,7,1,1,0
CUST009785,40,12,France,739,123840.33,1,1,190578.29,-0.1209,1.21,0.1963,17,0,0,0
CUST009786,44,1,Germany,551,22544.51,1,0,114348.99,0.2283,0.13,0.0501,15,0,1,0
CUST009787,63,12,USA,669,159671.44,1,1,71733.71,0.3882,0.35,0.4788,11,0,0,0
CUST009788,23,3,France,635,59395.22,1,0,118354.39,0.4447,0.58,0.329,11,1,1,0
CUST009789,55,0,France,571,120799.64,2,1,190275.79,-0.0119,0.01,0.5122,7,4,1,0
CUST009790,19,3,USA,552,82145.02,1,1,100428.88,-0.1019,2.59,0.1025,14,2,0,0
CUST009791,39,6,France,593,138405.78,1,0,66154.32,0.1758,2.05,0.6648,14,0,0,0
CUST009792,37,14,USA,585,78896.14,2,0,176895.59,0.1726,0.87,0.3462,9,1,0,0
CUST009793,42,13,India,633,245193.62,1,1,111229.76,-0.2213,0.19,0.5466,10,0,1,0
CUST009794,32,11,India,615,135838.62,2,1,104956.3,0.2046,0.12,0.3789,10,0,0,0
CUST009795,66,2,Germany,683,1996.27,1,0,28984.83,0.2623,1.75,0.6088,7,2,1,1
CUST009796,46,9,USA,714,28060.79,1,0,105588.6,0.1399,0.27,0.4247,13,6,0,0
CUST009797,25,7,Germany,527,27286.39,2,1,141966.91,0.1053,0.38,0.3441,13,1,0,0
CUST009798,54,5,Germany,629,112887.58,1,1,76064.92,-0.119,0.4,0.029,16,2,1,0
CUST009799,66,5,India,574,135666.98,2,1,88930.22,-0.2742,0.19,0.4452,9,4,0,0
CUST009800,69,13,India,563,85952.94,1,1,101981.47,0.0876,1.03,0.1226,12,0,1,0
CUST009801,50,14,USA,524,151704.25,1,1,103504.27,0.0812,0.68,0.2076,16,3,1,0
CUST009802,39,0,India,518,97726.79,1,0,109812.92,-0.3493,1.76,0.628,10,1,0,1
CUST009803,67,4,USA,608,176270.73,1,0,183986.88,0.1528,0.2,0.3539,9,0,0,0
CUST009804,64,2,USA,681,15981.97,1,0,77312.78,0.2615,0.33,0.2686,10,1,1,0
CUST009805,22,14,USA,681,94020.94,1,1,68377.97,0.1315,0.55,0.2165,13,1,1,0
CUST009806,56,9,India,565,93548.82,1,1,60998.52,0.2544,0.51,0.2673,11,0,1,1
CUST009807,35,14,USA,557,28032.0,1,0,84573.09,0.0629,3.2,0.4731,11,0,0,0
CUST009808,55,0,Germany,669,2679.87,2,0,47859.97,-0.0145,0.73,0.2372,11,0,1,0
CUST009809,71,7,France,615,133743.85,1,1,89342.93,0.3425,0.42,0.7655,11,4,1,0
CUST009810,70,6,Germany,721,90205.89,2,1,138712.28,0.1947,0.27,0.4229,7,2,0,0
CUST009811,54,6,USA,561,100424.48,2,1,148486.74,-0.185,0.69,0.6637,10,0,0,0
CUST009812,47,11,India,501,160489.63,1,1,49524.27,-0.2176,0.63,0.4739,18,2,1,0
CUST009813,68,9,Germany,698,73537.62,1,0,82169.76,0.3626,0.57,0.2963,15,3,0,0
CUST009814,48,13,France,498,95522.7,1,1,125766.17,-0.1184,2.3,0.1557,10,2,1,0
CUST009815,27,9,India,534,97849.91,1,1,71112.95,-0.0467,0.56,0.472,23,5,0,0
CUST009816,32,9,India,596,99498.86,1,0,145569.52,-0.0059,0.21,0.7133,14,3,0,0
CUST009817,59,3,India,627,11344.23,1,1,91595.71,0.4941,0.14,0.5861,8,3,0,0
CUST009818,65,12,Germany,698,74765.09,1,0,21472.79,-0.4347,1.92,0.5892,8,0,1,0
CUST009819,61,14,USA,568,147820.72,1,1,117831.53,0.1358,4.91,0.0895,13,2,0,1
CUST009820,35,10,India,755,68063.74,1,1,137632.14,0.4345,0.72,0.1921,12,2,1,0
CUST009821,40,5,France,528,46694.67,1,0,58222.77,0.2541,1.04,0.6345,18,4,0,0
CUST009822,50,12,USA,620,136048.23,1,0,75292.17,0.1342,0.44,0.5452,18,8,0,0
CUST009823,33,8,India,716,76848.72,2,0,70393.67,-0.1633,1.58,0.2501,18,0,1,0
CUST009824,71,14,India,720,36962.57,2,1,114829.21,-0.0197,0.34,0.7573,15,1,0,0
CUST009825,55,13,India,413,22594.08,1,0,61004.44,0.0806,0.02,0.3862,16,6,1,0
CUST009826,52,2,USA,850,72660.93,2,1,91569.9,0.0061,0.03,0.4903,9,2,1,0
CUST009827,51,14,India,624,34983.01,1,0,49014.77,0.2556,1.4,0.1385,17,3,0,0
CUST009828,45,8,USA,672,131891.65,2,1,89741.29,0.5291,0.44,0.495,10,0,0,0
CUST009829,19,3,Germany,623,28825.09,1,0,97471.25,0.0967,2.75,0.3661,22,5,1,0
CUST009830,47,4,Germany,820,93253.78,1,0,76465.27,0.2084,0.43,0.1563,16,0,1,0
CUST009831,30,6,India,753,102030.89,2,0,18000.0,0.0392,2.33,0.2418,11,3,0,0
CUST009832,58,5,USA,818,115241.22,4,1,193353.08,-0.106,0.51,0.2369,16,1,0,0
CUST009833,33,9,Germany,687,173321.68,2,0,118261.32,0.1854,1.02,0.4927,16,2,0,0
CUST009834,22,7,India,722,7859.58,1,1,69957.67,-0.2683,0.28,0.3323,10,0,1,0
CUST009835,72,7,India,566,113689.88,1,0,116855.25,0.1786,0.64,0.3378,6,1,0,0
CUST009836,45,7,USA,628,114624.89,1,1,138109.02,-0.227,0.32,0.4518,11,4,1,0
CUST009837,70,2,USA,723,8643.83,2,1,122623.2,0.2608,0.9,0.7003,10,0,1,0
CUST009838,56,14,India,675,92157.97,1,1,134124.91,-0.2429,0.21,0.5166,5,8,1,0
CUST009839,62,13,Germany,658,49987.33,2,1,149758.61,0.2182,0.35,0.6404,15,0,1,0
CUST009840,37,9,USA,587,162921.92,2,1,61016.68,0.4594,0.8,0.5712,13,2,0,0
CUST009841,41,5,France,743,40752.99,2,1,84537.5,-0.0507,0.29,0.6295,12,2,1,0
CUST009842,44,6,India,742,62656.36,2,1,103782.14,-0.0913,0.26,0.6426,10,2,0,0
CUST009843,47,8,Germany,733,52417.04,2,0,119373.01,0.0211,0.38,0.5685,19,0,1,0
CUST009844,62,9,India,673,24034.47,1,0,114959.88,0.1931,0.78,0.4574,8,4,1,1
CUST009845,44,9,USA,650,20063.54,2,1,18000.0,-0.3554,0.32,0.7349,6,6,0,0
CUST009846,43,13,USA,739,24369.13,2,1,236459.35,-0.0516,0.46,0.2636,13,3,1,0
CUST009847,24,11,India,724,84919.53,3,0,180142.79,0.3705,0.02,0.1665,8,6,1,0
CUST009848,59,14,Germany,578,93508.01,1,1,73364.57,0.0738,0.96,0.4587,9,0,1,0
CUST009849,64,3,India,675,126366.98,2,1,132329.62,-0.0975,1.34,0.3729,8,5,1,0
CUST009850,70,4,USA,702,141089.48,4,1,66417.96,-0.0535,1.4,0.3026,13,0,0,0
CUST009851,55,7,India,596,100840.1,2,1,50994.58,0.2566,0.64,0.3074,11,9,1,0
CUST009852,22,0,Germany,722,125391.9,1,1,57332.55,0.3176,0.44,0.4786,6,2,1,1
CUST009853,40,11,India,707,108491.19,3,0,77171.18,0.1816,0.16,0.3607,10,1,0,0
CUST009854,45,5,Germany,616,7721.44,1,1,121675.91,0.2223,0.85,0.6216,14,4,1,0
CUST009855,51,14,Germany,541,99645.65,1,0,124101.52,-0.2377,0.69,0.3589,9,2,0,0
CUST009856,70,3,Germany,696,76736.1,1,0,89853.74,-0.0176,0.45,0.1378,16,3,1,0
CUST009857,32,4,India,807,40980.53,1,1,22878.55,0.2123,0.76,0.6453,14,0,1,0
CUST009858,49,10,USA,670,76756.13,1,1,121283.01,0.142,2.47,0.4885,10,3,0,0
CUST009859,43,4,India,701,98150.44,1,1,166940.34,0.0662,0.12,0.4652,11,2,1,0
CUST009860,65,1,Germany,556,63485.54,2,1,89432.87,-0.2509,2.67,0.3484,9,7,0,1
CUST009861,48,7,Germany,646,137491.19,3,0,96851.41,0.1083,0.68,0.3384,12,3,1,0
CUST009862,36,14,USA,641,97153.41,2,1,200558.49,-0.4629,1.43,0.4802,9,0,1,0
CUST009863,26,1,Germany,579,130199.78,2,1,141924.92,0.0299,4.06,0.1929,8,1,1,0
CUST009864,46,3,India,685,153902.24,1,1,54939.16,-0.0142,2.11,0.638,11,2,1,0
CUST009865,71,11,USA,682,51461.98,1,0,46637.33,-0.2489,0.41,0.2671,10,0,1,0
CUST009866,68,12,India,626,48427.97,2,1,41071.95,0.0365,0.49,0.5255,13,1,1,0
CUST009867,56,4,France,648,147719.73,2,1,118212.14,-0.2521,0.74,0.5474,14,1,1,0
CUST009868,21,13,France,814,28287.22,2,1,176947.08,-0.0363,0.81,0.4929,9,0,0,0
CUST009869,20,0,Germany,600,69905.22,1,1,127477.87,-0.3533,0.21,0.6433,8,1,1,0
CUST009870,73,5,France,559,45781.9,1,1,53863.81,0.4213,2.36,0.5106,16,9,1,1
CUST009871,46,1,India,557,14573.99,1,1,141076.64,-0.5396,1.41,0.5814,7,0,1,1
CUST009872,69,13,France,669,106871.68,1,1,61847.56,0.1573,0.11,0.3062,10,0,1,0
CUST009873,28,4,India,446,59412.22,3,1,219833.36,-0.4164,3.8,0.6752,13,1,0,1
CUST009874,50,14,Germany,609,18497.95,2,1,73149.25,0.0348,4.43,0.5825,8,0,1,0
CUST009875,55,5,Germany,572,133361.66,2,1,48748.1,0.1903,0.35,0.1013,8,1,1,0
CUST009876,28,10,India,645,6117.2,1,1,114652.89,0.0603,1.51,0.1159,12,0,1,0
CUST009877,44,7,India,645,66839.27,2,0,142716.54,0.0082,0.24,0.1953,12,1,1,0
CUST009878,50,8,India,677,131200.1,3,1,117508.34,-0.2103,0.14,0.6348,9,2,1,0
CUST009879,38,12,France,699,132732.31,1,1,115648.04,-0.1083,1.54,0.4193,16,2,1,0
CUST009880,56,14,India,741,102506.61,1,1,132466.02,0.1707,0.66,0.3071,11,7,1,0
CUST009881,48,11,USA,621,21435.19,1,1,104062.36,-0.1353,0.05,0.2637,10,0,0,0
CUST009882,55,5,Germany,596,85953.75,1,1,119385.69,0.4438,1.43,0.3076,13,4,1,0
CUST009883,63,4,India,718,98049.31,2,1,138411.53,0.1726,0.39,0.5868,8,4,0,0
CUST009884,19,11,USA,517,48605.68,1,1,41215.38,0.6284,0.15,0.5645,14,0,1,0
CUST009885,44,3,USA,710,99348.87,2,1,88110.19,-0.2416,0.6,0.1967,19,0,0,1
CUST009886,53,1,India,661,15620.33,1,1,134467.57,-0.6376,0.51,0.2297,12,0,1,0
CUST009887,28,1,Germany,685,32711.02,1,1,27122.94,-0.0028,1.3,0.2937,8,2,1,0
CUST009888,64,6,India,679,36183.34,3,1,116789.71,-0.2331,0.52,0.1788,17,2,1,0
CUST009889,35,4,India,660,118972.54,1,1,76773.73,0.1539,0.87,0.5787,7,0,1,0
CUST009890,18,6,USA,664,129334.07,2,0,87993.94,0.1163,0.35,0.7384,7,1,1,0
CUST009891,52,12,USA,561,3310.54,1,1,101468.14,0.3274,0.09,0.4775,12,0,1,0
CUST009892,52,10,France,597,167008.39,3,0,24442.57,0.1574,0.04,0.7144,11,0,1,0
CUST009893,48,0,France,792,81579.13,3,1,72845.95,-0.326,0.31,0.2101,6,0,0,0
CUST009894,45,0,USA,703,20009.0,1,1,163044.98,0.06,0.88,0.3736,14,1,0,0
CUST009895,56,4,India,734,94821.55,1,1,18000.0,0.2881,0.01,0.6511,9,4,1,0
CUST009896,18,1,India,622,154879.18,2,0,177402.44,0.3142,0.23,0.5991,8,4,0,0
CUST009897,42,7,India,656,45945.2,1,1,72446.17,0.0476,0.13,0.8099,13,11,1,0
CUST009898,60,13,USA,692,136579.19,2,1,72021.2,-0.0086,0.5,0.6341,17,8,1,0
CUST009899,55,14,Germany,746,165426.92,3,1,104641.74,0.4875,1.1,0.8477,5,1,1,0
CUST009900,37,2,India,637,78511.67,2,0,169157.12,-0.035,0.64,0.7583,5,0,0,0
CUST009901,20,0,India,688,29797.42,3,0,35495.82,0.2733,0.75,0.5547,15,0,1,0
CUST009902,68,12,USA,706,148561.3,1,1,74491.07,0.3736,2.34,0.1459,15,6,1,0
CUST009903,19,1,India,724,148341.75,3,1,135304.64,0.3689,0.49,0.3946,12,1,1,0
CUST009904,35,9,Germany,633,2019.63,1,1,137147.09,0.3106,1.35,0.1199,9,4,1,1
CUST009905,61,9,USA,752,69691.56,1,1,186716.85,0.2208,0.34,0.4796,12,2,1,0
CUST009906,27,6,USA,536,120690.99,3,1,47901.02,0.0224,0.77,0.2515,17,3,1,0
CUST009907,22,5,India,559,124122.13,2,1,43389.58,0.2429,1.17,0.4604,13,7,0,0
CUST009908,26,11,France,688,58069.96,2,1,139933.04,-0.0142,1.4,0.1509,10,1,1,0
CUST009909,19,7,India,686,16565.12,2,0,68346.31,0.3098,0.2,0.489,14,1,0,0
CUST009910,51,6,France,631,173382.06,2,1,121349.11,-0.27,0.24,0.6644,13,0,1,0
CUST009911,55,13,India,614,81541.11,1,1,134157.27,0.0441,0.38,0.5985,10,4,1,0
CUST009912,48,9,France,615,64924.15,2,1,21356.6,-0.1234,0.23,0.4144,16,0,1,0
CUST009913,27,12,Germany,578,39529.46,1,1,188179.19,-0.3851,0.62,0.6289,9,8,1,0
CUST009914,67,7,India,646,63506.09,1,1,117057.39,-0.1516,1.32,0.4494,18,10,1,0
CUST009915,29,2,Germany,525,21627.72,2,1,72042.16,-0.4171,0.13,0.3193,10,1,0,0
CUST009916,53,5,Germany,740,137937.59,3,1,105146.09,-0.0854,0.42,0.1432,9,6,1,0
CUST009917,71,12,India,680,59205.97,2,1,109752.34,0.0943,1.04,0.218,10,0,1,0
CUST009918,38,6,India,753,54244.05,1,1,112207.15,0.3123,0.97,0.5089,11,3,1,0
CUST009919,66,14,USA,662,14939.82,2,1,142105.47,-0.0626,0.22,0.7819,8,1,1,0
CUST009920,64,9,Germany,647,135369.05,4,0,72807.39,-0.4218,0.86,0.5719,10,4,1,0
CUST009921,23,10,Germany,660,67180.28,1,1,107982.71,-0.0135,2.72,0.6088,22,8,1,1
CUST009922,65,0,Germany,594,27095.27,1,1,85374.81,0.3064,0.79,0.7808,10,1,1,0
CUST009923,66,0,Germany,550,84208.26,1,1,116811.7,-0.4137,0.32,0.1975,8,1,1,1
CUST009924,20,6,Germany,571,57480.63,1,1,107736.4,-0.1581,0.58,0.5066,16,0,1,0
CUST009925,27,12,USA,615,82849.57,1,1,18000.0,0.0,0.33,0.2633,8,3,1,0
CUST009926,22,10,India,579,95813.85,1,1,68259.74,-0.374,0.61,0.1366,15,0,0,0
CUST009927,63,12,France,757,25386.14,2,1,18000.0,-0.1407,1.47,0.1086,13,3,1,0
CUST009928,43,2,India,593,40283.88,2,1,185356.03,0.3918,0.11,0.8372,11,0,0,0
CUST009929,38,2,India,681,30466.42,4,0,144359.78,0.2208,0.43,0.6937,12,3,1,0
CUST009930,62,14,Germany,696,32293.97,1,1,39633.29,-0.2416,0.8,0.5921,11,5,1,1
CUST009931,43,4,USA,748,37065.34,1,1,140308.55,0.2452,0.5,0.1748,14,0,0,0
CUST009932,55,14,India,704,57998.3,1,1,78289.81,0.1145,1.22,0.2674,21,7,1,0
CUST009933,61,10,India,636,38314.71,3,0,108428.03,0.4897,0.14,0.4307,9,1,0,0
CUST009934,43,5,USA,786,85913.07,1,0,18000.0,0.0725,1.66,0.5392,12,0,1,0
CUST009935,25,1,France,550,56554.5,1,1,119796.21,-0.1749,3.06,0.1052,12,4,1,1
CUST009936,22,2,USA,574,32192.44,2,1,119988.26,-0.267,0.36,0.3082,15,0,1,0
CUST009937,32,5,USA,667,43382.8,1,1,18000.0,0.1316,0.1,0.3408,9,7,1,0
CUST009938,33,2,India,656,20006.52,2,1,161760.86,0.0264,3.52,0.6159,13,7,1,1
CUST009939,18,13,India,715,53399.28,1,1,155551.17,0.1593,0.35,0.5432,12,2,1,0
CUST009940,33,4,India,662,135370.83,2,0,109204.34,-0.1364,0.54,0.4343,8,6,0,0
CUST009941,54,8,India,679,71662.59,2,1,81096.51,0.2161,0.22,0.2125,11,0,0,0
CUST009942,20,11,USA,729,17826.12,1,0,85918.39,0.3445,0.05,0.3567,9,0,0,0
CUST009943,69,2,India,661,82074.46,1,0,179029.57,0.1012,0.11,0.2881,15,0,1,0
CUST009944,64,11,India,704,47943.4,1,1,187556.87,0.2991,0.22,0.9401,17,0,1,0
CUST009945,48,10,Germany,589,111400.5,2,1,73507.4,0.1247,3.53,0.4145,15,3,0,1
CUST009946,30,12,France,594,14671.28,2,0,18000.0,0.1047,1.27,0.2267,13,0,1,0
CUST009947,73,12,France,720,151092.97,2,1,93349.0,-0.0767,0.44,0.5938,4,9,1,0
CUST009948,33,5,USA,659,103714.51,1,0,161467.24,0.3519,0.31,0.3862,17,2,0,0
CUST009949,72,10,India,663,63052.32,2,1,68543.29,-0.0979,0.12,0.4949,15,0,1,0
CUST009950,60,4,Germany,594,19718.4,1,0,50165.37,0.1068,0.53,0.3859,11,2,1,0
CUST009951,38,4,India,617,14578.1,1,0,190928.91,-0.1911,1.9,0.2301,15,0,0,1
CUST009952,19,10,Germany,672,118493.38,1,0,30002.3,0.2601,4.0,0.528,9,2,1,1
CUST009953,71,13,Germany,625,125797.9,2,1,167507.15,0.0019,1.86,0.1637,11,3,0,1
CUST009954,44,13,Germany,581,140578.7,2,0,101748.3,0.1787,0.05,0.6523,16,5,1,0
CUST009955,55,5,France,581,179370.75,1,1,96839.54,-0.2662,0.14,0.4815,16,0,1,0
CUST009956,43,5,Germany,599,122447.33,3,1,121119.44,-0.1878,0.12,0.3654,13,1,1,0
CUST009957,55,0,Germany,622,101264.75,1,1,95549.52,-0.1418,0.14,0.4882,12,3,0,0
CUST009958,63,10,India,627,224084.49,2,1,96489.16,0.1135,0.11,0.6394,8,0,1,0
CUST009959,42,14,France,775,42181.5,4,1,58084.39,0.0818,0.08,0.0883,21,7,1,0
CUST009960,28,8,India,723,69757.28,2,1,82608.88,-0.0223,0.35,0.7501,11,1,0,0
CUST009961,25,4,France,673,19558.5,2,0,132784.47,-0.1306,0.14,0.5458,16,0,1,0
CUST009962,25,0,India,798,114717.85,1,1,42621.83,-0.2777,0.13,0.4609,23,1,0,0
CUST009963,50,7,India,640,63385.97,1,1,141912.23,0.208,0.59,0.124,12,5,0,0
CUST009964,70,6,Germany,688,37550.09,2,1,91197.64,-0.2046,0.18,0.2836,9,1,0,0
CUST009965,24,6,India,676,38837.14,3,1,42469.49,0.1522,0.0,0.672,18,1,0,0
CUST009966,55,14,Germany,687,26710.81,1,1,93996.31,-0.3263,0.95,0.2456,11,1,0,0
CUST009967,38,13,India,590,65526.07,2,1,120191.17,0.065,0.32,0.4884,12,1,1,0
CUST009968,25,4,France,625,13393.48,1,1,62218.79,0.3603,1.07,0.4136,14,2,0,0
CUST009969,68,0,Germany,585,7808.95,4,1,167721.57,0.1555,1.79,0.4721,9,2,1,1
CUST009970,71,8,Germany,682,7356.27,3,0,143624.85,0.0711,2.08,0.4037,15,0,0,0
CUST009971,38,10,India,650,37553.35,1,1,130472.71,0.3071,0.16,0.2895,14,0,1,0
CUST009972,73,8,India,499,47234.02,2,1,88161.13,-0.1063,0.89,0.5427,6,3,0,0
CUST009973,37,7,Germany,691,51029.78,2,1,140503.15,-0.1254,0.06,0.3702,9,0,0,0
CUST009974,25,4,India,667,44060.22,1,0,155387.3,0.1347,0.5,0.6801,7,4,1,0
CUST009975,63,13,India,786,23842.0,1,1,70988.84,-0.0523,0.45,0.2415,8,1,1,0
CUST009976,48,2,USA,724,124531.41,1,1,99590.59,-0.1313,0.18,0.614,15,3,0,0
CUST009977,67,7,USA,739,20200.91,3,0,92261.7,-0.2819,1.19,0.2239,9,5,1,0
CUST009978,74,0,India,559,138246.45,1,0,90202.11,-0.2145,1.96,0.1096,9,8,1,1
CUST009979,46,2,India,739,183996.75,3,1,167341.93,0.2631,0.24,0.2476,12,1,0,0
CUST009980,65,11,India,634,148342.7,3,1,157295.56,0.2557,0.23,0.033,15,0,1,0
CUST009981,26,10,France,594,15131.82,1,0,149333.27,0.6888,0.17,0.7078,12,4,1,0
CUST009982,32,6,India,462,108205.97,2,1,128799.84,0.3214,0.93,0.6579,15,3,1,0
CUST009983,47,13,France,755,16198.6,2,0,102378.59,0.1393,0.05,0.3249,13,0,1,0
CUST009984,43,14,India,627,24818.56,4,1,92110.14,0.2813,0.05,0.7884,13,1,1,0
CUST009985,27,3,India,640,28980.57,2,0,121443.25,-0.2168,0.15,0.23,16,3,0,0
CUST009986,46,6,USA,675,84440.75,2,1,25007.4,0.1849,0.63,0.2836,6,5,0,0
CUST009987,71,11,India,798,21816.14,3,0,142932.61,0.0166,0.23,0.4599,10,9,1,0
CUST009988,33,10,USA,631,78397.88,1,1,146411.1,0.6144,3.49,0.3153,8,2,0,0
CUST009989,53,12,France,648,154273.08,1,0,55832.77,0.3582,0.4,0.4999,9,0,0,0
CUST009990,37,13,India,727,7688.74,2,1,35256.8,0.2753,0.51,0.1849,10,0,0,0
CUST009991,62,4,Germany,627,23706.4,1,0,126323.54,-0.1805,0.05,0.3017,7,12,1,1
CUST009992,71,5,India,583,36311.41,3,1,26509.48,0.8923,0.98,0.3271,13,8,1,0
CUST009993,54,13,India,474,164535.25,2,0,114443.57,0.0017,1.24,0.4331,14,6,0,0
CUST009994,39,6,India,756,118691.48,1,1,63135.08,-0.1025,0.33,0.3582,21,1,0,0
CUST009995,24,14,France,669,23018.17,1,1,32058.96,0.283,1.04,0.1414,10,2,0,0
CUST009996,40,12,India,693,11181.79,1,1,134922.78,-0.3174,0.21,0.2523,10,0,1,0
CUST009997,58,9,France,611,96067.01,1,1,167652.32,-0.1799,1.28,0.2952,17,5,1,0
CUST009998,57,11,USA,704,82051.46,1,0,81269.57,-0.1424,0.63,0.5496,14,1,1,0
CUST009999,46,6,India,603,114612.02,2,1,140137.0,0.121,0.4,0.3694,15,2,0,0
CUST010000,33,6,USA,663,4374.93,2,1,63423.21,0.1254,1.02,0.1909,9,3,0,0
CUST010001,55,6,Germany,658,70803.72,1,1,142950.45,-0.1025,0.76,0.4582,23,3,0,0
CUST010002,45,10,Germany,740,131550.21,1,1,76775.24,-0.0131,0.61,0.487,13,1,1,0
CUST010003,65,12,USA,701,145975.1,1,1,168777.61,-0.7118,0.19,0.2882,14,2,1,0
CUST010004,55,12,France,599,803.87,4,0,18000.0,0.0123,1.51,0.8372,14,0,0,0
CUST010005,48,6,India,698,70708.57,1,1,75048.06,0.0841,0.45,0.2666,13,0,1,0
CUST010006,31,2,France,620,58269.7,1,0,82683.23,0.3187,0.47,0.428,8,2,1,0
CUST010007,70,14,Germany,585,24118.14,2,0,24652.53,0.0435,0.18,0.6905,14,8,0,0
CUST010008,50,11,Germany,694,30401.79,2,1,134159.16,0.2237,2.14,0.4323,12,11,1,0
CUST010009,74,2,Germany,665,111155.29,1,0,97939.33,-0.0128,0.65,0.173,13,0,1,0
CUST010010,26,6,USA,554,28509.92,4,0,137366.89,0.5676,0.5,0.333,12,0,1,0
CUST010011,74,13,Germany,608,68359.28,2,0,64538.22,0.0717,3.03,0.7495,13,6,1,0
CUST010012,44,1,USA,709,106177.13,1,1,47279.05,0.0658,0.36,0.6323,19,3,0,0
CUST010013,41,13,India,681,184651.41,2,1,73486.95,-0.1781,0.03,0.2937,6,0,1,0
CUST010014,30,1,USA,684,94560.5,1,1,42192.95,0.284,0.21,0.8292,13,0,1,0
CUST010015,43,2,India,797,120689.76,1,0,84135.71,0.1556,1.1,0.5128,10,0,1,0
CUST010016,46,13,USA,729,92302.95,2,1,164396.64,0.3465,0.14,0.4131,11,1,1,0
CUST010017,68,3,India,640,63253.16,4,1,113117.15,-0.0631,0.14,0.425,13,2,1,0
CUST010018,66,5,India,617,62146.55,1,0,131912.8,0.0977,0.49,0.4941,9,1,0,0
CUST010019,60,12,India,595,68789.91,1,1,78675.16,0.4272,0.48,0.4931,13,0,1,0
CUST010020,45,7,France,613,56653.02,2,1,55022.29,0.5548,0.49,0.299,11,0,1,0
CUST010021,45,9,India,522,55724.29,3,1,109090.18,0.3409,0.2,0.2646,16,0,1,0
CUST010022,25,9,Germany,552,103173.7,2,1,102497.29,0.2232,0.15,0.4285,10,0,1,0
CUST010023,40,6,India,702,30307.96,2,1,152263.94,-0.2286,1.17,0.5516,10,0,0,0
CUST010024,46,3,USA,772,166074.14,1,1,160663.17,-0.027,0.74,0.1383,23,0,1,0
CUST010025,22,1,India,654,83762.11,2,0,145779.0,-0.4772,0.31,0.589,13,0,1,0
CUST010026,59,1,India,593,67867.07,3,1,200335.53,0.1963,0.18,0.1847,20,2,0,0
CUST010027,24,14,USA,377,127823.56,1,1,102980.38,0.0133,1.68,0.7063,5,1,1,0
CUST010028,59,3,USA,786,110972.51,1,1,130593.01,0.2166,0.12,0.3996,8,0,1,0
CUST010029,53,5,India,542,146234.84,1,1,158614.46,-0.0096,0.7,0.3414,17,1,1,0
CUST010030,58,2,USA,532,158311.1,1,1,140075.25,-0.1488,0.75,0.174,18,2,0,0
CUST010031,44,5,France,626,166848.97,1,1,148047.6,-0.0664,1.56,0.5961,14,1,1,0
CUST010032,63,4,India,646,104325.12,1,1,103433.93,0.4363,0.05,0.5362,3,0,1,0
CUST010033,19,4,India,650,11708.67,1,1,96869.06,0.3798,0.29,0.3802,15,6,1,0
CUST010034,42,1,Germany,581,61223.4,2,1,85734.13,0.0429,2.71,0.1846,11,0,1,0
CUST010035,26,7,India,683,177617.87,1,1,90613.9,0.4402,0.67,0.0704,15,4,0,0
CUST010036,70,4,France,608,92082.15,4,1,102275.75,0.3182,0.43,0.2754,13,2,1,0
CUST010037,44,10,USA,610,49080.85,2,1,67918.51,-0.0669,0.3,0.2143,11,1,0,0
CUST010038,18,1,USA,627,42216.62,1,0,46419.2,-0.1134,0.13,0.5795,17,0,1,0
CUST010039,40,6,USA,595,9198.1,1,1,44759.56,-0.1801,0.17,0.2887,10,2,0,0
CUST010040,27,12,USA,549,132998.8,2,1,161552.84,-0.0023,1.21,0.4992,14,7,0,0
CUST010041,59,14,India,554,47995.06,1,0,79615.76,0.2469,0.22,0.7289,15,4,1,0
CUST010042,69,8,France,561,15066.28,3,1,128912.76,-0.0804,0.2,0.6843,8,3,1,0
CUST010043,42,8,USA,686,22067.37,1,1,92917.25,-0.1862,0.31,0.6085,9,0,0,0
CUST010044,71,0,India,681,85774.54,1,0,163683.28,0.4381,1.13,0.6523,7,3,1,1
CUST010045,20,6,USA,628,119779.38,1,0,39800.82,0.1815,0.44,0.5568,15,4,1,0
CUST010046,23,8,India,632,61281.94,2,1,91534.32,0.0375,0.02,0.7413,10,0,1,0
CUST010047,23,5,India,743,179.13,2,1,75228.15,-0.493,0.58,0.2422,14,2,0,0
CUST010048,70,0,USA,691,162003.36,1,1,99656.33,0.2513,0.26,0.3908,9,1,0,0
CUST010049,19,1,USA,775,78883.84,2,1,143771.29,-0.2584,0.49,0.4627,13,4,1,0
CUST010050,35,3,USA,603,62971.48,1,0,95147.29,0.0979,1.72,0.7772,9,2,0,0
CUST010051,40,13,India,556,120752.24,2,1,71105.26,0.252,0.18,0.2958,14,3,1,0
CUST010052,19,3,USA,729,13333.04,1,0,99871.6,0.3314,0.33,0.4891,12,1,1,0
CUST010053,29,1,India,648,112917.12,2,1,84830.32,-0.1873,2.32,0.2091,10,7,1,0
CUST010054,39,7,USA,585,107317.22,2,1,122299.08,0.319,1.19,0.3774,13,0,1,0
CUST010055,54,1,USA,689,84516.63,1,1,18000.0,0.0822,0.26,0.1445,12,0,1,0
CUST010056,37,2,Germany,593,1605.95,2,1,83306.26,0.1558,0.09,0.0465,15,5,0,0
CUST010057,56,13,France,705,423.07,2,0,102722.31,-0.2436,2.17,0.2085,18,0,1,0
CUST010058,41,3,France,688,72968.13,2,1,137701.8,-0.3463,0.13,0.3186,13,1,0,0
CUST010059,65,8,France,631,17634.71,2,1,143170.04,0.5286,0.36,0.7755,11,0,1,0
CUST010060,37,9,France,515,151598.22,2,1,67686.18,0.4663,0.32,0.1491,11,1,1,0
CUST010061,18,0,Germany,576,69708.94,2,1,79744.23,-0.4314,0.1,0.6613,12,4,0,0
CUST010062,18,7,France,771,13698.46,3,1,19145.54,0.2617,0.09,0.367,13,8,1,0
CUST010063,34,11,France,789,137910.54,3,0,105426.08,-0.0635,0.27,0.6525,8,1,1,0
CUST010064,18,14,Germany,850,42465.58,2,0,219438.24,0.3062,0.37,0.1463,9,0,1,0
CUST010065,70,13,India,682,67826.29,3,1,109160.58,-0.3348,2.78,0.4926,15,0,1,0
CUST010066,69,4,India,562,110482.61,3,1,66821.68,0.0045,0.61,0.4508,14,2,1,0
CUST010067,62,6,Germany,757,12203.52,1,1,108217.78,0.1718,1.92,0.3547,9,3,0,1
CUST010068,47,7,USA,628,49189.7,4,1,18000.0,-0.3972,0.11,0.2318,7,0,0,0
CUST010069,58,14,Germany,595,34187.36,1,0,136135.65,-0.2883,0.22,0.8236,11,3,0,0
CUST010070,64,4,India,676,6284.02,1,1,163042.94,-0.034,0.14,0.3873,8,1,1,0
CUST010071,20,7,India,801,80740.77,4,0,89826.76,-0.2647,0.38,0.685,18,2,1,0
CUST010072,63,9,Germany,641,128763.46,1,1,60094.37,0.0254,2.0,0.4217,23,7,1,0
CUST010073,72,10,France,651,200232.13,2,0,79122.2,-0.003,0.28,0.3365,17,0,1,0
CUST010074,28,7,India,527,123241.24,4,1,82017.09,0.1703,0.72,0.527,9,0,1,0
CUST010075,41,8,France,658,59300.82,1,0,124549.01,0.194,1.98,0.2323,19,6,1,0
CUST010076,39,1,Germany,703,145108.33,1,1,112783.22,-0.0847,0.56,0.3502,10,3,1,0
CUST010077,61,2,India,642,5993.92,2,1,95537.82,0.2681,0.6,0.3628,5,0,0,0
CUST010078,62,0,India,648,42750.03,2,1,100057.77,-0.2515,0.64,0.2588,19,0,1,1
CUST010079,43,3,India,668,135063.01,2,1,68786.73,-0.1904,0.26,0.2331,10,3,1,0
CUST010080,30,14,India,566,35200.77,3,0,129369.54,-0.5746,0.43,0.4733,10,0,1,0
CUST010081,18,14,USA,467,79581.58,1,1,100668.34,-0.0005,1.5,0.3415,11,0,1,0
CUST010082,41,4,India,641,32530.02,1,1,24978.24,0.39,0.41,0.7516,10,7,1,0
CUST010083,27,10,India,631,62630.47,2,1,135137.77,0.0527,0.43,0.4388,13,2,0,0
CUST010084,52,0,Germany,695,71707.51,2,1,85775.88,-0.1916,0.1,0.7065,14,0,0,0
CUST010085,41,7,USA,841,105222.84,1,1,80360.36,-0.4878,0.5,0.3367,12,7,1,0
CUST010086,45,1,USA,753,86273.65,1,1,187262.68,-0.4155,0.07,0.2469,8,1,0,0
CUST010087,53,0,India,485,120329.5,1,1,120044.95,-0.0629,0.25,0.1888,8,6,0,1
CUST010088,33,1,Germany,850,100311.52,3,0,132097.52,-0.0532,3.11,0.4079,10,3,1,0
CUST010089,57,14,France,703,63608.66,3,1,71677.13,0.1898,1.88,0.2637,9,2,0,0
CUST010090,33,12,USA,628,38224.22,1,1,71740.17,0.3759,0.78,0.0904,13,5,0,0
CUST010091,34,4,France,768,19295.66,1,1,168480.51,0.1389,1.0,0.5809,19,2,1,0
CUST010092,68,8,Germany,445,93112.16,1,1,218658.02,-0.0917,0.22,0.1543,21,0,0,0
CUST010093,71,8,Germany,606,68864.57,4,1,145351.59,0.2034,0.12,0.7677,13,0,1,0
CUST010094,32,1,Germany,665,5130.89,3,1,18000.0,0.1834,0.64,0.2931,15,0,1,0
CUST010095,33,1,India,655,21679.07,2,1,64114.82,0.3223,1.83,0.1617,10,1,1,0
CUST010096,32,2,India,771,57366.71,1,0,97027.23,-0.1737,1.43,0.3796,15,2,0,0
CUST010097,74,6,India,744,43693.6,1,0,92595.72,0.182,0.71,0.3057,13,0,0,0
CUST010098,51,10,India,704,109951.74,1,1,92473.64,0.2007,3.34,0.4936,9,3,1,0
CUST010099,28,2,India,627,65669.31,4,1,31636.96,-0.0056,0.23,0.5523,9,6,1,0
CUST010100,18,0,France,726,176861.5,1,1,192284.99,-0.2882,1.16,0.6077,10,2,0,0
CUST010101,32,13,India,602,212031.51,2,1,126944.58,0.0611,0.27,0.1885,14,1,1,0
CUST010102,43,13,France,711,57021.45,1,1,63357.67,-0.1401,2.93,0.3913,8,1,0,0
CUST010103,68,13,USA,591,23486.6,2,1,72155.85,0.2749,0.25,0.5572,12,0,1,0
CUST010104,21,5,India,673,33320.88,2,1,129102.49,0.0178,0.36,0.4002,16,0,1,0
CUST010105,60,2,USA,533,189323.89,2,1,87819.29,0.0558,0.52,0.3372,12,0,0,0
CUST010106,22,0,India,732,31116.11,2,0,106217.96,-0.0432,0.31,0.0569,12,1,1,0
CUST010107,52,13,France,614,42502.35,2,1,120430.12,-0.0166,0.26,0.6377,15,6,1,0
CUST010108,30,12,Germany,540,32621.8,1,1,75431.08,0.4792,0.51,0.5466,13,3,0,0
CUST010109,27,3,India,572,55746.75,1,1,183022.95,0.1954,1.36,0.4547,7,0,1,0
CUST010110,28,12,France,625,46429.46,2,0,18000.0,-0.2968,1.19,0.1241,19,0,1,0
CUST010111,35,0,Germany,577,127261.33,1,1,62762.32,0.0391,0.47,0.5255,9,0,1,0
CUST010112,51,0,India,707,94241.15,2,1,139117.08,-0.3024,0.3,0.8316,12,0,1,0
CUST010113,56,11,Germany,627,64366.92,3,1,67102.84,0.472,0.11,0.1935,13,6,1,0
CUST010114,58,1,USA,724,120515.59,3,1,92262.15,0.3817,1.63,0.4949,10,2,1,0
CUST010115,59,9,India,627,33195.59,2,1,159781.37,0.4726,1.74,0.377,11,0,1,0
CUST010116,67,7,Germany,707,112475.95,1,1,122891.6,-0.3925,0.06,0.6853,8,0,1,0
CUST010117,40,1,India,650,81549.1,3,1,105804.35,-0.228,1.1,0.0465,12,0,1,0
CUST010118,24,10,USA,629,31496.54,3,1,156179.67,-0.1614,1.72,0.2883,6,2,1,0
CUST010119,56,1,India,566,36356.77,2,1,72557.47,-0.2054,1.07,0.2327,9,2,0,0
CUST010120,20,14,France,655,101204.92,1,1,120835.5,-0.1964,0.33,0.4711,14,0,0,0
CUST010121,29,10,Germany,708,95734.9,1,1,124657.22,-0.1723,0.45,0.2316,11,2,0,0
CUST010122,24,10,India,594,30081.07,2,1,44114.67,-0.0198,0.29,0.2713,15,0,1,0
CUST010123,66,9,India,649,123112.98,2,1,59083.06,0.1572,0.63,0.438,12,0,1,0
CUST010124,43,9,India,605,45926.14,1,0,18000.0,0.1961,1.77,0.5758,11,0,0,0
CUST010125,50,7,Germany,804,140134.88,1,0,113003.75,0.3107,0.89,0.4721,10,4,1,0
CUST010126,54,11,India,674,94786.11,2,1,159638.63,0.1335,0.49,0.1198,8,4,1,0
CUST010127,65,5,Germany,657,167759.82,2,0,61706.6,0.1338,1.57,0.2607,19,0,0,0
CUST010128,32,11,France,611,98506.86,2,0,18000.0,0.3716,0.0,0.2325,6,2,1,0
CUST010129,19,10,Germany,720,77737.53,1,1,97619.09,0.2532,0.26,0.0875,13,2,0,0
CUST010130,58,3,India,649,40843.76,2,1,157575.88,0.1295,0.46,0.5319,11,1,1,0
CUST010131,24,2,India,644,79327.91,1,1,83070.65,-0.4172,0.72,0.2936,14,4,1,0
CUST010132,49,0,USA,644,61167.88,1,1,125126.15,0.4315,4.34,0.1406,11,5,1,0
CUST010133,21,10,USA,561,176140.08,2,1,18000.0,-0.3828,0.82,0.3245,20,2,1,0
CUST010134,37,2,Germany,769,89235.0,1,0,127398.03,-0.1389,0.38,0.5451,9,0,1,1
CUST010135,67,11,USA,723,124515.53,2,1,173417.92,-0.5375,1.03,0.2406,14,7,0,0
CUST010136,70,13,India,650,163041.07,2,1,188767.75,0.5136,3.32,0.4242,16,0,1,0
CUST010137,53,8,France,641,159050.37,2,0,147731.95,-0.1072,0.76,0.3658,12,1,1,0
CUST010138,49,4,India,579,70605.89,3,1,222555.17,0.0679,0.35,0.1874,16,1,1,0
CUST010139,45,12,USA,531,207993.39,1,1,141744.33,-0.3801,0.92,0.4224,26,0,1,0
CUST010140,30,5,Germany,579,44622.47,1,0,95364.69,0.101,0.5,0.3415,12,0,0,0
CUST010141,18,4,India,741,158490.22,1,1,77565.86,0.3285,0.61,0.2237,13,3,0,0
CUST010142,73,0,Germany,619,29712.59,2,1,21179.95,-0.1684,2.49,0.7961,12,0,0,1
CUST010143,52,9,Germany,736,129321.85,2,1,69369.59,0.0458,0.46,0.5299,13,5,1,0
CUST010144,65,0,Germany,647,16244.23,1,1,47266.58,0.1326,0.3,0.1863,14,3,1,0
CUST010145,47,3,India,580,114361.63,1,1,138053.89,-0.2431,0.81,0.055,12,2,0,0
CUST010146,71,14,India,591,23056.47,3,0,43717.66,0.2475,0.67,0.4014,14,2,1,0
CUST010147,53,2,India,669,11721.79,2,1,50553.4,-0.1793,0.41,0.1829,13,1,1,0
CUST010148,74,10,India,520,16088.78,2,1,145980.3,0.081,0.29,0.2993,15,0,1,0
CUST010149,72,7,France,588,106874.68,4,1,74237.79,0.013,0.6,0.4885,13,2,0,0
CUST010150,42,11,Germany,613,106658.28,2,1,140791.27,0.3427,0.14,0.2975,13,0,1,0
CUST010151,33,11,India,715,106392.17,1,1,184409.6,0.1044,0.25,0.1845,10,4,1,0
CUST010152,36,6,France,672,89722.61,2,0,55515.96,-0.5128,1.52,0.7288,5,1,0,0
CUST010153,18,14,Germany,664,45989.49,1,1,115066.69,0.0718,1.92,0.6729,15,2,1,0
CUST010154,22,10,India,687,31271.97,2,0,240092.51,0.0826,0.4,0.5232,14,4,0,0
CUST010155,68,14,India,732,11826.79,1,1,131713.36,0.1605,1.44,0.2431,14,0,1,0
CUST010156,39,6,India,654,8111.71,1,1,144919.32,-0.0932,0.09,0.4459,15,0,1,0
CUST010157,41,14,France,567,151207.87,2,1,94223.79,-0.334,0.19,0.3917,15,2,0,0
CUST010158,60,7,USA,665,10351.55,3,1,108888.31,-0.3419,0.73,0.2498,4,5,1,1
CUST010159,62,13,France,582,18207.31,3,1,137636.25,-0.0123,0.91,0.394,16,5,0,0
CUST010160,69,9,India,484,14113.62,2,1,43661.43,0.4484,0.23,0.223,14,8,1,0
CUST010161,54,6,France,665,6255.37,2,0,35626.02,0.0299,2.25,0.6326,9,1,1,0
CUST010162,70,9,India,691,94888.46,3,1,119339.34,0.0161,0.78,0.2547,15,4,1,0
CUST010163,53,1,France,677,42773.17,2,1,88747.1,0.102,2.04,0.7792,12,8,1,0
CUST010164,53,3,France,690,65844.45,3,1,36560.38,0.2733,0.09,0.1359,16,2,1,0
CUST010165,21,14,India,739,68774.93,3,0,25714.51,-0.0547,0.7,0.6513,9,1,0,0
CUST010166,53,10,Germany,572,93897.21,2,1,149682.17,0.2446,0.33,0.2126,10,3,1,0
CUST010167,69,5,Germany,618,82278.88,1,1,98278.09,0.3067,1.61,0.578,15,0,1,0
CUST010168,70,2,France,547,149395.49,1,1,79603.61,0.22,0.01,0.33,18,1,1,0
CUST010169,35,14,India,685,34589.6,1,1,99003.42,0.3188,1.17,0.3434,13,2,1,0
CUST010170,67,2,USA,748,39288.14,2,1,101771.08,0.5199,0.14,0.2409,6,3,0,0
CUST010171,33,14,France,606,70486.48,1,0,89833.95,0.0258,1.77,0.4364,11,0,1,0
CUST010172,58,5,Germany,707,71456.32,1,0,20953.27,-0.0747,0.5,0.6573,5,0,1,0
CUST010173,35,0,India,588,15941.73,1,1,118577.94,-0.3049,0.15,0.2746,11,0,0,0
CUST010174,39,13,Germany,701,21752.47,4,0,52654.0,0.1282,1.36,0.5685,11,1,0,0
CUST010175,19,0,India,471,67271.87,1,1,80624.26,0.0259,0.56,0.0499,12,1,1,0
CUST010176,38,4,Germany,771,161919.46,1,1,121518.42,0.2453,0.05,0.6597,12,2,1,0
CUST010177,53,0,India,562,168054.83,1,1,137298.54,-0.0065,0.03,0.6687,9,5,1,0
CUST010178,61,9,India,663,6733.12,1,1,115258.88,-0.2129,0.23,0.5051,7,4,0,0
CUST010179,56,7,USA,762,49308.8,3,1,105680.97,0.0306,1.0,0.417,11,0,0,0
CUST010180,64,1,USA,556,86076.37,4,1,143300.3,-0.4013,0.46,0.6236,2,0,1,0
CUST010181,56,5,USA,790,94842.86,2,0,120690.82,0.0239,0.6,0.162,8,0,1,0
CUST010182,46,9,USA,818,15636.55,2,1,54801.47,-0.1146,0.12,0.4619,10,2,1,0
CUST010183,71,9,India,705,181554.09,2,0,142773.4,0.3591,1.02,0.4771,11,0,0,0
CUST010184,43,4,India,651,40643.89,1,1,139493.66,0.3796,0.36,0.2062,17,4,0,0
CUST010185,38,9,Germany,635,98871.33,1,1,108045.9,0.049,0.33,0.7672,15,2,1,0
CUST010186,34,11,India,695,55585.67,2,1,130316.03,-0.4263,0.7,0.5967,13,0,0,0
CUST010187,33,11,USA,709,55890.19,3,1,111816.19,-0.2259,1.16,0.2888,9,0,1,0
CUST010188,48,3,USA,488,122915.56,2,1,18000.0,0.0477,0.02,0.466,13,4,1,0
CUST010189,68,0,France,627,137068.7,1,1,80828.03,-0.172,0.04,0.2726,8,2,0,0
CUST010190,26,13,Germany,603,118206.01,3,1,92272.13,-0.0244,0.08,0.6469,13,1,0,0
CUST010191,48,13,India,591,21243.34,2,0,90992.01,0.4638,1.5,0.1518,14,7,1,1
CUST010192,31,2,Germany,593,7426.61,2,1,76328.49,-0.0672,1.55,0.6806,9,1,1,0
CUST010193,66,12,France,546,240939.55,1,1,98558.11,0.0605,0.81,0.0716,5,0,1,0
CUST010194,54,11,USA,773,95032.31,1,1,136851.98,0.1212,0.04,0.4344,12,0,0,0
CUST010195,19,3,France,603,20332.5,1,0,111824.37,-0.1914,1.11,0.1956,14,0,1,0
CUST010196,69,1,USA,638,134417.43,3,0,91517.84,-0.1154,1.62,0.593,11,8,0,0
CUST010197,65,11,USA,624,19834.57,1,1,18000.0,-0.0192,1.98,0.4983,7,1,1,1
CUST010198,63,1,India,606,198042.1,2,0,151006.05,0.0801,1.3,0.4714,12,2,0,0
CUST010199,31,1,Germany,683,50721.51,1,1,77325.08,0.2696,0.48,0.4953,15,0,0,0
CUST010200,50,10,India,625,129250.94,1,1,183077.64,-0.2269,0.49,0.5761,16,1,1,0
CUST010201,52,0,India,698,73216.84,1,1,58031.8,0.0529,0.55,0.8362,11,5,0,0
CUST010202,56,9,India,775,18495.37,1,1,134271.97,-0.6929,0.51,0.1999,12,0,1,0
CUST010203,64,1,India,561,14995.44,1,1,93688.15,0.0328,0.58,0.2722,9,3,1,0
CUST010204,68,5,India,675,28411.26,1,1,43475.86,0.1357,0.07,0.5603,14,4,0,0
CUST010205,37,2,USA,673,33541.15,1,0,145173.97,0.0884,1.35,0.1606,14,0,0,0
CUST010206,19,9,India,555,87623.04,1,1,22498.44,0.5445,0.0,0.3742,14,1,1,0
CUST010207,68,4,France,701,74772.37,2,1,108138.06,-0.113,0.03,0.1951,6,1,0,0
CUST010208,58,0,India,629,88044.99,1,0,105853.52,-0.0375,0.02,0.3252,9,6,1,0
CUST010209,36,7,USA,776,46498.34,1,1,64939.89,-0.0044,1.84,0.0305,18,1,1,0
CUST010210,54,12,India,729,98192.02,2,0,157719.38,0.1781,4.31,0.2356,13,5,1,0
CUST010211,35,3,India,649,26365.98,1,1,111045.88,0.4925,0.28,0.0403,8,0,1,0
CUST010212,33,8,India,632,84346.4,3,1,184033.94,0.3196,0.11,0.2112,6,0,0,0
CUST010213,21,3,USA,788,6705.45,1,1,113266.79,-0.0766,0.02,0.521,14,0,1,0
CUST010214,29,13,Germany,603,36981.81,4,0,126040.99,-0.3452,1.86,0.4882,9,6,1,0
CUST010215,46,14,India,671,50878.24,1,1,18000.0,0.2817,0.35,0.2711,10,0,1,0
CUST010216,24,14,India,644,1265.07,1,1,133284.35,0.1002,0.54,0.547,11,0,0,0
CUST010217,31,14,India,745,162888.78,2,1,121705.95,0.2354,0.38,0.1041,10,0,1,0
CUST010218,72,1,Germany,751,164525.85,1,0,75796.51,-0.286,1.9,0.3082,16,0,1,0
CUST010219,29,2,Germany,693,1139.51,2,1,64942.42,-0.1273,1.43,0.8257,10,0,0,0
CUST010220,52,4,India,607,55009.15,1,1,89450.38,-0.187,1.81,0.2488,10,0,1,0
CUST010221,22,11,India,637,104416.2,1,1,141449.67,0.2353,0.45,0.4839,12,5,1,0
CUST010222,34,9,France,551,80989.49,3,1,44291.29,-0.4706,0.2,0.4735,11,1,1,0
CUST010223,59,14,India,669,40293.76,1,1,37919.23,-0.2958,0.74,0.5626,17,2,0,0
CUST010224,49,12,USA,585,20539.58,1,1,138664.4,0.1144,0.19,0.2345,16,0,1,0
CUST010225,27,12,India,829,130375.77,1,1,80512.18,-0.439,0.31,0.9722,13,5,0,0
CUST010226,60,13,USA,606,44514.05,2,1,93125.89,0.1182,2.32,0.3456,13,0,0,0
CUST010227,34,5,France,732,26018.91,1,1,94050.73,-0.091,1.64,0.4129,18,0,0,0
CUST010228,22,6,France,772,73198.16,2,1,115601.36,-0.6165,0.46,0.2557,15,0,0,0
CUST010229,62,3,Germany,716,54698.46,1,1,160110.43,0.3196,0.31,0.3893,11,7,1,0
CUST010230,59,6,USA,609,44464.51,4,0,48969.88,-0.4466,0.69,0.32,13,0,0,0
CUST010231,26,14,USA,603,83846.83,2,1,120624.0,0.1904,1.15,0.1662,12,4,1,0
CUST010232,66,9,India,850,62803.25,1,1,98858.81,0.299,0.17,0.1331,16,3,1,0
CUST010233,50,2,France,807,145520.72,2,0,114787.26,0.127,1.9,0.507,10,9,0,0
CUST010234,53,6,Germany,674,19379.57,2,1,207361.56,0.2939,0.17,0.1358,12,2,1,0
CUST010235,53,3,USA,622,28209.58,2,1,40857.82,-0.3297,0.75,0.3173,16,1,1,0
CUST010236,35,12,India,580,123837.03,1,1,129168.3,-0.1424,0.64,0.5206,15,0,0,0
CUST010237,26,12,USA,600,230710.51,1,1,152791.68,0.357,0.32,0.1909,16,3,1,0
CUST010238,74,7,France,706,221009.31,1,1,51945.42,0.4214,0.66,0.449,13,0,1,0
CUST010239,46,8,USA,835,121377.62,1,1,88233.65,0.5832,1.7,0.3853,12,0,1,0
CUST010240,67,6,India,640,54265.63,2,1,75188.18,-0.0889,0.32,0.895,7,0,1,0
CUST010241,31,7,India,745,42889.52,2,1,167550.73,0.0455,1.73,0.3286,15,0,0,0
CUST010242,42,7,India,721,52000.85,1,1,100181.97,0.271,0.05,0.3765,10,4,0,0
CUST010243,32,1,France,626,31955.9,2,1,23026.06,-0.0333,0.61,0.3804,9,1,0,0
CUST010244,23,8,France,729,118342.51,1,0,209190.23,-0.4853,0.28,0.5121,8,6,0,0
CUST010245,73,5,France,732,157923.81,1,0,179963.19,0.2359,2.13,0.741,14,5,0,0
CUST010246,59,10,Germany,723,67627.33,2,1,144779.92,0.0107,0.04,0.3186,11,1,1,0
CUST010247,46,3,USA,616,205760.06,2,0,89834.96,0.1516,0.02,0.151,16,0,1,0
CUST010248,32,14,USA,707,245016.83,2,1,47237.69,0.2568,1.33,0.3684,14,0,0,0
CUST010249,46,4,USA,745,130875.35,2,1,87880.7,0.2263,1.08,0.3211,9,0,1,0
CUST010250,21,9,Germany,726,34437.23,1,1,144558.58,0.157,0.13,0.3591,16,2,1,0
CUST010251,35,4,USA,736,22791.53,1,0,90814.07,0.1112,2.28,0.4794,9,0,1,0
CUST010252,67,6,Germany,633,123992.3,2,1,73186.64,0.2094,1.66,0.305,12,3,1,0
CUST010253,74,13,India,735,141303.13,1,1,29090.64,-0.2104,0.22,0.1052,10,0,0,0
CUST010254,66,8,India,753,35275.4,2,1,55785.92,-0.0343,0.92,0.4561,6,4,1,0
CUST010255,61,6,Germany,613,4108.35,1,1,33656.27,-0.1349,0.45,0.6711,13,5,1,0
CUST010256,56,8,France,539,30064.5,2,1,105754.9,0.005,0.66,0.1556,12,1,1,0
CUST010257,33,3,USA,780,11294.17,2,0,138907.98,-0.0127,1.25,0.3998,8,1,0,1
CUST010258,28,9,India,612,50071.63,2,1,38768.59,-0.3942,0.8,0.0548,9,0,1,0
CUST010259,31,13,France,590,143609.34,2,0,20060.49,-0.1206,0.08,0.2516,11,1,1,0
CUST010260,20,9,Germany,666,40491.17,1,1,100364.48,0.3113,0.75,0.5576,7,1,1,0
CUST010261,68,3,USA,628,114189.21,1,0,89012.46,-0.0385,0.16,0.0795,9,0,1,0
CUST010262,67,5,USA,495,35376.04,3,1,116223.71,0.0803,0.47,0.654,14,0,0,0
CUST010263,59,7,USA,721,55344.76,1,0,28017.17,0.5752,0.4,0.2143,13,7,1,0
CUST010264,55,13,USA,719,53985.47,2,1,154485.38,0.1444,0.07,0.6932,8,1,1,0
CUST010265,62,8,France,567,84174.5,1,0,120037.99,0.4492,0.08,0.2282,6,0,1,0
CUST010266,59,0,India,647,54848.79,2,1,154304.73,0.1198,1.24,0.0626,16,2,0,0
CUST010267,35,0,India,568,157842.17,1,0,77657.49,-0.0537,0.69,0.532,12,2,0,0
CUST010268,37,12,India,581,47098.14,2,1,148795.52,-0.0422,2.91,0.7207,11,1,1,0
CUST010269,65,7,India,601,34162.41,1,1,72760.13,0.1528,2.42,0.3667,13,4,0,1
CUST010270,42,10,India,692,28126.29,1,0,146767.22,0.1016,0.17,0.4784,10,3,0,0
CUST010271,74,6,India,810,85499.71,1,1,74410.2,0.362,1.55,0.626,13,0,0,0
CUST010272,55,8,India,616,18445.79,2,1,18000.0,0.6615,0.32,0.4326,11,1,0,0
CUST010273,30,10,India,717,5723.4,3,1,140373.0,0.2998,0.15,0.811,11,2,1,0
CUST010274,21,2,India,713,145569.84,1,1,70377.28,0.0968,0.48,0.1339,7,4,0,0
CUST010275,72,9,India,479,117606.03,1,0,145486.88,0.1924,0.27,0.5317,14,1,1,0
CUST010276,31,11,USA,539,42369.74,1,1,21987.12,0.1917,0.57,0.4644,10,1,0,0
CUST010277,50,4,USA,813,106152.29,2,1,18000.0,0.1167,0.83,0.2461,9,0,1,0
CUST010278,45,2,India,609,18980.75,4,0,80380.83,-0.0511,0.29,0.2257,12,0,0,0
CUST010279,69,14,USA,686,18208.94,1,1,100673.77,-0.0736,0.63,0.6523,11,5,0,0
CUST010280,54,4,France,676,16949.39,2,1,18000.0,0.1402,0.79,0.158,12,1,1,0
CUST010281,25,9,France,479,21326.26,1,1,70621.56,-0.1814,0.77,0.7804,7,4,1,0
CUST010282,61,0,India,595,70127.43,1,1,44967.45,0.0336,2.07,0.7273,12,1,1,1
CUST010283,51,13,Germany,708,199390.21,1,1,104413.18,0.4642,0.84,0.6967,9,1,0,0
CUST010284,61,10,India,574,47850.08,3,1,206931.02,-0.2525,0.32,0.0388,14,9,1,0
CUST010285,22,3,India,619,180532.37,2,0,78989.1,-0.0596,0.08,0.5205,26,6,0,0
CUST010286,71,5,India,553,92333.57,1,1,69328.69,-0.0339,0.53,0.3368,12,2,1,0
CUST010287,22,1,India,582,106943.24,3,1,106013.62,0.3197,0.69,0.133,15,0,1,0
CUST010288,48,12,USA,607,39145.94,1,0,194104.77,0.1641,0.65,0.7013,10,4,0,0
CUST010289,62,6,Germany,501,107692.52,1,1,46666.18,0.2671,0.64,0.5306,18,0,1,0
CUST010290,26,7,Germany,743,25599.53,2,1,102086.15,0.339,0.38,0.8693,15,0,1,0
CUST010291,59,0,India,538,120525.05,4,1,219775.22,0.6739,2.53,0.6919,11,0,0,0
CUST010292,49,12,India,636,26105.59,1,1,66959.33,-0.4149,0.76,0.2543,11,3,1,0
CUST010293,50,3,India,590,106582.37,2,0,75330.61,0.8113,0.2,0.5835,8,0,1,0
CUST010294,20,10,India,736,62581.42,3,1,144605.91,0.3596,0.01,0.4014,14,0,1,0
CUST010295,47,3,France,551,150903.8,1,1,186587.47,0.65,0.68,0.0204,15,5,0,0
CUST010296,67,12,Germany,587,63957.91,1,1,193080.81,-0.0353,1.1,0.5657,14,1,0,0
CUST010297,29,4,France,543,88819.92,1,0,92889.1,0.1015,0.09,0.2874,11,0,1,0
CUST010298,46,13,Germany,457,79441.74,2,0,54749.63,-0.1929,0.5,0.2135,9,0,1,0
CUST010299,20,11,USA,690,130126.32,2,1,70053.68,-0.3335,2.86,0.08,14,5,0,1
CUST010300,43,11,India,652,133696.52,1,0,47527.11,0.0627,0.55,0.5814,11,1,0,0
CUST010301,74,3,USA,667,78225.27,1,1,103697.45,-0.0378,1.54,0.385,16,4,0,1
CUST010302,47,8,USA,714,31667.2,2,1,131977.3,-0.0015,0.12,0.2876,16,1,1,0
CUST010303,26,6,Germany,658,15287.52,2,0,109401.38,-0.1456,0.48,0.3536,10,0,1,0
CUST010304,43,12,USA,614,124398.65,2,1,76366.48,0.1642,0.35,0.5175,8,1,0,0
CUST010305,19,1,India,670,20278.07,1,1,145407.71,0.1198,0.02,0.481,7,4,1,0
CUST010306,20,0,Germany,609,30098.31,1,0,125615.26,0.1018,0.59,0.2011,13,11,0,0
CUST010307,63,8,France,738,37908.99,1,1,123184.73,-0.1506,0.41,0.3422,7,0,1,0
CUST010308,21,0,USA,621,61236.43,2,1,138438.22,-0.1667,0.76,0.4038,9,0,1,0
CUST010309,42,5,Germany,640,52383.4,2,1,115384.43,0.0784,0.63,0.7541,13,8,1,0
CUST010310,68,14,India,700,77982.2,2,0,94480.79,-0.2115,0.48,0.5087,12,6,0,0
CUST010311,30,14,USA,836,9372.39,1,0,41704.71,0.1367,0.09,0.3693,12,3,1,0
CUST010312,56,1,India,568,21724.96,2,0,85505.5,-0.2278,0.47,0.4007,8,1,1,0
CUST010313,61,3,India,552,185765.41,2,1,62826.88,0.338,2.83,0.4336,9,2,0,0
CUST010314,52,5,USA,630,162580.35,2,0,184578.02,-0.1052,0.26,0.2493,12,0,1,0
CUST010315,72,4,India,590,107456.11,3,1,179766.77,0.4364,0.39,0.2453,12,0,0,0
CUST010316,40,10,Germany,705,113771.7,1,1,168904.18,0.2032,1.47,0.4896,18,4,1,0
CUST010317,26,5,France,665,91851.22,1,1,80635.59,-0.1485,0.59,0.4019,13,1,0,0
CUST010318,19,2,India,560,71601.65,1,1,94195.62,0.1443,0.0,0.1535,12,3,0,0
CUST010319,71,4,Germany,709,20952.87,2,1,69207.97,0.365,0.62,0.6171,18,0,0,0
CUST010320,58,1,USA,797,164697.72,1,1,42423.84,-0.1206,1.64,0.4184,8,7,0,0
CUST010321,61,6,India,586,190659.04,1,0,140005.7,-0.071,0.94,0.605,15,6,0,0
CUST010322,48,2,Germany,676,40492.55,2,0,64714.67,0.1332,1.13,0.4828,13,2,1,0
CUST010323,61,0,USA,474,142813.69,2,1,87075.2,0.3218,0.03,0.6248,16,2,0,0
CUST010324,64,13,USA,620,47580.84,1,1,82282.01,0.0221,0.16,0.683,15,2,1,0
CUST010325,19,7,France,674,25211.3,4,1,190941.83,0.1448,0.7,0.4064,17,0,1,0
CUST010326,49,7,USA,638,46926.31,2,1,102426.4,0.3914,0.13,0.2571,10,4,1,0
CUST010327,35,2,France,659,50565.94,1,1,140950.54,-0.1081,1.12,0.0379,13,4,1,1
CUST010328,30,12,USA,587,110950.97,4,1,83038.42,-0.2145,0.21,0.3944,9,5,1,0
CUST010329,63,6,India,750,45992.45,1,1,67473.35,0.3425,0.31,0.4333,15,0,1,0
CUST010330,22,8,USA,617,126577.63,2,1,119313.84,0.2097,0.03,0.8294,18,3,1,0
CUST010331,59,7,India,551,28278.81,2,1,149863.22,-0.317,0.44,0.4074,9,3,0,0
CUST010332,61,2,USA,646,69862.61,1,1,75153.56,0.4487,0.24,0.272,19,0,1,0
CUST010333,27,14,Germany,723,3335.6,2,1,132122.04,0.2258,0.03,0.6122,11,1,0,0
CUST010334,73,12,USA,694,7291.0,3,1,87096.92,0.1704,0.11,0.1317,9,0,0,0
CUST010335,60,1,India,608,96294.58,1,1,18891.03,0.0208,0.4,0.5822,10,1,1,0
CUST010336,42,12,USA,791,80248.87,1,1,62248.82,-0.0817,0.34,0.5955,8,0,1,0
CUST010337,51,9,India,644,44989.28,1,1,98608.83,0.1262,1.58,0.1772,9,4,1,0
CUST010338,54,6,Germany,513,16058.93,1,1,111632.38,0.3237,0.29,0.2642,11,0,0,1
CUST010339,47,6,Germany,697,1544.39,1,0,129559.39,-0.1681,0.43,0.401,16,0,0,0
CUST010340,24,8,France,639,95737.31,1,1,171616.95,0.0412,0.42,0.3202,15,2,1,0
CUST010341,23,4,India,644,30778.41,3,1,100072.69,0.2704,0.73,0.6361,14,3,0,0
CUST010342,71,3,USA,721,174905.93,2,1,30830.39,0.3262,1.86,0.5732,16,9,0,0
CUST010343,72,7,USA,629,84856.82,1,1,110332.23,-0.1113,0.9,0.4141,13,0,1,0
CUST010344,20,13,France,626,106659.53,3,1,79083.56,0.0829,1.46,0.1889,9,5,1,0
CUST010345,30,3,USA,549,161405.98,2,1,49315.0,-0.0675,0.17,0.2528,8,1,0,0
CUST010346,20,3,India,607,22719.1,1,1,102542.35,0.0874,1.46,0.2699,11,0,0,0
CUST010347,43,11,USA,669,101905.86,2,1,133175.77,0.1034,0.96,0.4639,10,0,0,0
CUST010348,74,13,Germany,602,105205.72,2,1,129057.99,0.0966,0.28,0.283,14,4,1,0
CUST010349,41,11,Germany,516,42033.35,2,1,58138.4,0.3477,1.81,0.3934,10,3,1,0
CUST010350,70,1,France,702,21066.05,1,1,157261.72,0.0764,0.87,0.5205,9,1,1,0
CUST010351,23,12,India,705,59595.17,1,1,127329.62,-0.3459,0.5,0.6776,15,1,1,0
CUST010352,60,14,France,706,17904.0,1,1,178486.42,-0.1371,0.98,0.7267,8,1,1,1
CUST010353,66,0,India,575,143326.03,1,1,199624.84,0.7504,0.01,0.375,11,5,1,0
CUST010354,59,3,France,648,25618.53,1,1,129389.55,-0.1394,0.31,0.6997,13,1,0,0
CUST010355,29,6,France,669,133710.22,1,1,157532.4,0.184,1.2,0.4148,9,6,1,0
CUST010356,66,11,Germany,697,26899.81,1,1,125018.99,0.3997,1.57,0.6039,10,2,1,0
CUST010357,53,8,Germany,699,76965.85,3,1,25905.78,0.5023,1.29,0.1899,10,4,0,0
CUST010358,19,8,India,536,107015.1,2,1,18000.0,0.0957,1.05,0.7011,11,1,0,0
CUST010359,28,11,India,787,138092.68,1,1,73491.18,0.2773,0.55,0.2299,11,0,0,0
CUST010360,56,9,India,553,45624.64,4,1,119456.94,0.0397,0.17,0.3105,8,1,0,0
CUST010361,51,14,India,519,34453.24,3,0,28355.98,-0.1305,0.09,0.1429,8,3,1,0
CUST010362,43,0,USA,415,48526.89,1,0,99592.84,0.0485,2.06,0.712,8,0,1,0
CUST010363,35,4,India,705,47576.58,2,0,139073.76,-0.1079,0.19,0.2365,12,4,1,0
CUST010364,38,6,France,765,280114.5,2,0,24383.0,0.4119,0.23,0.9256,11,4,1,0
CUST010365,53,12,USA,599,60706.55,1,1,147479.47,0.5062,1.02,0.5252,15,1,1,0
CUST010366,57,6,Germany,508,13905.59,1,0,112647.11,0.1083,1.13,0.6263,8,1,1,0
CUST010367,69,9,Germany,719,64844.12,1,1,99530.17,-0.1623,0.42,0.2004,12,4,0,0
CUST010368,63,5,India,546,120127.95,1,1,39347.16,-0.1987,0.06,0.4073,11,10,1,0
CUST010369,61,10,India,699,37095.44,4,1,132954.04,0.3733,0.53,0.3715,10,5,0,0
CUST010370,39,9,India,576,6820.98,2,1,107565.98,-0.1372,1.34,0.1847,12,0,0,0
CUST010371,70,3,Germany,614,231779.72,1,1,18000.0,-0.3463,1.71,0.738,5,1,1,0
CUST010372,47,2,USA,675,99061.76,2,1,110501.37,0.2996,0.84,0.2622,6,1,0,0
CUST010373,67,11,India,676,170961.2,1,0,54085.39,0.1846,0.92,0.3603,7,6,1,0
CUST010374,60,12,Germany,658,51181.27,1,0,66383.09,-0.2212,0.02,0.3316,13,0,1,0
CUST010375,47,8,India,767,185950.62,1,0,104850.56,0.036,0.19,0.2832,13,0,1,0
CUST010376,25,14,Germany,787,132260.57,1,1,121787.25,0.2768,1.1,0.663,18,2,1,0
CUST010377,51,11,USA,793,107692.84,1,0,151066.37,0.2189,0.6,0.7295,7,1,0,0
CUST010378,74,12,Germany,635,182.11,2,1,59066.48,-0.0185,0.71,0.1803,13,0,1,0
CUST010379,64,9,France,658,30385.64,1,1,101624.75,-0.1519,1.33,0.4916,12,8,1,0
CUST010380,26,3,Germany,760,103903.48,2,1,18000.0,-0.1169,0.89,0.4209,15,7,1,0
CUST010381,68,7,USA,597,54468.5,1,1,118831.43,0.1268,0.44,0.3591,16,2,0,0
CUST010382,37,12,India,615,99097.51,2,1,80959.29,0.2687,2.92,0.4354,9,0,0,1
CUST010383,57,0,Germany,651,46439.51,3,0,125354.29,0.1754,0.22,0.4385,10,12,1,0
CUST010384,42,6,USA,648,102132.79,1,1,91108.89,-0.2265,0.33,0.099,11,0,1,0
CUST010385,36,11,India,627,35374.45,2,0,74180.66,0.207,0.88,0.7427,9,5,0,0
CUST010386,22,5,Germany,575,103916.24,2,1,87365.59,-0.3166,0.21,0.4525,7,0,1,0
CUST010387,28,12,India,718,13472.25,1,1,18000.0,0.4462,0.38,0.6547,18,1,1,0
CUST010388,32,11,India,619,54746.5,1,0,135219.71,0.4833,0.94,0.4478,10,1,1,0
CUST010389,25,0,France,662,62669.64,2,0,138667.42,0.022,0.33,0.2792,15,0,1,0
CUST010390,36,14,USA,649,20087.09,1,1,139903.2,-0.1081,0.05,0.4344,16,0,1,0
CUST010391,40,3,India,704,36212.28,1,1,94852.14,0.1839,0.66,0.0477,9,1,1,0
CUST010392,44,11,Germany,686,93363.57,2,1,154792.17,-0.0824,1.18,0.7664,13,0,0,0
CUST010393,57,14,France,629,119886.28,3,1,66004.75,-0.2002,1.09,0.143,8,1,0,0
CUST010394,49,13,India,616,91544.44,1,1,52530.06,-0.3728,0.78,0.2874,15,5,0,1
CUST010395,43,4,Germany,641,107419.11,2,0,134273.72,0.3905,1.16,0.4098,13,0,1,0
CUST010396,44,10,Germany,561,81319.92,4,1,73396.0,0.2703,0.18,0.5832,17,5,1,0
CUST010397,36,7,India,585,32916.46,1,1,178975.92,-0.0885,1.06,0.2601,8,0,1,0
CUST010398,67,14,USA,692,31065.22,2,1,156489.04,0.1735,0.04,0.3502,10,1,1,0
CUST010399,59,3,India,673,43168.02,1,1,102041.19,-0.0542,1.08,0.3653,11,7,0,0
CUST010400,46,2,Germany,572,68459.46,2,1,42721.3,-0.0107,0.04,0.5222,12,2,1,0
CUST010401,56,1,Germany,640,37076.69,1,1,66554.08,-0.0578,1.18,0.2878,12,1,1,0
CUST010402,58,3,India,524,172277.23,1,1,90961.86,0.2581,1.73,0.232,16,6,1,0
CUST010403,50,10,Germany,660,93136.56,2,0,227059.41,-0.0449,1.41,0.2059,11,1,1,0
CUST010404,36,9,Germany,623,70325.74,2,1,111554.73,-0.138,0.34,0.2465,12,0,1,0
CUST010405,54,13,India,817,109918.39,1,1,133944.39,-0.1825,2.96,0.1008,6,0,1,0
CUST010406,36,12,Germany,696,201392.32,2,1,59961.48,-0.2802,0.58,0.2891,7,2,0,0
CUST010407,50,3,India,573,58544.25,4,1,104402.38,0.121,0.38,0.5903,8,0,1,0
CUST010408,64,12,France,572,16216.97,3,1,63102.98,-0.2977,0.7,0.2608,11,1,1,0
CUST010409,33,9,USA,701,95954.47,2,0,72104.01,0.3637,0.29,0.152,13,0,1,0
CUST010410,40,4,USA,720,4743.99,3,1,18000.0,0.1433,0.16,0.6716,13,0,1,0
CUST010411,24,12,Germany,798,16891.76,3,0,114941.36,-0.6477,0.14,0.4935,8,0,1,0
CUST010412,43,6,USA,742,164288.3,2,0,134591.84,-0.0821,0.15,0.3978,19,0,1,0
CUST010413,49,8,France,688,156340.09,3,0,28943.66,-0.2061,0.21,0.507,16,0,1,0
CUST010414,29,1,USA,763,116314.99,2,1,43068.02,-0.5106,1.74,0.3021,16,4,0,0
CUST010415,25,4,France,655,100172.05,2,1,30203.19,0.2678,0.41,0.3483,14,7,0,0
CUST010416,22,10,USA,652,297.52,2,0,100363.88,0.1902,0.0,0.4951,16,1,1,0
CUST010417,59,9,India,552,25863.86,1,1,96807.22,0.3106,0.29,0.6548,10,0,0,0
CUST010418,45,8,France,770,158027.58,1,0,141187.31,0.1037,4.44,0.9592,8,3,0,1
CUST010419,70,11,Germany,660,44570.83,2,1,44508.29,0.3398,1.07,0.2634,7,7,0,0
CUST010420,22,13,Germany,642,26404.78,2,1,82093.06,0.1828,0.56,0.2859,5,3,0,0
CUST010421,66,12,France,586,64223.75,2,0,63242.65,0.312,0.11,0.4636,15,5,1,0
CUST010422,43,2,India,748,111776.38,3,1,131262.97,0.2315,0.49,0.5443,16,0,1,0
CUST010423,22,0,USA,728,63134.96,1,1,99084.61,0.2658,0.82,0.1551,12,0,1,0
CUST010424,39,1,India,577,64964.89,1,1,72814.3,0.2228,2.01,0.4276,10,4,1,0
CUST010425,32,13,USA,690,59040.44,2,1,61662.71,-0.0703,0.54,0.5096,9,2,1,0
CUST010426,30,5,Germany,713,71609.62,1,1,117385.45,-0.3894,0.64,0.4294,18,2,1,0
CUST010427,45,4,France,550,137839.76,2,1,152714.29,0.2076,0.67,0.3538,11,1,1,1
CUST010428,50,0,USA,701,71747.02,2,0,116186.32,-0.0475,2.41,0.3475,13,0,0,0
CUST010429,60,0,Germany,685,204336.09,2,1,83464.55,-0.242,0.33,0.5423,10,6,0,1
CUST010430,40,10,France,699,31216.51,1,1,33366.53,0.0307,1.58,0.2632,8,0,1,0
CUST010431,50,3,Germany,808,45649.88,1,1,161607.64,0.0033,0.45,0.3521,16,7,0,0
CUST010432,60,11,India,850,34427.33,1,1,99776.93,0.1926,1.08,0.7611,15,5,0,0
CUST010433,35,14,USA,748,32694.96,2,1,135028.07,0.2704,0.53,0.577,15,2,0,0
CUST010434,67,3,France,670,109289.3,1,1,135294.56,0.1456,0.65,0.3015,11,1,0,0
CUST010435,70,14,France,701,58955.77,2,1,148564.77,-0.0345,0.32,0.3121,14,1,1,0
CUST010436,47,5,USA,684,196549.23,1,1,173817.97,-0.4761,0.43,0.479,8,1,1,0
CUST010437,43,5,France,838,91325.09,2,0,18000.0,-0.0702,0.6,0.4095,8,1,0,0
CUST010438,33,9,India,660,21937.32,4,1,107562.72,0.0581,0.74,0.689,7,1,0,0
CUST010439,30,13,India,616,14458.01,1,1,156380.86,0.504,0.37,0.3091,9,0,1,0
CUST010440,56,5,France,693,179334.88,2,1,102108.4,-0.2885,1.44,0.7268,15,0,0,0
CUST010441,50,0,India,817,89684.6,1,0,113010.65,-0.4681,1.02,0.6375,14,2,0,0
CUST010442,43,9,India,572,156924.86,2,0,101891.25,0.1918,0.48,0.5605,14,1,0,0
CUST010443,65,8,USA,596,80309.42,1,0,91148.83,0.0602,1.06,0.1678,7,2,1,0
CUST010444,18,10,USA,591,76984.39,2,1,46231.8,-0.1613,0.01,0.5015,10,3,0,0
CUST010445,66,6,USA,554,159066.33,1,0,74479.36,0.2341,0.72,0.2185,11,0,1,0
CUST010446,55,6,India,573,99113.14,3,1,43298.54,-0.2593,0.6,0.2526,10,4,1,0
CUST010447,19,10,France,725,98430.64,1,1,126676.99,0.6406,0.58,0.0147,16,0,1,0
CUST010448,66,6,France,667,50872.97,3,1,123801.26,0.2928,0.74,0.589,13,1,1,0
CUST010449,23,1,India,546,130028.02,1,1,97198.03,0.2798,1.3,0.2547,12,4,1,0
CUST010450,63,1,USA,704,71395.7,1,1,18000.0,0.1106,0.04,0.079,12,5,1,0
CUST010451,67,5,Germany,677,41585.68,2,1,82770.69,0.1361,0.13,0.1859,11,10,1,0
CUST010452,55,6,Germany,726,209454.17,3,1,44639.03,-0.0493,0.01,0.4141,11,6,1,0
CUST010453,59,2,India,601,57424.26,2,0,49265.83,0.1541,0.22,0.2306,10,1,1,0
CUST010454,41,12,USA,551,26997.49,1,1,111307.27,0.1337,3.04,0.5823,20,6,0,1
CUST010455,35,3,India,704,146520.59,3,1,142810.71,0.3831,0.37,0.2874,10,2,0,0
CUST010456,44,13,India,716,118080.93,2,1,164220.72,0.0358,0.69,0.2026,14,0,0,0
CUST010457,58,11,USA,561,34901.19,1,0,115821.99,0.1135,3.69,0.49,10,0,1,0
CUST010458,25,2,Germany,669,71111.22,2,1,169058.19,-0.2364,0.79,0.3858,12,2,1,0
CUST010459,45,6,Germany,600,117473.33,2,1,37438.18,0.2841,0.15,0.5993,15,1,0,0
CUST010460,27,6,Germany,727,89100.74,2,0,58381.12,0.0805,1.31,0.2371,17,6,0,0
CUST010461,34,3,India,702,124731.71,2,1,95898.17,0.1551,0.64,0.4348,7,6,1,0
CUST010462,72,12,Germany,747,75591.74,3,1,131112.78,0.2265,4.3,0.0274,12,2,1,1
CUST010463,46,6,India,582,126720.94,2,0,123571.78,0.1648,1.13,0.3501,17,0,0,0
CUST010464,23,4,USA,594,56846.78,2,0,136161.85,-0.0717,4.21,0.1204,4,0,1,1
CUST010465,31,0,Germany,620,35951.61,1,1,108334.6,0.3459,1.77,0.42,8,0,0,0
CUST010466,39,9,USA,607,141286.33,2,1,102765.18,0.1568,0.16,0.4308,9,0,1,0
CUST010467,71,3,USA,679,94047.21,4,1,178724.33,0.03,1.1,0.5834,11,1,1,0
CUST010468,23,6,USA,563,118591.65,1,0,122111.97,0.2257,0.55,0.3788,15,1,0,0
CUST010469,43,12,France,771,151908.52,2,1,107056.73,0.1753,0.11,0.3432,15,1,1,0
CUST010470,56,14,USA,789,40500.75,2,1,103150.47,-0.0534,0.67,0.1448,18,0,0,0
CUST010471,29,1,Germany,738,109007.41,2,1,63492.15,0.3176,0.08,0.7086,12,0,1,0
CUST010472,52,1,France,690,219839.51,3,1,135529.49,0.3171,1.15,0.398,7,2,0,0
CUST010473,31,0,Germany,640,66071.8,1,1,46126.52,-0.5345,0.36,0.3076,13,1,0,0
CUST010474,39,1,USA,665,1203.69,2,0,18000.0,-0.2347,1.32,0.2308,15,0,1,0
CUST010475,68,9,India,589,126966.59,1,0,184314.96,-0.3005,0.92,0.8289,14,1,0,0
CUST010476,40,13,India,662,27216.58,3,0,170719.24,-0.3266,1.69,0.4195,10,5,0,0
CUST010477,65,7,USA,676,7945.98,1,1,121441.13,0.3286,0.16,0.085,6,1,0,0
CUST010478,24,10,Germany,583,76385.42,4,0,117162.57,-0.1658,0.83,0.3718,10,0,0,0
CUST010479,57,7,USA,779,74217.31,1,0,88247.25,0.289,1.6,0.1633,10,1,1,0
CUST010480,67,7,France,643,87669.58,1,1,78733.96,0.1581,0.21,0.3055,16,0,1,0
CUST010481,42,14,India,567,212826.71,1,0,18000.0,0.118,1.22,0.1899,10,0,1,0
CUST010482,30,0,Germany,633,81246.01,2,0,48835.57,-0.0886,0.27,0.4216,21,0,1,0
CUST010483,38,0,USA,601,40203.25,1,1,54900.94,-0.1513,1.35,0.1738,13,1,1,0
CUST010484,58,11,USA,582,36249.24,1,0,102863.98,-0.1487,0.58,0.2079,17,0,0,0
CUST010485,27,9,Germany,775,47721.78,2,1,183537.38,0.2009,0.88,0.7732,16,1,0,0
CUST010486,70,3,India,650,750.59,4,1,26246.0,0.1286,0.37,0.2827,15,0,1,0
CUST010487,72,5,India,732,110723.44,4,0,129209.19,-0.6777,1.4,0.2217,19,6,1,0
CUST010488,26,7,USA,682,94705.52,1,1,133305.0,0.3885,0.11,0.3849,12,0,0,0
CUST010489,32,12,USA,688,104939.39,2,1,19248.21,-0.0151,0.17,0.1308,6,0,1,0
CUST010490,69,1,Germany,648,125642.24,2,1,30450.06,0.0804,0.08,0.1377,9,0,1,0
CUST010491,19,12,France,615,114394.8,2,1,111693.7,0.2421,2.39,0.2711,19,0,0,0
CUST010492,42,2,India,753,9651.28,1,1,114237.21,-0.2439,0.5,0.5973,10,2,1,0
CUST010493,30,5,USA,702,58563.88,2,1,159442.21,-0.3226,0.52,0.5085,13,5,0,1
CUST010494,51,9,Germany,635,61117.35,2,1,122420.69,-0.168,0.29,0.18,13,1,0,0
CUST010495,68,3,France,729,161389.98,1,1,42526.43,0.3487,0.51,0.1829,15,2,0,0
CUST010496,51,11,France,770,166836.86,1,1,100415.66,0.0537,0.21,0.1943,13,7,1,0
CUST010497,52,1,Germany,679,49586.82,1,1,65426.41,0.3239,2.42,0.1618,10,1,1,1
CUST010498,55,6,USA,774,14540.63,3,1,18000.0,-0.5665,0.24,0.227,16,7,1,0
CUST010499,20,3,India,611,85828.73,3,1,134649.27,0.0016,2.08,0.2181,16,2,1,0
CUST010500,59,7,India,578,56239.91,1,1,128135.85,-0.2489,0.54,0.1044,14,0,1,0
