age,tenure_years,geography,credit_score,balance,num_products,has_credit_card,estimated_salary,spend_trend,complaint_frequency,reward_redemption_rate,monthly_transactions,inactive_months,is_active_member,customer_id,actual_churn,churn_prob_rf,churn_prob_lr,predicted_churn,risk_segment
22,7,India,564,82387.94,1,0,101634.91,0.2406,0.42,0.9034,8,0,1,CUST000727,0,0.023988663804238267,0.04742854932250444,0,Low Risk
45,13,India,594,106583.07,1,0,91712.18,0.1434,0.17,0.1991,12,2,1,CUST004013,0,0.10058491374893394,0.15156717715359086,0,Low Risk
68,0,India,534,99109.97,1,1,180283.87,-0.242,0.28,0.5224,16,0,0,CUST000558,1,0.2768414460732416,0.4905751049520919,0,Low Risk
26,9,USA,605,151296.05,1,1,118766.38,0.0927,0.47,0.3241,10,1,1,CUST009392,0,0.07055712811557611,0.11348983119482775,0,Low Risk
23,1,USA,812,59008.25,1,1,117106.52,0.197,0.58,0.4506,6,2,1,CUST009416,0,0.13627368838941392,0.13289310366116047,0,Low Risk
42,13,Germany,762,5557.1,2,1,103019.97,0.1408,0.14,0.215,10,2,0,CUST000712,0,0.10552659248133814,0.2491650141793618,0,Low Risk
22,0,India,610,175800.63,1,0,22401.39,0.0191,1.08,0.1687,6,0,1,CUST000156,0,0.23203288657816196,0.24907275978198917,0,Low Risk
39,4,Germany,505,29957.16,3,1,196557.02,-0.2165,2.73,0.5914,11,0,1,CUST003080,1,0.6615050461610521,0.8778285720489744,1,High Risk
45,6,USA,785,58707.61,2,1,92609.85,-0.1141,0.99,0.6138,16,0,1,CUST004419,0,0.136295721712304,0.1760078473199871,0,Low Risk
26,14,USA,621,163407.91,1,1,97325.08,0.1617,0.23,0.565,15,0,1,CUST002288,0,0.03230281090896464,0.02930655585265151,0,Low Risk
32,7,India,618,210192.41,3,1,155523.79,0.1498,0.68,0.4818,13,3,0,CUST004637,0,0.0786553665070198,0.09347606171700791,0,Low Risk
31,8,USA,614,59523.24,2,1,88782.38,0.4103,0.54,0.851,15,2,1,CUST009516,0,0.057418065858916637,0.04380308343566691,0,Low Risk
26,8,India,610,68215.57,2,1,119823.18,-0.0405,0.44,0.5064,19,3,1,CUST008831,0,0.10110665473109799,0.12964522107870607,0,Low Risk
22,10,Germany,598,66595.17,1,0,117234.16,0.0532,1.35,0.7057,14,4,1,CUST003968,0,0.4419786986837741,0.3915519299733988,0,Medium Risk
45,8,India,642,97529.62,1,0,86060.57,0.1611,0.02,0.6361,19,2,1,CUST007539,0,0.07316625412725673,0.058894476971153055,0,Low Risk
74,4,Germany,767,1311.25,2,1,104954.85,0.3638,0.63,0.1187,11,7,1,CUST009520,0,0.27621753449881226,0.6764006812877977,0,Low Risk
23,0,Germany,619,86001.27,4,1,137074.05,0.4515,1.88,0.4051,19,0,0,CUST005305,0,0.39194276679903156,0.19756268005681762,0,Medium Risk
65,4,India,562,18863.63,1,1,105138.01,0.1467,0.69,0.0878,11,0,0,CUST007621,1,0.2471202621210762,0.6308455226220767,0,Low Risk
53,2,USA,688,40047.51,1,0,60732.23,0.0952,1.34,0.671,13,2,0,CUST002087,0,0.40385470371063614,0.5204798039566828,0,Medium Risk
38,10,India,650,37553.35,1,1,130472.71,0.3071,0.16,0.2895,14,0,1,CUST009971,0,0.08162700255932474,0.08122627320368249,0,Low Risk
65,3,France,726,151898.54,2,1,142118.34,0.1548,1.29,0.2498,8,0,0,CUST002663,0,0.33245359891601917,0.4458246577078798,0,Medium Risk
20,2,India,682,20397.92,2,1,87743.83,0.3579,0.33,0.1688,10,12,1,CUST000436,0,0.35390278997173374,0.41659169201593793,0,Medium Risk
32,11,France,611,98506.86,2,0,18000.0,0.3716,0.0,0.2325,6,2,1,CUST010128,0,0.08966483326603793,0.062472809929369474,0,Low Risk
68,0,Germany,538,116313.66,1,1,35722.08,-0.304,2.55,0.5104,15,5,1,CUST004411,1,0.8268961797982963,0.9723051124511025,1,High Risk
29,7,USA,605,59490.36,2,1,118908.36,0.2107,1.09,0.1323,10,0,1,CUST007455,0,0.1092629553100264,0.24527290957811,0,Low Risk
65,2,France,592,100751.41,1,1,129117.16,0.9481,0.52,0.1251,13,2,1,CUST009658,0,0.15511499764554385,0.1296337700334978,0,Low Risk
50,12,Germany,836,30198.07,1,1,89000.16,0.3579,0.07,0.5104,12,0,1,CUST003735,0,0.038219809510711286,0.061785270180456826,0,Low Risk
69,12,USA,721,170808.87,1,0,115591.4,-0.3647,1.52,0.1362,10,0,1,CUST003069,0,0.48800460456190414,0.6774252607196103,0,Medium Risk
47,0,Germany,621,17298.77,2,1,161729.04,-0.0996,0.94,0.2528,11,4,1,CUST009585,0,0.5994002660753104,0.7625894078223838,1,Medium Risk
69,6,Germany,632,80212.53,1,1,90698.62,-0.2162,0.64,0.6663,7,2,1,CUST003923,0,0.36978189825337443,0.6264372825604314,0,Medium Risk
72,12,India,590,194448.76,1,1,122238.83,-0.3026,0.07,0.1636,16,1,1,CUST003712,0,0.2978057878873867,0.3022175510275838,0,Low Risk
60,6,France,634,100479.01,2,0,140881.04,0.0015,0.03,0.3638,6,5,0,CUST007494,0,0.3532899669268643,0.43172421111695475,0,Medium Risk
20,9,France,623,72799.64,1,0,124947.84,-0.2668,0.11,0.1856,10,0,0,CUST007302,0,0.31710453965954966,0.25232319366398775,0,Medium Risk
40,14,France,706,63715.98,1,1,98279.78,0.1679,0.33,0.332,13,1,0,CUST002926,0,0.03949842933261512,0.15393253503632975,0,Low Risk
54,2,India,566,38846.12,2,1,178442.44,-0.0448,0.22,0.1541,10,0,1,CUST001991,0,0.21094328559018222,0.35757859001627856,0,Low Risk
42,9,India,546,148154.13,1,1,40850.06,-0.0305,2.31,0.8772,16,7,1,CUST005189,0,0.7279973219279099,0.7149223954323033,1,High Risk
66,8,France,609,82644.0,1,1,100694.6,0.0318,1.01,0.1826,5,0,0,CUST008419,0,0.36563101940317094,0.6849782029069437,0,Medium Risk
57,12,France,798,135770.51,2,1,156201.11,-0.0542,0.17,0.1961,11,0,1,CUST002393,0,0.13631897521455247,0.11081286744828579,0,Low Risk
45,14,Germany,688,51117.71,2,0,117236.8,0.6642,1.49,0.2495,14,1,1,CUST000848,0,0.28219856445224284,0.18460349355856825,0,Low Risk
32,9,France,642,102001.67,1,1,121816.89,-0.1924,1.33,0.1418,11,6,0,CUST000973,0,0.7472259079482215,0.807420462209906,1,High Risk
33,4,Germany,768,165986.5,3,1,120059.05,0.1919,0.13,0.2235,16,5,1,CUST003757,0,0.07906894362880403,0.0809802554334605,0,Low Risk
60,11,India,651,11311.89,1,0,46483.63,0.1761,0.38,0.4007,9,1,0,CUST009723,0,0.1968108141468297,0.32456863910845646,0,Low Risk
72,10,India,686,75346.24,1,0,53996.38,-0.1098,0.28,0.2509,16,0,0,CUST004400,0,0.2966354552967527,0.3538644209373022,0,Low Risk
32,6,India,690,62524.32,4,0,39944.77,-0.1358,0.22,0.2456,13,0,0,CUST001427,0,0.09755781624612353,0.10339825169979709,0,Low Risk
30,4,USA,633,95549.39,3,0,103029.18,-0.01,0.87,0.3365,14,0,1,CUST005184,0,0.19217757672434538,0.13359468479424036,0,Low Risk
74,14,USA,655,18546.84,1,0,18000.0,0.3188,0.42,0.2122,9,2,1,CUST004410,0,0.2553350555608302,0.33509433608309075,0,Low Risk
68,13,India,586,141503.1,2,1,43845.97,0.5911,0.45,0.2487,8,2,1,CUST002119,0,0.1873246680626074,0.11002558019035728,0,Low Risk
38,2,France,525,93847.43,2,0,168521.55,-0.204,1.0,0.799,11,0,1,CUST007708,0,0.23043196205573685,0.2969559506233397,0,Low Risk
18,3,India,707,16653.9,1,1,72329.52,0.2838,3.56,0.696,12,0,0,CUST000620,0,0.6263579451149819,0.7486993009641874,1,High Risk
49,3,India,568,3686.94,1,0,154191.77,-0.0603,0.3,0.6888,14,1,0,CUST009264,0,0.11462428053735434,0.3518212396657362,0,Low Risk
23,12,India,705,59595.17,1,1,127329.62,-0.3459,0.5,0.6776,15,1,1,CUST010351,0,0.13781073845927763,0.1478075828119112,0,Low Risk
54,9,USA,724,30041.28,1,0,94870.36,-0.2761,0.28,0.0037,12,8,0,CUST001901,0,0.5641141646562419,0.8164800348071044,1,Medium Risk
37,7,India,665,141166.49,2,1,88333.27,-0.0826,0.08,0.5019,9,0,1,CUST007208,0,0.05032616705354993,0.06809043081994351,0,Low Risk
66,14,USA,659,119633.56,1,1,79961.77,0.3657,0.13,0.1132,15,8,1,CUST003431,0,0.24742056732391185,0.3043154490390632,0,Low Risk
35,13,India,610,40480.79,2,1,110771.03,0.2903,0.1,0.4656,10,8,0,CUST003303,0,0.31227547820981266,0.2498746909082939,0,Medium Risk
28,1,India,670,48842.49,1,1,94154.14,0.3261,0.11,0.3239,10,1,1,CUST007460,0,0.11783287668019125,0.08837001638312952,0,Low Risk
36,10,India,477,108053.43,2,1,41193.38,-0.0653,4.17,0.1805,14,2,1,CUST007187,0,0.7544234306336428,0.9637290147757681,1,High Risk
69,11,France,579,104562.76,1,1,44281.07,-0.2862,0.73,0.5463,10,0,0,CUST008623,0,0.36883577268544954,0.5811757023202768,0,Medium Risk
38,4,India,617,14578.1,1,0,190928.91,-0.1911,1.9,0.2301,15,0,0,CUST009951,1,0.701382186126549,0.81293769261344,1,High Risk
62,3,Germany,642,32877.05,2,1,87585.84,0.2091,1.25,0.541,17,0,0,CUST008703,0,0.2550759065165683,0.4853176538185526,0,Low Risk
63,3,Germany,614,95672.22,2,1,147133.88,0.1435,0.21,0.3281,12,0,1,CUST001413,0,0.12943871225926595,0.23287274180892334,0,Low Risk
69,7,India,644,75549.96,1,1,83357.22,0.2766,2.45,0.5133,14,0,1,CUST001312,1,0.5667050525220442,0.6591594225326848,1,Medium Risk
28,11,India,713,52522.92,4,1,93635.57,0.2067,0.3,0.5026,14,0,0,CUST000012,0,0.02302537248262195,0.032726091973447384,0,Low Risk
61,6,India,631,139253.21,1,1,62717.74,0.3861,0.31,0.5189,14,3,1,CUST006674,0,0.08964774971544565,0.11510205532264485,0,Low Risk
35,14,India,703,33199.72,2,0,106058.83,0.0125,0.44,0.2668,17,4,1,CUST006346,0,0.16898930638556467,0.17886060583172575,0,Low Risk
28,11,India,616,13086.95,1,1,126697.02,-0.1351,0.75,0.2716,11,0,0,CUST006981,0,0.29490044579411817,0.41969989805153823,0,Low Risk
43,5,USA,786,85913.07,1,0,18000.0,0.0725,1.66,0.5392,12,0,1,CUST009934,0,0.22927428562664037,0.2881231054585784,0,Low Risk
18,11,India,646,26489.69,2,1,74490.52,0.2263,0.03,0.3383,11,2,1,CUST000926,0,0.05020373222279851,0.05909836963720691,0,Low Risk
49,6,India,811,141174.01,3,0,132357.41,0.0961,0.69,0.2832,23,2,1,CUST004822,0,0.0858108019440468,0.06910457524190353,0,Low Risk
65,11,USA,739,151753.66,2,0,47658.93,0.1624,0.42,0.1772,11,0,1,CUST000903,0,0.15724431899265073,0.10770338628897574,0,Low Risk
54,12,India,729,98192.02,2,0,157719.38,0.1781,4.31,0.2356,13,5,1,CUST010210,0,0.7381218593267788,0.9593597417848977,1,High Risk
48,1,India,633,33692.93,1,1,68719.92,0.3775,0.76,0.5127,14,0,0,CUST005884,0,0.21320226860556765,0.22243353777016475,0,Low Risk
66,6,India,646,5796.33,2,1,107152.58,-0.3174,0.19,0.358,10,0,1,CUST008175,0,0.23721436964432957,0.4443624893826305,0,Low Risk
26,8,India,579,65203.25,1,0,140816.54,-0.0365,0.92,0.7242,8,3,1,CUST002581,0,0.2936144221958232,0.29405304399344584,0,Low Risk
24,0,France,715,53490.36,2,0,83653.58,0.116,0.64,0.1133,19,5,1,CUST003082,0,0.1707040237865128,0.25042788637091457,0,Low Risk
50,0,France,667,96035.37,2,0,154726.94,0.0969,1.43,0.4555,5,0,1,CUST009036,0,0.3198654784664937,0.41863398890693015,0,Medium Risk
29,8,Germany,630,80995.37,1,1,51374.32,0.1709,0.17,0.0984,12,0,1,CUST000698,0,0.11707420358240457,0.14807202618449455,0,Low Risk
47,6,India,616,21106.21,2,0,159990.19,0.0986,1.84,0.2948,8,3,1,CUST006889,0,0.6253497769192682,0.7282955590302918,1,High Risk
30,0,Germany,582,142685.54,1,1,205100.28,0.0618,0.36,0.391,16,10,1,CUST006461,0,0.3397958308043868,0.5250535516995494,0,Medium Risk
46,1,USA,647,106260.53,1,0,84641.37,0.3156,0.29,0.4056,8,8,0,CUST004451,0,0.21969522436813482,0.41611777749775003,0,Low Risk
58,11,USA,587,60974.32,2,0,98760.49,-0.3043,1.42,0.3081,9,6,1,CUST005252,0,0.775488694179114,0.8617486272335172,1,High Risk
73,12,India,663,162521.64,2,1,57471.36,0.0234,1.5,0.4783,12,0,1,CUST001617,0,0.3169416532628948,0.34189018597015136,0,Medium Risk
21,2,France,656,141428.73,3,1,155920.56,0.2777,0.38,0.3528,11,0,1,CUST004503,0,0.08406910146525397,0.03603259386481515,0,Low Risk
66,12,Germany,713,77802.68,1,1,71566.7,-0.3448,0.22,0.2644,14,2,0,CUST005672,0,0.4985390369538756,0.6102388515962597,0,Medium Risk
66,7,USA,644,104458.68,3,1,92098.5,-0.1443,0.44,0.7159,15,0,1,CUST005881,0,0.13299472837991255,0.1359665263891408,0,Low Risk
64,10,Germany,570,60217.48,2,1,167332.87,-0.0683,1.7,0.6142,9,1,1,CUST009065,0,0.44200563892982325,0.7384832530486312,0,Medium Risk
42,10,India,850,138878.2,1,1,86980.05,-0.02,1.42,0.7919,12,0,0,CUST001292,0,0.275397059762301,0.173092197489219,0,Low Risk
65,10,France,598,104820.26,1,0,67459.29,0.1752,0.13,0.4396,16,1,1,CUST001798,0,0.09310393152965593,0.13770136243889,0,Low Risk
22,14,India,561,29292.72,1,1,91767.8,-0.1143,1.47,0.3448,14,6,1,CUST009751,0,0.5418743349536672,0.6799229046469777,1,Medium Risk
49,1,France,652,20746.48,3,0,131652.42,0.1097,1.17,0.1314,13,9,1,CUST006106,0,0.54615072320474,0.7687368270223529,1,Medium Risk
19,9,USA,606,225435.7,2,0,66223.89,-0.2451,0.49,0.4424,15,5,1,CUST002140,0,0.12254929318540088,0.12719196033213814,0,Low Risk
46,4,USA,745,130875.35,2,1,87880.7,0.2263,1.08,0.3211,9,0,1,CUST010249,0,0.11476507883384471,0.15794287861971326,0,Low Risk
32,14,India,839,43663.52,2,0,122096.45,0.3487,0.84,0.6237,12,0,0,CUST003858,0,0.028045103780009458,0.049748692901649294,0,Low Risk
42,6,USA,648,102132.79,1,1,91108.89,-0.2265,0.33,0.099,11,0,1,CUST010384,0,0.28644248024772045,0.3124493247317508,0,Low Risk
50,12,India,684,66037.72,1,1,87942.16,0.1037,0.4,0.1255,13,4,1,CUST006942,0,0.14630074839052648,0.32133191232613,0,Low Risk
59,8,Germany,588,20543.67,2,1,65282.4,0.271,1.41,0.2677,16,0,1,CUST007183,0,0.39311630445225026,0.5066297475377894,0,Medium Risk
53,2,France,581,25653.25,3,1,96325.59,0.2923,1.03,0.2918,13,0,1,CUST005971,0,0.17221720575853944,0.2854946404729916,0,Low Risk
59,13,India,850,68091.77,2,1,85350.46,0.0578,0.7,0.4157,15,6,1,CUST008188,0,0.22653677568344258,0.27051878570573124,0,Low Risk
30,13,Germany,724,82079.93,1,1,95607.51,-0.1966,1.65,0.0719,8,3,1,CUST002219,1,0.5794809897399033,0.7567916128975516,1,Medium Risk
40,4,USA,768,14007.51,3,1,133633.3,-0.039,0.84,0.4472,11,4,0,CUST009472,0,0.31739766998662533,0.4082306561662683,0,Medium Risk
48,9,France,743,83405.86,2,1,140182.76,0.1691,1.49,0.308,8,4,0,CUST006853,0,0.4746140462229896,0.5811173129046828,0,Medium Risk
56,4,India,627,27083.72,1,1,145906.87,0.3036,0.3,0.4895,17,0,1,CUST005167,0,0.07961525561885299,0.13294068242773877,0,Low Risk
53,5,India,637,80978.24,1,0,18000.0,0.1618,1.58,0.1617,12,2,0,CUST002680,0,0.48014009341823444,0.676201840390627,0,Medium Risk
39,10,India,741,89525.59,2,1,18000.0,-0.6926,0.43,0.3848,10,3,1,CUST005173,0,0.21112303261506363,0.44122990631528664,0,Low Risk
66,2,Germany,683,1996.27,1,0,28984.83,0.2623,1.75,0.6088,7,2,1,CUST009795,1,0.46753101410306164,0.7487294044325783,0,Medium Risk
52,1,India,633,76668.91,1,1,67370.21,0.0586,0.37,0.2924,7,0,1,CUST001715,0,0.08669193239346154,0.2863307416682818,0,Low Risk
67,5,Germany,677,41585.68,2,1,82770.69,0.1361,0.13,0.1859,11,10,1,CUST010451,0,0.37121808243767135,0.7110245746395675,0,Medium Risk
27,4,India,706,22310.85,2,1,54908.42,-0.2918,1.79,0.2779,10,3,1,CUST001221,1,0.5927091061603359,0.7331615422089105,1,Medium Risk
46,3,USA,616,205760.06,2,0,89834.96,0.1516,0.02,0.151,16,0,1,CUST010247,0,0.07974812242311906,0.05287502134886432,0,Low Risk
39,11,India,692,209614.58,2,1,82417.34,0.4038,0.29,0.174,10,0,1,CUST004999,0,0.0403896604778127,0.028074399721406545,0,Low Risk
47,8,India,691,156094.59,2,1,64652.09,0.589,0.84,0.1469,9,5,0,CUST000972,0,0.19803669057163492,0.20308218678580217,0,Low Risk
24,14,USA,377,127823.56,1,1,102980.38,0.0133,1.68,0.7063,5,1,1,CUST010027,0,0.34817506897879413,0.43742746334595856,0,Medium Risk
43,1,India,683,124967.03,2,0,190124.63,-0.0135,1.19,0.3414,8,7,1,CUST004847,0,0.39512961990416623,0.6075166360032233,0,Medium Risk
32,12,USA,688,104939.39,2,1,19248.21,-0.0151,0.17,0.1308,6,0,1,CUST010489,0,0.13016219897687298,0.10261944373463928,0,Low Risk
47,13,India,753,20223.83,1,1,52432.76,0.1743,1.48,0.7143,11,0,1,CUST008490,0,0.2376499843541644,0.23467240041725598,0,Low Risk
31,2,India,567,14278.11,1,1,100486.02,0.2531,1.08,0.3657,11,2,0,CUST002050,0,0.2801901852324658,0.4825103774732419,0,Low Risk
54,11,India,674,94786.11,2,1,159638.63,0.1335,0.49,0.1198,8,4,1,CUST010126,0,0.172315455921224,0.32681224457329394,0,Low Risk
55,11,France,588,167498.05,2,0,60141.82,0.0453,0.36,0.514,4,3,0,CUST001371,0,0.20488260817808787,0.2581190105420313,0,Low Risk
41,2,Germany,767,3824.13,2,1,86739.05,0.0717,1.04,0.5098,15,2,1,CUST000465,0,0.16080515401211015,0.359172642176517,0,Low Risk
68,11,India,702,69364.33,3,1,74627.97,0.0443,3.93,0.2303,17,1,0,CUST005836,0,0.7580691963159092,0.945871906640387,1,High Risk
23,8,Germany,669,110271.58,1,1,20429.37,0.5888,1.8,0.2134,13,5,0,CUST002665,0,0.2894739519435905,0.46482454384443295,0,Low Risk
47,5,Germany,627,73964.4,1,0,59189.03,0.0225,0.29,0.5,14,5,0,CUST000581,0,0.3752031622071143,0.46758552585024715,0,Medium Risk
74,11,India,815,144057.27,1,1,153341.11,-0.1998,1.07,0.2598,9,4,1,CUST005163,0,0.57085641656471,0.634009897421694,1,Medium Risk
57,14,India,629,38776.47,1,1,58404.92,0.2899,0.1,0.6513,16,0,1,CUST006254,0,0.09520695105269991,0.06387987506857855,0,Low Risk
72,13,USA,628,103002.68,3,1,89661.57,-0.2818,0.3,0.3391,10,6,1,CUST009631,0,0.43328726345461244,0.5301934387133828,0,Medium Risk
53,9,France,643,206248.54,3,0,143734.71,0.3494,0.85,0.325,13,6,1,CUST002728,0,0.19223866629928757,0.15953445820798431,0,Low Risk
68,5,India,631,33014.48,1,1,35955.38,-0.3837,0.63,0.6018,9,0,1,CUST004143,0,0.32849843764164693,0.584113801257548,0,Medium Risk
29,1,India,679,5050.09,1,1,85351.6,0.101,0.05,0.4014,14,0,1,CUST008814,0,0.1134198317185728,0.10590012527963813,0,Low Risk
18,10,India,685,167548.78,2,0,125925.03,0.0747,0.07,0.3469,14,1,0,CUST002534,0,0.052578141232822534,0.03742089755827438,0,Low Risk
20,12,USA,654,47325.8,2,0,157307.35,-0.1133,0.37,0.4538,10,10,1,CUST005171,0,0.2830302223520738,0.397303713987699,0,Low Risk
49,5,USA,630,99857.42,3,1,135197.69,0.2419,0.1,0.8071,9,2,1,CUST000427,0,0.0728078256397477,0.053150119684268506,0,Low Risk
54,12,India,613,85748.43,1,1,113202.87,-0.317,2.68,0.74,10,3,1,CUST000617,0,0.8051858708310334,0.8914685352431595,1,High Risk
66,8,France,828,49780.5,1,0,208170.49,-0.0383,0.09,0.071,6,1,1,CUST007200,0,0.374694974611703,0.34292606548078935,0,Medium Risk
55,0,Germany,669,2679.87,2,0,47859.97,-0.0145,0.73,0.2372,11,0,1,CUST009808,0,0.3006896749003657,0.5131490961377048,0,Medium Risk
31,6,India,751,135828.92,1,0,53981.34,-0.1329,1.67,0.2652,9,2,0,CUST008906,0,0.426852383760913,0.5638859596919957,0,Medium Risk
62,4,India,736,112984.33,2,0,118557.24,0.5838,0.16,0.1384,7,0,1,CUST005478,0,0.13215525526876498,0.06133036469648299,0,Low Risk
50,5,Germany,607,172469.12,1,0,115011.46,-0.0067,0.19,0.8077,21,0,1,CUST006517,0,0.08424148698366586,0.07193499476194583,0,Low Risk
62,6,India,657,2046.27,1,1,117690.11,0.2121,1.3,0.3833,15,6,0,CUST002960,0,0.5696993810190032,0.7849497087172767,1,Medium Risk
18,6,USA,685,119549.61,1,0,159615.1,-0.0874,1.52,0.6588,7,0,1,CUST003737,1,0.2361684468655304,0.23664931316815369,0,Low Risk
69,10,Germany,698,78557.23,2,1,65239.77,0.4733,1.46,0.3025,9,0,1,CUST000002,0,0.25483206610527026,0.36512399842706755,0,Low Risk
38,13,France,492,6026.92,2,1,33217.72,0.241,0.46,0.7321,14,1,0,CUST003762,0,0.146210022031118,0.15103532493110583,0,Low Risk
67,8,France,611,146967.96,1,1,73659.92,0.2015,0.4,0.6077,16,0,1,CUST004412,0,0.06562993067383902,0.11119146723652301,0,Low Risk
31,14,India,586,32735.32,1,1,115940.59,0.2223,0.06,0.3554,13,4,0,CUST005287,0,0.1225005291522793,0.19261740489115267,0,Low Risk
72,8,USA,685,46606.47,1,1,111128.5,0.3415,0.69,0.1188,8,0,0,CUST001102,0,0.21760624981451165,0.4455807962887461,0,Low Risk
64,12,Germany,637,50271.08,1,1,113049.59,-0.1709,1.07,0.004,16,2,1,CUST006840,0,0.6135512101318862,0.789629643524563,1,High Risk
35,1,USA,734,47166.07,1,0,107069.09,-0.0089,0.0,0.5351,18,2,1,CUST008387,0,0.18424697185065003,0.09932824744300434,0,Low Risk
65,8,USA,775,94530.79,1,1,109300.01,0.1901,0.05,0.6376,13,7,1,CUST001154,0,0.20337561598079218,0.20122007761533683,0,Low Risk
46,4,India,700,3958.72,1,1,79057.03,0.1858,0.72,0.7432,15,4,1,CUST008021,0,0.1888179328702322,0.2578681698184106,0,Low Risk
28,7,India,719,142849.36,2,1,127778.72,0.3464,1.37,0.142,10,9,0,CUST008808,0,0.26696421513831153,0.510174613520097,0,Low Risk
67,8,USA,711,86007.65,4,1,43612.11,-0.1095,0.88,0.0548,6,0,1,CUST002088,0,0.44554260283191005,0.3766041992783154,0,Medium Risk
43,6,France,643,193377.27,2,1,133661.26,0.0348,0.52,0.2071,14,0,1,CUST008892,0,0.06630787148036982,0.11202479419932292,0,Low Risk
65,4,Germany,611,31206.23,1,0,62460.43,0.305,0.42,0.5391,14,4,1,CUST000862,0,0.26142497486978433,0.3985219840458855,0,Low Risk
74,10,India,520,16088.78,2,1,145980.3,0.081,0.29,0.2993,15,0,1,CUST010148,0,0.168672102940189,0.33215076915087327,0,Low Risk
50,13,India,675,27256.56,1,1,62647.66,0.4066,0.07,0.5327,14,0,1,CUST003686,0,0.051706799494579264,0.05057523560218029,0,Low Risk
67,5,India,660,60806.11,1,1,156683.93,0.1448,0.03,0.3701,13,9,0,CUST003231,0,0.38586908517081775,0.6113601137721943,0,Medium Risk
25,14,India,749,80233.32,2,1,176826.98,0.0712,0.27,0.2063,20,0,0,CUST004490,0,0.10997190730045825,0.05815463977517728,0,Low Risk
25,7,India,655,86452.33,4,0,63520.2,0.011,0.16,0.4967,10,0,0,CUST004509,0,0.06616501361085687,0.04701717749706289,0,Low Risk
72,4,India,590,107456.11,3,1,179766.77,0.4364,0.39,0.2453,12,0,0,CUST010315,0,0.22630160433839272,0.16669747678561148,0,Low Risk
26,13,India,727,91628.76,1,1,95535.93,0.2856,0.77,0.1104,3,8,1,CUST007594,0,0.27516259299818985,0.3875378121177363,0,Low Risk
62,5,USA,713,70683.68,1,1,63876.79,-0.456,1.17,0.2433,7,1,0,CUST008009,0,0.6249071272605754,0.8474611198862884,1,High Risk
39,14,USA,610,146924.39,3,0,49918.09,-0.0202,0.15,0.2508,7,3,1,CUST005220,0,0.21667866601050448,0.11142898763332053,0,Low Risk
49,10,Germany,497,35378.0,2,1,121107.69,-0.3816,1.19,0.5363,11,1,1,CUST006387,0,0.35911275164376893,0.7469736747545324,0,Medium Risk
20,6,Germany,589,49064.99,1,1,107687.48,0.1856,0.88,0.545,9,6,1,CUST008503,0,0.22019385689879717,0.44628439491062166,0,Low Risk
71,8,India,659,6975.94,4,0,190258.93,-0.0934,1.27,0.6829,15,3,1,CUST005031,0,0.5459773805066223,0.46748952557560436,1,Medium Risk
61,3,Germany,732,159088.35,1,1,176409.07,0.3976,1.06,0.2846,15,0,0,CUST009362,0,0.2587886205764666,0.2898685019307186,0,Low Risk
36,5,India,588,144550.15,2,0,63362.28,0.258,0.43,0.7487,17,1,1,CUST002621,0,0.03959765643005664,0.035771476915111795,0,Low Risk
58,5,USA,598,124536.08,3,1,58263.55,0.2582,2.21,0.377,11,3,1,CUST000645,0,0.507203811840294,0.594592704277569,1,Medium Risk
72,6,India,594,102662.59,3,0,93821.24,0.0302,0.19,0.2243,13,5,1,CUST003230,0,0.2679545008322411,0.3534319609147904,0,Low Risk
32,5,USA,671,19765.01,1,1,62861.83,0.019,1.1,0.128,21,3,0,CUST005848,0,0.4674155906024993,0.5438678904149299,0,Medium Risk
58,9,India,666,60931.29,2,1,128019.99,0.4049,0.1,0.4657,9,0,1,CUST001778,0,0.042753877782837756,0.06553879099989608,0,Low Risk
34,13,USA,622,64577.91,1,1,30085.0,-0.0424,1.34,0.145,10,0,0,CUST001752,1,0.457067220599238,0.5361194888584918,0,Medium Risk
46,6,France,524,60290.37,1,0,69783.42,-0.039,0.24,0.2849,10,0,0,CUST005904,1,0.2174377218623047,0.38006172838278246,0,Low Risk
31,1,Germany,671,112159.35,1,1,83828.92,0.3403,0.19,0.583,9,7,0,CUST005820,0,0.174838354570236,0.265385885453552,0,Low Risk
36,7,India,813,128313.12,1,1,95237.32,0.2087,1.11,0.5044,16,5,1,CUST001714,0,0.16910438304152148,0.17763215272809874,0,Low Risk
34,5,France,650,76539.07,2,0,43878.6,-0.0714,0.49,0.0834,12,4,1,CUST000406,0,0.24524172405124123,0.3579372238625171,0,Low Risk
38,10,India,555,46210.11,1,1,123422.53,0.2119,0.73,0.9285,8,5,1,CUST006748,0,0.21760154359495867,0.2519303765576612,0,Low Risk
30,12,India,593,19958.84,1,1,70164.95,-0.0502,0.2,0.3562,11,0,0,CUST002720,1,0.18738560947250935,0.22167591627090297,0,Low Risk
27,7,India,647,102579.79,1,0,145555.31,0.0294,0.46,0.3016,14,0,0,CUST005974,0,0.10408379495997985,0.15115104095717044,0,Low Risk
64,11,India,499,70525.7,4,0,192460.81,-0.0741,0.36,0.7465,16,1,1,CUST003714,0,0.15488511952540554,0.1300312805732663,0,Low Risk
43,11,France,702,71416.98,3,1,72405.43,0.0311,1.53,0.2031,8,5,0,CUST001050,0,0.7009627241837469,0.662293491126564,1,High Risk
32,2,USA,526,35938.9,4,0,88162.92,-0.0235,0.52,0.5607,11,1,0,CUST000109,0,0.19895595241099887,0.19299811637880346,0,Low Risk
25,0,Germany,561,38710.3,2,0,58694.78,0.054,0.43,0.2583,15,0,0,CUST007836,0,0.14556938216683557,0.28177314215437826,0,Low Risk
70,14,India,633,112186.29,1,1,94094.91,-0.0489,2.0,0.4088,10,3,1,CUST002193,0,0.7092601461880335,0.7908819407441258,1,High Risk
40,6,USA,728,142604.77,2,1,90197.59,0.0377,0.13,0.1414,9,0,0,CUST009026,0,0.08020944344988629,0.12050713081865554,0,Low Risk
42,9,India,739,29131.05,3,1,127086.11,-0.2974,1.16,0.1672,12,0,0,CUST008130,0,0.44372153810590326,0.5105466867935009,0,Medium Risk
74,8,Germany,639,16318.46,2,1,54473.86,0.0031,0.84,0.2888,8,1,1,CUST006392,0,0.5551751143551878,0.6649352474571568,1,Medium Risk
72,11,Germany,669,121304.29,3,0,50359.96,-0.0141,0.28,0.3603,18,1,1,CUST002332,0,0.1976053024438513,0.16612428127598333,0,Low Risk
27,1,USA,592,65370.57,2,0,77213.68,0.0343,0.54,0.4272,4,0,0,CUST000584,0,0.1378618264717101,0.244047188460972,0,Low Risk
19,0,India,654,79203.43,2,1,123912.95,-0.2332,0.24,0.2592,6,1,1,CUST007675,0,0.14280534633003378,0.2152258428974687,0,Low Risk
34,0,USA,698,39050.81,1,0,18000.0,0.0569,1.06,0.8283,11,0,0,CUST001948,0,0.11555019161676594,0.24395621775916207,0,Low Risk
35,8,Germany,609,77169.89,1,1,62598.86,-0.0023,0.33,0.2921,12,0,1,CUST004127,0,0.12741664577490902,0.2279228531020556,0,Low Risk
43,4,USA,625,133637.37,2,1,170742.83,0.1244,1.08,0.3663,12,2,1,CUST004845,0,0.16294850597713847,0.27204553970125256,0,Low Risk
57,0,USA,745,117774.15,2,1,102733.54,-0.2092,2.15,0.2073,8,0,0,CUST006902,0,0.6534446465837856,0.8285667945235463,1,High Risk
40,0,USA,587,27770.72,2,1,74450.91,0.3427,0.81,0.4201,12,6,1,CUST002524,0,0.24709087506199992,0.39308697044625096,0,Low Risk
25,12,USA,696,47190.91,1,1,151087.68,0.3939,0.16,0.2556,9,6,1,CUST003215,0,0.09969783808952318,0.14073770869245397,0,Low Risk
59,8,India,737,67196.43,1,1,181344.69,0.2025,2.13,0.5753,11,4,1,CUST005012,0,0.45481816850346896,0.681540234250749,0,Medium Risk
47,8,USA,566,72039.53,4,1,133076.75,-0.1069,0.59,0.5642,9,1,1,CUST006464,0,0.14413048521752034,0.1851293118673142,0,Low Risk
48,4,India,740,93031.83,1,0,160164.17,0.3638,0.86,0.3614,12,3,1,CUST008129,0,0.2047259425418341,0.20190953444196033,0,Low Risk
41,5,India,674,6162.8,1,1,102330.16,0.3256,0.31,0.2035,6,1,1,CUST009114,0,0.1482918863126793,0.20958447565100136,0,Low Risk
20,14,France,655,101204.92,1,1,120835.5,-0.1964,0.33,0.4711,14,0,0,CUST010120,0,0.12671895161413796,0.13051189797024795,0,Low Risk
42,6,USA,598,58957.81,3,0,165966.42,-0.0263,0.41,0.778,14,1,0,CUST009605,0,0.09950505039936479,0.13415863384186164,0,Low Risk
67,7,USA,528,99649.82,1,0,64612.76,0.1126,0.68,0.5657,13,2,1,CUST000440,0,0.14425580457029408,0.3498476579971381,0,Low Risk
19,6,India,609,53923.16,2,0,18364.02,0.0504,1.27,0.4647,15,1,1,CUST003304,0,0.20518022821676582,0.19291666788558245,0,Low Risk
52,8,India,751,21751.17,2,1,205920.37,0.3074,1.99,0.7018,5,0,1,CUST000148,0,0.22219078785904384,0.3756306064521731,0,Low Risk
71,7,France,615,133743.85,1,1,89342.93,0.3425,0.42,0.7655,11,4,1,CUST009809,0,0.13794560409691986,0.19050999763462953,0,Low Risk
72,13,USA,674,172924.21,3,0,105413.65,0.3265,0.35,0.1867,13,7,1,CUST005738,0,0.1460018544779998,0.1903577318218301,0,Low Risk
20,3,India,607,22719.1,1,1,102542.35,0.0874,1.46,0.2699,11,0,0,CUST010346,0,0.4290021147240863,0.5082468820927776,0,Medium Risk
20,11,USA,690,130126.32,2,1,70053.68,-0.3335,2.86,0.08,14,5,0,CUST010299,1,0.7157880322137359,0.906155734250954,1,High Risk
36,14,India,695,46500.71,3,1,124285.71,-0.0333,0.17,0.2994,9,0,1,CUST003911,0,0.07177604118692671,0.08335932430495142,0,Low Risk
34,1,India,747,83297.06,1,1,44958.96,-0.1688,0.06,0.5361,10,1,1,CUST006763,0,0.13489162344058003,0.1297069367707188,0,Low Risk
41,13,Germany,550,4082.22,2,1,153566.08,0.205,0.25,0.3618,15,1,1,CUST009683,0,0.179894651327839,0.18811439461872434,0,Low Risk
47,1,France,545,71703.75,2,1,46322.89,0.0167,2.06,0.5427,13,2,0,CUST007207,0,0.7046169256474403,0.7723941613852371,1,High Risk
52,6,India,797,200584.89,2,0,106274.43,0.1832,1.03,0.4377,13,0,0,CUST003653,0,0.0525577453733715,0.10492991962126194,0,Low Risk
73,7,USA,560,19548.37,2,0,63225.49,0.1762,1.56,0.3961,7,0,1,CUST005590,0,0.552665163815769,0.6518091313127483,1,Medium Risk
18,14,India,744,23013.92,1,1,113927.43,0.126,0.32,0.2742,11,1,0,CUST004044,0,0.08911351603669292,0.12007776340841804,0,Low Risk
39,4,Germany,694,80713.32,2,1,218903.3,0.0284,0.37,0.1803,15,0,0,CUST007094,0,0.12491859488755941,0.2580529523922388,0,Low Risk
34,10,India,843,88158.44,3,1,40078.2,0.431,0.3,0.3945,9,3,1,CUST006183,0,0.06322771893668047,0.030219005998664193,0,Low Risk
21,3,USA,788,6705.45,1,1,113266.79,-0.0766,0.02,0.521,14,0,1,CUST010213,0,0.10913302409641297,0.07674934474974146,0,Low Risk
25,8,USA,706,141519.16,3,1,110998.9,0.1195,0.92,0.4985,13,0,0,CUST003008,0,0.04167557648489528,0.07166521513967154,0,Low Risk
74,12,USA,699,172252.44,1,1,43922.13,0.0991,1.78,0.267,16,6,0,CUST007005,0,0.554823735708198,0.7788080494602257,1,Medium Risk
56,9,Germany,680,1806.22,3,1,141890.79,-0.0723,0.67,0.4091,10,2,0,CUST003845,1,0.3265984373148889,0.5469570463591779,0,Medium Risk
73,5,France,559,45781.9,1,1,53863.81,0.4213,2.36,0.5106,16,9,1,CUST009870,1,0.7646968439371935,0.9196493935029566,1,High Risk
50,8,Germany,658,150970.56,2,1,87524.68,-0.3531,0.11,0.3911,15,0,1,CUST000280,0,0.12153103047226362,0.19648227609238877,0,Low Risk
48,9,India,612,53273.82,1,1,164080.39,0.1584,0.15,0.607,11,8,1,CUST009033,0,0.2465696188682669,0.33945859544602164,0,Low Risk
74,3,USA,615,33550.86,1,1,127955.15,-0.2648,0.0,0.4853,10,1,1,CUST008896,0,0.41854989669226095,0.5003722659061611,0,Medium Risk
43,9,India,819,12862.03,2,1,72456.91,0.1349,1.46,0.4265,11,2,1,CUST000642,0,0.23812769811202536,0.3234865771916362,0,Low Risk
51,2,India,587,78590.07,1,0,97157.92,-0.3418,1.99,0.3132,11,0,1,CUST009299,0,0.6973744454027596,0.8397135178764192,1,High Risk
25,5,India,680,133297.29,2,1,117106.43,0.3564,0.39,0.4342,13,0,0,CUST002531,0,0.04177123993615174,0.04152996060492275,0,Low Risk
60,2,India,689,110826.94,1,0,153130.0,0.2909,3.21,0.7281,8,2,1,CUST008376,0,0.5780007016066994,0.8025256397293048,1,Medium Risk
74,13,Germany,608,68359.28,2,0,64538.22,0.0717,3.03,0.7495,13,6,1,CUST010011,0,0.8062517878824351,0.9373229740105743,1,High Risk
62,0,USA,702,60475.77,2,1,82365.94,-0.1277,2.18,0.4331,16,2,1,CUST007305,0,0.6265330280943092,0.7916760955845414,1,High Risk
56,0,USA,620,125471.19,2,0,27228.88,-0.0045,0.08,0.5695,9,0,1,CUST009731,0,0.15003295264892497,0.11671129950528031,0,Low Risk
35,7,India,805,132221.08,2,0,91177.3,0.0419,0.12,0.7132,12,1,0,CUST009573,0,0.056582178712939815,0.039846391129504014,0,Low Risk
59,5,India,737,58506.58,3,1,125764.35,0.2276,3.53,0.7168,16,2,0,CUST001037,0,0.5957907936913646,0.8158407746979389,1,Medium Risk
27,1,Germany,546,46877.06,4,1,155911.76,0.502,0.32,0.3715,14,1,1,CUST007730,0,0.10812398797034803,0.06011984829518184,0,Low Risk
52,2,Germany,701,88142.74,4,1,62791.66,-0.1684,0.44,0.0736,15,0,1,CUST001267,0,0.20264433045725633,0.2547454576664044,0,Low Risk
55,2,Germany,643,65223.75,1,1,99846.36,-0.1809,0.94,0.4869,15,2,0,CUST009277,0,0.30641955047571673,0.7111801405229793,0,Medium Risk
53,0,USA,699,61740.8,1,1,104591.05,-0.1686,1.45,0.5537,18,0,0,CUST005198,0,0.48263346524551776,0.5950406640624879,0,Medium Risk
67,4,USA,618,955.33,2,1,107574.15,-0.2078,0.93,0.3758,19,5,1,CUST008346,0,0.6013205325853116,0.756467481426383,1,High Risk
40,1,India,589,121992.83,1,0,95698.64,-0.4054,2.21,0.3734,17,3,0,CUST004030,1,0.7466520100207548,0.8930531018222763,1,High Risk
23,0,India,490,29978.57,1,1,154525.23,0.0539,0.04,0.2772,11,5,1,CUST005257,1,0.30228127148624334,0.37166211035286406,0,Medium Risk
71,5,India,654,133562.74,1,1,53325.6,-0.0363,0.07,0.4288,10,0,0,CUST004906,0,0.16652019300682092,0.26170008733131167,0,Low Risk
67,3,France,591,245.0,1,1,175937.64,0.4141,0.16,0.3894,12,3,1,CUST000781,0,0.24347325932820035,0.330354902412505,0,Low Risk
53,2,USA,769,30850.07,2,1,103273.11,-0.013,0.51,0.1823,12,0,1,CUST003111,0,0.1601505512029609,0.2678662084725329,0,Low Risk
42,11,Germany,712,74291.63,1,1,69428.61,0.383,0.22,0.5851,11,0,1,CUST001101,0,0.05720162153349061,0.0604622286472354,0,Low Risk
62,12,USA,731,54919.37,1,1,156267.3,-0.0871,0.15,0.6977,16,8,0,CUST003557,0,0.39677390456881895,0.4602257858501559,0,Medium Risk
72,8,USA,629,32660.34,3,1,139906.2,0.2674,0.47,0.4045,19,4,1,CUST003254,0,0.13657729981928457,0.24598471945612121,0,Low Risk
59,6,Germany,638,68620.92,2,1,74228.13,0.2371,1.17,0.7292,20,1,0,CUST003720,0,0.13742451724441052,0.31169972310909055,0,Low Risk
58,4,India,850,229075.02,1,1,87927.11,0.1568,0.91,0.468,15,3,0,CUST005456,0,0.23399029728301113,0.172720508644766,0,Low Risk
73,2,India,506,27335.98,2,1,139501.18,0.3739,0.24,0.3036,18,0,1,CUST001906,0,0.13701741998128616,0.2112106240210273,0,Low Risk
29,9,USA,462,69558.22,2,0,205280.61,0.2883,0.24,0.5543,11,1,1,CUST005093,0,0.0684191227401847,0.07788263045434216,0,Low Risk
34,9,India,644,164160.11,2,1,103117.12,-0.5817,0.6,0.2695,16,1,0,CUST008649,0,0.306233982975214,0.36589859067719616,0,Medium Risk
61,1,Germany,726,23172.56,2,0,163379.05,0.102,1.75,0.4701,11,3,0,CUST008985,0,0.6886271873724678,0.814574647063018,1,High Risk
44,9,USA,670,100987.81,1,1,158560.2,-0.257,0.09,0.2391,8,7,1,CUST002978,0,0.4750574049736646,0.5318953490804926,0,Medium Risk
70,5,Germany,616,88201.32,1,1,109672.04,-0.1805,0.53,0.7308,9,1,0,CUST003608,0,0.3286242476776266,0.5964134349528732,0,Medium Risk
60,7,France,636,76343.84,3,1,78450.61,-0.3062,1.1,0.6588,7,6,0,CUST007090,0,0.5386918035313354,0.770431822062639,1,Medium Risk
50,9,Germany,542,73969.45,1,1,121795.47,-0.0576,1.05,0.4657,16,0,0,CUST004108,0,0.2166849779706143,0.570838251347513,0,Low Risk
47,4,India,533,77051.79,2,1,107029.06,0.0787,1.5,0.4374,15,3,0,CUST005936,1,0.6810656035942408,0.6289999142614214,1,High Risk
23,9,USA,613,115667.61,2,1,96891.45,-0.5963,0.82,0.5745,14,5,0,CUST003470,0,0.2424999280954599,0.554738139567491,0,Low Risk
72,5,India,732,110723.44,4,0,129209.19,-0.6777,1.4,0.2217,19,6,1,CUST010487,0,0.6240178061352836,0.8340258173290559,1,High Risk
46,1,India,557,14573.99,1,1,141076.64,-0.5396,1.41,0.5814,7,0,1,CUST009871,1,0.51297889384906,0.8372722661098172,1,Medium Risk
57,10,India,555,43626.1,1,0,80766.39,-0.3453,0.28,0.8138,8,2,1,CUST004848,1,0.2430282392146244,0.40701641607471856,0,Low Risk
71,2,USA,699,163343.83,2,1,133691.53,0.0533,0.22,0.546,13,0,0,CUST004735,0,0.13426773671023173,0.1495115236570382,0,Low Risk
46,5,France,611,205505.54,2,1,62963.96,-0.0452,0.78,0.4351,8,1,1,CUST004148,0,0.1194241012835404,0.198590409706528,0,Low Risk
18,7,France,564,91270.16,1,1,153119.08,0.0817,0.42,0.1839,7,0,1,CUST008442,0,0.11883465553519387,0.17434050397721607,0,Low Risk
53,11,France,624,43028.78,4,0,80526.84,0.1006,0.27,0.0631,9,7,1,CUST008404,0,0.3211680570078678,0.3780712570577358,0,Medium Risk
46,8,Germany,717,26905.03,2,1,76687.3,0.0475,0.5,0.5144,20,0,1,CUST005774,0,0.11052712591132653,0.14308957137229764,0,Low Risk
68,2,India,589,128533.43,1,1,160767.08,0.2286,0.1,0.5165,15,2,1,CUST001192,0,0.18088923299644488,0.16573770632075893,0,Low Risk
46,4,USA,666,43093.57,1,1,120717.21,0.1935,0.57,0.2161,9,0,1,CUST004302,0,0.1173084758694745,0.2613860985725888,0,Low Risk
49,2,India,507,63075.68,4,1,125357.96,0.2522,0.38,0.3019,8,0,1,CUST004211,0,0.12155656539587084,0.1356736085009837,0,Low Risk
31,7,India,693,135807.55,2,1,142012.5,0.2952,1.97,0.367,20,1,1,CUST001080,0,0.20457658440698306,0.18336177300468676,0,Low Risk
41,13,Germany,619,53304.63,1,1,19775.65,0.0982,0.35,0.4869,12,3,1,CUST004193,0,0.1856461827144651,0.25418595951622286,0,Low Risk
38,4,France,659,149978.04,3,1,152617.37,0.1735,0.67,0.6344,14,0,0,CUST002805,0,0.09015027785480005,0.07120832051247405,0,Low Risk
49,14,India,651,186416.79,2,1,144765.11,0.256,0.33,0.1866,9,1,0,CUST005876,0,0.10100323344505552,0.10275135008400921,0,Low Risk
38,10,Germany,690,63378.95,2,1,90649.54,0.2731,1.66,0.047,12,0,1,CUST003602,0,0.319727588989694,0.41991702625786037,0,Medium Risk
64,11,USA,512,2452.83,1,0,117585.57,0.1964,1.05,0.0425,6,1,1,CUST007430,0,0.3651050694733749,0.709230031950578,0,Medium Risk
32,2,Germany,722,205770.91,2,0,108502.06,0.0847,0.03,0.2987,16,1,0,CUST008657,0,0.07828315126943994,0.06739963043938647,0,Low Risk
72,11,India,746,99953.72,2,0,132737.99,0.2788,0.34,0.4319,14,0,1,CUST001849,0,0.06377526443183153,0.07727518124251051,0,Low Risk
52,0,India,725,42118.49,2,0,112608.13,0.0542,0.34,0.2952,12,6,1,CUST004295,0,0.22302850820041545,0.39591998806077816,0,Low Risk
46,13,France,531,130683.85,1,1,81604.8,0.0387,0.14,0.6412,16,3,1,CUST007609,0,0.1184440862925893,0.1287446731757268,0,Low Risk
62,3,India,669,34454.51,1,0,18000.0,0.1015,0.53,0.6177,16,0,1,CUST007993,0,0.09531765445516362,0.1936010417267659,0,Low Risk
19,7,France,702,87052.23,4,1,119342.66,0.0666,0.27,0.6595,8,0,1,CUST005367,0,0.0385768705818943,0.02650799269200029,0,Low Risk
58,6,France,633,112892.5,2,0,53097.32,0.1779,0.07,0.1294,8,0,1,CUST004600,0,0.09629322437490499,0.14186990889096393,0,Low Risk
29,5,France,641,213045.81,1,1,102411.52,-0.1965,0.47,0.512,12,3,1,CUST009610,0,0.1874081357111373,0.16744001639633727,0,Low Risk
65,3,India,647,22891.51,2,1,86513.61,0.1629,0.04,0.2697,8,0,1,CUST003825,0,0.14236089436313784,0.21912735215633666,0,Low Risk
73,4,Germany,530,346.86,1,1,175087.09,-0.1112,0.48,0.556,14,1,0,CUST004905,0,0.3821501650083855,0.750406296400744,0,Medium Risk
66,4,USA,694,7247.38,2,1,46675.15,0.5119,1.85,0.2349,9,9,0,CUST005231,1,0.5739281321692651,0.884356021321954,1,Medium Risk
39,7,India,617,53876.51,2,1,171424.41,-0.0052,0.02,0.7575,12,9,1,CUST001149,0,0.22593013670442974,0.270361476851217,0,Low Risk
70,2,France,547,149395.49,1,1,79603.61,0.22,0.01,0.33,18,1,1,CUST010168,0,0.14910885796523243,0.16206289560204165,0,Low Risk
24,8,India,738,115381.03,3,0,161133.17,0.0322,0.35,0.292,12,2,1,CUST004233,0,0.040587718722195694,0.06012558906787514,0,Low Risk
38,0,India,658,149154.84,1,0,39253.16,-0.0121,0.31,0.1917,14,7,0,CUST008633,0,0.38179773078265916,0.4406052679064489,0,Medium Risk
63,5,India,687,86482.3,2,1,125321.49,0.4031,0.14,0.468,13,3,0,CUST009557,0,0.07299937433362388,0.1396936576839896,0,Low Risk
69,3,USA,661,5600.16,2,0,33263.57,0.4547,1.48,0.0252,15,0,1,CUST006567,0,0.3932158578924986,0.48006523778039234,0,Medium Risk
70,6,USA,656,9444.06,1,1,109101.12,0.2832,1.45,0.4763,10,1,1,CUST001299,0,0.4113317555739494,0.5799506359275479,0,Medium Risk
46,3,USA,550,136413.39,1,0,95213.08,-0.1171,1.17,0.5221,14,4,1,CUST005821,0,0.45639341311261,0.5428015055376033,0,Medium Risk
67,8,France,653,126024.27,1,1,140625.61,0.1654,0.59,0.494,13,1,0,CUST008691,0,0.09420748468139274,0.2867798014564818,0,Low Risk
48,10,USA,676,79917.83,4,0,81169.97,0.1745,0.16,0.2925,10,1,1,CUST002064,0,0.06258580772414347,0.0604209460007924,0,Low Risk
38,6,USA,557,109339.93,1,1,155908.36,0.0159,0.98,0.5674,6,1,1,CUST007758,0,0.11703796838394215,0.3372331596860124,0,Low Risk
19,0,India,591,65463.22,2,0,138452.4,0.0571,0.35,0.4213,15,3,0,CUST005418,0,0.11143685463424399,0.18556792353620866,0,Low Risk
46,0,India,647,169038.28,1,1,142474.39,-0.0865,0.52,0.3514,11,3,1,CUST005767,0,0.25883916528680767,0.3178732234361702,0,Low Risk
32,2,Germany,557,114923.45,2,1,72014.06,-0.1321,0.42,0.4811,11,4,1,CUST006212,0,0.1424800626362965,0.36454679155795056,0,Low Risk
48,4,USA,744,150774.77,2,0,31943.83,0.1992,0.39,0.3087,11,0,0,CUST006726,0,0.094117974968483,0.09290289043574038,0,Low Risk
50,2,India,745,29863.82,3,1,185575.58,-0.149,0.45,0.311,9,1,1,CUST004825,0,0.16162224405450815,0.28435359287376905,0,Low Risk
55,0,USA,674,150865.05,1,1,101500.83,-0.2053,0.33,0.2512,9,0,1,CUST004031,0,0.18458813332212803,0.3147291559911034,0,Low Risk
37,4,France,712,127078.93,1,1,125239.44,-0.0583,0.12,0.3716,8,3,0,CUST000783,0,0.23303492106349374,0.2586587304791679,0,Low Risk
42,4,France,507,8307.7,2,0,35700.04,0.2149,0.83,0.2891,8,1,1,CUST005039,0,0.28005616967091607,0.3876831269082644,0,Low Risk
51,3,India,580,29420.29,2,1,201139.01,-0.0435,0.1,0.2788,14,1,1,CUST008312,0,0.16598678590721808,0.27420804986008745,0,Low Risk
49,7,USA,752,142886.94,1,0,128370.98,0.4431,0.75,0.4565,14,0,0,CUST004326,0,0.09886455872206312,0.08043678750255667,0,Low Risk
65,4,Germany,578,44008.85,1,0,150116.53,0.3684,0.68,0.736,18,2,0,CUST008048,0,0.17287604560261877,0.35127146653050473,0,Low Risk
23,5,USA,730,116669.32,1,1,26392.78,0.075,0.2,0.5668,9,0,0,CUST001306,0,0.06367974358095202,0.06835509600537186,0,Low Risk
56,11,India,691,146033.99,2,0,158374.28,-0.3738,0.23,0.5922,15,0,1,CUST001698,0,0.0954265861938273,0.1237878201697823,0,Low Risk
49,2,Germany,684,46159.03,2,1,174365.85,-0.0671,2.97,0.4588,13,6,1,CUST009552,0,0.779829299047979,0.9570062416222597,1,High Risk
60,3,USA,644,121143.07,2,1,162064.15,0.5614,1.31,0.0668,11,2,0,CUST006079,0,0.40048794766318774,0.4116806105389751,0,Medium Risk
43,1,India,612,101985.18,2,1,116868.34,-0.0156,0.39,0.5693,9,4,0,CUST001824,0,0.1913562705465322,0.3367998815556989,0,Low Risk
30,9,USA,666,25815.37,1,1,143962.77,0.0603,1.0,0.3933,13,3,0,CUST006440,0,0.3045281905642661,0.4447818005529848,0,Medium Risk
21,7,India,659,89468.5,1,0,19726.01,0.2133,1.14,0.511,13,1,1,CUST002942,0,0.12560609564729167,0.123516695265736,0,Low Risk
36,13,Germany,522,117496.68,1,0,213825.92,0.0134,0.97,0.6932,14,0,0,CUST007349,0,0.1146289690733154,0.291914959579715,0,Low Risk
71,0,India,539,73779.93,2,1,83821.71,0.0899,1.61,0.5945,11,5,1,CUST006422,0,0.743314123971925,0.7867241982611337,1,High Risk
54,13,India,817,109918.39,1,1,133944.39,-0.1825,2.96,0.1008,6,0,1,CUST010405,0,0.576356393149007,0.873954298911271,1,Medium Risk
25,2,France,800,125587.69,2,1,120827.65,-0.2701,0.98,0.0256,8,1,0,CUST005016,0,0.3282677900887104,0.4430406087573268,0,Medium Risk
31,6,USA,763,95795.72,2,1,90428.55,0.3487,1.16,0.3774,8,0,0,CUST005106,0,0.09164371951918106,0.13916063003594042,0,Low Risk
57,6,Germany,529,96332.72,1,1,111751.83,-0.2598,0.16,0.1987,19,8,0,CUST001501,0,0.5700792466875579,0.8270071518878829,1,Medium Risk
65,0,India,733,40376.91,1,1,61740.54,0.6236,0.08,0.2873,8,4,1,CUST006673,0,0.18977193535368253,0.18138059867256495,0,Low Risk
62,14,France,611,59840.98,3,1,144171.16,0.2026,0.51,0.2535,14,7,1,CUST009542,0,0.24848523942992906,0.38799003545727195,0,Low Risk
70,10,France,572,92650.76,1,1,18000.0,0.3262,0.08,0.6278,20,3,1,CUST000722,0,0.16566876666589342,0.12094354745722738,0,Low Risk
50,13,USA,517,26061.17,4,0,152703.07,0.4356,1.66,0.4993,14,2,1,CUST005286,0,0.36466592820158644,0.25071447828978427,0,Medium Risk
69,6,India,582,74896.17,1,1,95947.54,0.0827,0.47,0.4246,12,3,1,CUST004580,0,0.24378833186061818,0.4360528597972316,0,Low Risk
46,13,India,630,134573.15,1,1,99934.14,0.1923,0.29,0.2249,5,7,1,CUST005139,0,0.2652041315160007,0.33410558577891913,0,Low Risk
33,4,India,662,135370.83,2,0,109204.34,-0.1364,0.54,0.4343,8,6,0,CUST009940,0,0.33889533498842206,0.40106638611459333,0,Medium Risk
34,8,India,796,12254.14,1,1,123571.97,-0.0839,0.07,0.2645,16,5,1,CUST008688,0,0.21833474615773635,0.2418217690851311,0,Low Risk
48,4,Germany,770,58106.98,1,0,18000.0,-0.2227,0.51,0.1741,14,0,1,CUST008090,0,0.20028791510338878,0.3938270170648798,0,Low Risk
30,3,France,682,79047.5,1,1,180608.48,0.2532,0.41,0.6524,22,2,1,CUST008855,0,0.11297447210529599,0.06434994121565854,0,Low Risk
19,13,Germany,694,22362.82,1,0,19534.41,0.4305,1.07,0.3037,9,0,1,CUST003839,0,0.20519555405402307,0.14333042918474265,0,Low Risk
58,3,USA,554,131689.22,2,1,72360.73,-0.0987,1.64,0.1042,13,2,1,CUST002374,0,0.499792881100815,0.7405512818838301,0,Medium Risk
53,2,Germany,620,33556.05,1,1,148358.2,0.0605,0.31,0.6708,14,0,0,CUST003708,0,0.10687541807285554,0.32844010224374703,0,Low Risk
68,11,USA,651,78765.52,3,0,143972.15,-0.0566,0.45,0.0716,8,0,1,CUST001551,0,0.3145971353769801,0.30612312727234287,0,Medium Risk
32,11,India,747,76032.41,2,1,71507.7,-0.0501,0.25,0.3423,11,2,0,CUST003995,0,0.059971610176299234,0.1470015111947695,0,Low Risk
25,2,Germany,752,85946.48,1,1,127811.15,-0.0873,2.03,0.3604,8,0,1,CUST006756,0,0.4297933632093961,0.6312142053291283,0,Medium Risk
63,14,Germany,697,139254.37,3,0,99476.31,-0.1702,0.91,0.3252,11,2,1,CUST007830,0,0.22375817863106054,0.37838575704162714,0,Low Risk
56,8,France,539,30064.5,2,1,105754.9,0.005,0.66,0.1556,12,1,1,CUST010256,0,0.3096463271225701,0.4874321006967291,0,Medium Risk
64,3,Germany,678,74593.92,3,0,200921.79,0.6289,0.04,0.1368,10,0,1,CUST007060,0,0.1904096287996721,0.08013102419483398,0,Low Risk
64,6,USA,776,36133.75,1,0,100022.21,-0.0003,0.38,0.1649,12,0,0,CUST004767,0,0.2534446376505661,0.38115228484733976,0,Low Risk
37,11,India,603,84958.13,1,1,18000.0,0.5094,0.06,0.1069,8,0,1,CUST004901,0,0.12533653414879686,0.06126603196377618,0,Low Risk
34,10,USA,654,24964.45,1,1,127582.16,0.0765,0.19,0.4755,10,5,0,CUST001064,0,0.34367766272631123,0.3250038505682988,0,Medium Risk
32,10,France,634,90921.57,3,1,38826.73,0.0846,3.31,0.2366,5,4,0,CUST006322,0,0.8505088038933755,0.9122618669060629,1,High Risk
39,12,India,643,62575.18,1,1,144400.76,-0.4084,0.68,0.6725,5,1,0,CUST004310,0,0.2721641868857148,0.4901298508172845,0,Low Risk
53,14,Germany,640,10848.34,1,0,119038.65,-0.1455,0.71,0.1946,9,0,1,CUST005004,0,0.40885434977260815,0.57710265751904,0,Medium Risk
68,12,USA,695,103185.9,1,1,28483.21,0.0577,0.21,0.1539,12,6,1,CUST000975,0,0.34062369491071154,0.42940790578058846,0,Medium Risk
74,10,France,450,18061.05,1,1,55846.09,0.2491,1.81,0.2348,10,3,1,CUST007990,1,0.6627321212073958,0.886476727592552,1,High Risk
60,14,India,626,89834.31,2,1,65753.93,0.1537,0.33,0.3834,9,0,1,CUST004934,1,0.09459468159839222,0.12742375877434217,0,Low Risk
49,8,Germany,593,43140.12,1,0,118103.06,-0.3916,0.58,0.6231,15,2,0,CUST007175,0,0.2876501585050193,0.6471417167342564,0,Low Risk
41,7,USA,841,105222.84,1,1,80360.36,-0.4878,0.5,0.3367,12,7,1,CUST010085,0,0.3872219196630713,0.5584624708083427,0,Medium Risk
31,4,USA,643,128774.23,4,1,82958.62,-0.2029,1.2,0.2325,8,4,1,CUST008622,0,0.39202213165721067,0.41160690615483103,0,Medium Risk
23,8,India,641,54493.57,1,1,73837.68,-0.1536,0.69,0.4026,14,0,1,CUST006908,0,0.13469366642710492,0.1990696108961689,0,Low Risk
23,12,USA,646,8552.57,3,0,18000.0,-0.0409,0.05,0.3128,16,4,1,CUST005909,0,0.12020659905892367,0.10661285262423406,0,Low Risk
36,0,USA,704,170600.39,2,1,53275.87,0.006,1.02,0.1376,10,2,1,CUST000692,0,0.2435148171520138,0.28063436030178546,0,Low Risk
42,13,France,674,151935.34,2,1,134973.91,0.2545,0.53,0.7124,11,2,1,CUST000794,0,0.05183779112291032,0.05371829793258342,0,Low Risk
73,2,France,659,123057.95,1,1,62603.6,0.0433,0.32,0.8068,12,0,1,CUST000875,0,0.14212441854644914,0.16732950281737674,0,Low Risk
69,4,India,562,110482.61,3,1,66821.68,0.0045,0.61,0.4508,14,2,1,CUST010066,0,0.17846454267786424,0.29416142650238253,0,Low Risk
49,0,Germany,649,98380.38,2,1,75771.09,-0.1483,1.08,0.5591,11,0,1,CUST000293,0,0.2843437326255875,0.4379895559306329,0,Low Risk
72,6,Germany,786,142586.46,2,1,127164.79,-0.1617,0.75,0.4081,12,1,0,CUST008733,1,0.23375513640465578,0.4761325004433741,0,Low Risk
58,6,Germany,717,193400.29,2,1,36170.75,0.4602,1.64,0.2856,14,0,0,CUST005433,0,0.3005461466683364,0.2689851870370274,0,Medium Risk
45,9,India,704,95205.27,2,0,151677.3,0.218,0.66,0.7875,19,0,0,CUST000784,0,0.08749681424033615,0.05772176421642953,0,Low Risk
50,5,USA,728,11480.33,1,1,121814.08,0.2763,0.55,0.5776,17,3,1,CUST001579,0,0.15562879631202495,0.18662524405513714,0,Low Risk
54,9,India,579,204851.33,1,0,166027.43,0.0497,1.06,0.4755,12,2,0,CUST001643,0,0.14757477027247634,0.35212037895480497,0,Low Risk
35,7,India,770,140162.08,1,1,148516.69,-0.1241,0.0,0.4564,11,4,1,CUST004726,0,0.12093853543717578,0.12499774851713301,0,Low Risk
23,6,France,684,85071.87,1,0,235149.87,-0.0032,0.87,0.4599,10,5,1,CUST001770,0,0.35905681963889363,0.34916759562893124,0,Medium Risk
51,9,India,692,82740.42,1,1,76162.27,0.1381,0.57,0.5548,12,0,0,CUST006790,0,0.046531273823100926,0.17562601943617293,0,Low Risk
40,9,USA,733,50478.33,2,1,141990.75,0.1821,0.37,0.3107,14,6,1,CUST005534,0,0.06345161299652853,0.21139170101623314,0,Low Risk
23,12,India,663,1248.24,1,1,24418.48,-0.0251,0.91,0.1525,9,1,0,CUST005455,0,0.40576678746207206,0.4420891892427851,0,Medium Risk
40,13,USA,751,72288.73,1,1,138132.8,0.683,0.42,0.4528,11,0,1,CUST001766,0,0.04085541464524835,0.028516586594880107,0,Low Risk
37,11,India,539,30032.46,1,0,86703.33,0.1335,0.67,0.1445,7,0,1,CUST005110,0,0.23609107584819347,0.31961050371095234,0,Low Risk
30,10,India,485,42061.41,2,0,147333.63,-0.1479,0.37,0.0872,16,0,1,CUST006778,0,0.19012738092456755,0.2511762377567482,0,Low Risk
30,7,USA,742,118327.93,2,0,76038.05,-0.2246,0.94,0.3421,12,5,0,CUST001996,0,0.30941178923251295,0.4375228283903623,0,Medium Risk
23,0,India,735,67840.34,1,0,79046.27,-0.1974,3.91,0.6009,6,2,1,CUST002070,1,0.7038070952797985,0.93820868875468,1,High Risk
47,0,India,618,130571.1,1,1,97941.12,0.6439,0.01,0.3565,10,1,0,CUST004926,0,0.13013211411481168,0.0686239723314975,0,Low Risk
48,14,USA,646,89959.9,2,1,127682.84,0.2173,0.16,0.6499,8,0,1,CUST002992,0,0.044808266224936846,0.05279856851474968,0,Low Risk
55,8,India,649,91102.86,1,1,113861.05,-0.179,0.3,0.2771,11,2,0,CUST008464,0,0.22177492948139746,0.4634044044232689,0,Low Risk
41,0,India,578,175690.63,2,1,118792.76,0.0022,0.19,0.3594,9,0,0,CUST004463,0,0.11023868517820057,0.1535269977213751,0,Low Risk
37,3,France,701,130022.27,1,0,81857.89,0.0716,0.57,0.4993,16,9,1,CUST002368,0,0.2922847593351272,0.34232337497640214,0,Low Risk
53,11,Germany,729,130672.66,3,1,71877.98,0.1843,0.16,0.5706,11,5,1,CUST009402,0,0.10803820652118876,0.10971756838693683,0,Low Risk
64,12,Germany,748,27547.92,2,1,145715.9,0.2585,0.06,0.4833,10,6,1,CUST001129,0,0.22948686278412947,0.282226542692452,0,Low Risk
65,3,Germany,607,140722.74,2,0,153126.63,0.1095,0.31,0.4232,10,0,0,CUST002069,0,0.1554316789538416,0.2822726193523582,0,Low Risk
30,12,USA,608,76820.18,4,0,101268.27,0.043,0.09,0.2954,7,4,1,CUST004154,0,0.1101772833483602,0.1013442187939771,0,Low Risk
38,2,USA,634,104981.55,1,1,60297.66,0.2905,0.39,0.6006,10,0,1,CUST000007,0,0.06841477977377718,0.07771731434213737,0,Low Risk
45,14,USA,597,63899.13,2,1,132883.28,0.1204,0.07,0.3446,13,0,0,CUST006722,0,0.09271187898030622,0.12070295561884678,0,Low Risk
31,3,India,717,148880.43,1,1,87250.49,-0.2381,0.68,0.5902,13,0,1,CUST002501,0,0.0885327789748975,0.1406500241289901,0,Low Risk
23,1,USA,602,99667.98,2,1,77124.45,0.1753,0.33,0.362,12,4,1,CUST002835,0,0.04282939484298079,0.1396044901244276,0,Low Risk
62,0,France,605,197579.28,3,1,101249.49,-0.1816,0.38,0.416,5,2,1,CUST008802,0,0.16851903413115563,0.2983887912996613,0,Low Risk
37,8,India,663,78952.89,1,1,54581.02,-0.5214,1.14,0.1643,14,5,1,CUST008461,0,0.6887541780510847,0.7885979920965296,1,High Risk
24,3,USA,613,59222.91,1,0,68585.42,0.0705,0.56,0.2075,12,1,1,CUST008628,0,0.1825862916647695,0.21630663539415187,0,Low Risk
61,11,India,564,100916.98,1,1,125872.42,0.0935,0.05,0.1222,13,0,1,CUST000084,0,0.16579629840626495,0.20284523934961762,0,Low Risk
39,4,France,666,82445.37,1,1,86078.43,-0.0041,3.06,0.2243,13,4,1,CUST007908,0,0.8677408506164771,0.9223866364430838,1,High Risk
61,4,India,493,53281.04,1,0,142341.7,0.2888,2.31,0.4565,9,0,0,CUST009173,0,0.6558369277449034,0.8223639461466855,1,High Risk
70,6,India,610,82133.43,1,0,113017.43,0.0689,0.85,0.2911,11,0,1,CUST002213,0,0.22938950288017326,0.43833856083730166,0,Low Risk
53,5,USA,584,143522.09,2,1,98084.23,-0.5056,1.61,0.1339,11,0,1,CUST008171,0,0.5671982961338958,0.7770846113080081,1,Medium Risk
49,13,India,720,139685.0,1,1,63383.33,-0.1061,0.14,0.3923,15,3,1,CUST004802,0,0.18567028134674973,0.13938506545908413,0,Low Risk
43,13,USA,543,86158.44,1,0,158985.57,-0.7164,0.4,0.5708,14,2,1,CUST001416,0,0.2547520527439893,0.5208151304644972,0,Low Risk
39,0,India,723,88608.31,4,1,51908.95,-0.0594,0.32,0.592,16,6,0,CUST000893,0,0.2271670687787844,0.1778871854374725,0,Low Risk
43,14,USA,623,6197.75,1,0,78873.36,0.186,1.77,0.5446,9,12,0,CUST000845,0,0.5530399235726855,0.9068367762152107,1,Medium Risk
21,13,India,710,68159.08,2,0,124842.41,-0.03,0.21,0.3521,7,0,1,CUST002597,0,0.047583894120779124,0.06570897054250757,0,Low Risk
30,4,India,642,155747.88,1,1,141821.4,0.0449,0.71,0.3692,8,0,1,CUST009105,0,0.056627124326103645,0.1519134893868608,0,Low Risk
29,0,USA,673,76731.25,2,1,47543.08,0.2462,0.25,0.3069,15,2,0,CUST000676,0,0.1021144908045093,0.11770409229415732,0,Low Risk
40,11,USA,678,31441.95,1,1,212960.26,0.6006,1.53,0.3636,15,5,1,CUST006954,0,0.3165580434662985,0.3423535016355666,0,Medium Risk
60,14,France,626,96291.69,3,1,109590.38,0.2602,0.18,0.7021,6,0,1,CUST002673,0,0.0971353343683549,0.054966733339771416,0,Low Risk
19,11,USA,700,174068.82,2,1,146038.06,0.1194,1.23,0.0709,15,1,1,CUST007144,0,0.12779813976775287,0.12127767022387696,0,Low Risk
45,10,USA,535,80242.02,1,1,125609.31,-0.2314,0.74,0.8668,12,3,1,CUST001036,1,0.3226205177103435,0.3836443077154512,0,Medium Risk
53,4,India,663,64136.32,2,1,120175.79,-0.2838,0.3,0.684,12,1,0,CUST001213,1,0.1354626662702271,0.30981262456139874,0,Low Risk
53,7,India,511,79658.09,1,0,56827.66,-0.16,0.42,0.4462,13,0,0,CUST005491,0,0.16830310769465215,0.4016779718355146,0,Low Risk
43,6,France,516,206021.11,2,0,91339.33,0.5157,1.29,0.5355,14,0,0,CUST003476,0,0.18218346444497996,0.10713655796042121,0,Low Risk
59,9,India,634,53906.56,2,1,72964.82,-0.0733,0.7,0.3728,16,0,1,CUST005109,0,0.2782092307163166,0.27674948316323505,0,Low Risk
25,5,France,715,118449.61,2,1,139498.5,0.3059,0.42,0.4697,12,0,1,CUST001373,0,0.05255494569511804,0.03650878073097415,0,Low Risk
34,5,Germany,709,13430.41,1,1,151104.69,-0.0697,0.05,0.4832,13,1,1,CUST000450,0,0.13291331398081407,0.20843646413696162,0,Low Risk
37,11,Germany,655,81931.11,2,1,155963.76,0.1947,0.18,0.7433,16,1,1,CUST002363,0,0.03606721811349607,0.05373698958764564,0,Low Risk
28,11,Germany,693,63294.92,1,1,142836.27,0.33,0.43,0.6505,12,0,0,CUST003248,0,0.030260012320566198,0.08676479671036784,0,Low Risk
23,0,India,616,53477.54,2,1,87897.8,-0.4178,0.26,0.3731,13,1,1,CUST004166,0,0.19054963052317914,0.2706692077929639,0,Low Risk
74,12,India,754,132500.95,2,0,199547.35,-0.2242,0.69,0.5848,17,4,1,CUST002800,0,0.29582956472293065,0.32171700415176835,0,Low Risk
33,13,Germany,583,16334.16,1,0,102563.88,0.0578,1.45,0.4997,9,5,1,CUST002996,0,0.629270459132945,0.6993374137145075,1,High Risk
23,2,India,524,173571.1,1,1,65088.96,-0.6473,0.1,0.4227,15,5,1,CUST008941,0,0.1744489415279239,0.4203883967694901,0,Low Risk
53,8,France,641,159050.37,2,0,147731.95,-0.1072,0.76,0.3658,12,1,1,CUST010137,0,0.14937864171572632,0.24713927758271678,0,Low Risk
28,11,USA,755,46564.43,3,0,67527.21,-0.2991,0.09,0.81,15,2,0,CUST002813,0,0.14694074294240284,0.07545187409659385,0,Low Risk
65,9,India,775,34152.2,2,0,84623.95,0.4257,0.89,0.0601,8,5,1,CUST007441,0,0.2229479740538762,0.4158091288164761,0,Low Risk
42,12,France,850,73151.32,2,1,49171.08,0.3496,1.73,0.5883,8,0,0,CUST004034,0,0.16772440410148393,0.18971668490469343,0,Low Risk
44,6,India,542,64766.42,1,1,92454.96,-0.1262,0.45,0.5104,13,1,1,CUST006332,0,0.10656039319580238,0.30480303777868056,0,Low Risk
74,13,India,640,24291.84,2,0,159075.57,0.1739,1.04,0.4886,11,0,0,CUST005851,0,0.23888420130995175,0.4244478368680144,0,Low Risk
19,5,India,821,92344.41,2,0,31277.51,0.007,0.24,0.3126,11,0,1,CUST002578,0,0.05441255932772424,0.042745753558299904,0,Low Risk
30,14,India,673,99895.76,2,1,90315.55,0.1251,0.06,0.2508,19,1,1,CUST009347,0,0.12027442332669536,0.04034592259393856,0,Low Risk
48,14,France,546,118365.19,1,0,72367.84,0.0491,0.3,0.5603,14,6,1,CUST003769,0,0.2518848642038584,0.2615612307381016,0,Low Risk
66,0,India,456,114200.1,1,0,92059.0,-0.2765,1.7,0.4435,7,0,0,CUST005485,0,0.7176394655304731,0.8948850134043062,1,High Risk
63,12,India,624,102775.08,1,1,101762.45,0.3569,2.73,0.1054,12,0,1,CUST004331,0,0.6241207034641039,0.7448349382175671,1,High Risk
21,7,USA,773,114869.3,4,0,171838.0,0.2652,0.41,0.2469,6,0,0,CUST003389,0,0.06500183901715513,0.03751710751827548,0,Low Risk
40,3,Germany,607,39050.71,2,1,183105.41,-0.0423,0.35,0.5386,14,0,0,CUST004296,0,0.15029107253490645,0.2941419141292923,0,Low Risk
19,1,India,670,20278.07,1,1,145407.71,0.1198,0.02,0.481,7,4,1,CUST010305,0,0.16733335378951242,0.16977984256987025,0,Low Risk
61,0,India,548,2430.82,1,0,51022.95,0.066,0.36,0.7095,11,3,0,CUST007679,0,0.35794732434818627,0.5119837541086816,0,Medium Risk
27,7,India,542,152573.38,3,0,44099.11,0.1108,0.16,0.7385,16,1,0,CUST007274,0,0.047813915283209454,0.03330441177791661,0,Low Risk
60,1,India,638,22039.08,1,0,67324.12,-0.2584,0.39,0.2479,17,0,0,CUST003563,0,0.38259273324799736,0.5582010583599821,0,Medium Risk
21,1,USA,675,89049.71,1,0,68314.73,0.1454,0.06,0.2814,20,0,1,CUST003422,0,0.1254861648174694,0.04722809288374717,0,Low Risk
39,1,USA,665,1203.69,2,0,18000.0,-0.2347,1.32,0.2308,15,0,1,CUST010474,0,0.40724364962089427,0.5592708762374425,0,Medium Risk
32,11,India,613,15818.21,2,1,18000.0,0.1946,0.11,0.6828,7,1,1,CUST007341,0,0.06539649714761234,0.06738738258300334,0,Low Risk
68,3,USA,624,148837.35,1,1,51180.33,0.2395,0.29,0.2457,11,6,1,CUST003055,0,0.27245021149220167,0.3958021105466159,0,Low Risk
58,1,France,664,44633.92,2,1,103815.01,0.3366,0.23,0.5722,15,0,1,CUST001043,0,0.0867835984523875,0.08932597948744812,0,Low Risk
38,9,India,646,132479.15,2,0,86352.09,-0.3261,0.71,0.412,14,0,1,CUST003633,0,0.17230720973844446,0.19111482141236097,0,Low Risk
44,2,Germany,696,7308.0,2,1,56703.71,0.0696,0.51,0.3955,10,0,0,CUST006777,0,0.12705092979391808,0.3592910845854169,0,Low Risk
72,9,India,609,93080.86,2,1,124166.01,0.1094,3.63,0.3437,11,7,1,CUST004026,1,0.8768852415971778,0.9777783059464534,1,High Risk
48,9,India,750,67983.25,1,0,79619.23,0.3417,0.73,0.4707,17,0,1,CUST002228,0,0.09206137873757367,0.07726758124916129,0,Low Risk
25,12,Germany,576,157143.73,1,0,92198.6,-0.001,0.89,0.627,17,0,1,CUST009085,0,0.0666577824865671,0.1150923669867765,0,Low Risk
64,9,India,776,107299.07,1,1,164297.82,-0.1071,0.2,0.418,12,4,0,CUST007044,0,0.3776812061816585,0.3730527957792709,0,Medium Risk
51,14,Germany,725,26210.71,1,0,100436.67,0.2095,0.46,0.2649,13,4,1,CUST002377,0,0.16102214022379158,0.3357479555379558,0,Low Risk
26,1,India,582,116203.88,1,1,67149.36,-0.2852,1.47,0.3995,9,5,0,CUST009575,0,0.6028453744567583,0.8025382795953283,1,High Risk
41,6,USA,801,70579.82,1,1,106696.04,-0.3523,0.03,0.1489,10,7,0,CUST000226,0,0.38081089897142495,0.6130767543949106,0,Medium Risk
27,1,France,705,58122.36,1,0,98622.93,0.2457,0.89,0.3816,15,1,1,CUST001525,0,0.12954759104766875,0.1562804703038633,0,Low Risk
69,10,USA,691,163102.57,1,1,162352.37,0.0079,1.19,0.3798,11,0,0,CUST002109,0,0.2897245387227074,0.45435907536837816,0,Low Risk
30,1,India,690,105425.15,1,1,136462.1,0.217,0.73,0.6002,15,1,0,CUST003136,0,0.10516109579566564,0.12957540920970634,0,Low Risk
69,12,Germany,700,74263.74,3,0,67876.13,0.0696,0.46,0.5784,15,4,1,CUST007558,0,0.1937683483445689,0.24039581058076653,0,Low Risk
38,8,USA,828,160873.46,1,1,176314.8,0.003,0.87,0.6272,16,4,1,CUST003116,0,0.24307958811540417,0.1368981941060036,0,Low Risk
66,5,USA,597,116893.64,2,1,76005.01,0.0483,0.02,0.4167,9,8,1,CUST000171,0,0.3255020239097415,0.43932789041067033,0,Medium Risk
44,9,India,545,68362.19,2,1,94839.64,0.1735,0.04,0.7922,13,0,0,CUST005126,0,0.057189396329705336,0.07129493235855626,0,Low Risk
34,10,France,713,87352.52,2,0,118024.33,0.2471,1.03,0.018,13,0,0,CUST004177,0,0.12828181061799498,0.2127543299035446,0,Low Risk
43,4,Germany,702,88715.19,4,1,28664.2,0.0437,0.81,0.1288,8,4,1,CUST000637,0,0.3186538441399333,0.3803732878662569,0,Medium Risk
63,2,India,668,117132.69,1,1,49396.62,-0.0733,0.22,0.3912,17,2,1,CUST007061,0,0.14931973405940918,0.2529203699548935,0,Low Risk
39,0,India,850,56615.65,1,1,72809.12,0.1391,0.27,0.5224,8,2,1,CUST006655,0,0.10731102153432047,0.11828665072028467,0,Low Risk
52,1,Germany,679,49586.82,1,1,65426.41,0.3239,2.42,0.1618,10,1,1,CUST010497,1,0.602872330359433,0.8282114750729894,1,High Risk
51,1,India,766,31844.23,1,1,67778.72,-0.4464,0.14,0.5042,12,0,1,CUST003882,0,0.2245139297490109,0.32186566585111914,0,Low Risk
28,12,USA,813,127468.48,2,1,164219.92,-0.1425,0.31,0.379,10,0,1,CUST007377,0,0.0960841973215042,0.060606159076577314,0,Low Risk
69,5,Germany,710,50144.23,2,0,87480.88,0.5567,0.41,0.4897,11,0,1,CUST006241,0,0.08502288687326708,0.11169511819255179,0,Low Risk
62,9,India,696,61712.94,1,1,121729.5,0.0484,0.22,0.6447,13,1,0,CUST006414,0,0.08344739751906576,0.20875276808672846,0,Low Risk
24,11,USA,624,24329.81,2,1,78161.0,-0.2406,1.12,0.4649,8,4,1,CUST007956,0,0.3461114974525337,0.5215368376151241,0,Medium Risk
62,3,USA,573,186647.72,1,1,69585.73,0.1637,0.13,0.2801,10,0,1,CUST003109,0,0.2517121234821384,0.14883760268125018,0,Low Risk
18,2,India,613,123358.42,4,0,116918.42,-0.144,0.98,0.3569,10,1,0,CUST008776,0,0.1861922357203658,0.19564925401250463,0,Low Risk
64,10,Germany,459,19209.25,1,1,177128.13,-0.0152,0.99,0.5602,16,3,1,CUST003988,0,0.6439885691729382,0.7439906851867288,1,High Risk
23,2,USA,508,21105.71,2,1,41601.93,-0.3405,0.07,0.6977,17,1,1,CUST003026,0,0.13343884800817585,0.17126109312445412,0,Low Risk
25,3,USA,466,43044.7,4,1,107270.57,0.3105,0.39,0.1727,7,0,0,CUST003704,0,0.1457579459827974,0.14499316922209954,0,Low Risk
23,2,India,638,24925.98,1,1,67276.85,0.1445,1.08,0.671,12,4,0,CUST009769,0,0.2100750919983909,0.39391809037944325,0,Low Risk
25,12,USA,524,55088.11,1,1,72495.89,0.1584,0.12,0.6786,11,0,1,CUST003174,0,0.053628929895466006,0.06221762213597534,0,Low Risk
33,14,India,630,75816.43,1,1,18000.0,0.1241,0.08,0.3968,10,0,0,CUST009746,0,0.07808920529311811,0.09764831712674718,0,Low Risk
49,11,India,596,148076.33,1,0,140285.08,0.0117,0.67,0.2398,14,0,1,CUST001854,0,0.1374625641021944,0.19826871802545148,0,Low Risk
19,6,France,632,132928.78,1,1,79346.15,0.1576,0.05,0.4333,14,6,1,CUST002429,0,0.10424056965142876,0.10695420252048268,0,Low Risk
72,3,USA,619,174696.97,1,0,121629.03,-0.0825,0.63,0.0824,13,1,1,CUST009633,0,0.18820573305573401,0.4655991847478078,0,Low Risk
35,1,Germany,495,121810.09,1,1,56315.23,-0.2346,0.24,0.7151,15,2,1,CUST009240,0,0.14023193852293114,0.29177251818945477,0,Low Risk
31,0,USA,614,134104.68,2,1,147000.69,0.3947,0.14,0.5697,8,2,1,CUST003917,0,0.1554671031536678,0.04977416332208331,0,Low Risk
62,7,USA,583,77729.7,2,1,48813.66,0.1959,0.11,0.1079,14,2,1,CUST000099,0,0.10297374445898946,0.22438248566804228,0,Low Risk
40,7,USA,778,137097.72,2,1,40835.57,0.2437,0.01,0.1657,14,1,1,CUST007883,0,0.043923392982432884,0.040201379329482874,0,Low Risk
31,5,India,700,80504.45,1,1,106460.12,-0.0783,0.52,0.1811,7,8,1,CUST008496,0,0.4458959236284303,0.5755043627095969,0,Medium Risk
23,5,India,735,139363.46,1,0,200361.16,0.3258,2.88,0.5431,14,0,1,CUST003878,0,0.4193914609837192,0.32877611053851613,0,Medium Risk
55,0,USA,573,21811.8,1,0,24880.98,-0.2504,0.91,0.3939,7,0,1,CUST003787,1,0.4394867207455867,0.6830150596451161,0,Medium Risk
74,9,Germany,768,130664.25,2,1,88851.05,0.0057,0.79,0.4688,18,0,1,CUST001672,0,0.22637054529772155,0.22384928964169198,0,Low Risk
44,0,India,737,92511.8,1,1,78940.63,0.4446,0.93,0.3164,16,3,1,CUST003730,0,0.20922956447265967,0.18033835373048834,0,Low Risk
63,13,India,607,12273.69,1,1,59625.96,0.0454,0.08,0.3193,12,1,0,CUST004579,0,0.21530260467097356,0.35394643587240765,0,Low Risk
71,9,USA,553,73196.99,2,1,112347.95,0.3466,5.94,0.3725,14,0,1,CUST007680,1,0.7266449842608261,0.9918534856283151,1,High Risk
29,3,France,656,71041.04,1,0,153753.58,0.328,2.2,0.3681,12,0,0,CUST001973,1,0.4621043162564278,0.5187245028567,0,Medium Risk
40,9,India,674,61998.47,2,1,169599.34,0.2471,0.56,0.0213,16,3,0,CUST009031,0,0.1659946187769382,0.2680847870212929,0,Low Risk
36,2,India,656,114899.52,2,0,96125.64,0.0606,0.17,0.3385,11,6,1,CUST002159,0,0.1671060855793788,0.20611648561774326,0,Low Risk
70,12,France,588,100015.82,2,1,148952.89,0.5237,1.79,0.5035,18,3,1,CUST007678,0,0.41349757290485556,0.3748136458708937,0,Medium Risk
34,9,India,674,30419.08,1,1,87694.41,-0.0612,1.6,0.3204,14,1,1,CUST004669,0,0.5619232690632335,0.515605080672282,1,Medium Risk
62,13,India,641,139119.51,3,1,87764.64,0.3967,1.13,0.1236,11,2,1,CUST001818,0,0.21234532926562302,0.20211901943428118,0,Low Risk
47,1,Germany,628,86525.06,1,1,95213.54,0.1184,1.34,0.4682,15,0,1,CUST000568,0,0.3401692513037006,0.44217524173487666,0,Medium Risk
48,9,France,615,64924.15,2,1,21356.6,-0.1234,0.23,0.4144,16,0,1,CUST009912,0,0.09345013078097283,0.15686206074167822,0,Low Risk
54,11,India,527,222229.44,2,0,93082.6,0.2724,2.39,0.5855,8,0,1,CUST004364,0,0.4134374045990296,0.3560707016195856,0,Medium Risk
32,8,India,598,108949.93,4,1,71411.27,0.4824,0.02,0.4935,15,5,1,CUST003194,0,0.11701813743320269,0.026490441774145827,0,Low Risk
45,14,India,744,115172.3,1,1,108380.72,-0.2851,2.59,0.5463,12,0,1,CUST009186,0,0.5610859166146862,0.6787682354330566,1,Medium Risk
48,13,France,675,124779.3,1,1,18000.0,-0.0908,0.16,0.547,7,1,1,CUST009330,0,0.12744175292266788,0.1392561722232795,0,Low Risk
38,3,USA,782,46827.0,1,0,43024.67,0.2967,0.2,0.1121,15,0,1,CUST003582,0,0.06074838760267948,0.08068447641569376,0,Low Risk
73,12,India,778,60996.37,2,0,63685.37,0.3642,0.87,0.5239,15,2,1,CUST005886,0,0.11458760165485207,0.14432502179968998,0,Low Risk
26,6,Germany,786,80958.71,1,1,108766.85,0.8119,0.9,0.5296,13,8,1,CUST003847,0,0.17509925592740377,0.12847253773481246,0,Low Risk
51,11,India,634,73311.3,1,1,76286.6,0.3094,1.53,0.1495,24,2,0,CUST000941,0,0.3852373534846969,0.4462760001476842,0,Medium Risk
54,12,France,462,225801.03,1,1,132816.37,0.4545,1.96,0.3231,9,10,1,CUST007268,0,0.4708517441222402,0.7760371582377438,0,Medium Risk
22,6,India,766,6828.33,2,1,18000.0,-0.3041,0.23,0.5294,10,0,1,CUST001034,0,0.13916511387663033,0.1220328142187104,0,Low Risk
61,4,USA,612,137689.7,2,0,80990.37,0.213,0.04,0.6222,13,4,1,CUST003585,0,0.10967851069673629,0.11149256011573534,0,Low Risk
65,7,USA,676,7945.98,1,1,121441.13,0.3286,0.16,0.085,6,1,0,CUST010477,0,0.20241416986784344,0.4021897735896077,0,Low Risk
36,10,USA,625,60056.33,1,0,147516.33,-0.2974,1.04,0.1379,12,2,0,CUST004558,0,0.579683893345241,0.6904883391563948,1,Medium Risk
29,14,Germany,623,135929.63,2,1,96324.55,0.2506,0.51,0.3801,15,1,0,CUST006506,0,0.08303440376126794,0.09664772818150395,0,Low Risk
38,7,France,628,28617.63,2,1,151896.91,-0.0351,0.28,0.344,11,0,1,CUST005203,0,0.09953289251264057,0.18919056923253288,0,Low Risk
66,2,India,721,104721.62,2,1,166570.32,-0.0643,0.83,0.5392,10,4,0,CUST009391,0,0.40549592880497587,0.5509950272361879,0,Medium Risk
49,5,India,505,123705.32,4,1,72962.17,0.1997,0.86,0.3286,16,1,0,CUST009120,0,0.21526200143656535,0.18754500740434019,0,Low Risk
52,12,India,765,12673.97,2,1,113132.95,-0.0804,0.1,0.1853,16,0,1,CUST002946,0,0.11179848640813848,0.14528402892127043,0,Low Risk
54,13,USA,703,76780.56,2,0,54456.4,-0.1147,0.67,0.5837,12,0,1,CUST007497,0,0.1578700244115704,0.15969002531739793,0,Low Risk
69,3,Germany,581,16678.22,2,1,153221.83,-0.1971,0.24,0.5821,15,4,1,CUST008736,0,0.35386715420076004,0.6248780161879621,0,Medium Risk
44,0,USA,668,64194.46,2,0,64706.41,0.1664,0.12,0.2277,11,11,0,CUST005191,0,0.33186401551530476,0.5794242173927255,0,Medium Risk
47,9,USA,740,118781.46,3,1,102626.65,-0.0011,0.02,0.5449,9,0,1,CUST007654,0,0.06859273721386627,0.04507016287328473,0,Low Risk
29,14,India,607,161235.61,1,1,101658.92,0.1015,0.23,0.2454,17,0,1,CUST009778,0,0.0853108021452825,0.05186591006792828,0,Low Risk
31,1,Germany,683,50721.51,1,1,77325.08,0.2696,0.48,0.4953,15,0,0,CUST010199,0,0.15190387556748652,0.166240475257318,0,Low Risk
71,8,Germany,772,39341.07,1,1,195073.37,-0.0317,0.21,0.8121,9,1,1,CUST003090,0,0.316797235702976,0.27446139612188,0,Medium Risk
33,5,Germany,577,140264.0,1,1,100332.35,0.0584,0.01,0.329,16,6,0,CUST005304,0,0.24372924637201343,0.3341333848804678,0,Low Risk
72,11,USA,571,78632.7,1,1,57793.18,0.2277,0.75,0.3425,17,2,1,CUST006731,0,0.16226941649799945,0.35872007789178983,0,Low Risk
46,5,India,541,7526.63,1,1,135616.44,0.0319,1.5,0.4613,15,0,1,CUST008483,0,0.4584563804633837,0.5724356602642274,0,Medium Risk
43,5,Germany,529,71212.79,2,1,18000.0,0.1123,0.16,0.1166,10,2,1,CUST001988,0,0.12981796139960558,0.32788051376596494,0,Low Risk
30,5,France,629,60123.42,2,1,79312.37,0.0537,0.16,0.472,11,1,0,CUST004841,0,0.10236840944190152,0.1435753198386267,0,Low Risk
69,3,India,670,72640.17,4,1,177035.96,0.4828,1.98,0.2392,11,4,0,CUST004572,1,0.5615575870868867,0.6359617151587399,1,Medium Risk
18,2,Germany,668,28845.55,2,0,99757.24,0.0932,0.6,0.1422,8,0,0,CUST009418,0,0.13372797162007902,0.30287239903589164,0,Low Risk
35,12,India,573,24631.5,1,1,127469.37,-0.0459,0.81,0.4919,10,1,0,CUST009104,0,0.22421455274055827,0.41793558775745543,0,Low Risk
71,7,India,642,47647.16,1,1,169049.9,0.1847,0.31,0.1051,11,1,1,CUST003523,0,0.26832871625550664,0.38031747733254717,0,Low Risk
43,10,India,716,657.36,3,1,164795.26,-0.0102,0.34,0.6139,14,0,1,CUST004474,0,0.06933371052830226,0.08523098603788772,0,Low Risk
18,4,India,741,158490.22,1,1,77565.86,0.3285,0.61,0.2237,13,3,0,CUST010141,0,0.08503871722508137,0.10065351415394502,0,Low Risk
37,9,France,766,103961.28,3,1,76671.08,0.3364,0.45,0.0374,14,7,1,CUST002983,0,0.12189676704645631,0.15256178067139953,0,Low Risk
33,1,India,681,103387.5,1,0,67418.13,0.6054,0.72,0.1772,9,1,1,CUST005929,0,0.13411265394266386,0.09353399081045279,0,Low Risk
74,3,USA,733,87271.32,3,1,104366.5,-0.1845,0.18,0.1104,3,2,1,CUST007228,0,0.3419112346534623,0.45917496971587296,0,Medium Risk
27,13,Germany,658,102881.62,4,1,81136.43,0.0419,2.09,0.4458,11,6,1,CUST007853,1,0.5617889150990686,0.5428306744307634,1,Medium Risk
52,14,USA,676,84628.62,1,1,153663.52,0.0474,0.04,0.293,7,10,0,CUST007595,0,0.508870664433326,0.5976719582617703,1,Medium Risk
45,4,India,736,102029.17,2,0,93361.84,0.7888,0.43,0.7731,13,2,0,CUST004231,0,0.07661273766182411,0.024877804697522703,0,Low Risk
38,12,Germany,769,111636.2,1,1,57124.36,0.0207,1.25,0.8771,15,6,1,CUST005967,0,0.44557166835268425,0.31738778526585293,0,Medium Risk
48,0,France,792,81579.13,3,1,72845.95,-0.326,0.31,0.2101,6,0,0,CUST009893,0,0.3044965336113916,0.3475872429990338,0,Medium Risk
20,1,India,680,96522.51,2,0,60866.92,-0.3186,1.64,0.4555,12,3,1,CUST003909,0,0.42277610699154794,0.5182257470431867,0,Medium Risk
39,6,India,631,71565.78,4,1,121966.95,0.2431,0.57,0.5815,17,0,1,CUST006738,0,0.06310975131656182,0.04048059522454976,0,Low Risk
18,2,India,678,76554.54,3,1,127691.56,0.5477,1.63,0.2841,12,1,1,CUST002734,0,0.1882821834045353,0.11185253095273609,0,Low Risk
21,2,Germany,670,54495.42,1,1,80723.01,0.3053,1.09,0.1812,14,1,1,CUST000598,0,0.2613349175906908,0.27906141942783297,0,Low Risk
22,5,India,566,106240.74,1,1,163921.08,-0.2724,0.33,0.3157,14,0,0,CUST007724,0,0.26843587582699135,0.2653112168256289,0,Low Risk
29,9,India,659,71620.85,1,1,147265.39,0.1278,1.39,0.8069,14,1,0,CUST004261,0,0.2529448615092326,0.2325954360458968,0,Low Risk
28,2,India,618,104974.51,1,0,113267.69,-0.0927,0.71,0.6009,12,1,1,CUST005074,0,0.13249108611442073,0.18908539824547083,0,Low Risk
36,0,USA,759,48194.8,2,0,72656.13,0.2772,1.16,0.3653,13,1,0,CUST007063,0,0.19808732686712002,0.23882532307289311,0,Low Risk
63,13,USA,632,31045.12,2,1,87353.29,0.2109,1.3,0.5058,13,2,0,CUST009425,0,0.2880319949781024,0.48356902287184494,0,Low Risk
62,11,France,781,190419.89,2,1,159861.06,-0.0108,2.88,0.3035,15,5,1,CUST005964,1,0.6428936726637328,0.8129398493492771,1,High Risk
39,1,France,677,107173.95,2,1,128726.53,0.0874,1.89,0.0209,14,4,1,CUST004020,0,0.5904682019515499,0.6974953660460421,1,Medium Risk
30,9,Germany,707,90024.64,1,1,49620.16,-0.1591,0.52,0.1457,7,2,1,CUST002839,0,0.2846273108144499,0.4014085732271491,0,Low Risk
35,11,USA,496,114686.13,1,1,18000.0,0.0424,3.59,0.569,14,0,1,CUST001575,1,0.6815028902808339,0.8336640739347415,1,High Risk
42,1,USA,680,95150.46,2,1,198853.14,-0.0284,0.24,0.3276,8,4,1,CUST001735,0,0.14743851423588378,0.2886520865469039,0,Low Risk
52,0,India,742,17969.13,2,1,44451.79,0.317,2.63,0.1287,13,8,1,CUST004342,1,0.5940982694639341,0.9123269175547691,1,Medium Risk
53,11,USA,477,20979.87,2,1,124892.05,-0.1793,0.74,0.2733,8,0,1,CUST001711,0,0.44532644869757876,0.565747829038829,0,Medium Risk
37,13,USA,565,154510.49,3,1,83913.5,0.0118,3.36,0.349,13,8,1,CUST000335,0,0.7595407250806248,0.9055282153375926,1,High Risk
52,8,Germany,662,178871.22,2,0,121159.88,0.5212,1.01,0.3686,16,0,0,CUST004052,0,0.1308251300736283,0.11250912891546504,0,Low Risk
64,8,Germany,678,174284.09,1,1,80750.32,-0.1745,0.98,0.5927,10,2,1,CUST007859,0,0.23263426228062425,0.4871246951859743,0,Low Risk
72,7,France,704,34370.63,2,1,80338.53,0.1057,2.38,0.2544,13,0,1,CUST007718,1,0.6494419715545618,0.7874302317598717,1,High Risk
43,5,Germany,652,82061.91,4,1,43340.77,0.4768,1.08,0.2168,10,4,1,CUST003807,0,0.20268583075099555,0.23773340984628327,0,Low Risk
54,4,Germany,485,39292.52,1,1,50936.21,0.133,0.8,0.1372,5,0,1,CUST009122,0,0.3892498506061641,0.671464632030924,0,Medium Risk
66,10,India,702,105198.71,1,1,112899.96,0.036,2.54,0.5568,11,0,0,CUST005532,0,0.5802791531775428,0.7736038616095924,1,Medium Risk
63,7,Germany,658,232180.16,2,1,89486.5,-0.0111,0.33,0.3108,13,0,0,CUST003864,0,0.15830677204803512,0.19484717993683884,0,Low Risk
40,10,India,616,101696.73,4,1,29194.39,0.433,0.36,0.5479,6,0,1,CUST001938,0,0.06362830011711788,0.02660300996090768,0,Low Risk
55,13,France,612,68632.49,1,0,62745.03,0.4906,0.05,0.6931,12,4,1,CUST005625,0,0.12826419468813627,0.07910734100786175,0,Low Risk
45,5,USA,813,79794.83,2,0,124364.69,0.1809,0.98,0.3424,6,4,1,CUST004624,0,0.13878407186445718,0.2918221905825721,0,Low Risk
49,11,India,650,42995.49,2,0,123360.77,-0.1394,0.73,0.6945,9,8,0,CUST000230,0,0.3866429178294189,0.6272171324956458,0,Medium Risk
66,0,USA,753,61310.0,2,0,75804.26,0.0269,2.02,0.6965,8,2,0,CUST006563,0,0.5981461401390843,0.7352533885772029,1,Medium Risk
66,5,India,574,135666.98,2,1,88930.22,-0.2742,0.19,0.4452,9,4,0,CUST009799,0,0.28429857263671526,0.5470456768785279,0,Low Risk
73,0,Germany,549,57063.91,1,1,124727.57,-0.0879,0.98,0.4724,13,9,0,CUST000268,1,0.8075525280550905,0.9509639588152411,1,High Risk
52,9,USA,531,121799.11,3,1,154114.68,0.7204,0.05,0.4983,14,2,0,CUST006770,0,0.12336537097055164,0.03669270950869318,0,Low Risk
74,12,India,650,27659.53,1,0,173333.04,0.1172,1.02,0.2263,13,0,1,CUST006210,0,0.4436501287345555,0.4972241377697143,0,Medium Risk
72,1,USA,545,3053.7,1,1,90762.66,0.3092,1.28,0.1538,13,1,0,CUST008403,0,0.4653525780783575,0.7879799873228278,0,Medium Risk
42,13,India,520,3420.78,1,1,125287.99,-0.1773,0.56,0.4662,12,1,1,CUST006789,0,0.20985135223683649,0.4170479942834063,0,Low Risk
61,10,India,708,148078.4,4,0,90430.38,0.1532,3.39,0.1809,13,4,1,CUST007186,0,0.756641195195009,0.8131833102504854,1,High Risk
35,12,India,601,324965.81,2,1,146294.02,0.0912,0.7,0.5528,8,0,0,CUST005589,0,0.09717763120108305,0.04935488887882855,0,Low Risk
42,4,India,703,34993.75,1,1,145681.27,0.1566,1.38,0.705,13,1,0,CUST007362,0,0.28377680552786116,0.3753647466692763,0,Low Risk
35,7,India,703,85021.35,1,1,81949.22,0.1615,0.66,0.7486,12,0,1,CUST005278,0,0.03970710863008835,0.07477963129971416,0,Low Risk
64,14,USA,568,161264.57,1,1,52019.15,0.4744,1.35,0.361,10,2,1,CUST005512,0,0.2995968993067532,0.28737690537019717,0,Low Risk
41,14,Germany,699,56228.46,2,1,41232.49,-0.2729,0.35,0.0489,10,1,1,CUST008199,0,0.24440909876810882,0.38441119999262224,0,Low Risk
34,11,Germany,748,65840.34,1,0,85947.65,-0.0205,0.11,0.4263,9,3,1,CUST000636,0,0.2682316757542196,0.18757027348777253,0,Low Risk
65,10,USA,823,79310.84,1,1,54117.04,0.7717,1.9,0.9033,13,2,1,CUST005894,0,0.22318981892017664,0.1289051902859718,0,Low Risk
64,9,France,646,86360.95,1,1,81361.44,0.2716,0.87,0.6723,15,0,1,CUST005196,0,0.08582498017413523,0.1681937665836119,0,Low Risk
42,14,India,567,212826.71,1,0,18000.0,0.118,1.22,0.1899,10,0,1,CUST010481,0,0.19904916870953904,0.20135476184527892,0,Low Risk
69,2,India,661,82074.46,1,0,179029.57,0.1012,0.11,0.2881,15,0,1,CUST009943,0,0.1645231338702641,0.20696170814875378,0,Low Risk
65,13,USA,803,131580.58,1,0,95679.18,-0.095,0.29,0.0898,8,0,1,CUST009013,0,0.2283491179940811,0.21652630717944926,0,Low Risk
74,7,USA,589,96062.18,1,1,104125.73,0.3666,1.18,0.1634,9,3,1,CUST007863,0,0.404292683284441,0.609557100553131,0,Medium Risk
71,8,Germany,622,60456.77,1,1,18000.0,0.069,0.23,0.4486,8,0,1,CUST000854,0,0.20560776607128745,0.35601758835882047,0,Low Risk
57,8,India,754,11281.06,2,0,33445.46,-0.0427,0.79,0.2783,13,0,1,CUST002006,0,0.20401842087266356,0.2939566412135427,0,Low Risk
43,11,India,721,92519.52,1,0,90161.58,0.1928,0.6,0.6128,8,0,0,CUST007244,0,0.03542144349011405,0.1180958877758263,0,Low Risk
72,13,France,556,67701.0,1,1,84764.44,0.1871,0.34,0.3762,16,3,1,CUST003614,0,0.21473377779842057,0.33654734577215445,0,Low Risk
65,5,India,643,197879.91,2,0,41100.19,0.1597,0.69,0.8064,5,11,0,CUST009690,0,0.21873055234594155,0.5216969292029153,0,Low Risk
53,11,USA,554,51014.0,2,0,154197.19,0.1806,0.38,0.6043,13,3,1,CUST004482,0,0.11616347005832521,0.18172614763276962,0,Low Risk
21,12,India,835,58012.6,1,1,147608.1,0.0758,1.41,0.2875,11,3,1,CUST003776,0,0.30756388470991813,0.28370746244912126,0,Medium Risk
43,0,India,651,18462.47,1,1,23835.56,0.1992,0.72,0.3788,8,1,0,CUST002941,0,0.1791564646771746,0.4059625947913254,0,Low Risk
51,9,Germany,734,12378.46,1,1,138917.88,0.217,1.0,0.7616,14,0,1,CUST000999,0,0.10042528888493982,0.22619741187076264,0,Low Risk
52,14,USA,711,66526.83,1,1,115157.12,0.2217,0.17,0.1407,8,0,0,CUST008165,0,0.0986536162057551,0.18493780882506516,0,Low Risk
46,12,Germany,531,152866.52,2,0,62798.68,0.0697,0.42,0.4333,13,0,0,CUST001405,0,0.09134248104438905,0.17622468652299111,0,Low Risk
28,11,France,715,67158.72,2,1,143846.13,0.4431,1.63,0.3307,20,0,0,CUST004251,0,0.20578187426627662,0.14637835782992456,0,Low Risk
27,8,India,675,45827.62,2,0,58567.83,0.1055,0.47,0.3176,12,2,1,CUST004567,0,0.04478086218831443,0.12499574261910905,0,Low Risk
29,11,USA,615,14628.94,1,1,140452.22,-0.2226,0.22,0.4551,11,2,1,CUST005924,0,0.18184040816520888,0.27874605041198675,0,Low Risk
29,3,USA,709,11108.19,4,0,161760.8,0.1344,2.52,0.3425,20,4,1,CUST006990,0,0.5397127330654894,0.5551796326540749,1,Medium Risk
33,13,India,652,3989.76,1,1,118965.45,-0.3047,0.14,0.2068,12,0,0,CUST002918,0,0.3308062818773601,0.3522886296687447,0,Medium Risk
57,14,France,623,41363.22,2,1,117165.81,0.2523,0.81,0.1588,7,0,0,CUST004734,0,0.1946206637916502,0.38097807210873225,0,Low Risk
55,13,Germany,850,20987.44,2,0,184525.14,-0.2111,1.55,0.565,11,0,1,CUST009454,1,0.30658648862111204,0.5051095160206892,0,Medium Risk
72,6,France,501,62594.01,1,0,18000.0,0.0839,0.06,0.3463,12,0,1,CUST004656,0,0.14286758077810743,0.3074860639490687,0,Low Risk
67,8,France,638,83722.85,1,1,75135.12,0.0028,1.05,0.4858,6,0,1,CUST000072,0,0.2938866859117002,0.4937848063447634,0,Low Risk
74,6,India,573,36118.24,1,0,106747.9,-0.5332,1.3,0.7968,7,4,1,CUST005146,1,0.6878258701038001,0.9017226918318809,1,High Risk
58,2,USA,532,158311.1,1,1,140075.25,-0.1488,0.75,0.174,18,2,0,CUST010030,0,0.2417987385170375,0.608774024626201,0,Low Risk
59,5,USA,511,8294.77,1,1,158119.72,-0.1796,1.15,0.517,10,0,0,CUST008410,0,0.44037495950811484,0.7855989615484597,0,Medium Risk
59,6,USA,609,44464.51,4,0,48969.88,-0.4466,0.69,0.32,13,0,0,CUST010230,0,0.4838577946652353,0.504420234377861,0,Medium Risk
57,10,France,628,42254.08,1,1,89264.66,-0.3017,0.14,0.3643,11,3,0,CUST002284,0,0.5352869972777613,0.5964657458644781,1,Medium Risk
31,14,France,558,16389.01,3,1,70489.27,0.2844,0.45,0.2945,10,0,1,CUST008810,0,0.17720887457172554,0.09081511056916856,0,Low Risk
60,6,India,740,89602.1,2,1,97270.22,-0.1112,0.17,0.1652,13,2,1,CUST002948,0,0.17502910972006977,0.25381928565974776,0,Low Risk
20,13,USA,665,111075.45,1,1,89294.49,0.1937,0.96,0.5473,9,1,0,CUST009761,0,0.04499937514542907,0.1348346517214361,0,Low Risk
72,12,Germany,691,83226.57,1,1,34569.27,-0.0822,0.57,0.5562,13,1,1,CUST007881,0,0.2526314978892319,0.38599572640131224,0,Low Risk
73,13,India,617,16377.54,2,1,154995.22,0.162,0.34,0.0442,16,4,1,CUST001965,0,0.21313059611140767,0.4579398701062908,0,Low Risk
44,5,France,626,166848.97,1,1,148047.6,-0.0664,1.56,0.5961,14,1,1,CUST010031,0,0.29024369560689284,0.38505070116531925,0,Low Risk
48,10,Germany,589,111400.5,2,1,73507.4,0.1247,3.53,0.4145,15,3,0,CUST009945,1,0.8084145453500925,0.9371437061501746,1,High Risk
36,13,India,660,52163.99,1,0,113420.26,0.1538,0.99,0.2077,8,0,0,CUST000291,0,0.17641979199810293,0.3244951649389977,0,Low Risk
56,10,USA,679,201847.02,2,0,107283.01,-0.4114,0.31,0.4052,12,0,0,CUST003622,0,0.1479010960267981,0.2192431750231187,0,Low Risk
45,0,India,579,16661.58,1,1,94217.07,-0.355,0.16,0.2746,10,0,1,CUST000906,0,0.25679880416411394,0.49865733218428493,0,Low Risk
34,14,India,694,86945.62,1,0,84925.98,-0.6025,0.21,0.3321,12,2,1,CUST004433,0,0.20338270091453495,0.3235018347799712,0,Low Risk
59,7,France,521,70668.58,1,1,43261.98,0.2953,2.03,0.6441,10,4,1,CUST008456,0,0.5538489211123877,0.7360237369364756,1,Medium Risk
37,0,India,653,145804.86,2,1,165593.49,-0.0751,0.76,0.1297,11,0,1,CUST009544,0,0.3234796427866414,0.24613548911475466,0,Medium Risk
26,2,India,746,87571.56,1,1,51089.34,-0.2614,0.12,0.1375,10,7,1,CUST003977,0,0.3525526025175417,0.43966077172111534,0,Medium Risk
57,5,India,565,39363.57,1,0,115462.33,-0.0204,0.37,0.4151,17,8,1,CUST006509,0,0.459265688369476,0.615650816289467,0,Medium Risk
32,4,India,628,58403.23,1,1,82310.65,0.3642,0.65,0.5711,12,0,1,CUST008288,0,0.08658427626473979,0.08819322145204705,0,Low Risk
28,2,India,555,56655.68,2,1,81001.83,-0.1729,1.77,0.6385,9,0,1,CUST009199,0,0.5049039816179072,0.5156255579783441,1,Medium Risk
42,6,India,652,23881.21,1,1,128416.64,0.2488,2.28,0.502,13,0,1,CUST001113,0,0.5624350505796446,0.5528036170362559,1,Medium Risk
50,10,USA,571,48341.26,2,0,144668.2,0.2654,0.34,0.4582,13,5,0,CUST006424,0,0.11123222716996181,0.29160297792088935,0,Low Risk
68,14,India,732,11826.79,1,1,131713.36,0.1605,1.44,0.2431,14,0,1,CUST010155,0,0.4063036197482922,0.500047918088686,0,Medium Risk
50,8,USA,749,138897.43,2,1,95080.55,0.0714,0.02,0.5094,9,0,0,CUST007343,0,0.08111701497839295,0.07230223547425972,0,Low Risk
70,9,France,751,75980.67,3,1,136929.12,-0.0477,2.16,0.7625,12,0,1,CUST000535,0,0.5315380500118405,0.49670540901976123,1,Medium Risk
69,10,USA,614,62754.3,1,0,18000.0,-0.1483,0.18,0.3406,11,0,1,CUST000212,0,0.2913073990300025,0.33023646763194386,0,Low Risk
42,7,Germany,675,147896.28,2,0,114944.92,-0.0622,0.8,0.5191,11,1,0,CUST007924,0,0.13813928633036535,0.2768237442413222,0,Low Risk
62,9,France,744,4126.87,1,1,142450.59,0.2654,0.19,0.2395,13,1,0,CUST005267,0,0.19914425404710503,0.2744705987224675,0,Low Risk
59,14,France,750,80490.94,2,0,129012.74,0.1484,0.04,0.5358,18,3,1,CUST002703,0,0.13658517892854516,0.07196050824679207,0,Low Risk
43,14,Germany,708,187500.47,2,1,36440.69,0.2425,0.39,0.5932,13,0,1,CUST009150,0,0.03984186793265102,0.03477655777598395,0,Low Risk
63,7,France,702,52966.41,2,1,18000.0,0.0465,0.56,0.1502,12,4,1,CUST001907,0,0.26129825877852025,0.465837165631158,0,Low Risk
26,4,India,683,28878.08,1,1,74000.81,0.186,1.76,0.1952,12,5,0,CUST001626,1,0.4922403220505527,0.7290541317049063,0,Medium Risk
21,7,India,586,59810.05,2,1,97498.87,0.2316,0.19,0.8268,10,4,1,CUST003413,0,0.049482502378288065,0.06442209899103762,0,Low Risk
55,11,Germany,631,45400.75,1,0,214395.59,-0.2364,0.25,0.4824,6,0,0,CUST007103,1,0.25363855191351,0.5233456368873195,0,Low Risk
37,7,India,615,66537.63,2,0,92227.24,0.1412,0.99,0.0412,14,2,1,CUST007356,0,0.2387956519263305,0.32113897859874246,0,Low Risk
35,2,India,644,153179.93,1,0,65675.49,-0.0363,2.93,0.3484,14,5,0,CUST000300,0,0.8276061838609452,0.8979231510352039,1,High Risk
58,10,Germany,538,137924.95,4,1,24550.04,0.0917,0.43,0.586,10,0,1,CUST000130,0,0.10392666698308299,0.10844011145449654,0,Low Risk
48,3,India,542,99754.23,1,1,88999.67,0.1181,0.61,0.6852,14,4,1,CUST003429,0,0.22446424450511576,0.28647832292251935,0,Low Risk
49,5,Germany,762,148199.78,2,0,125648.04,-0.0967,0.38,0.6499,11,2,0,CUST008624,0,0.14763521310753144,0.20166284386603292,0,Low Risk
19,0,USA,518,117777.69,2,1,134580.18,-0.0588,2.07,0.3854,15,2,1,CUST001682,0,0.4959045904846977,0.573628769959537,0,Medium Risk
38,2,USA,611,91504.22,1,0,96683.02,-0.1829,0.09,0.2434,12,0,1,CUST006069,0,0.1288286669702325,0.21708605220682112,0,Low Risk
38,8,USA,630,17617.41,2,1,146343.87,0.416,0.53,0.3283,8,2,1,CUST004675,0,0.10378075515357027,0.15764392682692943,0,Low Risk
31,5,India,596,135726.02,1,1,46347.66,-0.103,0.27,0.366,11,12,0,CUST007322,0,0.377439748966732,0.6626806009788576,0,Medium Risk
26,8,France,575,61598.32,1,0,96551.69,-0.1507,0.37,0.4515,15,2,1,CUST000220,0,0.10380149415031438,0.22185262100915554,0,Low Risk
49,6,USA,674,218221.16,1,1,23243.74,0.1302,0.59,0.6877,14,0,1,CUST006267,0,0.07055699029014546,0.05752899727605298,0,Low Risk
47,4,India,738,132538.65,1,1,73881.3,0.0842,0.21,0.2877,10,4,0,CUST008812,0,0.18978148481656787,0.2656592431375973,0,Low Risk
30,5,Germany,579,44622.47,1,0,95364.69,0.101,0.5,0.3415,12,0,0,CUST010140,0,0.16933384662684287,0.31742542557632697,0,Low Risk
33,11,USA,613,105165.2,1,1,106138.99,-0.4963,1.07,0.2945,9,5,0,CUST007909,0,0.6482596982968858,0.8070743662037065,1,High Risk
23,10,Germany,660,67180.28,1,1,107982.71,-0.0135,2.72,0.6088,22,8,1,CUST009921,1,0.6912081302711576,0.8498789842221252,1,High Risk
58,0,France,628,138204.88,2,0,154207.93,0.3366,0.94,0.5528,13,3,1,CUST002836,0,0.26424876005173437,0.21954866629981254,0,Low Risk
19,13,Germany,695,61091.97,2,1,67335.18,0.223,0.21,0.4695,8,6,1,CUST009038,0,0.08402176727804996,0.13607207756838463,0,Low Risk
45,10,India,553,65653.38,1,1,51094.23,0.2796,1.5,0.5844,15,0,0,CUST009384,0,0.30184178725056765,0.34300935842379154,0,Medium Risk
69,0,USA,644,24116.38,2,1,48837.17,-0.2498,1.01,0.3966,15,1,0,CUST000492,0,0.5870516260228136,0.7388368994969642,1,Medium Risk
71,9,USA,726,64162.97,4,1,147767.14,0.4208,1.39,0.4128,9,1,1,CUST008861,0,0.30116941202896785,0.21456836972366938,0,Medium Risk
53,0,India,551,74021.59,3,1,201114.08,0.0388,0.35,0.4478,12,2,1,CUST009235,0,0.15618970779101757,0.24392403209107774,0,Low Risk
64,2,USA,665,17583.1,2,1,185640.31,0.1801,2.08,0.2807,8,2,1,CUST004886,1,0.5195317355505307,0.816397413123605,1,Medium Risk
49,12,India,641,22253.27,2,1,51683.66,-0.0125,0.4,0.3297,9,0,1,CUST005723,0,0.1030900388731533,0.21448582508427577,0,Low Risk
20,5,USA,702,25761.95,2,0,87288.71,-0.3735,0.34,0.645,12,4,1,CUST008804,0,0.1522624164635073,0.23954756331240282,0,Low Risk
31,8,USA,633,13626.01,2,1,151846.22,0.0251,0.32,0.1983,7,7,0,CUST000153,0,0.29498095434025196,0.5636755587470388,0,Low Risk
30,11,France,614,219760.94,1,0,37979.41,-0.1561,1.18,0.3136,10,1,1,CUST005026,0,0.22488360262363113,0.2501375505069885,0,Low Risk
57,5,India,594,126570.68,1,0,199867.18,0.3046,0.59,0.5536,10,9,0,CUST006824,0,0.2653139776084742,0.5365748959764202,0,Low Risk
68,8,Germany,626,88998.14,1,1,63474.59,0.0999,0.07,0.2628,12,0,1,CUST003876,0,0.19395995912400527,0.2747201060175417,0,Low Risk
49,9,India,741,46803.58,2,1,116332.95,-0.1919,0.62,0.1711,13,1,0,CUST006327,0,0.2637373009348931,0.4168498153662135,0,Low Risk
35,8,India,531,41987.32,2,1,71122.29,-0.0567,2.17,0.0672,10,2,1,CUST003719,0,0.7250213128725346,0.8221612414063697,1,High Risk
71,11,USA,713,84247.07,1,1,111563.43,0.1959,2.15,0.5919,11,0,1,CUST007530,0,0.31601626938151495,0.55720562927475,0,Medium Risk
70,2,USA,723,8643.83,2,1,122623.2,0.2608,0.9,0.7003,10,0,1,CUST009837,0,0.18542847600901802,0.25139570843669135,0,Low Risk
30,5,USA,646,11199.29,2,1,68984.14,0.3641,0.23,0.3092,12,4,1,CUST001993,0,0.0715467368293796,0.1351967428169163,0,Low Risk
58,2,USA,762,87955.92,2,1,167892.72,0.0383,0.07,0.1426,11,8,0,CUST003142,0,0.2788996736614498,0.5361176067317869,0,Low Risk
67,12,USA,512,63929.33,2,1,127601.31,-0.1726,2.11,0.6669,16,1,1,CUST006096,0,0.6467800829554335,0.7552463100156924,1,High Risk
28,5,India,574,15746.64,2,1,59424.72,-0.1022,2.04,0.6457,8,0,0,CUST001007,0,0.6860596435470812,0.6645970277666293,1,High Risk
37,1,USA,699,120416.13,2,1,124752.67,-0.1248,0.03,0.657,13,4,0,CUST004139,0,0.10309560960737635,0.16608741133018984,0,Low Risk
59,2,India,550,65519.03,2,1,170660.2,-0.1994,0.99,0.1987,18,0,1,CUST002738,0,0.3858164055922002,0.5669340187440446,0,Medium Risk
26,11,India,735,173295.82,2,1,169433.41,0.4449,1.17,0.4175,16,2,0,CUST008726,0,0.1210985977353655,0.06428595257260937,0,Low Risk
22,12,India,736,39389.86,2,0,18000.0,0.0388,0.42,0.335,12,0,0,CUST008152,0,0.06353224980943294,0.09121658949753733,0,Low Risk
56,4,Germany,690,15480.52,2,0,97385.12,0.27,0.96,0.3195,8,0,1,CUST002767,0,0.20128795772185623,0.3795089357870636,0,Low Risk
71,6,France,596,111224.87,1,1,72333.11,0.0206,0.16,0.4139,10,0,1,CUST008027,0,0.18435552666948612,0.26220951990854974,0,Low Risk
31,7,USA,737,122232.84,1,0,98999.18,0.1133,0.48,0.3617,13,1,0,CUST006394,0,0.05084867787471747,0.11906256075448282,0,Low Risk
55,3,India,603,58785.4,3,1,127118.1,-0.261,0.12,0.3109,14,2,1,CUST002598,1,0.17320399534104147,0.3118931219849395,0,Low Risk
62,12,Germany,567,27262.78,1,0,70153.94,-0.2604,1.63,0.0673,11,6,1,CUST003460,1,0.8315539748238,0.9604907885097218,1,High Risk
40,9,India,622,13444.35,2,1,44682.43,0.1517,0.03,0.2217,14,0,0,CUST008832,0,0.14747587628372114,0.14033258089264558,0,Low Risk
21,4,India,842,128818.16,1,0,103745.2,0.2972,3.45,0.4793,11,1,0,CUST002307,0,0.49567143377165995,0.6109245923862284,0,Medium Risk
38,9,Germany,635,98871.33,1,1,108045.9,0.049,0.33,0.7672,15,2,1,CUST010185,0,0.0597463223042631,0.13144183015793243,0,Low Risk
52,9,India,664,60374.7,2,1,84565.66,-0.0016,1.13,0.4969,11,1,1,CUST002791,0,0.16831471032260747,0.33300478570576697,0,Low Risk
74,11,France,580,94046.58,2,1,93169.27,0.0106,0.22,0.4905,8,1,1,CUST007707,0,0.22009307402714537,0.2698125971110774,0,Low Risk
38,4,USA,850,186726.73,1,1,143596.89,0.2149,0.45,0.3848,13,2,1,CUST005010,0,0.07315073470348564,0.05839084504985007,0,Low Risk
47,7,France,496,77555.11,3,0,70522.13,0.1585,0.07,0.2559,12,0,0,CUST006875,0,0.11999080693106409,0.14978802935953953,0,Low Risk
60,0,Germany,685,204336.09,2,1,83464.55,-0.242,0.33,0.5423,10,6,0,CUST010429,1,0.3072123895168234,0.546632282756726,0,Medium Risk
68,12,India,645,24584.21,2,1,56208.43,0.6522,0.04,0.1453,8,5,1,CUST003600,0,0.20837923489976698,0.18408159728511322,0,Low Risk
51,8,USA,793,130034.23,1,0,83002.86,0.3658,0.35,0.534,12,4,1,CUST009027,0,0.04350377934044559,0.0790656357470501,0,Low Risk
73,11,France,652,63568.73,2,1,153327.96,0.0072,1.37,0.4953,10,0,1,CUST008642,0,0.39386872379181026,0.5142281111846494,0,Medium Risk
70,7,India,684,27655.22,2,0,101149.11,-0.2316,1.19,0.6087,15,1,1,CUST008098,0,0.32289170960008895,0.535574103951551,0,Medium Risk
42,2,Germany,725,114404.34,1,0,100273.16,-0.3329,0.05,0.1669,5,0,1,CUST001441,0,0.2722615674655813,0.36149041357684897,0,Low Risk
49,7,France,613,84953.93,2,1,18000.0,0.1888,0.34,0.1909,17,3,0,CUST000509,0,0.10186683825194377,0.25551007070056364,0,Low Risk
53,2,USA,601,20102.59,1,1,106037.06,-0.1231,1.04,0.4336,12,3,0,CUST003887,1,0.5766255045109191,0.7712194108721266,1,Medium Risk
48,12,India,553,64405.99,4,0,107408.04,0.3692,0.08,0.7923,18,3,0,CUST004704,0,0.09407816857608074,0.038324993610996845,0,Low Risk
46,14,India,697,89937.08,3,1,102617.39,-0.485,0.05,0.1781,7,0,0,CUST006704,0,0.29114892402080483,0.28013736504868847,0,Low Risk
26,9,Germany,760,84226.59,1,1,94810.57,-0.0332,1.62,0.3499,17,0,1,CUST003046,0,0.3259290296535923,0.34281928274369095,0,Medium Risk
53,9,France,814,8826.41,1,1,119314.33,0.3481,0.57,0.2212,17,3,0,CUST002375,0,0.1665638182287504,0.27737496171139037,0,Low Risk
34,5,France,732,26018.91,1,1,94050.73,-0.091,1.64,0.4129,18,0,0,CUST010227,0,0.4833957688333861,0.5373909109173164,0,Medium Risk
66,6,India,565,26136.09,1,1,103036.99,0.1484,1.2,0.1524,8,0,1,CUST001132,0,0.3242689033118492,0.6697320468624551,0,Medium Risk
33,12,USA,613,18444.63,3,1,72198.45,0.204,0.21,0.142,11,1,0,CUST002306,0,0.10925153587614758,0.14146018096974847,0,Low Risk
57,1,India,648,60139.43,1,1,140426.0,-0.0148,0.44,0.4061,15,2,1,CUST005103,0,0.15844774154725505,0.357929045428368,0,Low Risk
18,8,Germany,694,149544.62,2,1,141606.93,-0.2793,1.05,0.2828,12,0,1,CUST003517,0,0.15598570708208917,0.2539954248282125,0,Low Risk
63,4,Germany,653,65478.75,3,1,77721.35,-0.3532,1.05,0.597,11,0,1,CUST008207,0,0.3275081946073748,0.5577291409959212,0,Medium Risk
44,1,India,652,81428.78,1,1,143268.01,0.1712,0.44,0.8239,15,0,1,CUST001357,0,0.09355439341339328,0.08323335582315348,0,Low Risk
43,7,Germany,534,5471.15,2,1,33241.19,-0.3795,1.02,0.7738,10,0,0,CUST003780,0,0.2897367630975652,0.6732107479080316,0,Low Risk
69,12,India,625,273475.86,2,1,69369.83,0.3606,0.67,0.0554,11,1,0,CUST003421,0,0.2130391780963902,0.14481676534443516,0,Low Risk
26,1,USA,770,67740.36,2,1,135407.11,0.2033,0.4,0.6585,5,3,0,CUST007767,0,0.13451889639123368,0.12723836541621797,0,Low Risk
50,8,USA,598,10032.91,2,1,130063.6,0.3765,0.49,0.5081,15,1,1,CUST000613,0,0.07078900910878237,0.12648048457610198,0,Low Risk
18,6,USA,664,129334.07,2,0,87993.94,0.1163,0.35,0.7384,7,1,1,CUST009890,0,0.03223976204382477,0.03832563636770555,0,Low Risk
20,7,India,703,25158.82,1,1,117138.45,0.0924,0.58,0.3261,11,6,0,CUST006066,0,0.24382802247054158,0.40028383063359596,0,Low Risk
50,7,India,665,170024.35,2,1,44617.11,-0.0485,0.29,0.535,15,12,1,CUST000796,0,0.2262365618879944,0.39385661687106693,0,Low Risk
38,4,India,761,118085.49,2,1,112853.06,0.3436,0.03,0.7107,7,0,0,CUST006680,0,0.06420912536389235,0.03072650686383793,0,Low Risk
74,9,USA,550,94783.64,1,1,39620.24,0.3848,0.49,0.249,11,4,1,CUST001754,0,0.24293211546965632,0.3996501213399735,0,Low Risk
47,10,India,513,16610.52,2,1,76322.38,0.0299,0.35,0.4068,12,1,1,CUST001158,0,0.16780772131202873,0.253402489640942,0,Low Risk
21,4,India,603,258244.54,2,1,205947.55,-0.1577,0.53,0.7833,15,1,0,CUST007112,0,0.10936771052498617,0.05995306852160645,0,Low Risk
49,8,India,743,34779.1,1,0,85734.68,-0.2595,0.01,0.2522,11,3,0,CUST002794,0,0.328674720438281,0.42925165317264746,0,Medium Risk
31,14,Germany,569,890.32,1,1,149531.36,0.3594,1.3,0.7196,8,0,0,CUST004540,0,0.1771607537407166,0.34238138310358746,0,Low Risk
20,12,Germany,628,103190.97,1,0,31460.31,0.1714,1.63,0.4895,13,1,0,CUST001596,0,0.3669542618616277,0.3413403813334085,0,Medium Risk
42,10,France,589,2103.4,1,0,146210.42,0.4537,0.24,0.3913,14,7,1,CUST008325,0,0.2093668114407841,0.2649179988061974,0,Low Risk
37,0,India,605,5324.24,4,0,143996.23,-0.13,1.35,0.2038,7,2,1,CUST002901,0,0.5781184261060495,0.5967906059044299,1,Medium Risk
21,10,Germany,699,21211.16,3,1,82900.02,0.2565,2.88,0.6524,15,5,1,CUST001885,0,0.49801121445583013,0.6337485651710343,0,Medium Risk
45,6,Germany,665,72702.68,2,1,133520.89,-0.1264,0.66,0.2377,13,10,1,CUST002151,0,0.6254469436312344,0.7729422555952434,1,High Risk
28,9,India,673,101757.84,1,0,116056.68,-0.296,0.22,0.555,8,0,1,CUST002231,0,0.09297303952542842,0.13054642210048423,0,Low Risk
63,6,France,621,134853.86,1,1,107130.69,0.297,6.72,0.4299,12,1,0,CUST007787,1,0.7673148170172164,0.9976645649596068,1,High Risk
32,7,India,588,74488.12,2,1,143853.07,-0.2514,0.87,0.1476,12,2,0,CUST008499,0,0.402361074177336,0.5654188753982264,0,Medium Risk
65,12,Germany,698,74765.09,1,0,21472.79,-0.4347,1.92,0.5892,8,0,1,CUST009818,0,0.5526818935521547,0.8355720997489547,1,Medium Risk
66,5,India,799,68976.9,1,1,125170.38,-0.0882,1.46,0.3615,15,0,1,CUST004641,0,0.33899951931130495,0.5202664167511111,0,Medium Risk
49,1,Germany,601,32595.64,3,1,111782.6,0.1141,0.51,0.5092,16,2,0,CUST000886,0,0.16162160616434704,0.3359629734559201,0,Low Risk
37,10,Germany,805,31827.93,1,1,18000.0,0.2761,1.13,0.4562,13,0,0,CUST000286,0,0.11887287016634587,0.24186673553528712,0,Low Risk
27,9,Germany,775,47721.78,2,1,183537.38,0.2009,0.88,0.7732,16,1,0,CUST010485,0,0.06325233029551393,0.11216941293618361,0,Low Risk
44,3,USA,508,19387.1,2,0,197913.11,-0.167,2.69,0.3937,19,0,1,CUST009015,0,0.6194208825419014,0.8586106537561434,1,High Risk
31,2,France,686,22175.67,1,1,113319.12,-0.6472,1.04,0.2646,13,2,0,CUST006364,1,0.42888067035294364,0.834580539245531,0,Medium Risk
34,13,USA,764,159434.87,1,1,150881.77,0.6107,1.43,0.2451,14,2,0,CUST007171,0,0.23021914334803917,0.12226959876447534,0,Low Risk
20,0,India,677,22179.21,1,1,101778.32,-0.2679,0.03,0.646,8,1,0,CUST002311,0,0.1630827172849855,0.2340783596986604,0,Low Risk
40,11,USA,810,137412.02,4,1,18747.04,0.1344,2.35,0.5135,16,0,1,CUST003880,0,0.28276802247997607,0.1474306407084581,0,Low Risk
63,3,USA,633,89634.95,2,1,150446.53,0.3047,0.28,0.2739,11,0,1,CUST006661,0,0.18314533917479,0.14925986845970018,0,Low Risk
52,6,USA,692,60298.91,2,0,74946.05,-0.3464,0.32,0.6471,7,1,1,CUST003516,0,0.14823509016450198,0.2775582354904655,0,Low Risk
58,11,USA,489,106961.27,1,0,27532.96,0.1952,1.11,0.5348,9,0,1,CUST002575,0,0.15512044900156563,0.3184841362674667,0,Low Risk
44,7,France,568,3022.61,2,1,81521.45,0.2071,0.82,0.2328,12,2,0,CUST001052,0,0.2485129999675232,0.47810790724638974,0,Low Risk
37,3,India,687,59540.72,2,0,76210.39,-0.4657,1.97,0.2505,12,0,1,CUST008079,0,0.667234814601544,0.7484833776817572,1,High Risk
47,2,Germany,763,174003.0,2,0,108880.25,0.3727,0.33,0.2989,16,2,1,CUST001318,0,0.08297990828485298,0.06657776736594453,0,Low Risk
66,1,Germany,651,6265.19,3,1,64014.59,0.0621,0.52,0.4616,14,0,1,CUST003270,0,0.2570810613775067,0.32764980804414834,0,Low Risk
34,8,India,540,94402.12,2,1,138956.23,0.4951,0.96,0.1967,7,2,1,CUST000954,0,0.14249636553491107,0.19243590709583122,0,Low Risk
28,8,India,641,118973.91,1,1,102042.89,-0.0245,0.55,0.5471,15,0,1,CUST007628,0,0.05858656592630934,0.09155438630566874,0,Low Risk
41,3,USA,757,123401.4,4,0,128697.86,0.0992,3.32,0.3812,13,0,0,CUST008993,0,0.6783338701578782,0.6537784637032296,1,High Risk
40,2,India,699,172043.75,2,1,104699.29,0.0596,0.76,0.1277,13,2,1,CUST007444,0,0.12295342994671461,0.19290159275681787,0,Low Risk
22,0,France,670,137550.96,1,0,171534.77,0.3521,2.7,0.3709,12,2,0,CUST006000,0,0.4974890559373925,0.6176832283028543,0,Medium Risk
72,7,USA,639,15256.5,1,1,107725.94,0.1171,1.69,0.2416,9,1,1,CUST000527,1,0.7152347344771709,0.7971844625706194,1,High Risk
37,7,USA,539,51593.2,4,1,151297.13,0.1891,1.11,0.1924,9,0,0,CUST005431,0,0.1829143483028181,0.30299649100739007,0,Low Risk
44,11,Germany,568,129466.96,2,1,42018.08,0.1577,0.32,0.0769,14,0,0,CUST002146,0,0.09158017116283226,0.20984694231132417,0,Low Risk
47,7,Germany,602,26839.86,2,1,47763.96,-0.2579,0.91,0.7723,11,1,1,CUST003806,0,0.24075268599770566,0.4769664859259199,0,Low Risk
25,8,USA,720,17017.72,4,1,100616.94,-0.0202,0.44,0.0823,15,6,1,CUST002849,0,0.23304189023392818,0.22708083808832374,0,Low Risk
29,8,India,710,125287.43,1,1,122803.17,-0.2565,0.09,0.2892,10,1,0,CUST001354,0,0.1841014018252529,0.19737540978743878,0,Low Risk
39,11,USA,533,83558.62,1,1,100727.21,-0.3884,2.02,0.2563,13,5,1,CUST002947,0,0.8177751588704839,0.9107987228620855,1,High Risk
40,10,Germany,570,45121.46,1,1,28972.23,0.1099,0.1,0.0195,8,1,0,CUST007762,0,0.23250865353243014,0.42483851273195666,0,Low Risk
62,13,USA,650,147731.27,2,1,179224.91,0.3435,0.21,0.1942,11,4,1,CUST003915,0,0.19050720098765056,0.1450102743238829,0,Low Risk
42,13,India,543,139920.57,2,0,18000.0,-0.208,0.05,0.6302,13,0,1,CUST003256,0,0.09227347328267774,0.07235388462832854,0,Low Risk
61,10,Germany,619,63117.47,1,0,18000.0,0.1902,0.67,0.3036,9,1,1,CUST004334,0,0.15633340949803176,0.4024949558476903,0,Low Risk
49,6,Germany,582,48801.57,2,0,78327.54,0.2406,0.96,0.6173,16,0,0,CUST007376,0,0.12259638361539865,0.2782120097399702,0,Low Risk
59,10,France,697,63486.59,1,1,80937.86,-0.2177,0.46,0.599,8,1,1,CUST007562,0,0.17532154107347098,0.35056224552528503,0,Low Risk
69,12,France,668,5294.51,2,0,98342.44,0.0448,0.08,0.2531,9,0,1,CUST002188,0,0.2184503681768665,0.24977966279286729,0,Low Risk
45,5,Germany,655,17094.84,1,1,102275.53,0.1986,0.03,0.5226,6,4,1,CUST003783,0,0.21345110731554842,0.3150556918209027,0,Low Risk
25,10,Germany,446,112416.46,1,1,43460.22,0.0325,2.67,0.3067,13,4,1,CUST007022,0,0.7310251110312208,0.8829858444819718,1,High Risk
51,13,France,696,73207.78,2,1,148503.27,0.0786,0.2,0.1708,11,1,1,CUST008913,0,0.06553590508966525,0.1580159865304353,0,Low Risk
64,13,India,743,49665.0,2,1,184544.1,0.3482,0.83,0.6683,11,0,1,CUST002955,0,0.06568080644932812,0.10435061002516535,0,Low Risk
41,10,USA,658,149358.05,1,0,212107.12,0.2051,0.23,0.3632,10,0,0,CUST008820,0,0.0855025428086908,0.09539180328716956,0,Low Risk
21,7,USA,713,150807.87,2,1,201556.23,-0.279,1.3,0.2419,12,0,0,CUST000765,0,0.3424707927624076,0.34042824260797233,0,Medium Risk
45,3,India,576,134759.2,4,1,59949.83,-0.3366,1.52,0.4444,12,1,1,CUST007269,0,0.49410317214009,0.4493352621970681,0,Medium Risk
59,8,USA,736,73970.69,1,1,117339.73,-0.0209,0.28,0.748,12,0,0,CUST001311,0,0.13362452712967401,0.1692787201731576,0,Low Risk
57,3,Germany,634,112405.13,1,1,139772.44,0.1108,1.38,0.1347,13,4,1,CUST001370,1,0.5774121443213834,0.7620046710051639,1,Medium Risk
42,3,India,688,42842.85,3,1,47687.07,-0.0044,0.55,0.4517,4,4,0,CUST005652,0,0.3406796586284825,0.3928394809480118,0,Medium Risk
60,13,USA,606,44514.05,2,1,93125.89,0.1182,2.32,0.3456,13,0,0,CUST010226,0,0.6904257806310038,0.7527028481141932,1,High Risk
72,14,Germany,692,110797.59,2,1,18000.0,-0.2917,1.22,0.6152,11,0,1,CUST000514,1,0.3030907761085834,0.5145819485311444,0,Medium Risk
21,1,France,693,149609.9,1,1,39945.47,-0.53,0.57,0.5135,10,0,0,CUST003061,0,0.3313107501933787,0.3170375295096565,0,Medium Risk
71,7,France,546,71707.65,1,0,29549.21,-0.0487,0.01,0.0489,17,2,0,CUST006449,0,0.2793778616117554,0.5310237923828538,0,Low Risk
43,13,USA,522,51920.54,1,1,150668.61,-0.1767,1.16,0.1082,11,0,1,CUST009113,0,0.5833991131567021,0.6290977039286392,1,Medium Risk
72,7,USA,629,84856.82,1,1,110332.23,-0.1113,0.9,0.4141,13,0,1,CUST010343,0,0.40675881958665605,0.4988562882888873,0,Medium Risk
34,2,USA,666,37735.43,1,1,137837.43,0.053,0.66,0.2611,8,2,1,CUST005899,0,0.22023776312643684,0.3791422775686679,0,Low Risk
37,4,USA,639,67439.61,2,0,18000.0,-0.2748,0.7,0.6017,15,1,1,CUST007109,0,0.18127494527389718,0.23450625611651552,0,Low Risk
52,8,USA,602,47446.23,1,1,127817.6,0.1745,1.39,0.3443,8,0,1,CUST003394,0,0.3069600560925186,0.500972395349747,0,Medium Risk
61,9,Germany,616,104709.52,1,1,98523.98,0.1574,0.57,0.2258,13,1,0,CUST008542,0,0.19766933514668694,0.4481353687471224,0,Low Risk
21,11,India,713,5413.82,1,1,21741.4,0.4874,0.19,0.2217,6,0,0,CUST007164,0,0.10352033567876771,0.07445120071884337,0,Low Risk
34,0,France,636,83544.28,3,1,67206.92,0.2922,0.6,0.1403,14,0,1,CUST007795,0,0.1810645028364082,0.103055469866233,0,Low Risk
26,14,France,762,12450.69,2,0,18000.0,-0.0077,0.02,0.4879,11,2,1,CUST005451,0,0.1526719242740773,0.06725753962636576,0,Low Risk
51,1,India,679,46557.01,1,1,114046.04,-0.1228,0.15,0.2751,11,0,1,CUST008356,0,0.18741465244366912,0.293458442105931,0,Low Risk
35,1,India,558,9718.72,2,1,162294.48,0.2732,1.65,0.4932,15,0,0,CUST006878,0,0.4336923619750977,0.44708576225643654,0,Medium Risk
48,7,Germany,597,116890.05,1,0,152010.93,0.2102,0.01,0.706,12,5,1,CUST000309,0,0.15243737517034966,0.17197930496245717,0,Low Risk
43,4,Germany,595,5500.86,2,1,119635.34,-0.1141,0.3,0.4745,8,4,0,CUST001045,0,0.23473265347658212,0.6253128584683009,0,Low Risk
32,4,India,630,40256.03,1,1,52468.29,0.0557,0.26,0.5311,10,5,1,CUST005241,0,0.2827799946714387,0.2686472493334891,0,Low Risk
29,2,Germany,743,50463.97,2,0,154357.52,0.0023,1.49,0.7251,10,3,0,CUST007169,0,0.4860243350848794,0.5044090206882885,0,Medium Risk
53,4,USA,573,13998.34,1,1,36379.27,-0.1048,0.2,0.2482,8,5,0,CUST002107,1,0.5606912493182928,0.7298186485205328,1,Medium Risk
35,7,Germany,759,74733.14,1,1,168954.85,-0.4476,4.05,0.7566,14,0,1,CUST008705,1,0.6573169563829322,0.9536466835147709,1,High Risk
41,12,India,585,58840.11,1,1,61204.56,0.4673,0.23,0.6563,11,3,1,CUST000141,0,0.07166933048316847,0.0754143737805006,0,Low Risk
50,2,India,787,73742.59,2,0,194984.79,0.087,0.38,0.6161,14,5,1,CUST008635,0,0.11055778481495421,0.17059077504719858,0,Low Risk
34,5,India,708,190163.94,1,1,54155.93,0.2496,0.16,0.3499,14,0,0,CUST008189,0,0.07236408347016826,0.046378721526027095,0,Low Risk
39,12,France,637,96006.78,1,0,123248.7,0.0887,0.31,0.3827,13,2,1,CUST003636,0,0.09308939483909942,0.140633169104082,0,Low Risk
69,14,India,752,109065.32,2,1,131346.25,-0.0649,0.76,0.5732,14,0,1,CUST007145,0,0.11181810068328572,0.16534126952958,0,Low Risk
40,13,USA,615,79369.89,1,1,147532.7,-0.2692,0.52,0.5033,14,1,1,CUST008282,0,0.14198449300109062,0.26640532036419706,0,Low Risk
45,12,India,566,4235.68,1,1,121423.33,-0.2396,1.29,0.4487,11,4,1,CUST004788,1,0.6858740612204798,0.7738622230525023,1,High Risk
64,10,Germany,655,58025.31,2,0,115883.88,-0.1478,0.14,0.8181,12,12,1,CUST001124,0,0.4505160643926021,0.6545475876575848,0,Medium Risk
62,5,France,659,68820.69,3,1,53690.96,0.0132,0.38,0.6139,8,9,0,CUST002670,0,0.3673540511808798,0.5794869654548481,0,Medium Risk
69,3,India,663,83281.07,4,0,161571.23,-0.0445,0.42,0.4583,18,0,0,CUST002694,0,0.16389003601836005,0.17431001057062329,0,Low Risk
54,3,Germany,589,94196.98,2,1,126140.03,0.3809,1.33,0.8025,19,0,0,CUST000252,0,0.18791089828418311,0.23791747555757053,0,Low Risk
23,3,India,564,4606.38,2,1,77012.44,0.1062,1.71,0.4314,14,0,1,CUST007316,0,0.41552451932557566,0.39481161338039333,0,Medium Risk
59,7,USA,721,55344.76,1,0,28017.17,0.5752,0.4,0.2143,13,7,1,CUST010263,0,0.17699448875106658,0.25420738988421726,0,Low Risk
66,13,France,713,92131.1,4,1,59852.78,0.0417,0.2,0.3219,16,0,0,CUST000693,0,0.20981532010949666,0.09899782776109665,0,Low Risk
27,13,USA,766,72032.58,3,1,162427.74,0.0172,2.21,0.2369,13,1,1,CUST008664,0,0.49916316689648127,0.374344822208641,0,Medium Risk
52,1,India,687,49120.27,1,0,53981.51,-0.232,1.27,0.2359,11,0,1,CUST001737,0,0.47350431871470966,0.6461703772354651,0,Medium Risk
34,14,India,698,49893.15,1,0,135838.64,0.1537,0.11,0.2394,10,0,1,CUST001653,0,0.058035661492288934,0.0820561044633558,0,Low Risk
33,5,USA,649,153721.2,2,1,18000.0,0.2556,0.13,0.3837,8,1,0,CUST006493,0,0.062386179696227353,0.0685860103686319,0,Low Risk
72,10,Germany,667,14916.76,1,1,85237.17,0.4555,0.11,0.4167,12,0,1,CUST000381,0,0.21971018790498997,0.17302284711468344,0,Low Risk
68,6,Germany,664,52937.14,1,1,85937.59,0.039,1.98,0.3863,11,1,1,CUST007818,0,0.6851152095679347,0.8326818307992883,1,High Risk
61,13,USA,550,55682.05,2,1,93162.73,-0.0969,2.07,0.4957,11,3,1,CUST000117,0,0.7527699474105521,0.8113875258299758,1,High Risk
18,0,Germany,576,69708.94,2,1,79744.23,-0.4314,0.1,0.6613,12,4,0,CUST010061,0,0.1388230462776102,0.42486803962007635,0,Low Risk
66,1,Germany,591,61446.26,2,1,131711.47,-0.0858,0.19,0.1017,17,3,0,CUST005042,0,0.3570992441528585,0.6649869551702473,0,Medium Risk
43,5,India,605,48356.51,4,0,116981.12,0.2325,1.18,0.0543,12,0,0,CUST006363,0,0.22069640446460473,0.29950588711805404,0,Low Risk
47,3,India,769,84092.39,1,0,148736.86,0.35,0.32,0.4336,9,0,1,CUST002224,0,0.04206349304431236,0.07421136325215023,0,Low Risk
65,8,India,768,122174.84,1,1,50643.96,-0.0495,0.8,0.1977,11,3,0,CUST005768,0,0.5538405279043014,0.5390009153999981,1,Medium Risk
67,7,India,646,63506.09,1,1,117057.39,-0.1516,1.32,0.4494,18,10,1,CUST009914,0,0.7159893429200419,0.8839241693773588,1,High Risk
64,7,India,503,134269.43,3,1,52777.51,0.4497,0.06,0.2832,15,3,1,CUST008299,0,0.1293884503252358,0.09072935988862478,0,Low Risk
43,12,Germany,775,169279.59,4,1,122250.35,-0.421,1.38,0.6,20,7,1,CUST007237,0,0.4177262521937847,0.42610114866764226,0,Medium Risk
55,7,India,596,100840.1,2,1,50994.58,0.2566,0.64,0.3074,11,9,1,CUST009851,0,0.3240845220586131,0.4934910497027592,0,Medium Risk
50,11,France,753,92925.09,1,1,67634.84,-0.2002,0.17,0.3836,7,4,1,CUST000897,0,0.4050810015845524,0.3321649711532804,0,Medium Risk
65,2,India,744,108101.67,1,1,183017.21,0.143,1.37,0.6054,4,1,0,CUST007911,0,0.35442446012818607,0.5442845876636992,0,Medium Risk
26,7,Germany,619,12700.63,1,0,239602.51,-0.0385,0.02,0.0391,12,3,1,CUST004849,0,0.3312687956537279,0.3931229008369618,0,Medium Risk
57,12,Germany,634,4496.23,2,1,135650.18,-0.4339,0.14,0.7435,12,2,1,CUST008694,0,0.30588570025281697,0.43874811404063346,0,Medium Risk
21,12,India,640,42465.94,1,0,94108.93,-0.5374,0.29,0.7165,12,12,1,CUST009513,0,0.2655520994691877,0.6488164641595453,0,Low Risk
68,5,USA,515,63460.99,1,1,98963.74,-0.1421,0.69,0.4932,11,0,1,CUST003699,0,0.38764833672009724,0.5463892260775682,0,Medium Risk
19,14,India,658,158836.96,1,1,162630.45,0.4196,0.57,0.6448,13,0,1,CUST008682,0,0.05687639505851506,0.018953655147182252,0,Low Risk
73,12,France,615,33929.64,1,1,50276.83,-0.1656,1.84,0.4572,10,0,1,CUST002005,0,0.7454945382528981,0.8154755928867405,1,High Risk
56,1,Germany,601,169015.08,1,0,68532.29,-0.0274,1.26,0.3658,11,0,0,CUST004546,1,0.300772639983504,0.6056840020996503,0,Medium Risk
51,13,France,671,63064.75,1,1,108459.08,0.0633,0.09,0.1437,17,8,0,CUST005251,0,0.39694794078208173,0.506967071257803,0,Medium Risk
38,11,Germany,698,52421.87,1,1,141339.57,-0.1027,0.17,0.5745,16,1,0,CUST005591,0,0.11603375194834985,0.2148574370931016,0,Low Risk
66,8,France,678,244710.28,1,1,177029.69,-0.1066,0.02,0.1789,16,3,0,CUST004329,0,0.36641534860968616,0.2610218632003495,0,Medium Risk
33,10,USA,631,78397.88,1,1,146411.1,0.6144,3.49,0.3153,8,2,0,CUST009988,0,0.6447855348867365,0.81256807928899,1,High Risk
34,6,India,591,56361.43,2,1,103453.31,0.2904,0.02,0.5192,9,6,0,CUST001108,0,0.18752127882674038,0.19363207662797324,0,Low Risk
74,5,USA,545,21368.45,2,1,144772.65,0.1091,0.65,0.4678,9,1,1,CUST009735,0,0.34737707277211216,0.48699330482620856,0,Medium Risk
36,6,USA,586,141405.83,1,1,83463.5,0.1219,0.8,0.3894,9,1,1,CUST003697,0,0.07539092685488712,0.20679917135616135,0,Low Risk
54,8,Germany,570,63352.49,1,1,134284.08,0.177,0.64,0.4648,13,2,1,CUST005697,0,0.13607268585059365,0.3881169239519251,0,Low Risk
64,11,India,704,47943.4,1,1,187556.87,0.2991,0.22,0.9401,17,0,1,CUST009944,0,0.10260495424847908,0.050991397403045986,0,Low Risk
38,5,Germany,686,34804.47,2,1,80068.8,-0.1174,0.16,0.5253,14,3,1,CUST003398,0,0.16954239472515353,0.24700345276099323,0,Low Risk
43,5,Germany,644,70746.58,2,1,103614.99,0.2384,0.44,0.061,12,0,1,CUST007443,1,0.07677528156776814,0.21378251929648892,0,Low Risk
20,0,India,605,67840.76,1,1,175522.67,-0.1566,1.39,0.591,18,0,0,CUST003972,1,0.35198418287375477,0.40856524708362435,0,Medium Risk
24,3,USA,599,114188.34,1,0,70526.62,-0.5669,1.07,0.6736,11,3,1,CUST007572,0,0.3283843403295343,0.541928676604159,0,Medium Risk
19,7,France,750,23175.19,1,1,18000.0,0.2977,0.13,0.558,12,3,1,CUST009366,0,0.06491662963549694,0.059658540469109095,0,Low Risk
32,3,USA,716,31102.11,4,0,122031.49,0.1192,1.73,0.6509,16,1,0,CUST001100,0,0.3847248313823047,0.23345973352375904,0,Medium Risk
52,12,Germany,642,140619.27,1,1,107894.68,-0.334,0.15,0.5668,12,1,1,CUST003497,0,0.09890805959041572,0.2629800552694612,0,Low Risk
69,8,India,569,33394.37,1,0,77867.17,0.1415,0.5,0.5454,9,2,0,CUST009029,0,0.15532248203556642,0.4782871218503739,0,Low Risk
38,9,India,715,87145.1,2,0,81336.91,-0.0515,0.36,0.1365,11,0,1,CUST006983,0,0.12054598961551362,0.13269218966552257,0,Low Risk
69,13,France,669,106871.68,1,1,61847.56,0.1573,0.11,0.3062,10,0,1,CUST009872,0,0.22292225438452667,0.15414918104080302,0,Low Risk
37,6,USA,626,104230.36,3,1,63551.51,-0.0253,1.39,0.184,11,5,1,CUST009772,0,0.5900284777057515,0.5355933465167017,1,Medium Risk
59,4,India,795,114559.68,1,1,194540.17,-0.5773,0.03,0.2151,9,1,1,CUST001734,0,0.30858394757856156,0.4415750800402418,0,Medium Risk
52,2,India,681,213449.74,2,1,18000.0,-0.4375,0.6,0.2234,15,1,0,CUST000068,0,0.24386859321173607,0.3778067014785011,0,Low Risk
47,9,Germany,731,84197.89,1,0,91295.14,0.4825,2.83,0.1642,9,0,0,CUST003328,1,0.5536792716880964,0.7595101195551524,1,Medium Risk
25,6,France,684,146888.29,2,1,198721.29,0.0571,0.44,0.2333,14,0,1,CUST009382,0,0.06938451768947146,0.07392147719113175,0,Low Risk
22,6,France,772,73198.16,2,1,115601.36,-0.6165,0.46,0.2557,15,0,0,CUST010228,0,0.2781430602313802,0.3277477759458625,0,Low Risk
56,8,USA,642,106795.48,1,0,157059.33,0.2292,0.11,0.0575,13,7,0,CUST001303,0,0.2835145732859123,0.4566131968342619,0,Low Risk
63,6,USA,678,83947.87,2,0,141509.12,0.2837,0.63,0.4321,10,1,0,CUST006968,0,0.10590177158234765,0.233258117513234,0,Low Risk
52,9,Germany,741,27159.54,1,1,116037.34,0.0299,1.65,0.4787,10,1,0,CUST003834,0,0.48114988284110943,0.721688905156129,0,Medium Risk
39,1,India,616,188751.83,3,1,110082.9,-0.0931,1.24,0.3717,12,6,1,CUST001834,0,0.30216965274686475,0.4382858884838992,0,Medium Risk
26,9,France,591,28053.44,1,1,146769.94,0.5645,0.45,0.4195,9,3,0,CUST008233,0,0.06726790735744709,0.15913276662133724,0,Low Risk
61,1,USA,642,171113.68,2,1,118559.83,0.0149,0.69,0.4705,12,3,1,CUST000259,0,0.18945251053911405,0.28954464348082515,0,Low Risk
74,6,USA,576,162981.06,2,0,18000.0,-0.1332,0.22,0.3163,12,6,1,CUST005159,0,0.28030108645547425,0.4776535206153591,0,Low Risk
52,7,USA,600,153.83,1,1,57901.66,-0.0776,0.22,0.68,18,5,1,CUST003182,0,0.30575442401617775,0.3679695500377895,0,Medium Risk
71,8,USA,670,38950.97,1,1,91279.65,0.266,0.04,0.7087,15,3,1,CUST001479,0,0.24448269529219677,0.1530303220893165,0,Low Risk
53,10,India,608,78646.4,2,1,44435.08,-0.1035,0.52,0.821,12,0,0,CUST001361,0,0.12802921279774665,0.18641484499530583,0,Low Risk
57,3,France,561,127323.01,3,0,104132.51,0.2596,0.07,0.4988,13,1,1,CUST001382,0,0.08471026759048049,0.07050020433650417,0,Low Risk
24,1,France,466,47543.67,2,1,105554.1,0.0594,0.88,0.3639,11,8,1,CUST004817,1,0.27854133640612005,0.6487245652477399,0,Low Risk
65,9,India,595,132533.46,1,1,137504.14,-0.0488,0.21,0.1734,16,0,0,CUST008266,0,0.268452685235413,0.31067383253330405,0,Low Risk
25,12,France,706,1181.04,1,1,137144.12,-0.2486,0.38,0.1079,11,1,0,CUST002644,0,0.4500928649988276,0.4275964449173547,0,Medium Risk
41,14,Germany,617,32584.69,1,1,107605.04,-0.1819,0.02,0.5026,8,1,1,CUST000839,0,0.15455003313858712,0.28328303741969363,0,Low Risk
63,1,USA,704,71395.7,1,1,18000.0,0.1106,0.04,0.079,12,5,1,CUST010450,0,0.21469716677851977,0.42558767515834234,0,Low Risk
34,11,Germany,504,205480.37,1,1,184406.08,0.0971,2.14,0.3423,12,0,0,CUST005721,0,0.4661913824085269,0.6219429538747254,0,Medium Risk
53,7,Germany,615,17067.58,1,1,117235.66,-0.1936,0.2,0.0711,12,0,1,CUST006168,0,0.2842170438643023,0.5496053267130533,0,Low Risk
46,8,India,606,142385.87,2,1,107031.37,0.3725,1.75,0.1851,11,1,0,CUST003784,0,0.36719159332347795,0.4059085530519852,0,Medium Risk
22,6,Germany,646,201738.97,1,1,82627.16,0.2279,0.71,0.3223,11,1,1,CUST000998,0,0.12567730898384097,0.10411342310264549,0,Low Risk
29,4,India,562,146010.98,3,1,123510.88,0.2411,0.59,0.2201,9,1,1,CUST006939,0,0.11089406046012355,0.09560538436004994,0,Low Risk
18,1,Germany,690,77387.44,1,1,60155.4,0.1355,0.62,0.4379,11,3,1,CUST000149,1,0.18676842341738545,0.2235090198387101,0,Low Risk
41,1,India,623,32557.61,1,1,18000.0,0.0794,2.67,0.4821,13,0,1,CUST002362,0,0.7161514566503847,0.7621714974474827,1,High Risk
18,5,India,609,32019.55,1,1,134425.27,-0.1065,0.87,0.3886,13,3,0,CUST001207,1,0.426452737609613,0.4756875845959125,0,Medium Risk
20,1,India,618,141512.07,2,0,110238.11,0.1768,1.6,0.1959,15,0,1,CUST008093,0,0.21448691243460302,0.19878879816822018,0,Low Risk
68,10,Germany,548,145234.76,4,1,107895.65,0.4823,0.07,0.5386,10,0,0,CUST002240,0,0.2010531931625486,0.06269134550645489,0,Low Risk
51,14,India,798,27829.31,2,1,156983.91,-0.013,0.66,0.3341,15,6,1,CUST003779,0,0.274677430822171,0.3559199892076544,0,Low Risk
68,1,France,514,9823.08,1,1,49799.71,-0.2035,0.76,0.1383,14,0,0,CUST001309,1,0.4747801885123961,0.8324925512640259,0,Medium Risk
55,5,Germany,572,133361.66,2,1,48748.1,0.1903,0.35,0.1013,8,1,1,CUST009875,0,0.11772790574107773,0.2925724888267208,0,Low Risk
20,11,France,692,35199.53,2,1,21931.58,-0.1468,0.07,0.5213,13,4,1,CUST003000,0,0.08933382996758348,0.12402226753789726,0,Low Risk
39,3,USA,678,168550.83,2,1,75736.66,-0.2725,0.65,0.4392,17,4,1,CUST002309,0,0.20501132417362805,0.2599070220701064,0,Low Risk
59,14,India,554,47995.06,1,0,79615.76,0.2469,0.22,0.7289,15,4,1,CUST010041,0,0.1783042701980828,0.16228450771865818,0,Low Risk
36,8,USA,673,69344.64,1,1,185899.58,0.0662,1.64,0.3162,13,0,1,CUST001502,0,0.2620768092378011,0.41650353266381,0,Low Risk
49,14,India,646,17517.2,1,1,193631.74,-0.0625,0.58,0.8137,10,1,1,CUST006372,0,0.20956305455076982,0.2290202015783475,0,Low Risk
46,10,USA,688,141933.42,2,1,146522.94,-0.0585,0.78,0.0571,13,8,1,CUST000730,0,0.3619316625359653,0.5460589126626666,0,Medium Risk
68,0,India,625,45843.91,3,1,47268.94,-0.4084,0.45,0.468,12,1,1,CUST006542,1,0.2302548397052662,0.4964930327657606,0,Low Risk
60,2,USA,533,189323.89,2,1,87819.29,0.0558,0.52,0.3372,12,0,0,CUST010105,0,0.20316490953269495,0.26054153788673207,0,Low Risk
44,1,USA,709,106177.13,1,1,47279.05,0.0658,0.36,0.6323,19,3,0,CUST010012,0,0.16825002405518802,0.1712463705379786,0,Low Risk
46,8,India,850,64521.88,1,0,130262.43,-0.0275,0.46,0.6056,16,0,1,CUST001495,0,0.0498993739570809,0.08357673454524128,0,Low Risk
61,10,India,588,50707.49,2,0,173203.8,-0.1681,0.22,0.5009,16,1,0,CUST006251,0,0.17719071351442556,0.311810055718358,0,Low Risk
39,5,India,719,78589.68,2,1,90135.51,0.2209,1.53,0.5185,13,1,0,CUST001038,0,0.25479792907363924,0.2851807614472742,0,Low Risk
73,12,USA,573,39404.48,1,1,112665.9,-0.0377,0.44,0.6374,11,4,1,CUST004644,0,0.4376262123330338,0.5169499445807911,0,Medium Risk
74,10,India,673,65384.26,1,1,207409.06,0.5884,0.29,0.5969,19,1,1,CUST007831,0,0.16429357375570952,0.06929955724315903,0,Low Risk
56,5,India,635,184570.85,1,0,148128.14,0.2921,0.21,0.4626,14,6,1,CUST004111,0,0.1460314662168426,0.1533814644273256,0,Low Risk
49,10,India,614,11687.12,2,1,140786.99,-0.2446,1.26,0.5295,12,1,0,CUST008745,0,0.40831733789851127,0.6449595868508398,0,Medium Risk
51,4,India,696,148414.11,2,0,108655.04,-0.0834,0.59,0.3944,13,8,1,CUST001606,0,0.29522617101305515,0.4204443864878993,0,Low Risk
61,12,USA,677,86569.96,1,1,61282.77,-0.39,0.08,0.2323,7,1,1,CUST000144,0,0.38125518792407936,0.42907493486678655,0,Medium Risk
65,1,India,683,34266.58,2,1,99812.94,0.0722,1.11,0.5789,13,11,0,CUST002020,0,0.4565534142697065,0.8561192816895344,0,Medium Risk
52,8,India,663,66935.44,1,1,74422.97,0.0736,2.09,0.3567,13,1,1,CUST007867,0,0.6635896242058815,0.6557823087042666,1,High Risk
34,4,USA,644,69813.82,2,0,105141.97,-0.3158,0.21,0.305,18,3,1,CUST006801,0,0.2544131364948969,0.2568076523960424,0,Low Risk
42,4,India,618,62330.05,2,1,94912.58,0.1179,0.66,0.1967,11,0,1,CUST009068,0,0.18681258127782857,0.22656622927561165,0,Low Risk
23,11,France,663,122204.83,2,1,136873.32,-0.6333,1.05,0.6013,13,0,1,CUST001904,0,0.17965540503556632,0.29927344119835925,0,Low Risk
29,2,Germany,693,1139.51,2,1,64942.42,-0.1273,1.43,0.8257,10,0,0,CUST010219,0,0.3782430246208067,0.49407474396531414,0,Medium Risk
64,2,India,670,103757.04,2,0,104612.88,-0.0118,0.91,0.2226,11,0,0,CUST003471,0,0.32364913837800846,0.4650855795989363,0,Medium Risk
25,4,India,639,102176.81,1,0,157062.58,-0.351,0.06,0.5605,13,0,1,CUST004538,0,0.17505078816243086,0.12163810996079727,0,Low Risk
58,10,USA,593,137738.94,1,0,112072.86,-0.0232,0.97,0.7546,18,5,0,CUST007623,0,0.39664952220937666,0.4372925651715897,0,Medium Risk
34,13,India,484,83505.68,2,1,91158.35,0.3782,0.21,0.4036,12,1,0,CUST001234,0,0.0955920057350741,0.08771671519798853,0,Low Risk
60,8,India,810,6394.31,2,1,154065.95,-0.1523,0.56,0.2707,17,1,1,CUST007937,0,0.2955311703485707,0.31087304378266717,0,Low Risk
64,11,India,599,199472.42,2,1,66327.66,-0.3718,0.21,0.3861,13,0,0,CUST002468,0,0.13058960113575,0.256162570437113,0,Low Risk
61,13,USA,573,77983.35,2,0,208894.42,0.0412,0.14,0.6147,16,3,1,CUST005714,0,0.2518736585685957,0.16077338671627744,0,Low Risk
70,14,France,638,89228.19,1,1,71457.49,0.1756,0.33,0.4211,14,0,1,CUST009083,0,0.09729330341912791,0.16385517282605602,0,Low Risk
46,13,USA,640,64487.28,1,0,153800.25,-0.2224,0.05,0.551,9,1,1,CUST002082,0,0.13538509027626197,0.19485015458554383,0,Low Risk
58,2,India,552,164920.58,2,1,139787.59,0.1293,0.34,0.2855,12,0,0,CUST000232,0,0.13007968039270223,0.21219090901564147,0,Low Risk
26,13,USA,686,187570.72,1,0,75272.56,-0.0546,0.43,0.326,7,0,0,CUST007127,0,0.12084809493162237,0.10612838634891913,0,Low Risk
19,10,USA,569,145779.26,3,1,54706.52,0.3968,1.52,0.2789,9,2,1,CUST007984,0,0.2718019402354572,0.13253107417822071,0,Low Risk
67,14,India,684,74539.5,1,0,109243.98,0.0662,0.88,0.5033,8,0,1,CUST008651,0,0.13254836617656024,0.29211561524547514,0,Low Risk
54,2,USA,594,65723.15,2,1,163540.8,0.2292,1.61,0.7115,9,11,1,CUST003386,0,0.422484797395777,0.8139758670778737,0,Medium Risk
30,6,France,594,37959.85,1,1,65846.33,-0.1704,0.95,0.2881,13,0,0,CUST002130,0,0.308335748956899,0.5187511530650499,0,Medium Risk
47,2,USA,675,99061.76,2,1,110501.37,0.2996,0.84,0.2622,6,1,0,CUST010372,0,0.2079348841170015,0.2930587942827298,0,Low Risk
71,9,India,686,55957.53,2,1,70007.78,0.0267,2.41,0.235,7,5,1,CUST005375,0,0.8474866054369776,0.9193329747334362,1,High Risk
40,13,India,697,90074.99,3,1,18000.0,-0.0549,4.51,0.5572,16,5,1,CUST001420,1,0.7519473082670608,0.9411701742348503,1,High Risk
27,2,USA,721,132067.03,1,0,132737.75,-0.2619,0.94,0.0797,6,2,1,CUST000591,1,0.3704243487293506,0.4808283030363023,0,Medium Risk
30,4,Germany,751,62664.07,2,1,47052.88,0.2889,1.8,0.6253,12,0,1,CUST008418,0,0.24616752308038609,0.22861090318708563,0,Low Risk
45,14,USA,583,10697.48,2,1,18000.0,0.3848,1.93,0.3061,19,1,1,CUST005734,0,0.42086753833439255,0.3762732249135919,0,Medium Risk
63,9,Germany,615,158242.3,1,0,104901.05,0.2371,0.88,0.2615,15,4,1,CUST004095,0,0.255702137509018,0.42923007471581054,0,Low Risk
67,13,Germany,640,122656.15,1,1,135626.86,0.1168,0.14,0.2943,12,4,1,CUST007523,0,0.2879702433653801,0.34994421419973876,0,Low Risk
18,1,India,640,19697.06,1,1,69191.46,0.1344,2.68,0.4665,15,2,0,CUST002609,1,0.7182500401729695,0.7659003328911993,1,High Risk
48,4,Germany,621,13789.31,1,0,18000.0,0.2667,0.46,0.5298,14,1,1,CUST004880,0,0.10535202745859303,0.23081132455024791,0,Low Risk
37,5,Germany,640,79875.75,2,1,153132.5,0.2204,0.12,0.6162,17,6,1,CUST004065,0,0.14229715655905742,0.15334247223074407,0,Low Risk
30,14,India,726,97937.21,1,1,123891.67,0.1511,1.9,0.1673,19,2,1,CUST001851,0,0.27308748291358936,0.3484568350580747,0,Low Risk
33,7,India,543,6491.78,2,0,85592.46,-0.0232,2.1,0.2181,12,0,1,CUST007786,1,0.6962260294543043,0.691043236098911,1,High Risk
53,1,France,772,95182.68,1,1,99284.92,0.1552,0.11,0.4265,16,0,1,CUST000363,0,0.11051728182712393,0.08748622538615612,0,Low Risk
41,2,India,657,96524.96,1,1,110546.55,-0.479,0.35,0.4219,13,0,0,CUST001908,0,0.3991762811742857,0.4238956064029987,0,Medium Risk
67,8,India,684,192883.88,1,1,82426.36,-0.0126,0.7,0.5827,11,0,0,CUST000307,0,0.09938029662292189,0.22955994780242875,0,Low Risk
70,6,USA,649,114716.84,2,1,93930.98,-0.1219,1.05,0.2518,12,1,1,CUST006478,0,0.3522063683358656,0.528700917926419,0,Medium Risk
18,2,France,737,99986.64,1,1,32972.92,0.2385,0.01,0.4467,10,1,0,CUST005232,0,0.08725711144380752,0.0588491466749248,0,Low Risk
33,10,France,641,40221.83,2,1,112679.03,-0.1271,0.11,0.143,11,2,0,CUST001769,0,0.10504357871788486,0.3110923934121438,0,Low Risk
21,14,India,568,139383.37,2,1,18000.0,-0.2891,0.3,0.0902,14,0,0,CUST002565,0,0.23435269241476106,0.17221253780939322,0,Low Risk
43,13,USA,684,2205.09,1,1,45258.14,0.2028,1.68,0.2032,11,3,1,CUST009175,0,0.3846928291614676,0.616460910455792,0,Medium Risk
52,2,India,676,73368.2,2,0,162919.11,0.0577,0.12,0.3199,14,0,0,CUST002129,0,0.13317613146980092,0.16892975644872815,0,Low Risk
41,7,USA,607,10451.91,1,1,159845.34,0.2149,0.19,0.3259,10,1,1,CUST006276,0,0.11940803102230282,0.1983470742946267,0,Low Risk
32,12,USA,627,189985.51,1,1,18000.0,-0.0358,0.67,0.3857,11,2,0,CUST008543,0,0.15258659861941212,0.19636771752318594,0,Low Risk
37,6,USA,674,38919.55,1,1,73727.88,0.1516,2.61,0.3451,16,3,1,CUST003970,0,0.7575297890576692,0.7635752167570572,1,High Risk
36,7,Germany,704,4082.11,1,0,70172.08,0.0345,0.66,0.3723,6,3,1,CUST007140,0,0.4371644553608469,0.47398963892158563,0,Medium Risk
41,11,USA,610,105140.5,1,0,18000.0,0.5211,0.24,0.6762,10,4,1,CUST005238,0,0.07462461491739364,0.05880299107157532,0,Low Risk
27,2,India,613,21171.29,2,0,55951.54,0.0712,0.89,0.2121,14,6,1,CUST009741,0,0.2847161502512203,0.4772942706095301,0,Low Risk
50,1,France,602,152472.34,4,0,49173.59,0.1118,0.44,0.4024,14,0,1,CUST001385,0,0.1261541057834076,0.06944360820269722,0,Low Risk
23,11,India,703,83804.15,1,1,108197.95,0.0366,0.29,0.3921,8,2,1,CUST004619,0,0.05664872287377997,0.11315655509931898,0,Low Risk
52,2,France,735,116283.5,1,1,205087.99,-0.1852,0.23,0.8323,18,1,1,CUST003962,0,0.17491657806585206,0.1245563599446814,0,Low Risk
70,3,India,650,750.59,4,1,26246.0,0.1286,0.37,0.2827,15,0,1,CUST010486,0,0.16057331724888207,0.18684596809992282,0,Low Risk
26,2,USA,720,25183.43,2,0,95515.9,0.2323,0.62,0.2756,7,7,0,CUST006938,0,0.11614416693674169,0.4256359661783534,0,Low Risk
26,3,France,756,20308.45,2,1,116981.66,-0.1767,0.14,0.2856,8,7,0,CUST007448,0,0.24561219537694587,0.5021153174117877,0,Low Risk
55,1,USA,610,116275.03,2,1,85884.85,-0.2849,2.01,0.3241,17,2,1,CUST000025,0,0.7047822106486799,0.7907700841485537,1,High Risk
18,2,France,723,187073.77,2,1,123023.64,0.4148,0.57,0.243,14,0,1,CUST001504,0,0.07996098068232214,0.026712141488259022,0,Low Risk
35,9,France,708,21797.27,1,1,78938.27,0.2538,1.38,0.0976,13,6,1,CUST000668,0,0.40338316829462767,0.6107858370629065,0,Medium Risk
20,5,USA,636,57637.45,1,0,100624.49,0.215,0.62,0.5738,14,1,0,CUST004164,0,0.055880623687077115,0.12230075197454522,0,Low Risk
49,9,Germany,628,64120.46,2,1,116289.03,0.1973,0.42,0.3982,8,0,1,CUST002230,0,0.06182546678459268,0.1929941687514568,0,Low Risk
29,0,India,698,95694.6,3,0,113915.9,0.0488,0.74,0.3021,12,1,0,CUST002919,0,0.13186715465639914,0.17060831382332858,0,Low Risk
64,4,Germany,698,122000.39,1,1,134285.11,-0.151,0.05,0.3163,13,9,1,CUST005696,0,0.5519241167912359,0.6765916696938542,1,Medium Risk
69,0,India,712,57485.88,1,1,99265.71,0.4579,0.11,0.561,8,4,0,CUST004902,0,0.24172377747219784,0.2600106453007238,0,Low Risk
34,13,Germany,699,57658.37,2,1,140011.4,0.3057,0.44,0.365,10,1,1,CUST009344,0,0.05395922864257483,0.10318005781067162,0,Low Risk
42,5,France,827,48730.43,1,0,121113.59,0.3081,1.13,0.3436,3,0,0,CUST003694,0,0.15519604110058108,0.3041282437831721,0,Low Risk
73,11,India,544,43060.25,2,1,110230.07,-0.0479,0.75,0.6974,8,0,1,CUST004384,0,0.3475158945178178,0.38931733637270266,0,Medium Risk
30,12,France,594,14671.28,2,0,18000.0,0.1047,1.27,0.2267,13,0,1,CUST009946,0,0.2803550106142346,0.29647252046950606,0,Low Risk
71,5,France,673,83872.16,1,1,183391.58,0.1601,0.41,0.2846,14,2,0,CUST006383,0,0.20505203887709555,0.43241591001154583,0,Low Risk
38,13,France,616,102684.77,1,1,166362.51,-0.0627,0.88,0.6832,16,0,0,CUST009679,0,0.16960117094504715,0.21320345223830328,0,Low Risk
18,5,USA,586,81160.5,1,1,72287.64,-0.4253,2.03,0.1488,15,0,1,CUST009262,0,0.6336198843825757,0.747021226005406,1,High Risk
71,4,India,664,7902.29,2,0,106408.1,0.1251,0.4,0.0816,10,0,0,CUST007201,0,0.22588987889097653,0.4692916016340929,0,Low Risk
24,14,USA,626,69073.14,1,0,98312.15,0.1035,0.19,0.4021,8,2,0,CUST009571,0,0.07893264402739529,0.14414608176816485,0,Low Risk
61,10,Germany,638,142477.21,3,1,61191.06,0.2955,0.89,0.5361,16,0,1,CUST001817,0,0.08051162225901823,0.10673378512395713,0,Low Risk
55,6,USA,774,14540.63,3,1,18000.0,-0.5665,0.24,0.227,16,7,1,CUST010498,0,0.37832484847472286,0.6419466312320752,0,Medium Risk
44,11,India,603,29742.47,2,1,131590.64,0.0124,1.29,0.7038,13,0,1,CUST006432,0,0.23792581882213068,0.27037866318358217,0,Low Risk
65,9,India,607,162606.34,3,1,168796.52,0.0835,0.04,0.8147,14,0,0,CUST008229,0,0.06353985723540706,0.055162080167389625,0,Low Risk
33,7,USA,651,3186.76,2,1,120910.8,0.8064,0.2,0.3156,11,1,1,CUST002879,0,0.0665462377225302,0.036114037653937,0,Low Risk
21,10,India,635,172781.13,1,0,145049.97,0.1164,1.17,0.4908,11,1,0,CUST006073,1,0.12691332149234852,0.1602135329228305,0,Low Risk
24,0,India,704,53281.69,1,0,72577.78,0.0217,1.98,0.4381,12,0,1,CUST005972,0,0.4308697248683461,0.4518108788663136,0,Medium Risk
64,0,India,598,84057.28,4,1,145753.63,0.1546,1.22,0.4312,10,0,0,CUST001757,0,0.23813142090936082,0.3830170496589734,0,Low Risk
57,0,India,672,108418.19,2,1,138159.95,0.2037,1.21,0.0941,17,3,1,CUST000301,1,0.3409979130724393,0.4482416187636176,0,Medium Risk
65,12,Germany,505,54972.91,2,1,57179.33,-0.1927,0.46,0.3275,12,0,1,CUST002209,0,0.1929335460229936,0.5177041403743378,0,Low Risk
48,11,India,611,7592.79,3,1,94758.6,0.284,1.35,0.2482,13,3,0,CUST000434,0,0.44175669456528266,0.4850294559124904,0,Medium Risk
62,13,USA,720,80503.82,2,1,71836.82,0.1177,2.58,0.4928,8,1,1,CUST004513,0,0.5818499627927447,0.6792110371414071,1,Medium Risk
62,5,USA,596,101266.82,2,1,90672.2,0.0661,0.24,0.3038,10,0,1,CUST005657,0,0.17137139624262995,0.20485214066765073,0,Low Risk
19,11,USA,660,167029.37,1,1,138543.15,0.2869,0.41,0.5491,12,4,0,CUST005880,0,0.058330502253063736,0.07467235065397787,0,Low Risk
30,14,USA,629,161618.59,1,1,113404.63,0.1005,0.1,0.6515,15,0,1,CUST000864,0,0.03613418967051649,0.028156020478252157,0,Low Risk
36,3,India,550,65900.7,2,0,100197.37,-0.0813,0.04,0.5756,9,5,1,CUST009441,0,0.25240131646733066,0.2533315138608623,0,Low Risk
32,12,France,724,32912.34,1,1,129199.68,0.1104,0.4,0.7134,9,0,1,CUST003874,0,0.0489166151573143,0.08205015463022804,0,Low Risk
20,8,USA,653,41676.77,3,1,126294.59,0.1392,1.4,0.4727,16,6,1,CUST003416,0,0.34445699487163384,0.30402887716745813,0,Medium Risk
54,13,India,635,43650.11,1,1,175344.64,0.2075,0.62,0.2161,8,0,1,CUST002657,0,0.19715995913063203,0.27453172433290196,0,Low Risk
45,4,India,731,184149.96,1,0,92355.02,-0.5037,1.7,0.5596,13,0,1,CUST005511,0,0.4467354620630388,0.5055508708843771,0,Medium Risk
24,8,USA,545,78640.46,1,1,84398.21,-0.1896,0.15,0.1935,14,0,1,CUST006190,0,0.17477772868663322,0.19084385363733156,0,Low Risk
71,9,India,718,60908.62,1,1,77926.25,0.0363,1.13,0.3566,18,1,1,CUST001455,0,0.24490855973632863,0.4338773608357483,0,Low Risk
56,8,India,723,53898.53,1,1,105849.15,0.0152,1.57,0.5466,9,4,0,CUST005121,1,0.7427831879861752,0.7299534096499557,1,High Risk
71,0,India,749,32754.44,1,1,170584.67,-0.3164,1.03,0.3672,8,3,0,CUST006046,0,0.626225171712808,0.8725935941674924,1,High Risk
48,13,Germany,672,206690.55,2,1,75404.14,0.1341,0.69,0.1464,8,0,1,CUST004925,0,0.13726988543502325,0.1516509840686131,0,Low Risk
20,1,France,692,143734.67,3,1,83654.27,0.0735,2.25,0.6363,14,0,1,CUST003683,0,0.42452528051641475,0.2070807893271259,0,Medium Risk
21,13,Germany,553,90447.22,2,1,74244.17,0.0365,0.61,0.6964,8,0,0,CUST001393,0,0.10207782926825086,0.1513896836396013,0,Low Risk
33,3,USA,646,85106.93,1,1,125669.1,-0.097,0.61,0.3637,13,8,1,CUST004706,0,0.5433446763771904,0.5574070535343502,1,Medium Risk
56,10,USA,560,81177.99,2,1,40880.37,0.0892,1.29,0.2155,9,0,0,CUST006349,0,0.386477878988456,0.5537024382799338,0,Medium Risk
51,7,India,721,115583.41,3,0,78448.78,-0.4274,0.02,0.3839,9,0,1,CUST001047,0,0.18691807527651882,0.14418985107966747,0,Low Risk
39,7,Germany,676,46408.45,1,1,97239.62,-0.2475,0.45,0.2969,13,2,1,CUST007648,1,0.22108067685557287,0.4753012760236581,0,Low Risk
60,3,India,776,64542.13,2,0,37847.68,0.2948,2.3,0.5461,13,1,1,CUST001215,0,0.4296518791747129,0.4588244971629503,0,Medium Risk
26,6,India,634,7995.7,1,1,117156.76,0.2043,1.1,0.1249,19,4,0,CUST009576,0,0.37527585638355054,0.5061051434732712,0,Medium Risk
50,9,India,683,164351.73,1,0,23427.61,0.0376,0.42,0.2764,5,0,1,CUST001291,0,0.08443500845908136,0.14970695470572598,0,Low Risk
60,11,Germany,689,2117.63,1,1,108984.6,0.1374,0.33,0.6625,12,3,0,CUST005523,0,0.28185005342083796,0.40701886835341855,0,Low Risk
37,1,USA,731,29721.84,1,1,103699.64,-0.4139,0.47,0.5472,14,2,0,CUST008955,0,0.247413833489658,0.48938877787476104,0,Low Risk
46,7,India,745,83113.72,1,1,107135.15,0.0212,0.33,0.2215,10,4,1,CUST004774,0,0.239105219079222,0.29776512274800615,0,Low Risk
67,0,Germany,609,61960.83,1,0,111851.41,0.2346,0.13,0.6767,15,2,1,CUST006798,0,0.231363966561037,0.24060248988364594,0,Low Risk
30,1,USA,690,125261.87,2,0,100202.29,0.0293,0.28,0.3516,11,1,1,CUST007355,0,0.08534918071436333,0.0901714135626305,0,Low Risk
61,5,Germany,695,81126.88,2,1,155008.81,0.5729,4.12,0.6257,19,4,1,CUST004633,0,0.5334482059044797,0.8985395487536744,1,Medium Risk
40,14,India,716,53071.69,3,1,92114.21,-0.3051,0.55,0.4313,17,0,0,CUST005651,0,0.20351722350026855,0.17736682159654585,0,Low Risk
36,3,USA,615,212903.47,1,0,115061.15,-0.3725,0.27,0.4832,12,1,1,CUST004438,0,0.13674587728380133,0.17079507700201738,0,Low Risk
65,4,India,611,13607.28,3,1,116448.9,-0.0453,1.22,0.1925,16,1,0,CUST004951,0,0.40909976855054125,0.6760966256291027,0,Medium Risk
65,3,India,518,170073.6,2,0,77097.2,0.6557,0.69,0.0443,14,1,1,CUST000138,0,0.19774757872551393,0.13431513106297038,0,Low Risk
39,2,India,780,51540.9,2,0,53646.09,0.4694,0.41,0.2483,10,0,0,CUST001790,0,0.0678660444840373,0.0793626077431335,0,Low Risk
18,6,USA,626,60884.92,2,1,129983.44,-0.2344,0.3,0.7047,16,5,0,CUST005624,0,0.13600267095485313,0.2349495435280913,0,Low Risk
67,1,Germany,690,32629.22,2,1,82612.14,-0.052,0.26,0.2096,12,0,1,CUST009614,0,0.27863412316236846,0.4309097586223189,0,Low Risk
64,9,Germany,642,53695.55,1,1,36766.34,0.0703,1.54,0.0754,13,4,1,CUST000063,0,0.7106251426121345,0.8519933014375124,1,High Risk
31,11,India,605,169783.24,1,1,62314.82,-0.0204,0.39,0.835,12,4,0,CUST008334,0,0.09726056780557743,0.12898113183653828,0,Low Risk
65,7,India,610,100722.14,1,0,36167.02,-0.1053,0.31,0.194,11,1,1,CUST005224,0,0.21012753349667534,0.3795320659373799,0,Low Risk
23,10,India,585,93758.94,1,1,89611.3,-0.4915,0.12,0.6002,10,0,1,CUST007643,0,0.1677440752025165,0.17499003955096284,0,Low Risk
41,3,USA,652,65412.66,1,1,73894.68,0.0506,0.58,0.4613,11,1,1,CUST000981,0,0.10826435739839038,0.23597757506252187,0,Low Risk
28,3,USA,605,157064.91,1,1,60966.88,0.0401,0.01,0.4085,15,5,0,CUST008256,0,0.19533352428834394,0.17637943723743985,0,Low Risk
18,2,France,643,124778.07,2,1,128275.81,-0.0756,0.53,0.492,7,0,1,CUST004238,0,0.12394506975230037,0.11286145054304987,0,Low Risk
22,5,Germany,622,185811.63,1,1,100475.8,0.3024,0.52,0.2475,11,1,1,CUST000504,0,0.10977769778781543,0.09707848230909615,0,Low Risk
44,12,India,568,46765.44,2,1,99503.88,0.322,1.36,0.1008,13,0,0,CUST005052,0,0.25032913809796836,0.39768062614094635,0,Low Risk
64,5,India,755,32340.14,1,1,129850.17,-0.108,2.04,0.2738,10,0,1,CUST005440,1,0.6583511876351382,0.8040434981673567,1,High Risk
40,10,France,667,82637.76,1,1,78500.89,0.1609,0.31,0.3464,8,0,1,CUST001011,0,0.05584288139799036,0.12494037083920222,0,Low Risk
72,7,India,725,113598.4,1,1,80755.28,0.6454,1.86,0.41,9,0,1,CUST008493,0,0.31685840542923505,0.3018921366120703,0,Medium Risk
73,3,India,673,182112.53,1,0,143010.64,0.3769,0.41,0.3725,17,5,1,CUST004056,0,0.21451590197538295,0.1924088658807342,0,Low Risk
56,13,France,567,139022.35,3,1,127323.46,-0.3068,0.66,0.6474,15,5,0,CUST006262,0,0.27501373420216446,0.44538804712637015,0,Low Risk
72,9,France,557,56800.91,1,0,83397.88,0.198,4.98,0.8318,15,1,1,CUST000904,1,0.6519541440433304,0.9793030379712632,1,High Risk
52,12,USA,570,1902.28,1,1,102637.87,-0.1073,0.0,0.3864,16,0,1,CUST006051,0,0.17142272442227682,0.23204743615293633,0,Low Risk
68,8,Germany,702,77438.04,3,1,118041.1,-0.1895,0.39,0.3608,12,8,0,CUST000047,0,0.5011438940613049,0.7360977651898224,1,Medium Risk
28,2,India,774,113447.79,1,1,83874.61,0.3097,0.06,0.4364,12,4,1,CUST004220,0,0.07933189942167504,0.0601211829106374,0,Low Risk
41,7,USA,587,65810.95,1,1,121292.61,0.251,1.11,0.2486,15,2,1,CUST008303,0,0.1854749314184096,0.35488076233720967,0,Low Risk
23,1,USA,576,99332.49,2,1,122898.52,0.2065,1.23,0.521,15,0,1,CUST007988,0,0.06578651672567574,0.14103588168932793,0,Low Risk
21,8,USA,709,191432.24,3,0,117469.82,-0.1998,0.46,0.4783,13,1,0,CUST002593,0,0.08000692259423012,0.06603589376310565,0,Low Risk
64,13,USA,620,47580.84,1,1,82282.01,0.0221,0.16,0.683,15,2,1,CUST010324,0,0.24516667622472343,0.191634298540333,0,Low Risk
51,6,India,535,67043.26,1,1,95155.73,-0.5895,1.29,0.6964,14,8,0,CUST008927,1,0.733340027727853,0.9351887668072226,1,High Risk
42,7,India,656,45945.2,1,1,72446.17,0.0476,0.13,0.8099,13,11,1,CUST009897,0,0.30565519319474643,0.3764379622065879,0,Medium Risk
49,0,USA,527,132475.1,2,1,62741.75,-0.0112,0.62,0.4817,12,0,1,CUST003246,0,0.17653245631380507,0.22303596065052417,0,Low Risk
52,0,India,643,116431.89,1,1,89200.0,0.025,0.08,0.4867,14,4,1,CUST006816,0,0.1999110920133565,0.22671779422827232,0,Low Risk
61,5,India,544,35887.58,1,1,43520.82,0.4042,0.31,0.5949,18,1,1,CUST005815,0,0.12040661296307215,0.13338212301021782,0,Low Risk
53,5,USA,714,76521.46,1,1,69467.54,0.1518,0.04,0.0963,16,3,1,CUST009489,0,0.15747615104610893,0.20543856685083808,0,Low Risk
50,6,Germany,697,144024.51,1,0,32754.62,0.0329,1.53,0.187,15,0,0,CUST009204,0,0.389743064084808,0.5571916048169762,0,Medium Risk
37,5,Germany,537,42883.06,1,1,81808.69,0.1144,0.65,0.1825,11,0,1,CUST004006,0,0.3188328074288924,0.4133415201406551,0,Medium Risk
30,8,Germany,701,81741.87,1,1,42520.51,0.0203,0.35,0.153,6,5,0,CUST006427,0,0.35373295555158285,0.51034924676045,0,Medium Risk
54,6,USA,561,100424.48,2,1,148486.74,-0.185,0.69,0.6637,10,0,0,CUST009811,0,0.24311650449499478,0.3703900965152348,0,Low Risk
40,11,India,707,108491.19,3,0,77171.18,0.1816,0.16,0.3607,10,1,0,CUST009853,0,0.04585691114164162,0.06092669382672445,0,Low Risk
21,10,USA,710,143396.23,3,1,95843.0,-0.0601,1.36,0.6007,5,1,1,CUST009503,0,0.2613939021387247,0.13570783901345163,0,Low Risk
68,12,Germany,521,63053.31,1,1,96390.15,-0.3371,0.06,0.3446,13,1,1,CUST004348,0,0.2988517419813721,0.5794110730343592,0,Low Risk
37,2,France,720,25701.09,1,1,139237.92,0.2223,0.78,0.1484,11,1,0,CUST003186,0,0.18931345650894862,0.38961104074001346,0,Low Risk
37,13,USA,607,102229.85,1,1,129816.47,0.102,1.84,0.5983,10,3,0,CUST007373,0,0.647703621095361,0.5707773703960043,1,High Risk
72,5,France,714,168696.06,1,0,27311.99,-0.345,1.35,0.5341,8,4,1,CUST008166,0,0.5572007739173763,0.7481185859106333,1,Medium Risk
20,6,France,667,137755.14,4,1,111440.4,-0.045,0.0,0.7937,12,1,1,CUST005412,0,0.05481176470768867,0.018306020090239763,0,Low Risk
62,6,India,680,130667.01,1,1,92404.03,-0.1223,1.03,0.3299,15,4,1,CUST000878,0,0.46674938224403933,0.5643944460869179,0,Medium Risk
23,10,France,554,60587.65,1,0,120636.58,-0.0482,0.45,0.1751,14,2,1,CUST003383,0,0.2672567486388761,0.26613423554579574,0,Low Risk
66,6,France,667,50872.97,3,1,123801.26,0.2928,0.74,0.589,13,1,1,CUST010448,0,0.09648889482729585,0.16005239991556813,0,Low Risk
61,0,USA,556,95179.77,1,0,110482.0,0.1229,2.28,0.4163,14,0,0,CUST002843,0,0.6208834206588303,0.8081969128728022,1,High Risk
38,11,USA,752,162945.12,2,1,213020.47,-0.0247,1.67,0.0264,9,1,1,CUST005228,0,0.3906575879170313,0.4011825459372673,0,Medium Risk
42,4,USA,652,35285.52,1,1,32536.22,-0.0863,0.33,0.8309,11,8,1,CUST006734,0,0.21854838445287691,0.4277945364150003,0,Low Risk
31,7,Germany,715,22853.91,1,1,64459.45,-0.234,0.43,0.1463,16,1,1,CUST002923,0,0.22721872959939332,0.38977824933002236,0,Low Risk
66,1,India,616,60041.38,1,1,114469.51,-0.0471,0.1,0.5109,9,5,1,CUST009158,0,0.5944096433570044,0.5099268995056372,1,Medium Risk
53,4,USA,699,32450.05,1,0,18000.0,0.1215,1.31,0.3536,11,2,0,CUST008653,0,0.2872419071461958,0.608826128895301,0,Low Risk
47,12,France,521,100381.67,1,1,53913.71,0.3093,0.92,0.4559,9,0,1,CUST009053,0,0.16047982076673709,0.2075086538532664,0,Low Risk
73,1,USA,690,52917.42,3,1,94525.93,0.0268,0.02,0.483,9,0,1,CUST004655,0,0.2594219264215249,0.16812112595004428,0,Low Risk
71,9,India,708,201085.28,4,1,55417.56,-0.4056,0.03,0.5472,16,4,1,CUST008982,0,0.24542474635506029,0.13802656451858988,0,Low Risk
22,7,India,650,6111.88,3,1,104882.67,-0.0013,0.08,0.4874,17,7,1,CUST003098,0,0.16273512749300972,0.1544563443411724,0,Low Risk
28,12,Germany,672,49021.9,2,1,137109.3,0.1676,0.17,0.5795,18,3,1,CUST003938,0,0.08609075790432495,0.07931705702247871,0,Low Risk
35,7,India,595,59140.76,1,1,133503.33,-0.0632,0.12,0.3253,15,3,1,CUST003282,1,0.2435726454331839,0.2380094040086332,0,Low Risk
59,14,USA,597,137953.14,2,1,112138.17,-0.1668,0.32,0.3056,14,1,0,CUST007065,0,0.20210237326253164,0.27999779719362916,0,Low Risk
24,1,India,642,127308.92,2,1,160664.2,0.003,0.46,0.5683,8,0,0,CUST008172,0,0.11375046110819645,0.11902709590779607,0,Low Risk
45,3,Germany,702,52733.3,2,1,130124.96,-0.0755,0.39,0.846,9,0,1,CUST009008,0,0.1142140691181173,0.16880874187964362,0,Low Risk
48,1,USA,642,139713.98,4,1,102563.4,-0.206,0.38,0.33,10,5,0,CUST009415,0,0.3319563050537733,0.37847893623682116,0,Medium Risk
19,1,USA,604,49866.54,1,1,30623.9,0.2021,0.12,0.2264,10,1,1,CUST004520,0,0.1625651202034285,0.12251375946451283,0,Low Risk
51,10,USA,607,87773.16,2,1,68401.08,-0.0633,0.02,0.602,10,2,1,CUST006492,0,0.07003950249257944,0.1413751001672217,0,Low Risk
24,10,USA,581,73290.37,2,0,80848.19,-0.24,1.15,0.563,11,2,0,CUST006012,0,0.2124579161682003,0.4191760172219355,0,Low Risk
24,6,India,676,38837.14,3,1,42469.49,0.1522,0.0,0.672,18,1,0,CUST009965,0,0.050744158188111864,0.03368467888395367,0,Low Risk
57,11,USA,660,56467.57,3,0,106040.24,-0.4234,0.09,0.661,10,2,0,CUST006687,0,0.25012143558551975,0.3019563687746239,0,Low Risk
42,1,India,613,166756.66,3,1,91919.08,0.0416,0.04,0.4981,16,2,0,CUST003012,0,0.12498765803387403,0.07991827117270572,0,Low Risk
37,6,USA,571,150096.22,2,1,186512.44,0.1523,0.71,0.1958,13,4,0,CUST002909,0,0.1209696598335797,0.3318615589460772,0,Low Risk
73,13,India,501,81560.78,1,0,141149.44,0.2119,0.43,0.2538,12,2,1,CUST004260,0,0.21137230331124612,0.37850864862708444,0,Low Risk
21,12,India,737,118734.22,1,1,136229.37,0.1385,1.15,0.5129,12,3,1,CUST007416,0,0.1775611368852167,0.14275333829600814,0,Low Risk
51,14,USA,706,178135.44,3,1,118414.26,-0.4495,0.43,0.0702,17,0,1,CUST001972,0,0.2151384768103337,0.17482104097009674,0,Low Risk
43,4,USA,634,27225.87,1,1,22142.01,0.3589,0.88,0.5525,13,0,1,CUST000556,0,0.08082861146640312,0.16318074765047638,0,Low Risk
49,11,India,618,13982.2,1,0,102501.5,0.1466,0.12,0.3916,15,3,0,CUST006568,0,0.18091093164262934,0.2653663677999599,0,Low Risk
27,8,India,638,161770.57,1,1,100983.46,-0.0394,0.61,0.4741,10,2,1,CUST002074,0,0.08642168758980835,0.14475429810013923,0,Low Risk
72,7,India,596,57297.99,4,1,72988.37,0.2651,0.23,0.1329,14,7,1,CUST002944,0,0.1331857895272564,0.3485232617951269,0,Low Risk
36,14,USA,641,97153.41,2,1,200558.49,-0.4629,1.43,0.4802,9,0,1,CUST009862,0,0.3559971653218803,0.49356913453262263,0,Medium Risk
70,11,Germany,571,6781.29,2,1,62470.64,0.1804,1.13,0.48,15,0,0,CUST002588,0,0.26668798813958783,0.5772275936803972,0,Low Risk
68,2,India,582,81045.04,3,0,80383.39,-0.1045,0.01,0.3115,15,0,1,CUST002350,0,0.14625964119145318,0.18884476648079343,0,Low Risk
53,12,India,583,76417.79,4,1,105141.98,0.6315,0.34,0.5314,11,8,0,CUST000087,0,0.28062458499867715,0.1320577256635928,0,Low Risk
53,12,USA,796,31810.72,1,1,36511.3,0.5211,2.99,0.2419,10,2,0,CUST007083,0,0.5306597332519474,0.7828667496629464,1,Medium Risk
30,14,USA,621,15213.44,1,0,83140.93,-0.0336,0.01,0.4322,11,3,0,CUST007125,0,0.1442362264641042,0.2275950019953905,0,Low Risk
62,6,India,574,7618.69,1,1,101508.92,-0.063,0.31,0.5349,13,2,1,CUST000928,0,0.25683751652904047,0.42946242336912643,0,Low Risk
22,9,India,502,57972.9,1,0,44598.51,-0.3993,1.28,0.2679,7,0,1,CUST004851,0,0.48669262657927626,0.6317202520018218,0,Medium Risk
29,4,India,692,62257.61,2,0,72072.27,0.0325,0.03,0.4974,10,1,1,CUST004955,0,0.061387636273669645,0.06900974413028364,0,Low Risk
36,8,India,625,39844.91,1,1,50396.72,0.2468,0.16,0.7198,10,1,1,CUST003891,0,0.03900733270615228,0.0736811649591185,0,Low Risk
71,12,India,723,18454.5,1,1,190968.69,0.1087,0.09,0.6722,12,3,1,CUST004074,0,0.3058396541703939,0.21844893218135572,0,Medium Risk
60,14,Germany,721,45512.24,2,0,97958.87,0.2205,0.12,0.3622,15,0,0,CUST005281,0,0.10252553995630004,0.1388158745698412,0,Low Risk
18,9,India,499,72359.8,1,1,113701.91,0.1549,0.53,0.2235,14,0,1,CUST007476,0,0.15202579081531076,0.13831621320664,0,Low Risk
37,13,Germany,659,25844.76,1,1,82091.33,0.4249,1.72,0.7184,6,5,0,CUST005045,0,0.34058148647115033,0.6068411049653532,0,Medium Risk
63,14,France,624,4869.46,2,1,130368.82,-0.2023,0.35,0.3849,9,3,1,CUST007350,0,0.37692621825403627,0.5253791802907792,0,Medium Risk
60,13,France,529,125118.79,1,1,210278.35,-0.2612,0.29,0.209,18,1,0,CUST008016,1,0.37897855948390585,0.47862281165918535,0,Medium Risk
73,13,France,589,9887.1,2,1,181813.58,-0.3153,0.82,0.7537,7,1,0,CUST003842,0,0.4956375877327709,0.7006675596426817,0,Medium Risk
57,5,Germany,576,56557.23,2,1,155841.83,0.0797,0.32,0.3447,12,4,1,CUST003989,0,0.2147198644110944,0.47126562672279065,0,Low Risk
38,13,France,712,122381.08,2,1,77729.77,-0.1638,0.56,0.3684,17,0,0,CUST002360,0,0.12136147487653082,0.14573335170425536,0,Low Risk
69,6,France,675,21299.84,1,0,88503.69,-0.3725,0.34,0.5713,13,6,0,CUST000172,0,0.5413680204683807,0.7849592814674325,1,Medium Risk
25,9,India,693,138912.02,2,0,87023.74,-0.0178,0.65,0.1988,16,2,0,CUST004473,0,0.17819544248863692,0.14928132254752946,0,Low Risk
69,12,France,544,150367.68,1,0,71746.43,0.5344,0.46,0.3309,16,5,1,CUST002952,0,0.182944400581069,0.19554858910410156,0,Low Risk
66,9,India,811,67150.87,1,1,146726.74,0.0142,0.57,0.5052,12,0,0,CUST004062,0,0.1196162011861759,0.26297226884338526,0,Low Risk
64,9,India,650,63390.4,4,1,62383.66,0.1821,0.02,0.3909,18,0,0,CUST008272,0,0.12460011045079439,0.07027423298012345,0,Low Risk
65,2,India,561,8511.55,1,1,148066.19,0.0423,2.76,0.432,14,5,0,CUST006961,1,0.8856648212746712,0.9737856413260803,1,High Risk
28,4,USA,731,85702.13,2,1,79371.31,0.1747,0.69,0.3478,9,1,1,CUST004507,0,0.0722899145760573,0.1142294853414975,0,Low Risk
68,2,India,467,65806.47,2,1,60078.24,-0.3729,0.04,0.217,14,1,0,CUST005179,0,0.30294302005645934,0.6507399554621551,0,Medium Risk
64,9,Germany,750,50907.82,1,1,83523.74,-0.0768,0.4,0.8561,11,0,0,CUST002517,0,0.1793989758840825,0.2899552613320582,0,Low Risk
50,13,France,467,42844.39,3,1,68099.3,-0.2453,0.12,0.242,14,6,0,CUST001147,0,0.3215288404373402,0.6086913150546549,0,Medium Risk
52,13,USA,673,76853.03,4,1,98685.56,-0.0953,0.34,0.4937,14,1,0,CUST006575,0,0.11275958466395335,0.12716916563778768,0,Low Risk
23,9,USA,585,76988.82,3,0,64634.81,-0.2815,0.28,0.4325,16,3,0,CUST001152,0,0.15595593131679025,0.19687999406277723,0,Low Risk
50,6,USA,565,135563.45,2,1,97048.12,0.4305,0.78,0.0711,13,2,1,CUST006657,0,0.14224697951310666,0.19895322009479718,0,Low Risk
20,14,France,526,67746.04,2,1,157297.64,0.0168,1.37,0.5116,9,6,0,CUST006032,0,0.38182195623229875,0.5943237619660656,0,Medium Risk
23,13,India,631,27122.66,4,0,162909.27,-0.2102,0.57,0.3552,7,0,1,CUST000262,0,0.18992188642653393,0.13259342570472704,0,Low Risk
58,10,India,618,52806.15,1,1,60836.65,-0.0102,0.74,0.5334,9,1,1,CUST003280,0,0.20838894152428133,0.36793018942839945,0,Low Risk
62,6,India,535,39915.68,1,1,34073.08,-0.4156,0.21,0.2569,10,0,1,CUST000803,0,0.42447277177228293,0.6011598183077063,0,Medium Risk
44,7,Germany,682,107911.76,2,1,69099.84,0.0951,0.54,0.5992,15,0,1,CUST006109,0,0.06039928894811074,0.10589128050887799,0,Low Risk
29,11,India,635,71772.02,1,1,71677.4,-0.2167,0.23,0.5741,13,1,0,CUST000572,0,0.09241986479446292,0.1869080763164528,0,Low Risk
70,13,India,636,13017.19,1,0,120648.12,0.2493,1.08,0.3738,13,6,1,CUST006781,0,0.49239386356572395,0.6460982552192097,0,Medium Risk
23,12,USA,597,69398.59,1,1,135038.07,0.0748,0.07,0.888,10,1,1,CUST001666,0,0.036825508810815,0.04912743700447686,0,Low Risk
25,8,India,509,41916.03,1,1,18000.0,-0.2724,1.73,0.5266,13,7,1,CUST001799,1,0.6625482607482113,0.841241623934724,1,High Risk
19,4,India,665,66034.38,1,1,164037.91,-0.1718,1.36,0.5541,14,0,0,CUST007147,0,0.29404287537781054,0.3836946316660779,0,Low Risk
22,9,USA,636,134147.37,1,1,66992.87,-0.0481,3.95,0.5022,15,2,1,CUST001394,1,0.757700414829235,0.8695680360951381,1,High Risk
72,1,USA,773,8105.67,1,0,18000.0,-0.049,0.28,0.6794,12,1,0,CUST002547,0,0.2846135052150957,0.3637698296827541,0,Low Risk
32,3,USA,647,71843.57,1,1,42336.72,0.2662,0.91,0.1836,10,0,0,CUST007741,0,0.18370720245802377,0.28654939151158054,0,Low Risk
72,6,India,629,208581.75,1,0,137162.64,0.2356,1.76,0.0223,15,1,1,CUST004850,0,0.3731669632005147,0.537586783116726,0,Medium Risk
25,11,USA,656,30165.09,1,1,96130.32,0.1782,0.59,0.3062,9,8,0,CUST001068,0,0.2566854671916912,0.505003653751326,0,Low Risk
32,12,USA,678,42411.7,4,0,18000.0,0.1288,1.01,0.0296,13,0,1,CUST007674,0,0.152976448550752,0.1302246925259474,0,Low Risk
25,11,India,698,56785.51,1,0,160542.32,0.2408,0.18,0.3854,8,1,0,CUST004931,0,0.0590185513299623,0.0946927213447843,0,Low Risk
34,4,USA,707,116167.83,1,1,102907.63,0.0195,2.49,0.808,12,0,0,CUST005778,0,0.47042378446065486,0.5342085559786434,0,Medium Risk
21,6,France,542,39250.06,3,1,89170.17,-0.0945,0.73,0.1614,13,0,1,CUST009664,0,0.23925997876381294,0.23812071410114471,0,Low Risk
30,3,USA,622,95318.35,1,1,114897.49,0.0496,0.31,0.5387,16,0,0,CUST004816,0,0.12316756132540702,0.12341160224709073,0,Low Risk
31,2,France,767,1482.94,3,1,102323.95,-0.0107,0.09,0.2332,17,8,1,CUST009387,0,0.35205601448546786,0.27949799564944366,0,Medium Risk
28,7,India,606,159727.61,1,1,18000.0,0.1952,1.07,0.4386,9,3,0,CUST006019,0,0.1212917766629152,0.26836038429275394,0,Low Risk
41,5,USA,626,157630.94,1,1,51273.23,0.3386,4.05,0.6608,14,1,0,CUST007950,0,0.6969545105123082,0.8429980081106522,1,High Risk
31,4,USA,707,61075.58,2,1,108278.26,0.2296,0.48,0.6387,12,1,0,CUST007315,0,0.02834396014092861,0.0924495788301052,0,Low Risk
21,7,Germany,520,49923.17,1,0,48151.43,-0.1281,0.1,0.4254,11,0,0,CUST006591,0,0.1744512511344199,0.2694363635641784,0,Low Risk
19,7,Germany,807,84728.22,3,1,65276.05,-0.2786,0.75,0.3287,12,2,1,CUST004496,0,0.17025916169878813,0.20493519873708316,0,Low Risk
66,7,India,538,58922.13,4,1,97315.47,0.0047,0.55,0.0332,12,1,1,CUST005407,0,0.311691136084611,0.37020468547538266,0,Medium Risk
18,14,Germany,802,99110.54,2,1,29741.68,0.0489,0.12,0.2522,13,4,0,CUST006580,0,0.12648094292724918,0.11212569170302397,0,Low Risk
46,7,India,599,100750.13,2,1,94914.69,0.3104,0.51,0.42,18,4,0,CUST001348,0,0.12373142042866697,0.18309229733651425,0,Low Risk
34,11,India,633,18736.62,2,1,144768.07,0.2569,0.59,0.2745,9,0,1,CUST002220,0,0.10830224049695975,0.13736631302553406,0,Low Risk
24,4,France,617,154779.84,3,0,108255.5,-0.0119,0.31,0.6916,14,0,1,CUST000467,0,0.05633708132233145,0.03255313667925971,0,Low Risk
35,7,India,625,185.71,1,1,120900.87,0.0134,0.99,0.2832,17,0,1,CUST008283,0,0.23518423809378508,0.3439158691482572,0,Low Risk
60,9,India,681,90314.1,2,0,111582.41,-0.0169,0.5,0.3533,12,2,0,CUST007445,0,0.15207391602566475,0.32046820928012715,0,Low Risk
67,9,USA,463,38120.86,2,1,146695.89,-0.0572,0.36,0.6784,9,3,0,CUST008556,1,0.36901050841861094,0.5572276717761172,0,Medium Risk
25,13,India,462,43529.79,1,0,157673.99,-0.2046,0.35,0.0588,15,1,1,CUST002755,0,0.33916042987584855,0.35097370200348027,0,Medium Risk
46,8,India,623,82610.09,2,0,116288.35,0.0016,0.15,0.876,16,4,0,CUST006226,0,0.14397252954931547,0.13476632780693595,0,Low Risk
52,12,Germany,700,77072.99,1,1,125964.34,0.2516,2.45,0.268,11,0,1,CUST006927,0,0.3878104896986247,0.7030470225709055,0,Medium Risk
67,6,USA,709,24658.62,2,1,69674.99,0.2074,0.03,0.2484,11,1,1,CUST008654,0,0.16178240048351783,0.18250263572122397,0,Low Risk
47,3,USA,742,21659.23,3,1,50803.72,0.0506,1.11,0.4017,7,3,0,CUST005716,0,0.28880476449877757,0.4981102222215673,0,Low Risk
55,3,Germany,676,6796.7,1,0,64068.39,0.4991,2.06,0.1127,20,2,0,CUST004709,0,0.5089095451061953,0.7614720369943692,1,Medium Risk
66,4,Germany,703,21259.74,1,0,48687.94,0.1462,0.02,0.1746,12,8,1,CUST006623,0,0.331655136077709,0.6454348982886485,0,Medium Risk
29,8,Germany,471,82975.69,1,1,107525.79,-0.1861,1.0,0.144,12,1,1,CUST009543,0,0.361156792570285,0.6407801493482476,0,Medium Risk
41,12,USA,708,33740.75,1,0,150848.84,-0.3163,2.24,0.3631,14,0,1,CUST001344,0,0.5545766446231453,0.7488342402065382,1,Medium Risk
50,7,India,640,63385.97,1,1,141912.23,0.208,0.59,0.124,12,5,0,CUST009963,0,0.35091772468500304,0.5419925971273104,0,Medium Risk
67,1,India,644,15626.32,2,1,110654.46,-0.1527,0.19,0.3679,8,0,1,CUST002506,0,0.2678137183323966,0.4082318824615742,0,Low Risk
24,14,India,596,25645.7,2,1,83487.8,-0.4269,1.28,0.1749,13,6,1,CUST006827,1,0.5135480288130176,0.7651990571602345,1,Medium Risk
52,9,France,766,44361.4,2,1,138306.67,0.037,0.49,0.8631,12,3,1,CUST001070,0,0.13463337711429701,0.14292643006200326,0,Low Risk
46,1,France,613,150713.89,2,1,138687.11,-0.0458,0.79,0.1936,11,0,1,CUST002136,0,0.19844216301756773,0.29456039301088094,0,Low Risk
37,12,India,648,103421.32,2,1,27136.81,-0.2426,0.07,0.6251,7,2,1,CUST001116,0,0.10707789334106754,0.12454943543889133,0,Low Risk
23,5,France,778,146352.32,3,1,71463.73,-0.2221,1.61,0.6312,10,0,0,CUST008290,0,0.40954187883398807,0.2268960462214549,0,Medium Risk
30,6,India,753,102030.89,2,0,18000.0,0.0392,2.33,0.2418,11,3,0,CUST009831,0,0.5688609213054664,0.6548356610971446,1,Medium Risk
51,11,India,584,175577.15,1,0,54678.3,0.6095,0.19,0.1863,15,0,1,CUST006234,0,0.1032369698667228,0.03430356472563092,0,Low Risk
21,0,USA,639,127735.12,1,1,105638.28,-0.0576,0.17,0.4145,10,0,0,CUST001019,0,0.2406479714933402,0.1377938005925939,0,Low Risk
31,9,India,704,25835.41,4,1,113095.08,0.2144,0.07,0.5328,13,0,1,CUST009247,0,0.025667584571952947,0.023924609918215985,0,Low Risk
67,6,USA,750,139796.26,1,1,41194.69,0.4185,0.22,0.2264,11,0,0,CUST001622,0,0.23914212764941417,0.1173164108721387,0,Low Risk
72,11,France,655,21151.79,1,0,54192.56,-0.1206,0.73,0.3826,13,1,0,CUST000460,0,0.4554138464175425,0.6269826425468226,0,Medium Risk
39,3,India,641,74364.19,1,1,138286.19,0.0804,0.16,0.1596,12,0,1,CUST002542,0,0.08250762113311291,0.1691943153314828,0,Low Risk
35,12,France,642,78162.42,1,1,145762.95,0.5803,0.1,0.0843,7,0,0,CUST006999,0,0.0947886245096119,0.08458799462647797,0,Low Risk
30,9,India,652,3765.0,1,0,48988.53,0.0279,0.64,0.5937,8,8,1,CUST003284,0,0.29125074654032873,0.47407434235147805,0,Low Risk
63,6,India,520,61631.53,1,0,138309.35,0.0443,3.19,0.8361,12,0,1,CUST000569,1,0.7891694880283983,0.8726021679741286,1,High Risk
54,12,USA,808,151196.31,1,1,155940.7,-0.0538,0.96,0.4645,14,3,1,CUST009151,0,0.4017022071436802,0.2494571283939909,0,Medium Risk
43,1,India,521,13536.97,2,1,153191.46,-0.5578,1.28,0.1776,14,2,0,CUST001380,0,0.5615538177991236,0.9079574584884914,1,Medium Risk
59,3,USA,728,45523.1,1,1,152149.29,0.1841,0.82,0.188,8,0,1,CUST001944,0,0.20133098392787754,0.3892404071897059,0,Low Risk
73,11,USA,653,188229.12,1,0,162407.4,0.4512,1.9,0.3949,5,5,1,CUST005150,0,0.4673416399174212,0.6033554624982188,0,Medium Risk
72,4,France,697,166804.1,2,1,88580.26,0.0181,0.12,0.6604,9,0,0,CUST004782,0,0.14689270793259288,0.14301537238190398,0,Low Risk
56,13,India,715,23553.39,4,0,92452.54,0.1609,0.01,0.3018,8,3,1,CUST000238,0,0.1598588760716991,0.10212163942258635,0,Low Risk
38,13,France,509,86101.07,2,1,165003.53,0.3167,3.34,0.7236,16,0,1,CUST007138,0,0.534037180406948,0.6063075208067212,1,Medium Risk
25,14,Germany,787,132260.57,1,1,121787.25,0.2768,1.1,0.663,18,2,1,CUST010376,0,0.09911981039902461,0.07139886653870904,0,Low Risk
69,10,India,624,179305.54,1,1,90685.52,0.0287,1.37,0.4879,11,1,1,CUST008446,0,0.2912520414573145,0.41750378512758707,0,Low Risk
30,8,France,534,82669.02,2,1,86957.24,-0.3054,2.21,0.2692,19,0,1,CUST004089,1,0.6005746495199241,0.6981240377935355,1,High Risk
32,4,USA,772,65831.82,2,1,18000.0,-0.05,2.38,0.3641,13,1,0,CUST003469,0,0.5123796015405961,0.6551245026468631,1,Medium Risk
64,0,India,624,35276.6,2,1,35673.9,0.6145,0.23,0.3317,12,12,1,CUST002440,0,0.2792561146653427,0.4798142370844179,0,Low Risk
27,13,Germany,734,115168.18,1,1,145546.84,0.1815,1.73,0.4854,11,1,1,CUST005490,0,0.24171077450410855,0.284889563531268,0,Low Risk
72,10,France,651,200232.13,2,0,79122.2,-0.003,0.28,0.3365,17,0,1,CUST010073,0,0.11507330042763707,0.10690189317274944,0,Low Risk
18,14,Germany,664,45989.49,1,1,115066.69,0.0718,1.92,0.6729,15,2,1,CUST010153,0,0.5166384302364845,0.3989051214376127,1,Medium Risk
60,8,USA,688,115773.32,1,0,156952.67,0.0189,0.15,0.6466,12,5,1,CUST005543,0,0.28871657597002837,0.22041813416570172,0,Low Risk
60,7,India,610,17845.2,1,0,96221.8,0.4985,0.27,0.2072,11,0,1,CUST001005,0,0.15808306211408968,0.15753090286601892,0,Low Risk
53,3,India,671,127668.07,2,1,71027.44,-0.1662,0.57,0.3724,10,0,0,CUST007059,0,0.24318340339470587,0.3158896318160231,0,Low Risk
73,13,USA,718,177376.7,1,1,69200.32,0.1129,0.0,0.0827,6,3,1,CUST006009,0,0.35954592684994163,0.23198129729292824,0,Medium Risk
74,8,France,607,100255.88,1,1,138237.62,-0.1753,0.67,0.4576,9,0,1,CUST009773,0,0.3931240735017786,0.5114972792281658,0,Medium Risk
71,5,Germany,786,39927.13,2,0,111392.79,0.1629,1.19,0.4916,14,3,1,CUST008467,0,0.3297502459879775,0.5024206267190872,0,Medium Risk
59,12,Germany,678,16861.83,1,1,149690.67,-0.1265,0.15,0.0733,13,0,1,CUST002953,0,0.32672507697616465,0.4466143654536977,0,Medium Risk
24,1,India,636,259219.95,2,0,112692.79,-0.1844,1.74,0.5029,14,1,1,CUST008438,0,0.3597447532646471,0.22074879640517037,0,Medium Risk
49,8,USA,669,98603.99,1,1,73530.44,0.3259,0.63,0.5109,13,1,1,CUST005276,0,0.08369151809844456,0.11342572754068443,0,Low Risk
20,11,France,667,32332.64,2,0,129659.56,0.5304,0.58,0.0961,17,3,1,CUST001820,0,0.08829756675117947,0.07629083590695855,0,Low Risk
70,14,USA,683,225923.89,1,1,154525.02,-0.0476,0.34,0.2076,12,0,0,CUST003927,0,0.31353870483205826,0.21640381594387595,0,Medium Risk
37,12,Germany,625,94977.31,1,1,28615.93,0.1455,0.13,0.2383,22,1,1,CUST001942,0,0.1491765941943235,0.10186168067874264,0,Low Risk
54,5,India,685,62887.52,2,1,94241.51,0.5445,0.47,0.7347,14,8,0,CUST000176,0,0.1533137393580625,0.20296112175015302,0,Low Risk
56,0,Germany,480,76630.52,2,1,189079.0,0.3897,0.05,0.149,12,1,1,CUST003066,0,0.19867130883183795,0.2588533918330724,0,Low Risk
41,1,Germany,712,50697.29,2,0,67702.97,-0.258,0.5,0.0753,12,4,1,CUST003417,0,0.3769678163343624,0.611339067491365,0,Medium Risk
70,10,USA,685,171140.56,1,1,132457.43,-0.0513,0.33,0.3821,16,2,0,CUST001148,0,0.19779985116090856,0.28349248523983145,0,Low Risk
30,9,India,697,132177.74,1,0,23223.93,-0.2667,0.71,0.3195,16,0,0,CUST000896,0,0.21210187742857867,0.21956756151518597,0,Low Risk
29,12,India,612,17375.53,1,0,78521.75,-0.1357,0.96,0.0289,10,0,1,CUST000838,0,0.4308347031349909,0.4565333270539553,0,Medium Risk
67,12,France,600,66427.65,3,1,114064.06,0.0155,2.0,0.2864,10,2,1,CUST002370,0,0.7073003152716324,0.7450052340639673,1,High Risk
39,13,Germany,661,50643.04,1,1,70117.44,0.0249,0.16,0.6915,9,2,0,CUST007627,0,0.04679112083973183,0.22380243642770942,0,Low Risk
23,9,USA,587,28043.61,2,1,21301.93,0.0186,0.23,0.3388,5,4,1,CUST001372,0,0.13162795400430924,0.24594385169775249,0,Low Risk
52,9,France,621,100614.35,1,1,40943.5,-0.2588,0.03,0.4294,16,6,1,CUST008477,0,0.4153478883358165,0.40526338282040214,0,Medium Risk
64,4,USA,764,103027.31,1,0,138757.65,-0.2546,0.48,0.56,19,7,1,CUST005246,0,0.49625192804199647,0.49544134229922526,0,Medium Risk
71,13,USA,767,46966.63,4,1,63545.72,0.2663,0.2,0.3332,15,1,1,CUST002899,0,0.11571265177636271,0.06381547745176426,0,Low Risk
42,14,India,695,43760.48,1,1,45691.12,-0.0254,0.48,0.1178,15,0,1,CUST006445,0,0.20652957808705377,0.20250026254725015,0,Low Risk
32,14,USA,719,71518.84,3,0,154203.32,-0.0517,0.67,0.3325,10,2,1,CUST007773,0,0.1824465195615201,0.13844344898859498,0,Low Risk
26,1,Germany,579,130199.78,2,1,141924.92,0.0299,4.06,0.1929,8,1,1,CUST009863,0,0.7660845861136188,0.95669185024742,1,High Risk
34,10,USA,649,92668.47,1,0,144423.64,0.0273,0.86,0.2419,15,2,1,CUST005501,0,0.20923828885901036,0.25929212754090725,0,Low Risk
22,3,India,698,147180.84,1,1,87728.18,-0.1026,0.15,0.5884,12,1,1,CUST003201,0,0.05690863059456996,0.06517322838202726,0,Low Risk
74,8,USA,512,134377.69,1,0,130694.8,0.1343,2.33,0.1476,17,8,1,CUST005325,0,0.7229569525574295,0.9426026297802303,1,High Risk
36,2,USA,583,64982.09,2,1,47957.29,0.5804,0.44,0.0978,15,8,0,CUST002606,0,0.25847237811268675,0.3307100771671683,0,Low Risk
45,12,USA,795,32954.33,2,0,92175.08,-0.115,2.92,0.6772,10,2,1,CUST000840,0,0.5648832603243988,0.7466718081997055,1,Medium Risk
44,8,Germany,607,39834.02,1,1,86849.11,0.3154,0.72,0.6914,19,3,1,CUST004790,0,0.1794803288912762,0.21251682680351902,0,Low Risk
65,6,Germany,642,225494.35,1,1,145304.32,0.0108,3.12,0.1941,14,3,1,CUST004309,1,0.7282565474971104,0.9282236972827478,1,High Risk
40,2,USA,613,25329.04,2,0,83578.37,-0.0923,1.42,0.644,12,2,1,CUST006947,0,0.4081518120828521,0.4985843785632588,0,Medium Risk
59,4,India,653,4902.44,1,1,18000.0,0.3086,0.16,0.5151,13,0,0,CUST008639,0,0.11597322744542002,0.18186127327544058,0,Low Risk
27,6,India,696,18969.07,2,0,71312.91,0.0578,1.09,0.1636,9,3,1,CUST007658,0,0.2146171878394086,0.3928501044574772,0,Low Risk
23,3,Germany,579,169982.97,3,1,43984.51,0.4327,0.82,0.3097,11,0,0,CUST007805,0,0.12345698702016747,0.08655159812210056,0,Low Risk
37,11,India,653,20817.49,2,0,155470.06,0.3755,2.84,0.3462,14,5,1,CUST009457,0,0.6491571069962501,0.7436685288930146,1,High Risk
61,13,India,603,145951.12,1,1,86281.66,0.1119,0.45,0.3175,15,0,1,CUST007875,0,0.11977498785004213,0.14793519761647692,0,Low Risk
38,14,Germany,745,51278.2,1,1,173948.71,0.505,2.49,0.5383,17,0,1,CUST001033,0,0.35567253323115766,0.3428603369035499,0,Medium Risk
73,9,France,775,25043.5,3,1,84896.35,0.2081,0.47,0.1162,18,0,0,CUST003271,0,0.13267457392725762,0.22292934245767992,0,Low Risk
37,9,Germany,785,83444.01,2,1,54083.23,0.0274,0.42,0.3226,13,1,1,CUST002205,0,0.07344582714873128,0.1323925203942006,0,Low Risk
32,7,Germany,591,21116.96,1,0,93878.47,-0.1906,0.13,0.4307,14,2,1,CUST006496,0,0.18956454506134685,0.3331973711594369,0,Low Risk
50,13,USA,570,133046.49,1,1,38918.79,0.225,1.94,0.4825,19,0,1,CUST005352,0,0.3277805214340143,0.31625584412342456,0,Medium Risk
68,4,India,673,246106.27,2,1,18000.0,-0.2264,0.06,0.3489,10,0,0,CUST004820,0,0.15900541285207936,0.1753795174166538,0,Low Risk
48,11,India,661,62242.7,2,1,114378.52,-0.1286,1.46,0.6933,22,0,1,CUST001171,0,0.3817004148094596,0.24926873197604366,0,Medium Risk
27,3,India,640,28980.57,2,0,121443.25,-0.2168,0.15,0.23,16,3,0,CUST009985,0,0.18063955807889287,0.32582180441350755,0,Low Risk
69,13,India,563,85952.94,1,1,101981.47,0.0876,1.03,0.1226,12,0,1,CUST009800,0,0.3453093949789683,0.5097463362758798,0,Medium Risk
49,0,India,775,3260.03,2,1,88575.37,-0.1203,0.63,0.4426,16,2,1,CUST001524,0,0.2641267564004028,0.3206025065461485,0,Low Risk
26,1,France,616,157937.35,2,0,82342.79,0.0969,0.79,0.4459,11,0,1,CUST002749,0,0.0537561347061833,0.09959548671820737,0,Low Risk
27,4,India,635,133226.59,3,1,118943.61,-0.2378,0.24,0.3696,3,1,0,CUST002550,0,0.22752152810547727,0.1975025975500946,0,Low Risk
38,10,USA,690,60712.79,1,0,107411.23,0.1759,0.0,0.4163,7,3,1,CUST001039,0,0.07977030256379336,0.12319481455138112,0,Low Risk
41,7,India,577,33918.44,1,0,63407.55,0.4866,0.05,0.4777,7,0,1,CUST007699,0,0.06429485484754605,0.06757291072046542,0,Low Risk
55,7,India,568,12538.74,2,0,32009.38,0.2536,3.99,0.4398,19,2,1,CUST008495,1,0.7103414248889064,0.9301711287782253,1,High Risk
45,1,India,545,43037.71,2,1,74710.74,0.4234,0.13,0.287,15,1,1,CUST005584,0,0.12848152501511956,0.10472515106674295,0,Low Risk
19,0,France,608,35321.94,2,1,75356.2,0.0142,0.05,0.3405,11,5,0,CUST001445,0,0.17531256005432183,0.3001394087259396,0,Low Risk
72,0,Germany,555,189.89,1,1,132163.89,-0.1344,0.54,0.3499,10,1,1,CUST003118,0,0.4909755916207764,0.7895777194593953,0,Medium Risk
22,4,Germany,632,55170.65,2,1,102658.15,-0.1362,0.01,0.4617,15,0,1,CUST009612,0,0.10070315468977176,0.11233875096862285,0,Low Risk
20,7,USA,534,18533.47,2,0,60570.5,0.2117,0.47,0.4645,16,2,1,CUST009655,0,0.11240669815790563,0.10803171102376591,0,Low Risk
41,0,France,632,27486.49,3,0,50604.97,0.1878,0.39,0.4618,7,3,1,CUST005387,0,0.13160324694674574,0.20147108531221844,0,Low Risk
27,9,Germany,524,90719.82,2,1,137961.95,0.1278,0.2,0.6731,8,1,1,CUST006261,0,0.05589413384962212,0.10446461753246764,0,Low Risk
37,1,Germany,760,127558.4,1,1,69235.02,0.3851,0.67,0.3638,22,2,1,CUST007398,0,0.1747005480968976,0.09551253596178427,0,Low Risk
64,12,USA,646,56624.17,1,1,84336.36,0.2782,0.28,0.3299,10,0,0,CUST006729,0,0.19842778262620586,0.2252175641429359,0,Low Risk
44,13,France,704,74049.67,1,1,46774.48,-0.0305,0.18,0.4023,12,3,0,CUST000894,0,0.1928006960889032,0.2510274093108184,0,Low Risk
28,6,India,590,81475.82,3,0,188445.29,0.0533,0.84,0.46,4,5,0,CUST005873,0,0.21644177289699837,0.3937026591167281,0,Low Risk
60,13,USA,692,136579.19,2,1,72021.2,-0.0086,0.5,0.6341,17,8,1,CUST009898,0,0.2593680009506558,0.27008259864920786,0,Low Risk
69,2,Germany,660,93214.47,1,0,155377.69,0.1746,0.25,0.4857,12,1,0,CUST001139,0,0.12839882713026096,0.3527759896431681,0,Low Risk
37,6,India,616,87533.32,4,1,61314.32,-0.1307,0.33,0.5487,10,5,0,CUST006818,1,0.28324142134480684,0.23790904672832552,0,Low Risk
23,8,India,650,182515.38,2,0,97457.54,0.1223,0.68,0.4751,15,1,1,CUST001040,0,0.05145609631655896,0.045838765586285794,0,Low Risk
64,3,USA,700,63270.63,1,1,56473.71,0.0844,0.77,0.7605,18,2,1,CUST002104,0,0.15640927819970454,0.24875780352436408,0,Low Risk
29,13,Germany,661,4419.4,1,1,52385.93,-0.0286,0.52,0.2358,11,0,1,CUST008946,0,0.2165718241472507,0.2924766539330391,0,Low Risk
68,6,Germany,508,230238.27,2,1,154242.47,-0.0299,0.15,0.2961,13,2,1,CUST005676,0,0.17988735972773756,0.2816723149201288,0,Low Risk
22,9,India,762,146758.83,2,1,61964.61,0.2305,1.04,0.3145,16,8,0,CUST000596,0,0.25529649988972664,0.23734118562185258,0,Low Risk
29,0,India,663,83209.06,1,1,132030.29,-0.3468,0.42,0.0408,9,2,1,CUST006338,0,0.3914603278273431,0.5041130436260616,0,Medium Risk
66,1,India,674,132114.76,1,1,135906.64,0.2479,1.1,0.6492,7,1,1,CUST006540,0,0.2783408087880639,0.30545800902480763,0,Low Risk
47,0,USA,584,17548.62,1,1,59995.17,0.4891,0.89,0.5743,13,2,0,CUST006969,0,0.23886525891591515,0.31823770647873706,0,Low Risk
20,6,India,731,49681.41,4,0,97944.96,0.0372,1.09,0.7343,14,9,0,CUST002004,0,0.2531768665468269,0.2796613813625501,0,Low Risk
74,6,USA,613,158390.87,2,1,18000.0,0.1885,0.19,0.4509,9,0,1,CUST007571,0,0.26485710121016076,0.1213134890999388,0,Low Risk
60,1,Germany,850,111655.21,1,1,31915.42,0.1005,0.73,0.7569,10,1,1,CUST007804,0,0.15927556196475623,0.1987401676633647,0,Low Risk
60,9,India,608,119150.75,4,0,199404.94,0.0772,0.63,0.422,12,5,0,CUST009410,0,0.18331225278602267,0.3064655452514001,0,Low Risk
44,5,USA,538,71694.02,1,1,67161.38,-0.5444,1.33,0.2994,12,4,1,CUST001320,1,0.7061580950700147,0.8820561539613613,1,High Risk
59,12,France,597,118657.15,1,1,52172.92,-0.0167,0.63,0.1422,17,4,1,CUST008437,0,0.3898069969072245,0.4624318986989526,0,Medium Risk
22,13,India,732,22609.68,1,1,48375.97,0.2278,0.83,0.3911,9,0,0,CUST006619,0,0.08270848684801559,0.1482115519948471,0,Low Risk
38,11,USA,743,107068.25,2,0,70192.28,0.082,0.01,0.174,7,6,0,CUST008893,0,0.17419422857119288,0.22439643013756244,0,Low Risk
63,12,Germany,737,17574.42,1,1,154041.39,0.1267,1.83,0.4176,13,0,1,CUST004923,1,0.48209598997423375,0.6551538676023148,0,Medium Risk
34,12,India,597,33560.81,2,1,137502.17,-0.2477,0.92,0.342,10,0,0,CUST009710,0,0.2821153264786249,0.4627119667224214,0,Low Risk
51,2,France,619,149270.89,1,1,46534.92,0.2427,0.36,0.2395,10,1,0,CUST008302,0,0.12416096953209407,0.23709999373610852,0,Low Risk
56,9,India,768,96934.69,1,1,116943.74,-0.463,0.21,0.4742,10,4,0,CUST001106,1,0.4721024898702396,0.5287857449833506,0,Medium Risk
48,2,USA,557,64733.27,2,1,143714.99,0.3472,0.33,0.5405,12,0,0,CUST005914,0,0.09999589283805181,0.13814913730322453,0,Low Risk
48,12,India,530,15037.13,3,1,149184.88,0.1803,0.48,0.2865,6,1,1,CUST003021,0,0.20285866545486528,0.24098106860752713,0,Low Risk
71,11,India,563,111903.28,1,1,81015.21,0.1478,0.06,0.5217,14,1,1,CUST006721,0,0.09189271632627495,0.15079259835777833,0,Low Risk
66,10,Germany,666,32553.51,1,0,145343.95,-0.2045,2.48,0.2215,12,1,1,CUST005263,0,0.8367463868715016,0.9427131728931212,1,High Risk
36,3,India,555,76945.93,1,1,82986.36,-0.4876,0.95,0.5937,14,0,1,CUST000402,0,0.26762060467118015,0.49574248975217544,0,Low Risk
36,10,India,581,123414.86,2,1,146288.52,-0.1873,0.37,0.2823,16,3,0,CUST009490,0,0.11919593689939784,0.29318038094018706,0,Low Risk
51,13,India,642,47874.85,3,1,154688.63,-0.1354,0.16,0.4352,16,0,0,CUST001253,0,0.1190633079683044,0.15052781060929993,0,Low Risk
45,0,USA,702,123400.73,2,0,140390.67,-0.0879,0.86,0.4958,7,1,1,CUST003543,0,0.2704595153219866,0.268656875454409,0,Low Risk
22,6,India,643,81824.87,1,1,179819.7,-0.3166,0.28,0.1068,14,0,0,CUST001222,0,0.44123457278307593,0.31203690860190664,0,Medium Risk
22,12,Germany,542,82723.93,2,0,167751.71,0.3436,1.11,0.1884,10,5,0,CUST006880,0,0.1886852310557949,0.46202589554641027,0,Low Risk
52,9,India,664,111769.18,2,1,149548.78,-0.1743,0.02,0.4582,5,1,0,CUST006979,0,0.16673312988145178,0.23302383541546104,0,Low Risk
68,1,France,657,91555.32,3,1,18000.0,-0.1775,0.05,0.334,14,3,0,CUST006531,0,0.25524747837195816,0.3898222877599051,0,Low Risk
64,6,USA,558,130004.56,2,0,20028.87,-0.1018,0.0,0.4096,17,5,1,CUST001781,0,0.2379529112212014,0.2779124109480594,0,Low Risk
24,7,USA,481,53304.86,1,1,165063.18,-0.1047,0.79,0.1731,12,2,1,CUST000113,1,0.42378448073056235,0.49807529756401137,0,Medium Risk
18,4,India,693,38115.13,2,1,109259.22,0.0547,0.67,0.4784,8,1,1,CUST007176,0,0.08037003427718456,0.13535424136683438,0,Low Risk
67,2,France,789,133637.51,2,0,23300.69,0.2936,0.64,0.1927,17,10,1,CUST000633,0,0.3024851547453127,0.434896078542511,0,Medium Risk
48,5,India,575,21552.84,3,1,38683.5,0.3559,1.71,0.3918,13,0,1,CUST001166,0,0.5031384998629967,0.32724969679264915,1,Medium Risk
33,1,India,634,67880.36,2,0,166706.43,0.0388,1.1,0.5255,3,0,1,CUST002155,0,0.20766696625994663,0.2871441177819874,0,Low Risk
72,4,India,631,151282.12,1,1,147404.22,-0.1998,0.48,0.5924,22,11,1,CUST006602,0,0.44371741601134423,0.6823708273736007,0,Medium Risk
59,0,India,675,56449.69,1,1,18000.0,0.1615,0.85,0.1253,14,0,0,CUST003687,0,0.20056257911849998,0.4765941538069322,0,Low Risk
25,9,USA,602,45240.93,2,1,108277.09,0.0387,0.34,0.3003,11,0,0,CUST001916,0,0.0672813844923282,0.16457183120985402,0,Low Risk
29,14,Germany,764,6695.06,1,1,104341.12,-0.0268,1.18,0.8024,4,1,1,CUST003647,0,0.3149902501395669,0.3207330210334535,0,Medium Risk
62,1,USA,609,63517.97,1,0,102028.28,-0.3045,1.75,0.3453,14,0,1,CUST007085,0,0.6707383992570872,0.8173963979733044,1,High Risk
33,1,India,603,40619.09,1,1,89833.13,-0.0931,0.81,0.2913,8,0,0,CUST006038,0,0.37540265659162064,0.5159893423295915,0,Medium Risk
72,0,India,571,51570.42,2,1,158684.26,-0.1548,0.97,0.613,14,0,1,CUST005708,0,0.36680670214410044,0.5351123971738114,0,Medium Risk
32,9,USA,577,70297.62,2,0,133934.1,0.2336,0.09,0.2765,7,3,0,CUST008585,0,0.04497782972230929,0.17670678946426366,0,Low Risk
56,5,USA,621,137661.6,1,1,123440.1,0.022,0.19,0.1577,14,1,0,CUST002914,0,0.195856357367128,0.2962492736352141,0,Low Risk
33,14,France,518,8267.44,2,1,23829.94,-0.081,0.3,0.3179,14,1,1,CUST004784,0,0.13429000633344582,0.22331367295732357,0,Low Risk
23,0,India,631,5467.12,1,0,173797.67,0.028,3.28,0.3977,14,3,1,CUST001000,1,0.7342546242957795,0.9112762313458993,1,High Risk
63,0,Germany,619,52475.99,1,1,18000.0,0.0721,0.14,0.4377,14,9,0,CUST005572,0,0.441896329477794,0.7603730720738212,0,Medium Risk
42,7,USA,708,6897.26,2,1,146349.25,-0.1562,1.05,0.1116,14,0,0,CUST001978,0,0.3535684745378982,0.5504886804692665,0,Medium Risk
74,13,Germany,602,105205.72,2,1,129057.99,0.0966,0.28,0.283,14,4,1,CUST010348,0,0.2187746279830404,0.40674602117034286,0,Low Risk
55,7,USA,586,123100.78,1,1,62357.24,-0.0626,1.6,0.2838,18,2,1,CUST003651,0,0.3539410919982741,0.6189748138056465,0,Medium Risk
71,11,India,609,89329.37,1,0,60714.76,-0.1047,0.29,0.2948,9,7,0,CUST009334,0,0.6197516713965072,0.7266469177533956,1,High Risk
49,12,USA,497,48805.57,1,1,87691.16,-0.0059,0.61,0.2414,13,1,1,CUST000606,0,0.30709842461163606,0.4165549370235747,0,Medium Risk
50,14,France,615,103512.12,3,0,115748.58,-0.1744,2.14,0.6068,15,3,0,CUST007941,0,0.7004335434397637,0.6713947117381167,1,High Risk
57,4,India,704,143789.84,1,1,168061.69,-0.4774,0.18,0.5078,11,3,1,CUST003400,0,0.3302174274170725,0.4049652969484838,0,Medium Risk
63,11,Germany,709,40426.8,1,1,121112.77,0.0353,0.77,0.457,10,1,0,CUST000925,0,0.3264740110331273,0.545872693407714,0,Medium Risk
59,8,India,628,30432.11,2,1,77542.31,-0.2469,1.91,0.0759,9,1,1,CUST004457,1,0.7199616620470625,0.8697495231081973,1,High Risk
72,8,France,575,54160.29,4,1,72483.3,0.1071,0.78,0.4146,10,0,0,CUST003851,0,0.26397172037172445,0.3472479231054104,0,Low Risk
68,8,France,711,118612.93,2,1,61885.71,0.0751,0.18,0.6285,15,1,1,CUST007442,0,0.06454575321261627,0.09521340911785903,0,Low Risk
59,9,India,535,150710.59,2,1,163896.39,0.1463,1.2,0.1117,10,0,1,CUST002385,0,0.282697887242551,0.3915077572562933,0,Low Risk
51,7,USA,608,97647.25,1,1,68975.49,-0.2279,3.07,0.3729,11,2,1,CUST009234,0,0.8099505907965805,0.937191510445594,1,High Risk
26,12,France,679,64140.3,1,1,127376.9,-0.2757,0.12,0.8152,11,0,1,CUST008886,0,0.07816059493267166,0.08846750930583876,0,Low Risk
67,7,France,638,78092.57,1,1,67018.3,0.1352,0.46,0.4431,10,0,0,CUST002187,0,0.1389858690759004,0.3356298286608054,0,Low Risk
31,14,Germany,703,77490.14,2,1,94146.7,0.0205,0.82,0.5123,15,8,1,CUST005356,0,0.33027826793360043,0.37446311751645817,0,Medium Risk
27,7,USA,658,106147.81,1,0,174986.56,0.1679,2.05,0.5683,8,1,1,CUST005003,0,0.3255861538596018,0.3816661755988308,0,Medium Risk
55,3,France,573,106997.03,1,1,52017.15,-0.0256,0.27,0.5121,9,1,1,CUST008980,1,0.1181540538876111,0.2769733771457834,0,Low Risk
29,1,India,844,26834.83,1,1,113244.17,-0.0443,0.73,0.2105,17,1,1,CUST004770,0,0.190391175376349,0.21875409660095235,0,Low Risk
72,11,India,752,70608.02,4,1,45627.71,0.2926,0.03,0.4343,10,0,1,CUST006220,0,0.1368080069706225,0.04311387151401457,0,Low Risk
44,1,Germany,665,17409.38,3,1,145619.53,-0.1358,0.54,0.6251,14,0,1,CUST004040,0,0.1229954370280555,0.24716643543921624,0,Low Risk
44,3,France,585,37791.19,2,1,135857.37,-0.2043,0.26,0.3974,8,4,1,CUST002090,0,0.2232859426171604,0.5008602280588783,0,Low Risk
20,6,USA,568,15492.65,1,1,129060.78,-0.054,0.2,0.1869,12,1,0,CUST004510,0,0.3269160644609023,0.31699923795624435,0,Medium Risk
42,1,Germany,686,107598.16,2,0,92242.69,0.3126,0.66,0.5849,9,4,1,CUST000488,0,0.12228772846497309,0.1986669811448727,0,Low Risk
49,13,France,693,28898.15,1,1,18000.0,-0.1111,0.1,0.5996,14,0,1,CUST007723,0,0.08969994881464562,0.13180115343757318,0,Low Risk
52,14,USA,557,43897.86,3,1,18000.0,-0.2319,0.27,0.4435,12,0,1,CUST001845,0,0.14413219701483984,0.19888204392400627,0,Low Risk
31,5,Germany,570,127826.41,1,0,142422.71,-0.2508,0.91,0.3716,11,2,1,CUST002982,1,0.18898100879052035,0.5215651646787143,0,Low Risk
47,14,India,727,47955.69,1,1,79122.28,0.0432,0.93,0.6768,16,1,1,CUST004174,0,0.12645426146645677,0.16646325367589487,0,Low Risk
23,2,France,655,124517.62,1,1,83683.27,-0.1003,1.49,0.2319,12,0,1,CUST007285,0,0.337752848436916,0.40478670271704154,0,Medium Risk
62,0,India,567,92531.79,1,1,65398.31,0.3229,0.08,0.5124,8,6,1,CUST008234,0,0.32069247965873177,0.33008535472272016,0,Medium Risk
34,2,India,657,23762.68,2,0,109814.73,0.1535,0.29,0.5879,17,0,1,CUST002886,0,0.06817055518908066,0.06703426266866817,0,Low Risk
61,0,USA,660,52852.69,2,0,123245.16,-0.1931,0.32,0.2748,11,0,0,CUST004844,0,0.3087468118244747,0.45952303857482346,0,Medium Risk
72,4,Germany,714,69839.91,2,1,113825.75,0.0118,0.05,0.6555,12,0,0,CUST002326,0,0.18380689277207693,0.24031037054707027,0,Low Risk
66,14,India,722,28801.63,2,0,145537.15,0.1453,0.12,0.6608,12,3,1,CUST002840,0,0.18073577527401696,0.1274852027170604,0,Low Risk
41,2,Germany,536,33760.8,1,0,100421.11,0.066,0.6,0.0989,11,0,0,CUST006238,0,0.30903701989977445,0.5924953234388333,0,Medium Risk
27,3,India,572,55746.75,1,1,183022.95,0.1954,1.36,0.4547,7,0,1,CUST010109,0,0.10899116225722148,0.34683819405236926,0,Low Risk
20,8,India,681,94923.13,2,1,128697.03,-0.1099,0.65,0.3896,12,0,0,CUST000334,0,0.1400427780479651,0.150901240904184,0,Low Risk
22,10,India,579,95813.85,1,1,68259.74,-0.374,0.61,0.1366,15,0,0,CUST009926,0,0.48864194104180797,0.3873789749207123,0,Medium Risk
40,1,USA,761,200547.11,2,1,74949.32,0.1385,0.76,0.2751,12,4,0,CUST005247,0,0.12600702661775542,0.2094063145631687,0,Low Risk
41,10,India,756,110248.39,2,0,106375.34,0.2072,0.94,0.42,14,7,1,CUST001456,0,0.16982518396755622,0.22975856208816536,0,Low Risk
31,13,Germany,645,108534.38,1,1,56621.14,0.1934,0.43,0.7006,9,4,0,CUST001505,0,0.08933812552683054,0.19203369374184862,0,Low Risk
62,4,Germany,812,21661.25,1,1,147743.05,0.1697,0.77,0.6777,13,8,1,CUST000179,0,0.27901011988629315,0.5949988565489706,0,Low Risk
18,14,Germany,712,73295.28,3,0,66366.05,0.1728,0.75,0.3648,16,0,1,CUST002616,0,0.08677662417387433,0.05217033465804749,0,Low Risk
56,1,India,611,120857.13,2,1,38236.77,-0.0723,2.53,0.3119,8,0,1,CUST000170,1,0.6841002581254952,0.8084721787790671,1,High Risk
72,1,France,707,130739.13,1,1,36424.97,-0.0833,0.01,0.5813,10,2,1,CUST002535,0,0.28634522823238606,0.24670296252022722,0,Low Risk
73,3,USA,691,215356.17,1,1,92169.03,-0.4103,0.74,0.501,7,0,1,CUST009478,0,0.24329520014410164,0.45674057095351556,0,Low Risk
54,3,India,616,262.33,1,0,125882.38,0.4289,2.64,0.4003,14,0,1,CUST000142,1,0.7126339302399184,0.7130745202659067,1,High Risk
57,13,USA,613,219911.61,4,1,123309.81,0.253,0.52,0.5773,16,1,1,CUST001482,0,0.08736963569146294,0.02870223802375772,0,Low Risk
42,10,India,587,89450.29,3,1,146672.68,-0.3429,0.58,0.2871,16,0,1,CUST008041,0,0.2616407838705157,0.23838450945987785,0,Low Risk
61,12,India,729,46826.98,4,0,125274.24,-0.2927,0.34,0.5663,11,0,1,CUST001750,0,0.16954609242460747,0.13763815484538658,0,Low Risk
46,1,India,588,92138.07,2,0,63465.95,-0.4132,0.49,0.6731,14,4,1,CUST007734,0,0.18655635161073028,0.42098179767466726,0,Low Risk
47,1,USA,556,49286.67,2,1,63306.89,0.0419,2.62,0.6223,10,6,0,CUST000521,1,0.8725314158682279,0.9306023417241422,1,High Risk
42,0,India,684,96050.07,2,1,61015.17,0.0962,1.0,0.4566,14,1,0,CUST006072,0,0.17067649301715002,0.2693631890363063,0,Low Risk
22,12,France,726,49473.28,1,0,29336.37,-0.1876,0.07,0.3879,13,4,0,CUST003085,0,0.1773177362168598,0.22148436737595234,0,Low Risk
31,9,India,635,104163.81,2,0,44435.46,-0.4858,3.0,0.43,5,0,0,CUST001085,0,0.7706176203767688,0.9062443927823304,1,High Risk
21,12,USA,705,187809.27,1,1,133912.91,0.0108,0.86,0.4657,15,4,1,CUST001353,0,0.15700353081675592,0.11997196061906708,0,Low Risk
71,8,Germany,682,7356.27,3,0,143624.85,0.0711,2.08,0.4037,15,0,0,CUST009970,0,0.5808457288287253,0.7808188474608321,1,Medium Risk
34,8,India,707,171895.89,1,0,68252.87,-0.0653,0.04,0.1867,12,0,0,CUST000921,0,0.1354474449098794,0.09808556605157336,0,Low Risk
41,12,USA,551,26997.49,1,1,111307.27,0.1337,3.04,0.5823,20,6,0,CUST010454,1,0.7192316370457165,0.9213958534213491,1,High Risk
39,4,India,579,74565.16,2,1,161882.48,-0.0301,0.03,0.31,11,2,1,CUST005841,0,0.1206972500944037,0.19243791437978383,0,Low Risk
27,6,Germany,690,124191.06,1,0,236739.58,-0.0618,0.1,0.5662,13,1,1,CUST009369,0,0.09840523518594932,0.099543470570512,0,Low Risk
36,8,USA,702,61744.95,2,1,142714.4,0.3671,0.2,0.6227,6,6,1,CUST002568,0,0.10225494530728545,0.11235547281463772,0,Low Risk
66,8,India,850,55597.3,1,1,18000.0,-0.1507,0.37,0.3017,9,0,0,CUST003486,0,0.2039123041313591,0.35792829795764625,0,Low Risk
57,5,India,619,20763.8,2,1,18000.0,-0.1809,0.15,0.634,19,3,1,CUST002017,0,0.2019444745430763,0.2595657450543112,0,Low Risk
61,10,India,636,38314.71,3,0,108428.03,0.4897,0.14,0.4307,9,1,0,CUST009933,0,0.08733338505616377,0.0908952046541476,0,Low Risk
29,9,USA,802,23502.66,2,1,82435.02,-0.1436,0.16,0.6137,5,1,0,CUST008859,0,0.07476402421011812,0.14095490435138147,0,Low Risk
40,1,USA,700,120618.75,2,1,162277.98,-0.1504,1.24,0.4151,11,2,1,CUST008835,0,0.29900532562034304,0.4124132198939527,0,Low Risk
26,3,Germany,760,103903.48,2,1,18000.0,-0.1169,0.89,0.4209,15,7,1,CUST010380,0,0.31075281040405606,0.4224802041920714,0,Medium Risk
51,11,India,709,99344.11,2,0,150580.94,-0.1,0.18,0.2679,15,0,1,CUST003641,0,0.12807687881323798,0.1115536995276126,0,Low Risk
32,11,France,552,68431.84,1,1,87287.57,0.0821,0.02,0.7109,10,0,1,CUST003092,0,0.047351991448748486,0.07318716940249163,0,Low Risk
36,1,Germany,636,107972.39,1,1,91961.23,0.4132,0.1,0.4937,13,2,1,CUST007468,0,0.16568783569752882,0.08842870116832022,0,Low Risk
32,14,India,725,43316.93,1,1,177291.55,-0.3034,2.31,0.0962,13,3,0,CUST009642,0,0.6973141466021118,0.8930569880353334,1,High Risk
63,9,France,653,72819.77,1,1,107145.06,-0.1515,1.38,0.477,13,2,1,CUST007797,0,0.5514172357746236,0.663280148880739,1,Medium Risk
34,8,India,637,5177.51,2,1,144126.71,-0.0658,1.68,0.2245,12,5,0,CUST005577,1,0.7473163678514884,0.8181336018514593,1,High Risk
22,2,India,588,71829.98,2,1,113473.56,0.0482,0.12,0.2321,14,0,1,CUST004113,0,0.06863130138580228,0.09231225662175703,0,Low Risk
46,13,India,758,76132.08,1,1,111049.4,0.2068,0.01,0.5444,14,0,1,CUST001833,0,0.037739118700599004,0.04046348799027696,0,Low Risk
35,5,USA,662,34225.21,1,1,78464.35,0.1688,0.58,0.0922,14,4,1,CUST001773,0,0.2540356866918533,0.36255306631552137,0,Low Risk
72,1,India,665,43403.21,2,1,33872.56,0.0904,0.86,0.5519,12,4,0,CUST008505,0,0.3165935555424683,0.6009481385625113,0,Medium Risk
32,9,India,661,90797.86,1,1,116682.77,-0.2373,0.02,0.2854,12,1,1,CUST002615,0,0.11643653337460036,0.16848513864826106,0,Low Risk
18,2,USA,570,37648.82,2,1,99909.8,0.2041,0.53,0.1808,12,2,0,CUST000536,0,0.1482013800630814,0.24970314983946665,0,Low Risk
72,3,France,767,104232.4,1,1,125386.65,0.0068,0.38,0.3725,17,6,1,CUST008295,0,0.4012694610835233,0.45272926221119747,0,Medium Risk
19,12,Germany,637,94162.23,2,1,45444.57,0.1458,0.06,0.3979,14,0,0,CUST007239,0,0.06489878420822771,0.061525690805125204,0,Low Risk
71,10,India,734,141083.53,2,1,90099.88,0.0695,1.81,0.2118,12,3,1,CUST001423,0,0.582907179234181,0.6165479172158645,1,Medium Risk
71,1,USA,601,4511.38,1,1,111742.95,-0.0044,0.34,0.2832,12,1,1,CUST006366,0,0.3073071146967511,0.5532341312797969,0,Medium Risk
40,11,USA,577,139126.26,1,0,83977.46,0.3353,2.16,0.2419,8,0,1,CUST005981,0,0.3967524945397924,0.439707218532269,0,Medium Risk
66,0,France,694,166715.89,1,1,170439.99,-0.1077,0.2,0.4908,13,0,1,CUST007780,0,0.17661327062634335,0.19692632166951285,0,Low Risk
33,3,USA,568,112436.9,2,0,188762.0,0.0755,1.01,0.4129,15,6,0,CUST004977,0,0.2619257688981375,0.48324099860848807,0,Low Risk
21,0,Germany,695,45535.7,1,1,115985.59,0.0463,2.36,0.4958,17,8,1,CUST005460,0,0.6878594799027159,0.8641657854257412,1,High Risk
26,8,USA,654,144275.93,1,0,209893.22,0.1455,0.06,0.5374,15,2,1,CUST004630,0,0.08814473490513004,0.04490122245944277,0,Low Risk
55,5,Germany,519,10495.87,1,1,140778.65,0.0622,0.65,0.3823,12,3,1,CUST004779,0,0.48771322638328946,0.6701061855199878,0,Medium Risk
57,5,Germany,594,32674.62,1,1,138958.89,0.451,0.15,0.7114,9,0,1,CUST009067,0,0.1083747568418647,0.1321294978911619,0,Low Risk
55,9,USA,557,28638.78,1,1,42501.08,0.3485,0.26,0.2195,9,1,1,CUST005594,0,0.23781339144677463,0.24070108716224625,0,Low Risk
70,8,Germany,609,130221.89,1,0,141898.93,0.1131,1.02,0.1888,10,0,1,CUST002693,0,0.2764272538601524,0.5356935959960945,0,Low Risk
60,5,India,735,6006.86,2,1,85647.22,0.2323,0.11,0.5285,10,10,1,CUST007932,0,0.30575030169192097,0.41788874104186935,0,Medium Risk
47,4,USA,723,108080.08,1,0,138786.36,0.2047,0.57,0.4166,9,2,1,CUST007134,0,0.13328985348565273,0.17655480341730184,0,Low Risk
58,14,France,778,89126.93,1,1,114943.43,-0.0312,1.95,0.459,10,1,0,CUST001650,0,0.4441091544327119,0.6651281519780003,0,Medium Risk
64,7,Germany,628,182819.76,2,1,109469.91,-0.0292,1.49,0.3382,17,1,1,CUST002154,0,0.32971098229115575,0.4948689610466439,0,Medium Risk
70,9,Germany,670,27077.82,1,1,145725.39,-0.1292,0.26,0.398,12,0,0,CUST008540,0,0.3465741999997959,0.5521231351405531,0,Medium Risk
22,2,USA,743,143710.54,1,1,50286.99,0.2345,0.13,0.6397,12,0,0,CUST003478,0,0.09384171888979123,0.0332603683274078,0,Low Risk
62,1,Germany,647,30217.85,1,1,111610.54,0.154,1.8,0.1351,11,0,0,CUST007642,1,0.6646335580083165,0.8677389259551549,1,High Risk
35,5,USA,730,76600.88,2,0,167546.89,-0.1117,0.51,0.1252,10,1,1,CUST001503,0,0.18596487942346965,0.2351512666219735,0,Low Risk
65,14,India,771,102556.42,1,1,78518.42,-0.1432,0.18,0.1341,11,6,1,CUST003959,0,0.5567097315812841,0.45725613975451546,1,Medium Risk
50,0,USA,701,71747.02,2,0,116186.32,-0.0475,2.41,0.3475,13,0,0,CUST010428,0,0.5446809652475576,0.7794725829157487,1,Medium Risk
40,2,Germany,667,114452.93,2,0,48402.88,0.1933,1.5,0.3607,16,0,1,CUST003095,0,0.21582101199876502,0.278955002746271,0,Low Risk
35,4,India,705,95319.79,1,1,107051.99,-0.2675,0.02,0.4479,9,2,1,CUST008005,0,0.15351244790039387,0.2023316150959853,0,Low Risk
32,5,India,785,40482.78,2,0,167283.19,-0.3823,0.43,0.5578,14,2,1,CUST008313,0,0.18505401555588147,0.20611113535687553,0,Low Risk
56,14,India,741,102506.61,1,1,132466.02,0.1707,0.66,0.3071,11,7,1,CUST009880,0,0.261837766066039,0.38465020814558926,0,Low Risk
30,11,USA,668,50507.66,1,1,119836.24,0.1017,0.91,0.5285,9,6,1,CUST003553,0,0.32464766416724467,0.38108829529012567,0,Medium Risk
38,6,USA,600,142107.02,3,0,134844.16,-0.044,1.91,0.4969,16,0,1,CUST003565,1,0.40687804601999195,0.2888453197530011,0,Medium Risk
25,7,India,738,112630.68,2,1,52679.83,-0.2385,0.71,0.7569,15,2,1,CUST006389,0,0.09667031282354259,0.10246779558888246,0,Low Risk
46,3,USA,772,166074.14,1,1,160663.17,-0.027,0.74,0.1383,23,0,1,CUST010024,0,0.20489958185469323,0.1460717044647463,0,Low Risk
56,13,France,542,5569.41,2,0,76492.87,0.1599,0.37,0.5483,14,1,0,CUST009263,0,0.15520782955576518,0.2467522132558058,0,Low Risk
50,14,India,674,71538.98,1,1,157640.31,-0.2956,1.09,0.1731,11,4,1,CUST003461,0,0.6960279285931538,0.7135383609035039,1,High Risk
19,10,Germany,703,153358.07,2,0,76907.34,0.1621,0.6,0.2229,9,1,1,CUST002272,0,0.07250825283329804,0.08622236680825777,0,Low Risk
55,13,India,642,127173.62,3,1,118849.46,0.1798,1.33,0.3398,10,2,1,CUST007775,0,0.24339826601424572,0.26302777000237154,0,Low Risk
35,10,India,658,24073.97,1,1,132488.04,0.4481,2.22,0.2336,12,0,0,CUST008617,0,0.577840052052132,0.5425154995202529,1,Medium Risk
41,0,India,425,3389.8,1,1,18000.0,0.3321,1.11,0.4449,7,0,0,CUST004023,0,0.39604237897644623,0.5551157945770578,0,Medium Risk
60,7,India,599,119180.17,1,0,60071.48,0.0077,1.47,0.4113,9,5,1,CUST001093,0,0.625990482822235,0.7165562505695161,1,High Risk
38,13,India,590,65526.07,2,1,120191.17,0.065,0.32,0.4884,12,1,1,CUST009967,0,0.05327059015213655,0.10929758336349647,0,Low Risk
52,12,India,665,118560.55,2,0,74116.46,0.3401,0.5,0.7506,14,3,0,CUST000682,0,0.0767474349395954,0.08126707680974446,0,Low Risk
54,10,Germany,652,8129.28,2,1,57716.27,0.2789,0.28,0.6259,18,1,1,CUST006204,0,0.09830788421645721,0.116749595369855,0,Low Risk
30,0,India,648,82259.02,2,1,18155.71,-0.1977,0.89,0.4699,10,0,1,CUST007503,0,0.2356035155131667,0.2612063999640097,0,Low Risk
56,14,India,802,83107.53,1,1,70702.89,-0.3883,4.33,0.539,7,0,1,CUST008626,0,0.5311549900204087,0.9704314600123608,1,Medium Risk
53,12,USA,726,52281.81,1,0,83702.82,0.138,0.56,0.0429,11,2,1,CUST008766,0,0.179900602643892,0.31047517090339743,0,Low Risk
70,12,France,559,19496.25,1,1,67094.05,-0.2542,0.99,0.4392,16,1,1,CUST004748,0,0.5571805881826581,0.6933091605350855,1,Medium Risk
68,3,India,640,63253.16,4,1,113117.15,-0.0631,0.14,0.425,13,2,1,CUST010017,0,0.1562220007954381,0.19805577355975992,0,Low Risk
57,8,USA,712,85197.27,3,1,150774.4,-0.1502,0.24,0.6164,6,0,1,CUST000016,0,0.09507780241791952,0.13398889882165854,0,Low Risk
43,10,India,739,118767.74,2,1,138399.65,-0.0849,0.35,0.5869,7,1,1,CUST009097,0,0.0426166679935674,0.1042965792759281,0,Low Risk
74,10,Germany,669,28678.31,1,0,118920.92,-0.1606,0.9,0.4949,9,1,1,CUST006501,0,0.6449588614945445,0.6915726173682835,1,High Risk
64,9,USA,701,110785.81,1,1,184591.68,0.1715,0.18,0.1465,5,1,1,CUST002541,0,0.22033942648842408,0.2427898884243095,0,Low Risk
41,10,Germany,536,194743.37,1,1,61669.75,-0.1576,0.29,0.1894,8,1,1,CUST002756,0,0.22547002086584872,0.3105144690391845,0,Low Risk
54,1,France,740,99895.6,1,1,112979.86,-0.1069,0.78,0.3958,10,4,0,CUST000559,0,0.5350800612607756,0.6180263430653256,1,Medium Risk
69,13,USA,850,48442.35,1,1,125948.5,-0.0663,0.23,0.3218,13,1,0,CUST005508,0,0.2381153354002545,0.2910324743550816,0,Low Risk
56,2,France,600,35007.63,1,1,94961.03,0.0021,0.42,0.0223,19,2,1,CUST003474,0,0.2509678630565405,0.5043768797188797,0,Low Risk
23,12,USA,641,144203.1,2,0,54434.37,-0.5173,0.83,0.2723,6,1,1,CUST001151,0,0.28599764036748715,0.33315107352823675,0,Low Risk
41,8,Germany,588,147951.61,1,0,111222.41,0.2675,1.46,0.5018,14,2,1,CUST006588,0,0.20128887586055186,0.3256820588673182,0,Low Risk
35,0,USA,626,57460.54,1,1,122904.08,-0.2533,0.13,0.513,14,5,1,CUST001646,0,0.4591981529368104,0.39501566473891553,0,Medium Risk
25,6,India,489,93047.25,1,1,59286.37,0.0792,1.5,0.4523,9,1,1,CUST005341,0,0.2828530463353716,0.422433685616598,0,Low Risk
56,3,Germany,529,81955.13,1,1,72558.71,0.106,0.7,0.433,9,5,1,CUST002514,1,0.3593318595228506,0.6702730271474766,0,Medium Risk
46,0,India,554,78278.2,2,1,18000.0,-0.2281,0.63,0.2205,19,6,1,CUST001586,0,0.4665043134808255,0.6178056132285348,0,Medium Risk
73,8,India,753,173274.59,1,1,55793.59,-0.1706,0.12,0.2936,13,7,1,CUST001346,0,0.4177980907585506,0.43337290880310453,0,Medium Risk
54,6,India,653,59373.02,1,1,198228.23,-0.2621,1.54,0.0462,10,0,1,CUST004798,0,0.5891064900652246,0.7981410648047277,1,Medium Risk
41,1,India,807,103753.43,2,1,174134.12,0.0875,0.05,0.5383,17,1,1,CUST000662,0,0.11677758264087194,0.044342235536197906,0,Low Risk
18,2,France,721,44033.98,1,0,116610.1,-0.0971,0.2,0.2243,16,1,0,CUST007590,0,0.2205478169743733,0.19448045966652006,0,Low Risk
26,12,Germany,778,88678.88,1,1,53197.19,0.1002,0.21,0.3796,14,1,1,CUST008060,0,0.06735657466987402,0.0747839591250632,0,Low Risk
23,9,France,637,18543.4,2,1,155792.72,0.3741,0.89,0.3519,17,0,1,CUST002158,0,0.0960592631622065,0.09034668194338755,0,Low Risk
49,3,USA,644,126987.77,1,0,83670.05,-0.0429,1.98,0.2353,12,1,1,CUST001285,0,0.5934928369642818,0.6807968247413578,1,Medium Risk
20,0,France,740,59236.73,2,1,30908.7,0.0776,1.22,0.3572,13,3,0,CUST003593,0,0.18619657456755503,0.35507423338877303,0,Low Risk
52,11,India,790,98163.73,1,0,118886.09,0.2669,0.82,0.4044,10,0,1,CUST000414,0,0.07524364036250526,0.11433584487261989,0,Low Risk
21,7,USA,467,33489.25,3,1,79346.68,0.132,1.02,0.2383,12,6,1,CUST004265,0,0.23445756102594972,0.46096641297964047,0,Low Risk
62,3,USA,590,36374.8,2,1,119866.86,0.4808,1.28,0.2014,15,4,1,CUST008137,0,0.34039366561270834,0.5184447076572694,0,Medium Risk
26,14,USA,647,141184.75,2,1,56359.46,0.2746,1.96,0.2343,10,1,0,CUST004707,0,0.31987179092761564,0.3180872083768347,0,Medium Risk
55,13,India,622,33224.41,2,1,18000.0,-0.1993,0.7,0.6592,10,7,0,CUST007687,1,0.41504416550548995,0.6617017439897332,0,Medium Risk
30,6,Germany,589,3203.65,1,1,98601.34,0.2632,0.05,0.1208,3,1,1,CUST007747,0,0.2619160985647488,0.2895252393390237,0,Low Risk
33,11,Germany,644,51520.07,2,1,134644.36,0.0324,0.03,0.7522,7,1,0,CUST005208,0,0.04774148694689198,0.13250268490346048,0,Low Risk
28,8,Germany,563,7518.9,1,0,98264.8,0.3352,0.97,0.3694,13,1,0,CUST002608,0,0.23662730562569922,0.37262368970804394,0,Low Risk
43,12,France,673,167252.16,1,1,113889.83,-0.1169,0.16,0.5143,11,0,0,CUST008979,0,0.10617085619572741,0.1222153627715684,0,Low Risk
55,10,USA,660,72089.07,1,1,68679.31,0.132,0.22,0.3176,15,2,1,CUST001656,0,0.14140518914059647,0.18481372641288604,0,Low Risk
55,10,India,649,195951.34,1,1,73805.39,0.0384,0.98,0.6263,7,4,1,CUST004888,0,0.3088314102093357,0.30418441949134783,0,Medium Risk
61,12,USA,594,128614.42,1,0,67307.36,0.1006,0.1,0.4095,9,7,0,CUST003791,0,0.33819123861973566,0.43123417723593227,0,Medium Risk
26,6,India,714,35424.37,1,1,86741.85,-0.0922,0.36,0.5907,6,5,0,CUST006861,0,0.26651129144029695,0.3714973663798262,0,Low Risk
70,10,India,401,158179.05,3,0,144862.66,-0.2095,0.38,0.1332,9,11,1,CUST008341,0,0.40967825689576126,0.832237001262394,0,Medium Risk
43,6,France,655,47177.82,3,1,34478.47,0.2212,0.12,0.2314,10,1,0,CUST008583,0,0.08708220573462011,0.13951511852819007,0,Low Risk
36,4,USA,706,130063.91,1,1,192088.12,0.2373,0.51,0.609,10,4,1,CUST001134,0,0.11169940694163079,0.13137146798706373,0,Low Risk
63,3,France,655,54110.06,2,1,162906.61,-0.0203,1.24,0.6651,10,0,1,CUST007515,0,0.29552914026937926,0.44452889265060747,0,Low Risk
60,3,Germany,563,174774.3,1,0,18000.0,0.1386,0.13,0.1577,8,1,1,CUST007030,0,0.20882474046375532,0.28327541620780095,0,Low Risk
23,5,Germany,649,85091.51,1,1,141096.94,0.0155,0.53,0.7265,14,0,1,CUST003747,0,0.0684080232355008,0.11475875090180065,0,Low Risk
44,3,India,444,34992.4,1,1,154455.54,0.004,0.75,0.5395,14,0,1,CUST009420,0,0.2964660030512229,0.39077879778723656,0,Low Risk
25,14,France,581,94279.73,1,1,110496.14,0.298,0.54,0.7975,17,1,1,CUST003684,0,0.044312142669729424,0.04216043385150518,0,Low Risk
20,6,France,655,133776.06,1,1,139239.97,0.0031,0.36,0.6965,9,1,0,CUST001089,0,0.08585460173850644,0.10569681270661035,0,Low Risk
69,1,USA,490,101716.38,2,1,181232.78,0.2584,0.72,0.5026,13,1,1,CUST001345,0,0.26331319167319356,0.31437436436273714,0,Low Risk
48,2,India,850,173767.94,2,1,70144.9,-0.5461,3.67,0.4674,12,3,0,CUST003043,1,0.6211118815645219,0.9579330826362317,1,High Risk
67,12,India,832,12071.91,2,0,81391.07,-0.1995,0.39,0.2458,16,2,0,CUST002927,0,0.22014125154981656,0.3952371666350065,0,Low Risk
51,9,France,694,81701.23,3,1,66071.05,0.3815,0.06,0.4167,13,3,1,CUST001556,0,0.041287774663769324,0.05723068309569742,0,Low Risk
55,2,USA,620,50275.05,1,1,59897.49,-0.0084,0.09,0.0903,17,0,0,CUST007991,0,0.2210367772200209,0.35352755047741574,0,Low Risk
63,14,USA,616,32175.93,1,1,59513.61,0.2377,0.19,0.1065,17,0,0,CUST009191,0,0.17942957572662405,0.24723849315968016,0,Low Risk
60,11,India,555,12694.72,2,0,59149.19,0.2178,0.76,0.401,9,1,1,CUST000731,0,0.24679254186560753,0.32048402493949046,0,Low Risk
20,13,France,626,106659.53,3,1,79083.56,0.0829,1.46,0.1889,9,5,1,CUST010344,0,0.37443694475270994,0.3687849565345383,0,Medium Risk
55,1,India,580,46651.87,1,1,122005.34,0.4226,0.5,0.3859,7,3,0,CUST007420,0,0.21403083644781074,0.4131503853573309,0,Low Risk
49,12,India,662,140009.6,1,1,18000.0,0.0982,0.47,0.1675,11,0,1,CUST005660,0,0.08274464147767033,0.14564114594231556,0,Low Risk
30,8,India,664,112490.07,1,1,122956.98,0.0309,0.49,0.5104,11,1,1,CUST007769,0,0.04136991388732146,0.11397223960848693,0,Low Risk
34,11,Germany,650,62038.47,4,1,80411.12,-0.0689,0.99,0.6189,11,3,0,CUST007347,0,0.3063453386334673,0.3106887973319317,0,Medium Risk
38,10,India,569,108902.58,2,1,127166.22,0.2472,1.07,0.3887,12,1,0,CUST009381,0,0.1397053368155646,0.23212539378369593,0,Low Risk
59,14,France,701,50050.68,1,0,37842.54,0.1781,0.19,0.2453,6,4,1,CUST004283,0,0.216174465168807,0.30476958747050004,0,Low Risk
74,2,India,653,51485.62,1,1,33743.06,0.3835,0.15,0.2577,17,1,1,CUST009009,0,0.17116191050194243,0.18748679113460676,0,Low Risk
38,1,India,601,124787.06,2,1,134543.8,0.2247,0.37,0.4025,13,5,0,CUST001581,0,0.1345528146620813,0.23388529047974924,0,Low Risk
44,5,France,619,1696.57,1,1,105571.16,-0.2295,2.5,0.439,11,6,1,CUST006029,0,0.8782864133231686,0.9586531664531087,1,High Risk
41,12,France,728,72773.96,1,1,124678.5,0.2907,0.5,0.4307,17,4,0,CUST004773,0,0.11582465168308369,0.17597475076489894,0,Low Risk
45,9,USA,589,123193.77,1,1,86973.65,-0.1271,0.16,0.6251,7,0,0,CUST009254,0,0.10698837019554709,0.20001453344324183,0,Low Risk
26,8,India,638,54885.36,1,1,173253.2,-0.1114,1.14,0.1561,10,0,1,CUST001894,0,0.4653117309368255,0.42497678711836806,0,Medium Risk
38,7,USA,710,108357.18,1,1,105404.5,-0.3037,2.79,0.4224,9,1,1,CUST004377,1,0.6391866323403154,0.8474730284204547,1,High Risk
23,9,France,552,150805.85,2,1,63776.86,0.2141,0.87,0.4417,11,5,1,CUST004389,0,0.10032373657460214,0.18071293133461366,0,Low Risk
50,13,USA,695,167262.7,2,1,20456.85,0.5714,0.77,0.7381,14,2,1,CUST000339,0,0.07390746085763161,0.029085749981362614,0,Low Risk
70,6,USA,626,33977.56,1,0,106934.72,0.0261,1.4,0.0985,9,2,0,CUST007156,1,0.6873641466813389,0.860502943146286,1,High Risk
42,4,USA,710,136720.67,3,1,101720.66,-0.1932,0.06,0.3237,9,2,0,CUST004560,0,0.17485480429680095,0.17710536151258988,0,Low Risk
50,14,France,610,61573.81,4,1,128533.6,-0.2922,0.84,0.3749,20,0,1,CUST005372,0,0.31625736763071294,0.21673911224241715,0,Medium Risk
52,11,USA,693,133251.65,1,1,102180.46,0.045,0.17,0.4265,10,1,1,CUST008241,0,0.06378960310510752,0.11896925550132834,0,Low Risk
20,2,India,545,52333.82,2,1,89309.93,-0.3362,0.43,0.5889,12,2,0,CUST008614,0,0.20545399137202913,0.3493643245866846,0,Low Risk
72,6,India,661,130599.33,1,0,118562.63,0.1981,1.06,0.3117,13,1,0,CUST002281,0,0.1959023134668901,0.44742644986478214,0,Low Risk
45,13,India,701,9366.38,1,1,101940.12,-0.0607,0.32,0.1571,16,2,0,CUST007890,0,0.17348700092993513,0.369270070643897,0,Low Risk
22,0,India,660,94819.82,1,0,24869.26,0.0694,0.65,0.7959,15,3,0,CUST002161,0,0.1736055807646725,0.1471860064511715,0,Low Risk
33,5,Germany,660,33919.8,2,1,136186.73,0.4008,1.36,0.2936,9,4,1,CUST006385,0,0.3288014073604423,0.464808743835313,0,Medium Risk
41,9,Germany,738,24772.62,2,1,140527.71,0.3745,0.16,0.6359,9,3,1,CUST006608,0,0.07189609649368861,0.0966105220724821,0,Low Risk
59,14,USA,570,106410.97,1,1,82683.14,0.1954,0.01,0.6162,10,2,1,CUST002313,0,0.14259620602507506,0.11572693380153856,0,Low Risk
70,9,India,657,73807.38,1,1,120844.19,-0.3991,0.48,0.1205,9,0,1,CUST007496,0,0.46533346451867885,0.6340499810056877,0,Medium Risk
63,0,France,581,72487.76,2,1,92942.29,-0.2024,0.56,0.4088,10,3,0,CUST006256,1,0.6006709611452715,0.6918277094665825,1,High Risk
55,6,Germany,666,47043.85,2,1,114415.07,0.327,1.97,0.7968,12,1,0,CUST004059,0,0.3786302119480141,0.5363140523386413,0,Medium Risk
62,2,USA,650,24209.26,1,1,128585.47,-0.0496,2.92,0.3821,16,0,1,CUST006192,0,0.7824510189253173,0.9111875653230249,1,High Risk
29,7,USA,662,89325.66,2,1,134042.22,0.2354,0.29,0.4236,11,0,0,CUST006095,0,0.03264340808173331,0.07474549084965779,0,Low Risk
71,11,India,414,55411.42,1,0,136272.3,0.155,0.09,0.5628,15,0,1,CUST003488,0,0.1723337744953871,0.21610528799728548,0,Low Risk
55,11,Germany,690,71105.6,3,0,39282.78,0.0041,0.68,0.4337,11,5,0,CUST004439,1,0.39622099743976286,0.4663912038848838,0,Medium Risk
25,9,Germany,513,106396.03,1,1,131303.78,0.107,0.91,0.3306,10,3,1,CUST007751,0,0.17769827171186023,0.4133698456239359,0,Low Risk
36,4,France,709,131458.94,1,0,87217.51,0.1413,1.1,0.5339,10,1,0,CUST009219,0,0.13231481193825023,0.24044635315070312,0,Low Risk
47,9,France,553,41828.05,2,0,128125.7,-0.3598,0.55,0.5227,7,7,1,CUST004478,0,0.516437089279515,0.7237667379448012,1,Medium Risk
30,5,Germany,722,17858.7,2,1,147399.31,-0.0256,0.19,0.9205,11,0,0,CUST000518,0,0.0839282497971085,0.11299956567830663,0,Low Risk
65,5,France,767,189259.74,1,1,157096.33,0.2096,0.05,0.2192,8,0,1,CUST003742,0,0.2670973053067964,0.09946643429452781,0,Low Risk
71,10,Germany,811,51781.03,4,1,128282.13,0.0082,1.1,0.2363,11,3,1,CUST002096,0,0.41158952579414687,0.4877172756264443,0,Medium Risk
38,9,USA,568,123535.69,2,0,88827.97,0.0004,0.61,0.2533,12,1,1,CUST008121,0,0.17342675468938715,0.18650241816761307,0,Low Risk
57,12,France,660,6873.04,1,1,128089.33,0.3706,0.46,0.6374,13,0,1,CUST007970,0,0.10937130930483105,0.11891307282879404,0,Low Risk
57,8,France,762,17174.74,2,1,76633.92,0.2895,0.59,0.8472,11,2,1,CUST008119,0,0.06493926286415186,0.1138297254534445,0,Low Risk
69,14,India,438,132827.04,2,1,18000.0,0.0838,0.72,0.6442,19,10,0,CUST000043,0,0.3100059585625132,0.6362558710179838,0,Medium Risk
47,6,USA,607,88072.54,1,1,109697.42,0.0008,2.87,0.0566,7,0,1,CUST008097,0,0.8423950659057102,0.9034770932915613,1,High Risk
63,4,France,656,118415.23,1,0,127523.5,-0.0203,0.67,0.1765,14,0,1,CUST005701,0,0.21793598484070134,0.3613871361931403,0,Low Risk
31,11,India,710,28971.25,2,1,96650.25,-0.0308,0.52,0.2129,14,0,0,CUST006772,0,0.10375187922592208,0.19261202341769118,0,Low Risk
22,7,India,646,71929.25,4,1,67905.55,-0.127,0.39,0.2504,8,2,1,CUST002455,0,0.10569691508331207,0.12852538546313205,0,Low Risk
19,0,India,672,119166.63,4,1,84817.76,0.3478,0.47,0.6778,10,2,1,CUST002802,0,0.14909107720068476,0.023791569314527677,0,Low Risk
24,0,India,695,25783.62,2,1,110722.51,0.57,0.05,0.0684,9,6,1,CUST003657,0,0.0999296050300549,0.1291982299229786,0,Low Risk
38,4,France,768,59255.62,2,0,37032.04,-0.1506,0.05,0.4681,8,1,1,CUST003590,0,0.11482671098009861,0.12469681588245231,0,Low Risk
39,1,Germany,741,81099.09,1,1,78883.92,-0.2674,1.13,0.4603,14,1,0,CUST009539,0,0.2868571395305706,0.611335759052005,0,Low Risk
43,9,India,680,104819.42,1,1,62129.97,0.4979,0.96,0.5278,14,0,1,CUST005800,0,0.07041908052027213,0.07017316525460247,0,Low Risk
55,11,USA,505,134804.76,1,1,137000.69,-0.1647,0.31,0.6424,11,2,1,CUST008384,0,0.1531157978877388,0.28292969920271194,0,Low Risk
67,13,USA,567,126555.06,1,0,107167.27,0.1495,1.48,0.5149,10,3,0,CUST006142,0,0.5209472048263885,0.6329976190292697,1,Medium Risk
25,2,USA,700,97758.15,1,0,79881.91,0.4944,3.06,0.5915,13,0,1,CUST008894,0,0.45830400169723495,0.38819521681284097,0,Medium Risk
30,1,France,627,31759.29,2,1,142043.3,0.0511,0.05,0.4845,8,0,1,CUST007844,0,0.05643020913379181,0.11761770152801176,0,Low Risk
21,1,India,649,19817.12,2,0,203106.85,-0.259,2.63,0.3161,21,2,0,CUST009699,0,0.672613816876057,0.8490158085191826,1,High Risk
59,12,India,621,118565.68,1,0,142909.52,0.4425,0.09,0.569,14,2,1,CUST001277,0,0.05838137733269769,0.057833927250415466,0,Low Risk
74,11,India,728,147363.39,1,1,64034.19,0.0707,0.41,0.3089,15,3,1,CUST000211,0,0.24043398891213855,0.2438834969786913,0,Low Risk
35,6,France,701,2346.61,2,0,135405.37,0.2027,0.43,0.4602,10,0,0,CUST009518,0,0.05786387920754441,0.1496986523045889,0,Low Risk
29,8,USA,705,83997.64,2,0,36504.45,-0.0973,0.79,0.5375,10,2,1,CUST004037,0,0.14580317208204974,0.17007348652943602,0,Low Risk
65,7,Germany,611,11055.47,3,1,27980.5,-0.1883,0.42,0.3141,13,1,0,CUST006345,0,0.20310416312476828,0.5860402491458238,0,Low Risk
60,7,India,763,12275.47,1,1,210472.85,-0.3093,1.49,0.5239,10,6,0,CUST007808,0,0.7326148433345381,0.9065376054893456,1,High Risk
66,13,Germany,799,127060.18,2,1,56538.25,0.124,0.69,0.2645,8,0,1,CUST002758,0,0.24125813449330857,0.20887580441032724,0,Low Risk
51,14,India,554,21948.53,2,0,55215.46,0.2986,0.41,0.2958,13,0,1,CUST008821,0,0.14482192480003955,0.12879391333699575,0,Low Risk
56,0,Germany,639,40798.09,1,1,94634.0,0.0163,2.75,0.1799,13,0,1,CUST000724,0,0.838130405032379,0.9313253021680125,1,High Risk
68,4,Germany,681,29592.09,1,1,96245.73,-0.0091,1.85,0.2051,10,2,1,CUST002682,0,0.7934956849007455,0.8991720908976447,1,High Risk
64,6,India,649,95095.76,2,0,132597.21,0.133,0.43,0.6769,9,0,1,CUST001073,0,0.038479622100181715,0.12578523873004757,0,Low Risk
39,8,USA,541,25256.5,2,1,71863.12,-0.2565,0.08,0.3052,9,1,1,CUST005468,0,0.16619815299095653,0.3226904929604662,0,Low Risk
42,7,India,749,104096.3,3,1,105229.92,0.431,0.2,0.7207,11,4,0,CUST001772,0,0.07419760261498226,0.04450749027700215,0,Low Risk
72,6,France,739,73173.83,1,1,127350.89,0.4173,0.13,0.4841,14,3,1,CUST007706,0,0.17733911597242857,0.14335593649415831,0,Low Risk
32,9,Germany,512,100828.06,3,1,77009.06,-0.1791,0.77,0.1816,13,1,1,CUST006809,0,0.25896776264337357,0.36747882581368563,0,Low Risk
34,9,India,638,31051.68,1,1,128859.6,0.3331,0.4,0.3839,13,0,1,CUST007328,0,0.08243806734404334,0.09151892718183947,0,Low Risk
54,9,India,468,95911.22,2,1,152498.59,0.464,0.12,0.159,9,1,1,CUST009110,0,0.17387209427556655,0.133284985523903,0,Low Risk
29,7,Germany,654,105395.47,3,1,97103.38,-0.1108,1.6,0.5362,9,2,0,CUST007045,0,0.4588173547621738,0.514844107074089,0,Medium Risk
24,2,Germany,726,81003.55,1,0,126193.3,-0.1441,1.88,0.3982,12,0,1,CUST005166,0,0.45904689831773626,0.5675689879025639,0,Medium Risk
35,5,France,565,49623.24,2,1,126172.18,0.1562,2.64,0.1274,8,6,0,CUST001447,0,0.7920876255670716,0.9420698268435967,1,High Risk
38,3,India,560,40168.93,1,1,151830.83,0.0056,0.05,0.108,21,2,0,CUST004003,0,0.2613701664436818,0.32450492527268654,0,Low Risk
31,5,India,716,86371.7,1,1,53481.99,0.284,0.04,0.5152,4,1,1,CUST001248,0,0.1341524382792668,0.059584811618091274,0,Low Risk
29,12,India,571,20283.59,1,1,35711.27,0.4192,1.17,0.5287,5,1,1,CUST006221,0,0.1971290426016884,0.21308261454608732,0,Low Risk
19,9,France,850,72836.63,2,1,129656.52,0.1083,3.07,0.6354,15,1,0,CUST002055,0,0.4845022871577367,0.5027022829183398,0,Medium Risk
55,12,India,606,75934.88,1,1,44349.93,0.7616,0.89,0.283,11,2,1,CUST004518,0,0.2527461447606467,0.1375719636446758,0,Low Risk
58,13,India,724,7796.12,1,0,61559.6,0.3451,1.41,0.5652,10,1,1,CUST000899,0,0.27562184334163153,0.30342262896375916,0,Low Risk
22,3,India,729,54167.36,2,1,116155.68,0.3977,0.6,0.442,10,1,0,CUST003341,0,0.050564075217575714,0.0831774398428791,0,Low Risk
53,6,Germany,775,108656.98,1,0,76219.14,0.688,0.06,0.5061,16,0,0,CUST002660,0,0.07951590450204223,0.03507262921752454,0,Low Risk
66,7,India,581,169398.45,2,0,66315.18,0.2052,0.37,0.5018,13,3,0,CUST001399,0,0.09313150340585478,0.19434332379491712,0,Low Risk
35,8,India,757,22190.57,2,1,100192.25,-0.2182,2.79,0.2587,18,5,0,CUST007634,0,0.7701363190644271,0.9163353007458428,1,High Risk
37,13,India,727,7688.74,2,1,35256.8,0.2753,0.51,0.1849,10,0,0,CUST009990,0,0.13118233357976933,0.14443857318976183,0,Low Risk
26,1,USA,831,115169.16,2,1,60651.43,-0.1454,1.37,0.262,17,2,1,CUST008096,0,0.2474733214078109,0.26751342050945515,0,Low Risk
39,1,Germany,826,26335.08,2,0,122320.37,-0.0864,0.06,0.6577,15,4,1,CUST001707,0,0.11916407832014361,0.17034283139069797,0,Low Risk
66,9,USA,715,124297.11,2,1,123255.4,0.1885,0.4,0.1566,11,6,1,CUST004071,0,0.1800626289281815,0.3411351954280313,0,Low Risk
46,12,India,677,110821.92,1,0,25152.37,-0.1254,1.35,0.1227,6,0,0,CUST003327,0,0.5009878062713101,0.5879622504349294,1,Medium Risk
33,3,India,586,144854.86,1,1,198982.1,-0.3082,3.04,0.0263,7,1,0,CUST000279,1,0.7721621276167799,0.9605024888709462,1,High Risk
26,0,France,520,94548.41,2,1,112983.53,-0.0594,0.61,0.9094,12,0,1,CUST007823,0,0.14851257836660875,0.11662570019619534,0,Low Risk
20,2,India,705,100472.14,2,0,110486.54,-0.1466,0.69,0.2772,13,2,1,CUST000374,0,0.18785110006431782,0.1866218269132191,0,Low Risk
39,10,USA,775,201227.31,1,1,150979.1,0.2596,1.16,0.5912,10,6,1,CUST007564,0,0.19671148383250953,0.1784493527873445,0,Low Risk
24,14,India,588,106038.41,1,0,133821.33,-0.1249,0.61,0.4759,14,6,1,CUST009497,0,0.30448562173107213,0.2878952125940748,0,Medium Risk
56,7,Germany,701,115450.11,1,1,21735.66,-0.3821,0.37,0.4439,15,8,1,CUST000787,1,0.4173920771787374,0.6957015672257114,0,Medium Risk
27,12,India,583,146939.4,1,1,91063.62,-0.4725,0.07,0.5704,9,4,1,CUST005727,0,0.1550959979462806,0.2504476932239493,0,Low Risk
45,4,Germany,760,43554.93,2,1,106966.79,0.2182,4.86,0.8793,18,0,1,CUST003152,1,0.5532810899247884,0.9162969403935747,1,Medium Risk
66,11,Germany,612,13395.83,1,1,101429.9,0.2725,0.77,0.716,17,1,1,CUST005852,1,0.21709878923411477,0.29696723918069196,0,Low Risk
21,4,India,711,121713.11,1,1,98874.56,0.116,0.07,0.4951,10,0,0,CUST009069,0,0.06293337753251521,0.058534252056006444,0,Low Risk
44,4,India,614,60470.79,1,0,84474.67,0.3221,0.52,0.4994,12,2,0,CUST007576,0,0.11875594033927594,0.21395412661593666,0,Low Risk
54,2,Germany,588,90151.52,1,1,144780.53,0.1251,1.98,0.2293,13,0,1,CUST005130,0,0.5274880252691189,0.7664685609113692,1,Medium Risk
67,13,India,780,13607.79,1,1,225430.94,-0.1485,0.0,0.2585,11,6,1,CUST006829,0,0.5829301759372693,0.5240961074892042,1,Medium Risk
40,9,USA,618,128856.99,2,0,65752.39,0.0769,0.28,0.0915,10,2,1,CUST000583,0,0.058835803261891216,0.15917058963615963,0,Low Risk
31,14,Germany,541,90511.4,1,1,97882.74,0.1983,0.01,0.5842,10,2,1,CUST004511,0,0.05276945834487171,0.10412320093559814,0,Low Risk
40,5,USA,728,145711.61,3,0,133325.66,0.3307,0.19,0.103,10,2,0,CUST008254,0,0.058291038219142444,0.07694158373183516,0,Low Risk
69,14,India,586,5430.71,1,1,28432.6,0.1111,1.5,0.1588,8,2,0,CUST008186,0,0.5730282286390744,0.8433645585297085,1,Medium Risk
66,1,India,590,84438.19,1,0,52882.38,-0.2458,0.04,0.5882,9,3,1,CUST005147,1,0.37610964137928093,0.441084445334059,0,Medium Risk
48,10,Germany,744,11308.03,1,0,89212.88,0.306,0.64,0.5307,10,1,1,CUST008051,0,0.11828494074971113,0.19807733337530795,0,Low Risk
41,6,India,725,62220.54,1,1,61621.22,0.2012,1.88,0.1455,6,1,0,CUST006539,1,0.43596999974830486,0.6689216453078758,0,Medium Risk
57,13,USA,594,127289.84,1,0,132336.04,-0.0252,0.34,0.5537,6,0,1,CUST005546,0,0.11053157047450825,0.1796797061674018,0,Low Risk
29,12,USA,555,5470.74,2,1,41244.43,-0.2671,0.7,0.2237,10,0,1,CUST003369,1,0.26838747761700815,0.3925637023430181,0,Low Risk
26,7,France,692,62672.45,2,0,67104.7,0.1537,2.95,0.0812,10,0,1,CUST006473,0,0.6794509775540861,0.7026546840963994,1,High Risk
53,6,France,658,19574.17,2,1,77217.22,0.024,1.19,0.1727,15,1,1,CUST000587,0,0.3522522947856319,0.5172538071621617,0,Medium Risk
64,4,India,656,34575.0,1,0,90477.14,-0.2855,0.75,0.3283,14,1,1,CUST003334,0,0.42623540111660596,0.6080095145125728,0,Medium Risk
28,1,Germany,576,19636.76,2,1,59066.63,-0.0358,1.32,0.6297,12,0,0,CUST003963,0,0.35813901199282966,0.5183892645822666,0,Medium Risk
68,5,India,662,105907.33,1,0,130195.76,0.3924,0.05,0.5652,10,7,1,CUST008181,0,0.2422708368962032,0.22257234568023854,0,Low Risk
31,4,Germany,679,27888.78,1,1,146840.27,-0.0493,1.65,0.5656,14,0,1,CUST002417,0,0.47976346087385524,0.5257797135395884,0,Medium Risk
40,13,Germany,627,85586.64,1,1,148824.1,-0.3126,0.8,0.2865,10,5,0,CUST007048,0,0.7593668496372362,0.7821672302299119,1,High Risk
29,1,Germany,596,242494.39,4,1,18000.0,0.0567,0.76,0.4672,14,4,0,CUST005843,0,0.16740214978621637,0.14634191609424538,0,Low Risk
60,0,India,724,287403.51,2,0,85496.28,0.0735,0.06,0.2461,19,3,1,CUST004281,0,0.15615103037644665,0.061259767532252526,0,Low Risk
45,8,USA,813,39743.31,2,1,120156.3,0.1429,3.2,0.4233,14,1,0,CUST006157,0,0.5132171753096076,0.7937784423455068,1,Medium Risk
36,7,India,585,32916.46,1,1,178975.92,-0.0885,1.06,0.2601,8,0,1,CUST010397,0,0.4697520729243396,0.5139166516056924,0,Medium Risk
34,13,Germany,622,47464.25,2,1,113285.2,0.127,0.63,0.4586,15,0,1,CUST006326,0,0.08395666588872217,0.13987124627474096,0,Low Risk
29,14,Germany,604,98428.04,1,0,87802.0,-0.3933,1.15,0.3531,12,1,1,CUST004460,0,0.3367855963360157,0.5429701555197081,0,Medium Risk
49,8,India,538,137474.18,1,1,115279.38,0.2388,0.41,0.4368,11,0,1,CUST004801,0,0.09743069015767392,0.12216892173893706,0,Low Risk
56,8,Germany,774,202538.72,2,1,121944.73,-0.0721,0.32,0.1344,8,0,1,CUST000129,0,0.12839265645383682,0.17368278312872096,0,Low Risk
63,7,India,725,66848.91,1,1,98437.36,0.2298,0.18,0.2054,13,7,1,CUST006228,0,0.22601678365723693,0.3850021443411173,0,Low Risk
23,1,USA,700,63803.25,2,0,124978.99,0.0877,0.22,0.3063,15,3,1,CUST005983,0,0.06796976142827384,0.10904319861314951,0,Low Risk
37,5,France,545,116191.03,2,1,18000.0,0.3191,3.3,0.4585,13,3,0,CUST007959,0,0.6392766500612617,0.8401679418715639,1,High Risk
24,2,USA,661,123683.53,3,1,142121.72,0.3495,0.51,0.7499,11,0,0,CUST008791,0,0.09245458580486055,0.032430511950082494,0,Low Risk
65,9,India,608,35991.13,2,0,18000.0,0.0049,0.07,0.6298,17,1,0,CUST006643,0,0.19317023815303183,0.18279102510633402,0,Low Risk
22,11,India,667,25433.14,1,1,37950.07,-0.254,0.58,0.2941,12,1,1,CUST001334,0,0.22567821873659077,0.28070144602687047,0,Low Risk
66,6,India,640,91335.46,4,1,119562.54,0.134,0.29,0.3786,14,2,1,CUST001756,0,0.12225882734335844,0.1269778537115284,0,Low Risk
36,1,France,551,120734.64,2,1,135001.76,-0.1536,0.74,0.7528,9,1,0,CUST000697,0,0.19644923805942574,0.31541166197019077,0,Low Risk
42,12,India,586,143857.34,3,1,139975.09,0.1234,0.51,0.6116,17,5,1,CUST003332,0,0.15715253527628936,0.0979749810292359,0,Low Risk
22,3,India,678,103238.36,1,0,186726.67,0.0865,1.46,0.3273,15,6,0,CUST001875,0,0.4394025759554737,0.5631529102498609,0,Medium Risk
57,10,Germany,735,182485.93,1,0,140159.28,0.2424,2.26,0.6015,7,7,1,CUST005530,0,0.41793607476164385,0.7440078042849858,0,Medium Risk
59,10,USA,623,19904.31,2,0,48669.96,-0.2812,0.07,0.6619,11,7,0,CUST007198,0,0.34612448175659793,0.5804695716775673,0,Medium Risk
51,8,India,545,95663.65,2,0,44395.02,-0.2353,0.18,0.3683,15,0,0,CUST007832,0,0.18964916770062282,0.26076371537261556,0,Low Risk
70,8,India,506,52017.75,1,1,177231.95,-0.3033,0.3,0.1136,17,0,0,CUST002917,0,0.461907385090885,0.6870671158277215,0,Medium Risk
41,9,India,652,89455.2,1,1,18000.0,-0.2909,0.18,0.0265,20,2,1,CUST003435,0,0.22776360197187542,0.29370471736229736,0,Low Risk
57,11,France,582,42279.14,2,1,176558.17,0.5118,0.43,0.2869,7,0,1,CUST007310,0,0.10504406243403422,0.14280211928679062,0,Low Risk
34,14,USA,733,96771.67,2,1,18000.0,0.1956,0.84,0.3485,17,5,0,CUST003161,0,0.1279736046185444,0.19148139072814147,0,Low Risk
24,5,India,660,56902.05,2,0,160706.81,0.1695,0.82,0.4372,10,2,1,CUST007591,0,0.07789045095720533,0.1543619184604347,0,Low Risk
35,7,India,756,4457.5,1,1,105940.55,0.2175,1.43,0.6925,14,0,1,CUST001803,0,0.21957025861399246,0.19291550978965147,0,Low Risk
73,2,India,789,28302.68,2,1,18000.0,-0.2158,0.14,0.3092,13,1,1,CUST009135,0,0.24394682193365896,0.34245269116465854,0,Low Risk
65,1,India,580,216635.58,1,1,140178.04,-0.1971,0.61,0.4321,13,2,1,CUST009267,0,0.19608192772264021,0.3967074319854576,0,Low Risk
64,1,USA,611,138914.02,2,1,60365.55,0.3617,0.71,0.405,11,4,1,CUST007612,0,0.13222426568711662,0.268449031788748,0,Low Risk
24,13,USA,622,55307.22,1,1,73687.07,0.072,0.29,0.4074,15,0,0,CUST003056,0,0.08989737280589491,0.11073255003039971,0,Low Risk
23,14,India,532,118488.44,2,0,91991.76,0.0322,0.57,0.8198,20,0,1,CUST009670,0,0.08759685055724221,0.033888509952821,0,Low Risk
73,9,Germany,594,2064.89,3,1,135090.2,-0.063,2.91,0.3539,11,0,0,CUST002723,1,0.8317003027066383,0.9579170630763042,1,High Risk
68,12,Germany,818,82297.77,2,1,87936.63,0.108,0.22,0.0684,12,0,1,CUST000040,0,0.1934628826103268,0.19206103475071554,0,Low Risk
42,11,Germany,525,178474.75,1,0,19916.79,0.2092,0.76,0.3004,9,1,1,CUST009777,0,0.17894248568661056,0.22759450472749485,0,Low Risk
34,12,India,756,33958.9,2,1,223796.98,-0.1769,2.07,0.3194,15,2,1,CUST002062,0,0.5153980028451495,0.6121541932146045,1,Medium Risk
57,3,India,798,2251.0,4,1,68200.87,-0.1315,0.2,0.562,15,0,1,CUST001387,0,0.12190490190677863,0.09679066433625741,0,Low Risk
46,8,India,648,87916.37,4,0,120476.14,-0.3316,0.23,0.3142,11,4,1,CUST008959,0,0.21179510899200105,0.25736493782337055,0,Low Risk
26,3,India,688,40443.15,4,1,18000.0,-0.2712,1.85,0.7489,16,7,1,CUST000453,0,0.6218705416243699,0.5553574560440612,1,High Risk
29,5,Germany,659,61390.27,3,1,109086.01,-0.1206,0.62,0.9578,11,3,0,CUST005344,0,0.2559087846469334,0.22173671727516642,0,Low Risk
62,3,France,673,54058.28,2,1,93995.62,-0.4178,0.03,0.3937,13,6,1,CUST009350,0,0.49246028069758047,0.6113278771160128,0,Medium Risk
52,14,Germany,764,28176.5,1,0,110064.66,0.2614,1.83,0.2533,14,1,1,CUST008343,0,0.3294332122194441,0.53594017881118,0,Medium Risk
61,7,India,523,162009.4,2,1,27637.48,-0.2269,0.43,0.2508,16,3,0,CUST008581,0,0.20098552316342114,0.4838835675058768,0,Low Risk
35,1,USA,578,75607.22,2,0,49728.04,0.251,0.66,0.618,8,4,1,CUST004965,0,0.15606052955236094,0.20297711655197395,0,Low Risk
69,12,Germany,468,68104.97,2,1,177369.35,0.2194,0.05,0.6149,13,1,0,CUST009458,0,0.1593877085919746,0.269560506480397,0,Low Risk
25,1,India,495,92286.05,1,1,122066.3,-0.0183,0.2,0.7416,22,0,0,CUST009208,0,0.15190660689819402,0.10009854475085588,0,Low Risk
40,13,Germany,579,76051.7,3,0,138253.13,0.3246,0.53,0.7422,10,0,1,CUST005320,0,0.04633331097900679,0.05911215651169384,0,Low Risk
54,1,Germany,621,186847.98,1,1,68357.04,0.5059,1.56,0.212,15,0,1,CUST000416,0,0.254118939783811,0.3035079095499262,0,Low Risk
46,10,France,507,84251.05,2,1,177423.2,-0.0475,2.54,0.2416,13,9,1,CUST005085,1,0.8202612228212139,0.9545244553190873,1,High Risk
32,0,Germany,757,112519.88,1,0,117068.69,-0.0288,0.21,0.702,13,0,0,CUST003312,0,0.12608218351244566,0.11628349363604851,0,Low Risk
18,7,France,664,25412.56,2,0,161598.59,0.6064,0.22,0.2981,20,0,1,CUST001876,0,0.07292075108489145,0.02012492659280495,0,Low Risk
29,5,India,478,173001.93,1,0,78293.77,0.0944,0.75,0.7324,9,2,1,CUST008908,0,0.12451727099565352,0.14552180100669104,0,Low Risk
70,5,France,649,102137.35,1,1,120401.69,-0.3284,0.08,0.3921,13,3,1,CUST003241,0,0.4063865536187637,0.503017604233239,0,Medium Risk
41,9,France,668,132258.25,2,0,131249.92,0.2813,0.78,0.5531,13,0,0,CUST002194,0,0.04744700835469146,0.08851456411815357,0,Low Risk
67,11,France,600,37431.75,2,1,97741.57,-0.1191,0.19,0.2711,11,0,1,CUST006416,0,0.22777254745361714,0.3400116443764507,0,Low Risk
49,4,India,693,47190.47,1,0,105638.07,-0.275,0.15,0.2596,13,0,1,CUST004853,0,0.22701882300204024,0.2943136107430671,0,Low Risk
40,5,India,576,160526.71,1,1,153284.25,0.1099,0.42,0.0881,9,0,1,CUST007352,0,0.07077109925558193,0.1895871269770476,0,Low Risk
72,12,USA,478,129971.94,1,1,48596.58,-0.2245,0.92,0.5167,10,0,0,CUST000139,0,0.3328099327299733,0.6424351680482707,0,Medium Risk
28,8,France,656,53180.47,3,0,77336.89,-0.0968,0.26,0.3731,13,7,0,CUST008879,0,0.20746024331265098,0.3236821710360872,0,Low Risk
18,0,India,636,26310.58,1,1,105367.94,0.4995,1.6,0.35,13,1,0,CUST004780,0,0.33805112555307093,0.31686582290912996,0,Medium Risk
18,10,Germany,700,52020.66,2,1,85435.31,-0.0078,0.08,0.6597,10,0,1,CUST003631,0,0.061453630350922134,0.056494261829822874,0,Low Risk
30,9,India,666,196937.59,1,1,124193.99,-0.5204,1.02,0.2066,15,3,1,CUST004531,0,0.37649249139974167,0.4691683926194635,0,Medium Risk
28,3,Germany,504,3067.06,2,1,18000.0,-0.3532,1.44,0.3671,14,0,1,CUST001189,0,0.49037258623475394,0.7371426478058455,0,Medium Risk
67,7,USA,581,47879.36,4,1,114806.4,-0.2335,1.63,0.7862,13,6,0,CUST008965,1,0.7609507557551904,0.8046892415683747,1,High Risk
62,13,India,684,11100.27,1,0,129235.73,-0.2155,0.13,0.4362,13,1,1,CUST000764,0,0.22634855608685484,0.307505943068607,0,Low Risk
22,4,France,515,103517.83,1,0,42101.41,-0.0283,5.25,0.5728,10,5,1,CUST003828,1,0.7819755401715802,0.9907257128025321,1,High Risk
64,12,France,683,47835.13,1,1,104504.84,-0.2249,2.6,0.3703,13,0,1,CUST008723,0,0.7279377251362675,0.8838176638792706,1,High Risk
18,7,Germany,647,103980.08,1,1,85225.5,0.083,1.86,0.6387,15,0,1,CUST008011,0,0.36465240833613544,0.2923349025959686,0,Medium Risk
60,8,USA,754,73109.6,2,1,169749.35,0.0573,2.07,0.3911,9,7,0,CUST008874,0,0.7499689920675084,0.8753641764342479,1,High Risk
35,2,France,705,50248.84,1,0,81021.25,-0.0359,1.29,0.7363,11,6,0,CUST007300,0,0.6204815283719772,0.6292726352092878,1,High Risk
30,11,USA,519,113124.34,2,1,47728.65,-0.1066,0.0,0.7368,13,5,1,CUST004702,0,0.12514250169169874,0.12104618121689377,0,Low Risk
24,10,France,633,128051.36,1,1,75142.07,0.423,0.45,0.157,13,0,1,CUST002618,0,0.06474737464902247,0.05406171141105771,0,Low Risk
42,1,USA,634,141787.62,2,1,215585.57,-0.2136,0.03,0.1629,13,1,1,CUST008335,0,0.1930126829754207,0.20062024270039194,0,Low Risk
65,12,Germany,648,48210.59,1,1,183073.46,-0.0384,0.36,0.5561,13,5,0,CUST004691,0,0.538628454239083,0.6244139612032604,1,Medium Risk
54,0,India,735,57953.65,1,0,200592.56,0.0286,0.2,0.0878,8,0,1,CUST005712,0,0.19661526651634403,0.2914461073047875,0,Low Risk
34,9,India,637,105840.61,1,1,74786.27,-0.2448,0.98,0.5003,9,1,1,CUST006451,0,0.24795355487693269,0.34751683236001685,0,Low Risk
19,0,USA,549,139091.6,3,0,77256.21,-0.1862,1.24,0.4533,18,10,0,CUST001509,0,0.37818567594883445,0.647185184230571,0,Medium Risk
52,6,USA,668,54253.49,2,1,56474.45,0.3304,0.58,0.1206,11,1,1,CUST009528,0,0.16235909141232147,0.1999344376852648,0,Low Risk
25,2,USA,609,144260.08,2,1,75353.59,0.1702,1.45,0.3892,8,4,0,CUST000006,0,0.23814992455741898,0.4351158975540658,0,Low Risk
58,3,Germany,582,79544.46,1,0,165943.87,-0.0461,0.04,0.4489,15,4,1,CUST008159,0,0.4120956681071695,0.4304408654662088,0,Medium Risk
61,1,USA,649,46587.25,2,1,76032.64,-0.5005,0.93,0.5207,10,0,1,CUST001246,0,0.5058415376167131,0.6500041155958319,1,Medium Risk
64,0,India,575,16987.89,3,0,120797.09,0.3744,2.0,0.3613,8,0,0,CUST006812,0,0.6119000795334282,0.6835543584498425,1,High Risk
42,4,India,618,179322.49,2,1,57659.55,-0.2484,7.12,0.4525,16,5,1,CUST002988,1,0.7548406396530166,0.9988277585870422,1,High Risk
70,0,India,595,26235.5,3,1,186908.32,0.0255,0.78,0.4969,17,0,0,CUST002214,0,0.31036308990536815,0.4237384005155115,0,Medium Risk
61,6,Germany,705,32245.8,1,0,19059.83,0.15,0.87,0.3963,11,0,0,CUST006489,0,0.265599994863245,0.48820950856986006,0,Low Risk
46,6,USA,614,83339.58,2,0,114470.9,0.1821,0.01,0.5802,9,7,1,CUST004008,0,0.1722620111480698,0.1965876629559516,0,Low Risk
63,13,Germany,764,116454.67,4,0,97728.06,0.036,0.29,0.4534,16,0,1,CUST001417,0,0.10518599121801588,0.06154459148201834,0,Low Risk
31,4,France,612,3548.96,1,1,18000.0,0.179,3.3,0.2406,13,10,1,CUST007312,1,0.7826433094523023,0.9773327512026209,1,High Risk
29,9,USA,617,102584.88,1,1,203502.96,0.1414,0.19,0.5534,15,0,1,CUST007410,0,0.0664313422611142,0.05547729753778482,0,Low Risk
18,8,USA,805,172169.99,4,1,131629.08,-0.6021,0.24,0.6328,12,0,0,CUST008466,0,0.13391402212002543,0.05563423198795189,0,Low Risk
66,0,USA,663,95970.74,1,0,44404.12,0.3453,0.41,0.3693,10,2,0,CUST000895,0,0.25828741160599034,0.3003735990238394,0,Low Risk
63,4,Germany,827,11660.99,2,0,69700.6,-0.5162,1.26,0.2325,5,8,1,CUST003269,0,0.6323390523161393,0.9548073459496493,1,High Risk
45,0,India,730,76250.1,1,0,89772.89,0.1573,1.87,0.8207,9,2,0,CUST008648,1,0.4399813508004757,0.5104980170031993,0,Medium Risk
56,9,Germany,436,17506.71,2,1,105031.52,-0.1446,1.95,0.1122,13,1,1,CUST004085,0,0.7589987334813512,0.9200104575208083,1,High Risk
36,1,India,587,134112.38,1,1,164169.57,-0.0069,0.43,0.2355,9,0,0,CUST005560,0,0.22456484156085066,0.29261456541134245,0,Low Risk
63,1,Germany,646,108570.74,1,1,111076.58,0.1323,0.61,0.3143,11,1,1,CUST008545,0,0.19995702590551448,0.42499665564098443,0,Low Risk
44,0,India,524,96672.87,1,1,46214.78,-0.3962,0.48,0.2622,10,0,1,CUST009703,0,0.31893231397450267,0.5323159299449843,0,Medium Risk
54,13,France,610,31918.61,1,1,94123.23,-0.0311,1.2,0.3342,14,5,1,CUST008262,0,0.6432723245840886,0.7089746520489928,1,High Risk
57,5,India,734,148943.77,3,1,98936.25,0.1143,1.93,0.4401,9,3,1,CUST005834,0,0.5343339632586808,0.45190108275854873,1,Medium Risk
29,6,USA,794,88654.4,1,1,118730.02,0.1962,0.69,0.451,18,3,0,CUST007489,0,0.08380006802102077,0.1390429685830758,0,Low Risk
62,5,USA,724,22281.16,2,0,84145.46,-0.4498,0.13,0.7634,9,4,1,CUST004307,0,0.3825164844883435,0.4391877248317691,0,Medium Risk
45,12,USA,633,144059.79,3,1,86244.2,-0.1696,0.82,0.0945,9,0,1,CUST008530,0,0.2046274752091477,0.24649858969944494,0,Low Risk
66,0,USA,664,69044.95,1,0,107918.93,0.1587,0.23,0.0711,4,1,1,CUST005772,0,0.2675962009195412,0.41606635821271054,0,Low Risk
72,5,Germany,518,14412.75,1,1,82983.65,-0.5833,0.81,0.67,11,6,0,CUST002878,1,0.689183089130631,0.9614986566670913,1,High Risk
58,12,India,665,28704.4,1,1,96928.91,0.3824,1.21,0.1125,15,1,1,CUST005818,0,0.27470820856627787,0.3674841538432769,0,Low Risk
21,0,Germany,589,31415.09,2,1,43164.02,-0.0401,1.08,0.3946,10,2,0,CUST002084,0,0.2758895059645714,0.5794170419956628,0,Low Risk
48,7,Germany,646,137491.19,3,0,96851.41,0.1083,0.68,0.3384,12,3,1,CUST009861,0,0.1217839070138349,0.22196130679233822,0,Low Risk
36,9,India,712,77117.04,1,1,154993.91,-0.014,0.37,0.1894,12,6,1,CUST003599,0,0.3240461145237752,0.35944515674253635,0,Medium Risk
47,2,India,633,36092.97,2,1,68865.15,-0.1241,0.45,0.4399,11,2,1,CUST008054,0,0.09927039417118655,0.3432070128496347,0,Low Risk
59,1,USA,531,158857.51,2,1,196691.01,0.1237,0.73,0.4028,14,6,0,CUST001398,0,0.26129634281929803,0.5518171274720418,0,Low Risk
50,3,Germany,566,67771.31,3,1,42116.71,0.1377,0.01,0.5616,19,0,1,CUST001217,0,0.1372671857708677,0.08193864037826415,0,Low Risk
25,14,India,611,114976.64,1,0,101585.83,-0.3149,0.4,0.089,13,1,1,CUST003286,0,0.30100639642103266,0.23839372629410327,0,Medium Risk
33,6,USA,663,4374.93,2,1,63423.21,0.1254,1.02,0.1909,9,3,0,CUST010000,0,0.21978366507476252,0.5221259026511123,0,Low Risk
36,9,France,455,125643.6,1,0,72056.5,-0.2148,0.91,0.2854,12,2,0,CUST003048,0,0.29276640558273764,0.6054244780445933,0,Low Risk
46,13,India,850,187144.24,1,1,65453.08,0.3091,0.31,0.1652,12,0,1,CUST008123,0,0.07029954453519675,0.0346928245313876,0,Low Risk
54,7,Germany,733,778.9,1,1,131925.17,0.2482,0.25,0.3353,9,5,0,CUST001264,0,0.2808547718272932,0.5274526688921433,0,Low Risk
49,8,France,850,157505.9,3,1,122688.35,0.1624,0.81,0.391,11,0,0,CUST007304,0,0.09383113673301369,0.08632151190321807,0,Low Risk
39,2,Germany,798,60705.14,1,1,84286.03,0.3803,1.23,0.4594,14,0,1,CUST001058,0,0.12735528736824625,0.18930807850630094,0,Low Risk
43,12,France,615,130003.52,1,1,100043.56,0.3227,1.68,0.2959,9,0,1,CUST001468,0,0.20628530310831547,0.3177800251435028,0,Low Risk
42,9,India,597,225547.26,3,1,208508.62,0.1838,0.01,0.5396,10,3,1,CUST007529,0,0.08229490468320817,0.03736581085950633,0,Low Risk
61,2,India,716,42742.98,2,1,91746.34,-0.2802,0.33,0.155,10,3,1,CUST000770,0,0.38849861405193037,0.5682007542944653,0,Medium Risk
71,6,India,720,84808.37,2,1,44432.19,0.7339,3.43,0.4074,14,1,1,CUST005858,0,0.647629397842236,0.6582358840569228,1,High Risk
43,12,France,771,151908.52,2,1,107056.73,0.1753,0.11,0.3432,15,1,1,CUST010469,0,0.025906277141399453,0.03748637920882396,0,Low Risk
22,12,France,825,167097.48,1,1,57803.66,-0.188,0.38,0.2718,14,3,0,CUST003202,0,0.24900311298827993,0.14142666253043842,0,Low Risk
44,7,India,633,115285.8,2,1,97858.69,-0.1438,1.02,0.2769,13,0,0,CUST003088,0,0.2916802651514135,0.38820092900716463,0,Low Risk
28,7,USA,673,168871.77,3,1,152162.01,0.0742,1.15,0.3187,5,2,1,CUST004379,0,0.1617340578955231,0.17705089973173568,0,Low Risk
21,6,Germany,635,159056.03,2,1,85278.45,-0.0123,0.74,0.1798,14,1,0,CUST001155,0,0.10592744809110205,0.23334862171576695,0,Low Risk
72,8,Germany,682,60868.45,1,1,88457.29,0.2876,1.05,0.4472,11,0,1,CUST005618,0,0.22369824558569512,0.4160425647806981,0,Low Risk
20,6,Germany,571,57480.63,1,1,107736.4,-0.1581,0.58,0.5066,16,0,1,CUST009924,0,0.15507032417703043,0.24296495308602153,0,Low Risk
47,13,USA,746,122720.73,1,1,84434.5,0.2835,0.54,0.6262,20,7,1,CUST003831,0,0.10795039412935066,0.11931191469213832,0,Low Risk
36,13,Germany,615,107936.16,1,0,143764.2,0.1374,0.87,0.5365,8,0,1,CUST005641,0,0.06329118853010869,0.195364265441236,0,Low Risk
32,0,India,655,35338.94,2,0,123710.78,0.1049,1.31,0.1763,8,3,0,CUST005743,0,0.4265394063613189,0.6187194079309261,0,Medium Risk
59,14,Germany,571,131106.56,1,0,175835.63,-0.2817,0.84,0.1948,14,2,1,CUST005495,0,0.3206287278028178,0.6507513228314125,0,Medium Risk
53,6,Germany,600,118046.29,1,0,116427.84,-0.2639,0.64,0.7002,15,0,1,CUST004761,0,0.18023481571315375,0.33064200724445514,0,Low Risk
44,10,USA,610,49080.85,2,1,67918.51,-0.0669,0.3,0.2143,11,1,0,CUST010037,0,0.13739481202805906,0.31996463927193824,0,Low Risk
40,3,USA,601,122080.02,2,1,63006.74,0.0577,0.38,0.5244,13,7,0,CUST006788,0,0.1808365643868213,0.34748852372778816,0,Low Risk
39,8,India,755,46130.13,1,1,55859.33,-0.0677,2.02,0.5755,9,0,1,CUST008154,0,0.5407112339569078,0.5146977100844421,1,Medium Risk
60,2,Germany,701,82950.02,3,1,79927.56,0.197,0.62,0.5789,11,3,1,CUST003319,0,0.13288713431585608,0.2425413354306242,0,Low Risk
23,10,India,691,49673.97,1,1,78039.71,0.2321,1.41,0.2734,16,0,0,CUST005447,0,0.2027286309091701,0.24908886766745675,0,Low Risk
53,12,USA,599,60706.55,1,1,147479.47,0.5062,1.02,0.5252,15,1,1,CUST010365,0,0.1202814822598724,0.1584508636405231,0,Low Risk
39,1,Germany,703,145108.33,1,1,112783.22,-0.0847,0.56,0.3502,10,3,1,CUST010076,0,0.3352057089381069,0.3736079912936263,0,Medium Risk
55,7,India,643,129268.65,4,1,58348.35,-0.2491,0.67,0.3628,14,5,1,CUST001603,0,0.33070578534019535,0.34033605868022077,0,Medium Risk
67,1,USA,681,143598.17,2,1,127677.25,0.0578,0.31,0.38,12,1,0,CUST004285,0,0.1664572148494419,0.24972963161999423,0,Low Risk
65,9,India,603,102679.04,2,0,30783.44,0.2648,0.16,0.1747,12,0,1,CUST003145,0,0.11603610103391354,0.11921596058846022,0,Low Risk
26,11,France,759,66847.04,1,0,120779.59,-0.1758,0.2,0.0991,12,4,0,CUST001958,0,0.28793778732771963,0.3356403334906824,0,Low Risk
40,5,India,663,99394.13,2,0,178911.05,-0.3043,1.52,0.4595,12,4,0,CUST003170,0,0.6255592087564088,0.7165220019953887,1,High Risk
37,2,Germany,547,69929.27,1,1,44211.01,0.2804,0.68,0.4737,14,3,0,CUST006143,0,0.19561458964753395,0.39882257351946343,0,Low Risk
42,3,India,706,45074.06,2,1,30906.6,-0.2876,0.19,0.2146,7,7,0,CUST000351,0,0.3908908121585539,0.671329998172922,0,Medium Risk
24,10,USA,629,31496.54,3,1,156179.67,-0.1614,1.72,0.2883,6,2,1,CUST010118,0,0.5912831357934084,0.5822728729871798,1,Medium Risk
59,4,USA,660,134089.63,2,1,133300.62,0.0073,2.44,0.4543,10,0,0,CUST006966,0,0.6571913591263387,0.750621738256107,1,High Risk
67,7,France,643,87669.58,1,1,78733.96,0.1581,0.21,0.3055,16,0,1,CUST010480,0,0.09628930775438825,0.1817791243847735,0,Low Risk
54,13,India,768,75038.62,4,1,84925.84,0.5642,1.2,0.0397,17,7,0,CUST008101,0,0.2872649037251957,0.26763946025547175,0,Low Risk
62,0,India,738,75567.07,1,1,42203.18,-0.0934,0.12,0.3341,12,5,0,CUST009196,0,0.4688752953766743,0.5266804807682656,0,Medium Risk
55,9,USA,659,72394.86,2,1,192213.08,-0.3789,1.36,0.63,17,1,1,CUST006022,0,0.4460767490848859,0.5190368142828025,0,Medium Risk
33,3,Germany,634,122668.29,2,1,74344.81,-0.4691,0.56,0.3785,14,2,0,CUST008524,1,0.35374164657669793,0.5236409031880681,0,Medium Risk
37,2,Germany,541,109819.59,1,1,92921.29,0.0414,1.1,0.5065,11,0,1,CUST005044,0,0.1338019780813322,0.3999254033044151,0,Low Risk
32,14,USA,707,245016.83,2,1,47237.69,0.2568,1.33,0.3684,14,0,0,CUST010248,0,0.16153012617462692,0.06953615624058654,0,Low Risk
45,11,India,549,20737.75,1,0,100997.36,0.0394,0.74,0.5137,13,3,1,CUST008786,0,0.3763851617676566,0.38634351867082795,0,Medium Risk
52,13,USA,746,29309.69,1,1,127031.15,-0.2017,0.91,0.1611,10,2,1,CUST006065,0,0.48406402051216596,0.581468442469011,0,Medium Risk
63,13,USA,591,43543.85,4,1,35766.35,-0.1488,2.0,0.3302,4,3,0,CUST006285,1,0.7945342683567059,0.8573138221305888,1,High Risk
19,11,USA,517,48605.68,1,1,41215.38,0.6284,0.15,0.5645,14,0,1,CUST009884,0,0.06878467329258973,0.023079820268293565,0,Low Risk
52,14,USA,560,92007.43,1,1,95079.56,0.0473,0.75,0.5992,9,1,1,CUST009692,0,0.08818410850947865,0.26328553405394256,0,Low Risk
71,11,USA,662,91866.38,2,1,96511.6,0.1094,0.19,0.5606,10,1,0,CUST001016,0,0.1703612216489577,0.19473534083576463,0,Low Risk
30,2,India,728,7113.17,2,1,190926.19,0.4462,0.03,0.4967,13,2,0,CUST004982,0,0.09657930731753477,0.06637361084045293,0,Low Risk
49,2,India,569,36273.81,2,1,151891.41,-0.2276,0.6,0.092,6,0,1,CUST002293,0,0.4303673436565599,0.5912751883454558,0,Medium Risk
74,12,USA,648,106549.68,2,0,112948.83,0.4168,0.49,0.5301,14,0,1,CUST009213,0,0.13035780012671008,0.07864530327141495,0,Low Risk
41,3,USA,652,141623.78,2,1,122994.15,0.1263,0.41,0.4778,17,1,1,CUST007257,0,0.07775248915390028,0.07703672013917298,0,Low Risk
64,9,India,609,273307.47,1,1,122815.78,0.1619,2.26,0.8239,11,6,1,CUST000956,0,0.5290659607740534,0.5707519061367143,1,Medium Risk
24,3,Germany,697,20942.32,1,1,111260.31,0.1943,0.07,0.1385,10,1,1,CUST003612,0,0.11970800930719977,0.18308131827859192,0,Low Risk
43,7,India,726,200922.27,1,1,203275.94,0.4076,0.75,0.1057,9,0,1,CUST007188,0,0.14018085755487183,0.08743674178650272,0,Low Risk
33,11,India,519,72100.08,4,0,71736.78,0.1689,0.18,0.2835,15,0,1,CUST008599,0,0.08676186167382965,0.04501581759584495,0,Low Risk
61,13,India,705,59687.78,2,1,115750.82,0.0643,0.85,0.5037,10,3,1,CUST002735,0,0.28941601645831894,0.3181658678896043,0,Low Risk
48,5,USA,679,56189.33,2,0,74123.36,0.3075,0.3,0.9217,16,5,1,CUST004562,0,0.07901156909390482,0.07946187627705623,0,Low Risk
26,13,Germany,540,82005.97,1,0,107327.08,0.2473,0.26,0.1038,14,4,1,CUST004499,0,0.12234227278647668,0.2307798195513512,0,Low Risk
36,12,India,649,54888.76,1,1,83564.76,0.2426,1.28,0.1514,12,0,0,CUST008024,0,0.2647169706625776,0.35962187507781096,0,Low Risk
18,7,France,765,113357.63,1,1,107791.08,0.434,0.55,0.274,12,1,0,CUST005758,0,0.08489307528381157,0.06434155185176695,0,Low Risk
45,2,India,561,113838.4,1,1,43997.22,0.0016,0.25,0.1782,8,8,1,CUST000062,0,0.5435271131057192,0.5997380582499371,1,Medium Risk
45,6,Germany,527,187826.6,1,1,27374.91,-0.3602,2.04,0.3182,8,1,0,CUST000936,1,0.6434907311383253,0.894411168044913,1,High Risk
43,1,India,673,55999.17,2,1,143323.52,-0.1367,0.51,0.6537,17,0,1,CUST007490,0,0.15904577123746538,0.15259835051416834,0,Low Risk
51,6,India,660,72920.13,3,1,73865.48,-0.0246,1.7,0.5,10,2,0,CUST008851,1,0.5245565583237959,0.5816039584348925,1,Medium Risk
72,11,USA,553,190318.34,1,1,168411.52,0.1004,0.48,0.3156,13,3,1,CUST003420,0,0.26337294277481116,0.32316694799806095,0,Low Risk
49,14,Germany,715,57593.63,3,1,75843.75,-0.051,1.0,0.0959,10,1,0,CUST002041,0,0.3330078390697257,0.4995104791546689,0,Medium Risk
21,5,India,715,100701.71,2,1,33837.17,0.1699,0.65,0.8607,8,0,1,CUST009686,0,0.042151970834949495,0.037023337409412806,0,Low Risk
36,7,India,673,20281.92,4,0,65136.45,0.0664,1.19,0.2943,9,3,1,CUST006949,0,0.2841075837944898,0.3047904116152623,0,Low Risk
65,0,France,702,46339.74,1,1,76853.81,0.0276,1.49,0.143,13,0,1,CUST008868,0,0.5664981997710022,0.702713814066702,1,Medium Risk
52,13,India,532,70576.88,1,1,145900.48,0.2486,0.9,0.1155,7,7,1,CUST001945,0,0.49640224476076794,0.6865927289306282,0,Medium Risk
21,14,USA,749,3907.1,3,1,115538.88,0.1312,0.63,0.5197,4,1,0,CUST004586,0,0.12148567916431322,0.1144072460731489,0,Low Risk
26,12,USA,809,44140.03,3,1,58711.33,-0.4466,0.09,0.703,16,1,1,CUST005516,0,0.11563697761175122,0.058359533854427804,0,Low Risk
69,9,India,545,53237.74,1,1,110345.33,0.1426,0.96,0.3688,13,0,1,CUST004430,0,0.2442065595139589,0.4542063000905077,0,Low Risk
46,0,USA,626,20557.42,2,1,63434.29,-0.2951,2.24,0.3938,12,2,0,CUST006011,1,0.8376298615136719,0.9145130652011784,1,High Risk
36,2,India,850,16238.86,2,1,60289.27,0.0799,1.24,0.1807,19,2,1,CUST002015,0,0.20942962321022807,0.28307517656839176,0,Low Risk
36,10,USA,579,56919.87,1,1,104680.22,0.2203,1.42,0.2355,10,2,1,CUST006360,0,0.2953233927642201,0.4736123252176481,0,Low Risk
54,7,Germany,634,43304.88,1,1,18000.0,-0.0495,0.52,0.4433,18,7,0,CUST005599,1,0.47705514634792573,0.7063196934259648,0,Medium Risk
52,4,India,651,58182.06,2,1,112988.15,0.1464,1.22,0.4923,17,3,1,CUST005678,0,0.324162433729179,0.3620465792815524,0,Medium Risk
42,9,France,690,108433.35,3,1,134455.24,0.126,0.51,0.4458,7,5,1,CUST001457,0,0.17586585702543117,0.18527898985346491,0,Low Risk
43,5,India,584,182336.89,2,1,198434.37,0.0125,0.63,0.3208,8,5,1,CUST002631,0,0.18941628697675458,0.3320276907824231,0,Low Risk
27,5,India,627,130814.68,1,0,134766.06,0.2266,0.21,0.45,25,4,1,CUST002773,0,0.09882358907888592,0.05746061733276298,0,Low Risk
35,0,India,728,122238.34,1,1,154066.17,0.2228,0.6,0.3035,12,0,1,CUST007694,0,0.14264794957514787,0.10913101044073859,0,Low Risk
64,6,France,746,186750.29,1,1,134959.74,0.1149,1.54,0.3291,13,1,1,CUST008638,0,0.3221170368346066,0.3908544752838227,0,Medium Risk
45,2,France,818,43377.63,1,0,158244.02,-0.1119,0.05,0.1174,10,0,0,CUST000701,0,0.271511057051858,0.2897190454073367,0,Low Risk
54,11,India,593,129876.03,2,1,139054.4,-0.0172,0.78,0.5083,11,0,0,CUST008709,0,0.1457560153255229,0.25577602836655305,0,Low Risk
63,10,Germany,667,205016.66,4,1,221664.6,0.5969,0.59,0.1681,11,2,1,CUST003951,0,0.2641171352077451,0.06917513328275185,0,Low Risk
70,5,India,686,113012.82,1,0,102006.65,0.5013,0.2,0.5375,12,8,0,CUST001001,0,0.19587288109671178,0.29212769548987844,0,Low Risk
63,9,USA,556,195262.1,2,1,68801.6,0.1524,0.73,0.0915,10,0,1,CUST001092,0,0.21432672735481137,0.23142771744879048,0,Low Risk
46,10,Germany,715,32724.61,1,1,96986.78,0.2389,0.57,0.4721,12,1,1,CUST006074,0,0.10810712750835876,0.20571410424886477,0,Low Risk
23,8,USA,592,19503.75,1,1,25773.89,0.2125,1.76,0.7844,19,3,1,CUST006393,0,0.36269000163620996,0.3086851317594616,0,Medium Risk
57,8,USA,746,42105.63,4,0,18000.0,0.1511,0.26,0.8904,10,4,0,CUST005298,0,0.11772665738347152,0.09580257344193041,0,Low Risk
34,0,USA,668,169473.93,1,1,119321.0,-0.1299,1.85,0.1413,13,7,1,CUST001624,1,0.6534936941603181,0.8123757928665959,1,High Risk
54,12,India,789,67019.95,3,1,136145.75,-0.0051,1.36,0.0634,13,0,0,CUST001821,0,0.396843901672026,0.4036994250770994,0,Medium Risk
50,11,India,642,102148.91,3,1,58777.88,0.2762,2.94,0.4224,18,7,1,CUST004141,1,0.6140225348871285,0.7553473515082401,1,High Risk
66,13,Germany,549,87729.51,1,0,18000.0,-0.0553,0.08,0.1692,4,3,0,CUST007696,0,0.5295197051227158,0.6604704204634338,1,Medium Risk
68,6,France,572,106916.37,1,1,104427.12,-0.5389,2.99,0.2982,13,0,1,CUST003199,1,0.8657233687546585,0.9719721792137441,1,High Risk
42,8,Germany,560,52176.79,2,1,110716.72,0.0158,1.12,0.5481,16,1,0,CUST000105,0,0.15793243265052181,0.47139595206296414,0,Low Risk
37,6,USA,603,44692.2,1,1,18000.0,-0.315,0.35,0.4115,14,3,1,CUST003721,0,0.3488538425282448,0.4199926466208512,0,Medium Risk
60,5,France,626,117641.52,4,1,169453.24,0.4453,2.03,0.9131,17,0,1,CUST003029,0,0.30353438325263954,0.12801328238460957,0,Medium Risk
58,2,USA,712,147246.41,3,0,65289.27,-0.1054,0.07,0.4117,10,5,1,CUST006920,0,0.2551835415227416,0.20051831384694707,0,Low Risk
67,13,France,602,111598.73,1,0,71328.75,0.6296,0.09,0.4467,10,0,0,CUST007600,0,0.14704903683389134,0.07347228623034893,0,Low Risk
73,11,Germany,719,103846.31,1,1,99989.31,0.3679,0.32,0.602,9,0,0,CUST006728,0,0.13171903933801843,0.1762047088405954,0,Low Risk
43,3,India,492,63078.75,1,1,100192.37,0.0102,2.52,0.3075,11,0,1,CUST008823,0,0.7055206893588122,0.8462976666972686,1,High Risk
19,11,USA,622,20720.84,2,1,168894.9,-0.2536,0.59,0.1951,7,1,1,CUST004978,0,0.32810116387465965,0.33850120196221845,0,Medium Risk
21,1,India,670,14700.5,2,1,109393.06,-0.4271,1.31,0.5556,13,6,1,CUST008086,0,0.5142870039996699,0.7087349061727855,1,Medium Risk
24,12,USA,505,73785.31,2,1,74646.51,-0.0109,0.44,0.2353,14,0,1,CUST004477,0,0.08694657725006831,0.13878406867749146,0,Low Risk
65,11,France,624,8812.35,1,1,179441.99,0.1403,1.01,0.8068,13,1,0,CUST000377,0,0.2630109379271572,0.45051712819905787,0,Low Risk
61,8,USA,754,140350.91,2,1,55653.81,-0.332,1.44,0.4536,12,0,0,CUST001827,0,0.5504958990314104,0.5413823937140698,1,Medium Risk
34,7,Germany,664,104157.21,2,1,120682.43,0.2084,0.76,0.406,11,1,1,CUST005270,0,0.07852388925343388,0.16021422546087713,0,Low Risk
30,13,France,642,18489.36,2,1,111971.05,-0.1573,0.13,0.6076,20,1,0,CUST008926,0,0.07134356434200818,0.1220341552594362,0,Low Risk
63,13,India,776,73633.81,1,1,18000.0,0.4807,0.06,0.1628,12,3,1,CUST007275,0,0.14786467811213672,0.10015525357746537,0,Low Risk
72,10,India,583,137797.97,1,0,192773.4,-0.0654,0.69,0.4659,3,1,1,CUST001825,0,0.24893862083512952,0.465257356774452,0,Low Risk
72,0,Germany,614,63184.53,1,1,39097.5,0.2102,0.2,0.1786,8,0,1,CUST003154,0,0.29308829517645735,0.4379805436699568,0,Low Risk
33,6,Germany,561,148930.4,3,1,115942.36,0.2013,0.06,0.8188,12,0,1,CUST002884,0,0.046667371273752936,0.029514214408502663,0,Low Risk
29,11,Germany,776,179161.06,2,1,123818.73,-0.0026,0.06,0.2312,10,1,0,CUST000735,0,0.08265249715487338,0.08693672501850332,0,Low Risk
19,10,France,725,98430.64,1,1,126676.99,0.6406,0.58,0.0147,16,0,1,CUST010447,0,0.10158425221172963,0.035599081696175476,0,Low Risk
25,6,France,658,83171.23,1,1,149315.39,-0.3124,1.28,0.4621,10,0,1,CUST002237,0,0.33442134102750104,0.44321810132940187,0,Medium Risk
56,13,Germany,740,99159.49,1,1,123830.4,0.0217,0.12,0.5051,14,4,1,CUST003355,0,0.31743309134668407,0.22133965273403433,0,Medium Risk
42,2,France,690,212824.05,2,1,115648.63,-0.0358,1.82,0.5326,16,2,1,CUST009505,0,0.2866206045015985,0.32439392281027735,0,Low Risk
29,10,Germany,708,95734.9,1,1,124657.22,-0.1723,0.45,0.2316,11,2,0,CUST010121,0,0.25454062141103256,0.3955229694655052,0,Low Risk
26,12,India,501,141373.67,1,0,92885.39,-0.1082,0.26,0.3081,13,2,1,CUST003871,0,0.08952195867869586,0.1607688785941239,0,Low Risk
48,14,India,725,116147.06,1,0,63579.04,0.062,0.11,0.1903,11,2,0,CUST007967,0,0.10676025342435763,0.1689183767322878,0,Low Risk
44,13,France,528,22448.11,1,1,67159.85,-0.2047,0.02,0.4961,14,8,1,CUST007259,1,0.3691137700780585,0.5542352124550634,0,Medium Risk
71,5,India,751,115400.73,4,1,57350.95,0.2888,2.03,0.4636,19,1,1,CUST002212,0,0.3467491660092517,0.2552248855285524,0,Medium Risk
71,4,India,693,79481.12,3,0,75071.04,0.1823,0.24,0.1177,20,2,0,CUST005742,0,0.16945097543066712,0.2112230953612476,0,Low Risk
47,4,India,580,104289.8,2,1,147163.23,0.0349,0.87,0.246,8,5,0,CUST003960,0,0.3891893697119814,0.6345100051223688,0,Medium Risk
27,7,USA,611,86448.25,1,1,19901.48,0.1222,0.16,0.4385,13,1,0,CUST004747,0,0.07621859187884618,0.11632081579398366,0,Low Risk
35,14,France,577,33861.21,1,1,77799.12,0.1076,1.13,0.4554,8,0,1,CUST004351,0,0.1680881870240458,0.31839488201159954,0,Low Risk
74,7,India,736,122440.92,2,1,151504.01,0.2278,1.83,0.3821,9,0,0,CUST002245,0,0.32501137415837744,0.5426819699029642,0,Medium Risk
36,2,Germany,784,113559.11,2,1,54135.29,0.6269,0.19,0.4435,6,1,1,CUST008187,0,0.17823937204662293,0.03588524686698586,0,Low Risk
43,3,India,675,71205.09,1,1,61766.83,0.2565,3.37,0.1477,13,3,1,CUST006718,1,0.69250071205829,0.9054700597774272,1,High Risk
58,14,USA,755,78584.5,2,1,119093.7,0.0235,0.01,0.6533,9,0,1,CUST007925,0,0.06373031500759484,0.0640659860329463,0,Low Risk
19,4,India,614,189475.82,4,1,182997.38,0.0242,3.14,0.4746,15,0,0,CUST004529,0,0.5498442541502224,0.469915377079277,1,Medium Risk
61,0,India,553,66245.38,4,1,69627.11,0.6013,1.08,0.4098,15,0,1,CUST007630,0,0.25980778401625737,0.11439103557918054,0,Low Risk
30,6,USA,829,2902.48,2,1,116302.55,0.006,0.66,0.7766,12,3,1,CUST001003,0,0.16768385242915188,0.13085929146207517,0,Low Risk
38,3,France,645,151340.04,1,1,83775.15,0.0521,0.85,0.3041,9,1,1,CUST007273,0,0.1331595037733831,0.2637847554079236,0,Low Risk
56,9,France,608,81277.83,2,1,21336.58,0.0504,4.09,0.7873,15,1,0,CUST005370,0,0.7943617858327552,0.9327819824986003,1,High Risk
39,2,Germany,512,13781.83,2,1,90489.0,0.029,0.27,0.6267,13,0,0,CUST005473,0,0.14765843140660434,0.3004554353498886,0,Low Risk
30,2,Germany,618,29216.96,1,1,111571.95,0.2879,0.08,0.5197,16,0,0,CUST009405,0,0.11251170784466896,0.12697432117889768,0,Low Risk
26,12,USA,600,230710.51,1,1,152791.68,0.357,0.32,0.1909,16,3,1,CUST010237,0,0.08591536901920532,0.04700151436469366,0,Low Risk
63,9,USA,613,114009.09,1,0,106163.99,0.0739,0.46,0.5851,9,1,1,CUST000630,0,0.07833948035211327,0.21495809719843995,0,Low Risk
57,3,USA,642,52117.66,2,1,133621.15,-0.2219,0.23,0.665,16,1,1,CUST005136,0,0.1578845751223022,0.2284537946066032,0,Low Risk
55,1,India,582,99355.05,2,0,131684.37,0.0626,0.41,0.8539,10,1,1,CUST002273,0,0.08112520457474189,0.1388669802004343,0,Low Risk
47,10,France,779,51517.18,2,0,101525.11,0.564,1.34,0.5331,17,0,0,CUST004795,0,0.1845047967467412,0.10051483391939928,0,Low Risk
72,6,France,650,251230.97,2,1,54678.67,0.4225,0.33,0.1508,10,4,1,CUST008351,0,0.14024221254504496,0.14063573037980862,0,Low Risk
31,9,India,678,96549.06,1,1,95554.82,-0.1213,0.25,0.6254,7,3,1,CUST005379,0,0.12349396487007239,0.16679985167543768,0,Low Risk
39,5,USA,572,102646.26,2,1,125228.82,-0.1113,0.33,0.306,19,0,0,CUST001480,0,0.18178119052093764,0.1994037128908595,0,Low Risk
22,4,India,702,93475.63,3,1,18000.0,-0.0887,0.05,0.4495,11,1,1,CUST004441,0,0.07908294009583808,0.05149596548514934,0,Low Risk
70,14,India,619,73103.96,1,0,84160.57,-0.1804,1.09,0.0554,7,6,1,CUST004751,0,0.7377420894538157,0.8703266999570527,1,High Risk
34,0,France,685,145481.44,4,1,75271.27,0.0618,0.73,0.3016,13,0,0,CUST007319,0,0.15223784533480228,0.1099849097899217,0,Low Risk
52,6,India,752,220903.92,1,1,216693.48,0.2581,0.16,0.6435,13,0,0,CUST008001,0,0.0933589880721848,0.03978615728447686,0,Low Risk
38,3,India,586,115594.16,1,0,18000.0,0.3992,1.06,0.1945,9,5,1,CUST004914,0,0.3095025384395834,0.3784238138242199,0,Medium Risk
35,7,India,642,156205.57,1,1,132840.31,0.2122,0.15,0.6281,9,5,1,CUST007949,0,0.11165721193718442,0.09835653872862715,0,Low Risk
39,14,India,547,6134.37,1,1,127062.57,0.3579,2.19,0.2294,13,1,1,CUST006751,0,0.5977096922953585,0.6214527952442571,1,Medium Risk
57,14,USA,656,95020.52,4,0,195526.91,0.1848,2.59,0.1584,14,10,1,CUST001668,0,0.6869940172903664,0.8643722319747963,1,High Risk
33,8,Germany,497,78884.17,1,1,51266.31,-0.3574,1.69,0.1154,11,0,1,CUST009168,0,0.5602328445542739,0.8420290436178264,1,Medium Risk
19,11,Germany,581,160588.78,2,0,114362.87,-0.0685,0.81,0.7268,16,0,1,CUST000026,0,0.03542744378155118,0.07552464375143295,0,Low Risk
42,13,USA,693,43108.08,1,1,38002.85,0.4966,0.36,0.0443,9,1,0,CUST006006,0,0.1081953747404498,0.1581456224365685,0,Low Risk
27,10,India,609,28806.9,1,1,78555.82,0.2381,0.09,0.2688,16,4,1,CUST004150,0,0.186884013204632,0.13722946783174575,0,Low Risk
52,12,USA,515,52235.02,2,1,98954.58,-0.1078,0.11,0.5802,5,0,1,CUST003860,0,0.11447682001310878,0.216404569663387,0,Low Risk
33,5,India,600,24243.48,1,1,83008.96,-0.083,0.01,0.2268,12,2,0,CUST005552,0,0.24837431836776702,0.34574122953311975,0,Low Risk
64,5,USA,659,69525.19,1,0,93081.91,-0.1711,0.05,0.6232,14,6,0,CUST007008,0,0.4726648431919015,0.5067269448942935,0,Medium Risk
71,14,Germany,586,1837.02,1,0,176643.02,-0.353,0.93,0.4947,8,2,0,CUST005160,1,0.6534804941978497,0.8868374277786658,1,High Risk
23,8,France,729,118342.51,1,0,209190.23,-0.4853,0.28,0.5121,8,6,0,CUST010244,0,0.27409035961976747,0.47432008097435596,0,Low Risk
53,0,USA,776,175577.21,1,1,159873.07,-0.2235,0.27,0.318,16,0,1,CUST004987,0,0.19472603990752055,0.16285967565552298,0,Low Risk
36,14,India,829,58000.59,1,0,111249.47,-0.0478,1.16,0.5547,10,6,1,CUST006574,0,0.40092412505398534,0.3784615071382743,0,Medium Risk
66,14,India,641,70245.82,2,0,164262.07,0.5614,0.24,0.2077,10,4,1,CUST007567,0,0.16899292163868013,0.14511124811418158,0,Low Risk
43,0,Germany,645,120683.37,1,1,79732.89,0.3167,0.02,0.4508,12,4,1,CUST001437,0,0.13752977411530082,0.16168794927909036,0,Low Risk
50,4,USA,514,99670.94,1,1,151639.46,-0.0316,0.59,0.4033,9,0,0,CUST006585,0,0.3110556287177005,0.4521226055371751,0,Medium Risk
44,4,France,609,132765.76,4,1,84040.19,-0.3546,0.1,0.2429,12,0,1,CUST005303,0,0.10740241707325188,0.14892503892497505,0,Low Risk
59,5,USA,600,115994.7,2,1,67235.06,0.3318,0.08,0.4198,13,2,1,CUST009134,0,0.09350417821575663,0.09702537386756324,0,Low Risk
34,12,India,800,40396.33,2,0,140781.64,0.3855,0.15,0.4111,13,6,1,CUST005522,0,0.08473876035982186,0.06908470437323762,0,Low Risk
73,13,India,850,70994.45,2,1,192712.5,-0.1248,1.32,0.4496,11,1,1,CUST006782,0,0.3296666844511863,0.43769369249161183,0,Medium Risk
26,12,France,797,93588.68,1,1,99795.58,0.1511,0.07,0.4331,11,0,1,CUST003918,0,0.02999913396087374,0.03587788509150247,0,Low Risk
36,5,India,554,180362.35,2,0,131712.33,-0.2429,0.55,0.4404,11,0,0,CUST009357,0,0.19970421294225674,0.2205828253030811,0,Low Risk
69,11,USA,556,98836.29,1,0,173464.39,0.1802,0.36,0.5584,16,0,1,CUST006042,0,0.11100718503675612,0.15422130472692694,0,Low Risk
55,13,Germany,613,131541.52,1,1,48462.79,-0.3964,0.11,0.3938,13,2,0,CUST009215,0,0.3112374131094338,0.4866510924754504,0,Medium Risk
32,10,USA,713,45215.19,1,1,131081.84,0.0995,0.49,0.5851,10,0,0,CUST006321,0,0.034064281512425916,0.1397960082420296,0,Low Risk
65,1,USA,560,51381.37,2,0,147552.18,0.1677,0.2,0.3566,9,1,1,CUST000542,0,0.18392389293834172,0.2841290880218558,0,Low Risk
51,9,USA,493,2356.14,3,0,77977.62,0.2735,0.25,0.3695,9,2,1,CUST007697,0,0.18677582612517782,0.19682198975435652,0,Low Risk
63,7,India,592,56777.0,1,1,124039.7,-0.2703,0.02,0.4787,8,0,1,CUST003628,0,0.16898609815362697,0.3628021324840913,0,Low Risk
51,9,India,603,7637.92,2,1,114438.33,0.289,2.95,0.3217,11,1,0,CUST001721,0,0.7354659885887574,0.8657995737772587,1,High Risk
72,6,India,597,70278.08,2,1,142610.17,0.0364,0.05,0.5089,16,0,0,CUST005658,0,0.12630942804504297,0.21442361484994882,0,Low Risk
28,14,France,727,95133.27,2,0,135559.58,0.4635,0.8,0.3862,15,0,1,CUST001410,0,0.04620941852017006,0.033331741718990386,0,Low Risk
48,13,India,591,21243.34,2,0,90992.01,0.4638,1.5,0.1518,14,7,1,CUST010191,1,0.5137401091560863,0.5744765837306645,1,Medium Risk
35,1,USA,684,217025.47,2,1,84823.9,-0.0115,0.19,0.3188,18,2,1,CUST007566,0,0.12361248005470554,0.06295148532397819,0,Low Risk
68,11,India,736,106161.94,1,0,54386.33,0.254,0.2,0.2817,8,3,0,CUST008640,0,0.2296770937876982,0.24978125342994706,0,Low Risk
53,5,Germany,733,51807.09,1,1,187133.87,0.1757,0.47,0.6204,15,3,0,CUST004569,0,0.21183518946687976,0.3312522603165232,0,Low Risk
31,7,India,745,42889.52,2,1,167550.73,0.0455,1.73,0.3286,15,0,0,CUST010241,0,0.36192717880780095,0.4014156001638443,0,Medium Risk
39,8,India,823,31607.62,2,0,185866.78,0.4314,1.69,0.3331,8,5,0,CUST005811,0,0.23682692527078636,0.46584072562716844,0,Low Risk
66,2,USA,522,31767.9,1,1,81228.14,-0.1394,1.06,0.5417,9,4,1,CUST004602,0,0.7234443841080376,0.823401163817856,1,High Risk
35,0,India,526,82435.0,2,1,93686.15,0.0677,0.04,0.2921,10,0,1,CUST002553,0,0.12872773073600435,0.13741106115165325,0,Low Risk
24,0,Germany,813,101365.12,2,0,90246.37,-0.055,1.03,0.5109,13,7,1,CUST009111,0,0.30886200356109106,0.3911542105529464,0,Medium Risk
30,8,France,663,103150.64,1,1,159344.92,0.1236,0.17,0.3736,9,2,1,CUST007811,0,0.05362243875786685,0.11980963543506958,0,Low Risk
58,13,Germany,608,67154.1,2,1,113801.42,-0.0327,0.1,0.2168,11,4,0,CUST004145,0,0.36216232090560985,0.5129267432522393,0,Medium Risk
34,3,India,569,93711.6,1,0,18000.0,0.4593,0.07,0.2804,12,1,1,CUST007540,0,0.11325724321095647,0.06415969438452308,0,Low Risk
69,4,USA,559,30616.45,1,1,107295.68,0.0118,0.35,0.2422,13,0,1,CUST009715,0,0.31255164660115714,0.4622187361121436,0,Medium Risk
68,12,USA,706,148561.3,1,1,74491.07,0.3736,2.34,0.1459,15,6,1,CUST009902,0,0.47024756924145256,0.7578576639736467,0,Medium Risk
64,5,USA,458,41334.72,1,0,91548.13,-0.5053,0.23,0.3855,14,0,1,CUST006675,0,0.4307258053512186,0.6396475061335558,0,Medium Risk
40,10,India,678,79125.74,1,1,79054.88,-0.0705,0.17,0.2206,14,1,1,CUST009466,0,0.09919509814229512,0.16684898711506985,0,Low Risk
56,1,Germany,621,140651.95,1,1,114594.04,-0.1838,0.31,0.1921,13,3,0,CUST006218,0,0.38534018231864464,0.6369514617569242,0,Medium Risk
38,0,Germany,702,17918.44,2,1,130821.31,0.1159,0.16,0.4579,9,4,0,CUST008044,1,0.11339551679408875,0.37006986291623045,0,Low Risk
39,12,France,679,7713.44,2,1,78386.67,0.1187,0.12,0.4797,13,6,1,CUST002742,0,0.16769649390031158,0.2019170376323744,0,Low Risk
53,4,France,657,112066.8,4,1,71618.54,-0.3041,0.24,0.4369,14,0,1,CUST001649,0,0.14488715025613522,0.13660995724485459,0,Low Risk
64,5,India,842,83796.53,1,0,119428.54,0.3794,0.01,0.3635,11,1,1,CUST001704,0,0.064972787354598,0.06890856053587589,0,Low Risk
32,14,Germany,730,46748.24,1,0,117018.28,0.2508,0.49,0.2505,15,3,0,CUST002248,0,0.12950502920676665,0.22758251990841116,0,Low Risk
27,1,India,715,99614.51,2,0,174910.63,-0.0782,0.33,0.4735,11,3,1,CUST003546,0,0.13493493990459474,0.13872178249779737,0,Low Risk
32,10,Germany,732,41667.36,2,0,18000.0,-0.3176,0.35,0.6261,10,4,1,CUST005978,0,0.15599269671231566,0.30096610870429424,0,Low Risk
47,5,France,675,62093.76,1,1,126510.52,-0.0009,1.39,0.7154,14,4,1,CUST009091,0,0.6973134482344571,0.5185067718098666,1,High Risk
72,10,India,557,34543.77,3,1,93215.71,0.1791,0.23,0.485,9,0,1,CUST003756,0,0.14453081703114898,0.17359299856653665,0,Low Risk
23,7,USA,465,110133.48,2,1,59074.18,-0.299,0.41,0.1237,17,2,1,CUST003490,0,0.22258941727844328,0.3087814901838521,0,Low Risk
38,8,USA,600,38354.63,1,1,43067.7,-0.5358,0.14,0.1879,14,1,1,CUST006521,0,0.34742177854750744,0.4714739480687422,0,Medium Risk
35,9,Germany,557,5037.29,1,0,62644.39,0.0183,0.26,0.6483,12,7,0,CUST005602,0,0.25676210296684276,0.5564935281720116,0,Low Risk
73,9,India,656,64509.95,1,1,126812.45,0.3411,0.61,0.4531,11,2,1,CUST000595,0,0.17699253691977992,0.2768119188276444,0,Low Risk
42,8,USA,692,63126.04,2,0,84904.3,0.4637,0.26,0.7877,11,2,1,CUST003039,0,0.03603244883715077,0.03563851237462654,0,Low Risk
34,1,USA,632,114007.63,1,1,205200.28,-0.1308,0.07,0.8753,13,2,1,CUST008557,0,0.14437934448018727,0.10783593875385024,0,Low Risk
71,7,India,761,48041.54,2,1,53926.13,0.0436,1.07,0.1084,10,1,0,CUST004544,0,0.35250583921104145,0.6032132563288413,0,Medium Risk
40,9,Germany,742,19116.48,4,0,131720.61,-0.2045,1.3,0.1501,14,10,1,CUST004218,0,0.6017622479837075,0.8104814240471403,1,High Risk
37,6,India,584,114145.84,1,1,85012.15,0.0006,0.61,0.2524,9,4,0,CUST003023,0,0.4133712736780329,0.48636239724449704,0,Medium Risk
35,14,India,539,117342.02,1,1,129893.16,0.4723,0.2,0.5684,11,1,1,CUST006799,0,0.046735175952250484,0.04061703973877806,0,Low Risk
36,5,Germany,625,84496.02,3,1,52528.62,-0.006,0.58,0.3915,7,1,1,CUST006126,0,0.23933146246200074,0.23202601218527552,0,Low Risk
40,14,France,577,24039.06,1,1,24849.63,0.1847,0.75,0.2402,11,8,0,CUST007928,0,0.37944267084126954,0.6827445381727686,0,Medium Risk
38,13,USA,718,6239.8,1,1,126931.79,0.325,1.46,0.4271,10,4,1,CUST008514,0,0.24673470273061948,0.41627649038556547,0,Low Risk
51,1,India,593,75304.98,2,1,71437.36,-0.0283,3.47,0.4027,10,3,1,CUST009634,1,0.8600023669116813,0.9509928268490278,1,High Risk
24,1,France,501,29689.36,2,1,39960.06,-0.2993,1.82,0.65,7,7,0,CUST000313,0,0.6999258931286936,0.9163625327056907,1,High Risk
31,1,India,720,224075.38,2,1,117914.43,0.0893,0.42,0.4201,11,4,0,CUST005193,0,0.08287155927556986,0.11553747759497882,0,Low Risk
28,9,France,582,212361.18,2,1,69676.91,0.2311,0.25,0.3948,12,0,1,CUST005829,0,0.03311930463837665,0.03094088482650793,0,Low Risk
60,3,USA,673,41197.5,1,1,174263.43,0.0364,0.35,0.2319,5,2,0,CUST003297,0,0.38591996105024884,0.5815080152214582,0,Medium Risk
55,6,India,612,112335.43,1,0,146596.74,0.0924,0.34,0.1098,12,0,1,CUST007491,0,0.08540834912641787,0.22847061031283694,0,Low Risk
22,14,Germany,528,101068.32,3,1,124492.27,0.4779,0.66,0.3724,10,11,1,CUST003634,0,0.2559352887165775,0.2951406941261794,0,Low Risk
70,1,India,578,153367.57,3,1,162716.52,0.0861,0.2,0.482,10,0,1,CUST000708,0,0.15727726093769387,0.13329957484235727,0,Low Risk
50,8,Germany,578,43466.12,1,1,181411.71,-0.2428,0.62,0.3154,10,4,1,CUST002566,0,0.6504336655812236,0.7580919278617025,1,High Risk
65,10,India,794,6739.24,2,0,139409.43,-0.1634,0.17,0.6625,7,6,1,CUST008707,0,0.378247419015554,0.39429915120000586,0,Medium Risk
38,6,India,753,54244.05,1,1,112207.15,0.3123,0.97,0.5089,11,3,1,CUST009918,0,0.15403545144917133,0.1973590051039005,0,Low Risk
35,12,USA,740,126547.55,1,0,48105.78,0.0033,2.03,0.4364,16,8,1,CUST007887,0,0.6207444534168627,0.6431554430280183,1,High Risk
46,9,India,661,99549.53,2,1,116442.83,-0.1224,0.92,0.1924,8,2,1,CUST000751,0,0.3258601555956786,0.42883320447705264,0,Medium Risk
26,4,India,658,149610.51,2,1,120509.29,0.1265,1.18,0.5771,12,2,1,CUST003362,0,0.10270193265182702,0.13559876494846654,0,Low Risk
51,10,France,670,6968.49,1,0,185292.27,0.5555,0.09,0.023,11,0,1,CUST004535,0,0.17767096673956176,0.11542807127276163,0,Low Risk
74,8,USA,593,63664.13,2,1,118815.07,0.2385,0.69,0.577,10,2,1,CUST006872,0,0.1575170281412665,0.3132821558764762,0,Low Risk
57,14,USA,558,178516.87,4,0,83825.58,-0.1481,0.45,0.2221,19,3,0,CUST003345,0,0.20458881770005763,0.2024957152970593,0,Low Risk
39,14,India,601,73159.52,1,0,121535.13,-0.4172,0.0,0.4887,12,3,1,CUST002211,0,0.22193010456132087,0.2819626057526312,0,Low Risk
68,11,Germany,596,138026.47,1,1,99531.81,0.2249,1.06,0.3041,14,0,1,CUST009579,0,0.16971039049867212,0.37891559548608705,0,Low Risk
30,0,India,579,21228.53,4,1,62727.39,-0.0746,0.02,0.4744,8,3,0,CUST000929,0,0.18895587655652982,0.20905643738759494,0,Low Risk
72,6,India,751,67255.25,1,0,180816.79,0.3806,0.65,0.0624,12,4,0,CUST001161,0,0.28243339259112277,0.49657834083698527,0,Low Risk
62,8,USA,673,24570.87,1,0,149276.17,0.4647,0.85,0.3068,10,2,1,CUST001779,0,0.2975413753533627,0.31087603048976087,0,Low Risk
34,9,France,551,80989.49,3,1,44291.29,-0.4706,0.2,0.4735,11,1,1,CUST010222,0,0.23965908122435262,0.23334685000159122,0,Low Risk
74,14,Germany,654,111845.45,1,0,100434.93,-0.0157,1.56,0.1407,12,2,1,CUST007816,1,0.4930335480838768,0.7783161617741337,0,Medium Risk
70,2,Germany,576,154332.89,1,0,67696.5,0.1379,0.55,0.2012,12,2,0,CUST000014,0,0.1981870131130104,0.5680550558073836,0,Low Risk
38,0,India,608,90923.92,3,1,18000.0,-0.1941,2.73,0.4051,17,2,0,CUST001415,0,0.7867693088761984,0.8336299739084764,1,High Risk
36,11,USA,513,181591.25,2,1,163603.61,0.2255,0.72,0.4484,15,0,0,CUST003921,0,0.09684149510584383,0.0979319052605562,0,Low Risk
73,4,USA,726,85594.98,2,1,213485.57,0.2789,1.06,0.6608,11,3,1,CUST008996,0,0.31882183232771244,0.3188232022620763,0,Medium Risk
68,8,USA,595,80560.47,1,1,118601.3,0.1402,0.54,0.5451,11,0,0,CUST009380,0,0.0932220831392262,0.3282492998932364,0,Low Risk
47,3,France,551,150903.8,1,1,186587.47,0.65,0.68,0.0204,15,5,0,CUST010295,0,0.28616090382687814,0.3263661449754327,0,Low Risk
69,2,France,738,116854.69,2,1,130073.37,0.0717,0.29,0.3718,13,7,0,CUST009258,0,0.16222177321203038,0.49236304489339366,0,Low Risk
63,4,India,844,119102.73,1,1,125821.07,-0.0782,0.11,0.3972,11,1,0,CUST002564,0,0.1806014315707568,0.21377581163141146,0,Low Risk
21,2,France,480,140624.55,1,0,201255.45,-0.0467,1.09,0.6461,17,0,0,CUST004846,0,0.20112551826077787,0.2610268116512649,0,Low Risk
72,8,France,721,161773.75,3,0,67643.24,-0.2519,1.25,0.5983,11,0,1,CUST005569,0,0.2967256047697948,0.3151573648589145,0,Low Risk
26,0,India,694,1502.24,1,1,75378.45,-0.2604,0.01,0.2604,10,0,0,CUST005907,0,0.28225007936834595,0.32303935337155926,0,Low Risk
49,14,USA,648,146561.8,1,1,53166.2,0.2045,0.15,0.5832,15,2,1,CUST002538,0,0.07463000843095018,0.058947236921177086,0,Low Risk
55,6,India,580,12724.35,3,0,143044.93,0.1248,0.06,0.474,11,0,0,CUST008898,0,0.09671077091884368,0.16340942980933107,0,Low Risk
25,14,India,488,140812.77,2,1,115061.38,-0.175,0.45,0.2097,12,3,1,CUST000938,0,0.13060897419442624,0.23652849588145652,0,Low Risk
70,4,India,642,125725.86,1,1,56136.03,0.0381,0.07,0.2226,10,9,0,CUST001687,0,0.5059180080878711,0.6904764175922631,1,Medium Risk
59,10,France,743,101941.68,3,0,64304.52,-0.0903,0.87,0.5632,10,0,0,CUST003133,0,0.1829390238709849,0.22405733954191695,0,Low Risk
56,4,Germany,735,105118.43,2,1,50123.16,0.2882,0.05,0.1469,12,0,1,CUST006513,0,0.07005647926530373,0.10901499855620392,0,Low Risk
70,8,USA,624,156447.1,1,1,122967.11,-0.2157,0.36,0.5492,4,2,1,CUST007431,0,0.21966032232859803,0.42022226534748447,0,Low Risk
71,2,India,547,148936.48,3,1,18000.0,0.3365,0.82,0.5491,20,4,1,CUST006152,0,0.19006053264348194,0.18787614041050682,0,Low Risk
58,3,USA,620,25150.49,3,1,129994.39,0.33,0.15,0.039,9,6,1,CUST004947,1,0.18527765436952515,0.38436230126968224,0,Low Risk
56,1,India,568,21724.96,2,0,85505.5,-0.2278,0.47,0.4007,8,1,1,CUST010312,0,0.20378125596272523,0.5168652921421658,0,Low Risk
33,6,USA,595,84347.67,2,1,142162.74,-0.05,0.46,0.5591,15,1,0,CUST008529,0,0.0981069561604303,0.1794401335615692,0,Low Risk
22,5,Germany,610,44317.43,2,1,185078.15,-0.3213,0.55,0.4296,6,4,1,CUST005663,0,0.31548186696513814,0.5610245354931979,0,Medium Risk
18,1,USA,627,42216.62,1,0,46419.2,-0.1134,0.13,0.5795,17,0,1,CUST010038,0,0.113086509490287,0.08702434993451119,0,Low Risk
32,3,France,714,73441.34,1,1,125059.01,0.2927,0.37,0.6336,3,0,0,CUST003579,0,0.08029868042582995,0.11629990364001504,0,Low Risk
53,3,India,627,96481.31,3,1,117891.55,-0.0071,1.56,0.3165,14,6,1,CUST005180,1,0.7100587818727603,0.6713780199378049,1,High Risk
70,14,France,701,58955.77,2,1,148564.77,-0.0345,0.32,0.3121,14,1,1,CUST010435,0,0.1855605935884504,0.2511251498892889,0,Low Risk
55,5,France,690,93949.34,2,1,81073.54,-0.1985,0.24,0.1261,14,0,0,CUST001323,0,0.18753284745060386,0.33563271949325735,0,Low Risk
44,9,Germany,583,107713.97,1,1,18000.0,-0.1856,0.94,0.4061,11,7,0,CUST007368,0,0.5870761186893475,0.8131820542075778,1,Medium Risk
64,13,USA,604,57154.52,2,0,41266.04,-0.1846,0.15,0.0889,10,8,1,CUST003209,0,0.47594350608602143,0.6787459665689556,0,Medium Risk
42,4,France,683,123190.56,2,1,67903.06,-0.3582,1.64,0.2012,15,2,0,CUST002613,0,0.6960805792090754,0.7417374193220744,1,High Risk
32,1,India,709,5021.22,2,1,196394.0,-0.2791,0.42,0.1742,17,0,0,CUST007548,0,0.29020532738862853,0.3686584915588997,0,Low Risk
46,5,Germany,736,91459.17,1,0,134709.54,-0.0222,1.49,0.4415,14,1,1,CUST008700,0,0.43652392494980674,0.49378098007169885,0,Medium Risk
62,9,India,597,92332.88,2,1,99282.72,0.0565,2.63,0.1432,16,0,0,CUST007721,0,0.7895604261285059,0.842428749499342,1,High Risk
33,5,India,752,131929.06,2,1,81148.58,0.2083,0.84,0.5059,13,0,0,CUST008157,0,0.04874311855480688,0.08261560209133617,0,Low Risk
20,11,India,531,27841.81,1,1,97497.14,0.2883,0.72,0.5272,12,1,1,CUST001026,0,0.13952399457619613,0.12706912796364958,0,Low Risk
25,14,USA,771,18401.38,1,1,93726.18,0.2127,0.05,0.323,10,2,0,CUST000390,0,0.08599325785246154,0.10070891065856484,0,Low Risk
47,3,Germany,622,82075.18,1,1,82322.05,0.2335,0.58,0.5631,9,8,1,CUST006459,0,0.2795593898008468,0.5406064039759537,0,Low Risk
70,14,India,656,110604.49,2,0,47175.34,0.3695,0.52,0.3811,9,6,1,CUST004320,0,0.16242876852916388,0.24822724195127657,0,Low Risk
21,0,India,557,130328.43,1,1,118216.04,0.4419,0.13,0.1841,11,1,1,CUST006639,0,0.12972592772982783,0.06456490155798175,0,Low Risk
36,1,Germany,700,14710.57,1,1,139376.58,0.0256,1.36,0.1385,8,8,0,CUST008751,0,0.697899717859865,0.924000925425374,1,High Risk
35,10,Germany,739,204299.32,4,0,69613.15,0.3504,0.72,0.3885,15,4,1,CUST008436,0,0.06948377772096671,0.042832652320782275,0,Low Risk
18,13,Germany,621,91740.52,1,1,24249.13,-0.2804,0.16,0.7006,13,4,1,CUST005489,0,0.207689106919122,0.19060176974493645,0,Low Risk
37,9,USA,780,56031.28,2,1,154437.32,0.2044,0.59,0.8071,13,0,1,CUST004781,0,0.023611164245939422,0.04380874299403081,0,Low Risk
59,4,India,763,127431.82,2,0,18000.0,0.065,0.05,0.2395,8,2,0,CUST005919,0,0.15607160836073394,0.18471075423238772,0,Low Risk
55,4,USA,603,51886.46,1,1,34307.57,0.2234,0.85,0.1789,10,11,1,CUST000753,0,0.5207980151090348,0.8214549573571246,1,Medium Risk
42,2,India,804,58822.11,2,0,143693.16,-0.1661,0.86,0.4296,12,2,0,CUST003004,0,0.2054972811934585,0.3763151280380234,0,Low Risk
48,12,USA,607,39145.94,1,0,194104.77,0.1641,0.65,0.7013,10,4,0,CUST010288,0,0.2388859138827406,0.36254508257257356,0,Low Risk
37,12,India,523,22981.2,1,1,160690.04,-0.0857,0.86,0.5726,4,3,1,CUST008482,0,0.4558325862169058,0.5419679997340635,0,Medium Risk
46,2,India,630,38531.9,2,1,195117.23,-0.1405,0.31,0.0439,9,1,0,CUST004607,0,0.22310940409897803,0.5234444941623864,0,Low Risk
65,11,USA,624,19834.57,1,1,18000.0,-0.0192,1.98,0.4983,7,1,1,CUST010197,1,0.6993512965418713,0.7987092732482841,1,High Risk
28,1,USA,670,20623.17,3,1,122019.31,0.2997,3.58,0.2466,14,0,0,CUST000303,0,0.7207570383135865,0.8239652816826174,1,High Risk
65,13,USA,536,19172.38,1,0,127814.14,0.5507,1.37,0.242,9,8,1,CUST005118,1,0.5371165399756973,0.7611629181030876,1,Medium Risk
43,4,India,570,40601.92,2,1,206581.4,-0.0664,1.52,0.5397,15,0,1,CUST007440,0,0.37884207340886766,0.4679490484239266,0,Medium Risk
46,5,France,579,183005.44,1,1,104315.13,-0.0339,0.49,0.5535,10,0,1,CUST007546,0,0.06599233714597574,0.15840247965403803,0,Low Risk
39,6,USA,754,1122.8,1,1,77865.26,0.0643,0.5,0.3465,12,1,0,CUST006526,0,0.1164748860356941,0.2912759925735385,0,Low Risk
20,12,France,588,61228.22,1,1,71237.5,0.1321,0.05,0.4923,15,0,1,CUST002938,0,0.08516070312974255,0.05100731746335359,0,Low Risk
56,3,USA,794,56850.91,2,1,68396.17,-0.0199,1.86,0.7739,8,0,0,CUST005669,0,0.4425022138222234,0.5215468518583627,0,Medium Risk
33,12,Germany,594,103640.94,2,1,119349.42,-0.2368,0.04,0.3708,10,0,1,CUST000828,0,0.10178356423493272,0.16716760225165592,0,Low Risk
61,2,India,511,45789.59,2,1,163157.51,-0.015,1.2,0.6595,15,2,1,CUST009359,0,0.32547592485936766,0.5540675044135899,0,Medium Risk
43,10,USA,634,57827.17,1,1,63103.55,-0.3816,0.53,0.7056,19,0,0,CUST006181,0,0.22253842173947738,0.2934693389397699,0,Low Risk
71,11,USA,649,25134.74,1,1,18000.0,0.226,2.94,0.4272,13,4,0,CUST000435,1,0.7524124471258798,0.9412259206271353,1,High Risk
62,13,France,582,18207.31,3,1,137636.25,-0.0123,0.91,0.394,16,5,0,CUST010159,0,0.44616708900668967,0.6317306466268118,0,Medium Risk
69,6,France,714,144486.23,3,0,154624.5,0.2871,0.12,0.0915,17,3,0,CUST001071,0,0.1393202537415519,0.14996173113720848,0,Low Risk
30,0,India,595,99912.73,2,1,135378.55,0.1956,0.91,0.6908,17,0,1,CUST004058,0,0.1063713178071757,0.08697213673738462,0,Low Risk
29,3,USA,658,8298.12,2,0,114337.07,0.2048,0.31,0.27,6,1,1,CUST003235,0,0.07740302456302789,0.15802957636291634,0,Low Risk
45,7,USA,628,114624.89,1,1,138109.02,-0.227,0.32,0.4518,11,4,1,CUST009836,0,0.2899554960473506,0.37392827831464476,0,Low Risk
53,10,USA,576,40065.55,1,1,150454.44,0.3474,0.29,0.3281,8,6,0,CUST002871,0,0.2936384013558898,0.4767687426367279,0,Low Risk
70,13,France,525,4191.46,1,1,92729.07,-0.1423,0.33,0.3418,13,2,1,CUST005797,0,0.33093333950192205,0.6015538208534938,0,Medium Risk
19,5,India,727,36093.28,1,1,261656.38,-0.1565,0.19,0.2428,10,6,1,CUST004169,0,0.3156157496007845,0.3711898469571231,0,Medium Risk
36,3,India,652,145525.14,1,1,99761.57,0.1404,1.33,0.5602,14,8,1,CUST008022,0,0.46181907979146475,0.4771851364990096,0,Medium Risk
51,3,Germany,574,33755.75,2,1,18000.0,-0.0927,3.12,0.2346,13,8,1,CUST008431,1,0.8615409636668603,0.9868175124632345,1,High Risk
40,12,USA,836,89328.31,1,1,133145.68,-0.0797,0.9,0.4804,14,0,1,CUST000251,0,0.15553873780473432,0.1435770947780602,0,Low Risk
71,7,India,535,48489.92,1,1,84577.59,-0.1603,3.86,0.4759,16,1,1,CUST007661,1,0.8565672890984647,0.980338445178577,1,High Risk
44,9,France,732,42448.1,1,1,74012.24,0.049,0.32,0.7583,16,0,0,CUST002696,0,0.05837404022219225,0.11197469510616631,0,Low Risk
32,4,India,656,69436.51,1,0,67008.87,0.2761,0.63,0.1692,12,1,1,CUST005111,0,0.15590275012234892,0.1626322049423077,0,Low Risk
72,5,India,643,124260.79,3,0,97044.98,-0.1565,0.86,0.0889,13,4,0,CUST000327,0,0.424553863011355,0.6749983202534782,0,Medium Risk
38,10,USA,611,81058.81,1,1,115026.63,-0.1604,0.39,0.3465,18,2,1,CUST006463,0,0.16180111290303678,0.24277086863331046,0,Low Risk
24,5,France,793,2356.84,2,1,187463.27,-0.2703,0.86,0.4236,14,2,1,CUST001795,0,0.23199325991862754,0.3230903299074373,0,Low Risk
58,12,India,599,123677.83,1,1,140062.0,-0.1209,0.58,0.3655,18,2,0,CUST005363,0,0.19849688612765973,0.39177900516707,0,Low Risk
26,10,India,584,132427.05,2,1,121616.92,0.0301,0.59,0.1824,7,8,0,CUST006200,0,0.2590026349245164,0.4984611153706474,0,Low Risk
34,14,India,537,18032.08,3,0,97466.8,-0.0177,0.38,0.1579,12,5,1,CUST009781,0,0.3124670465834083,0.322906567071491,0,Medium Risk
38,7,USA,715,75316.38,1,1,121893.01,-0.1903,0.27,0.1905,13,1,0,CUST004739,1,0.21006333140316258,0.31834671795821895,0,Low Risk
28,7,France,689,100296.58,1,1,40490.21,-0.0674,0.16,0.3518,17,1,1,CUST003192,0,0.10062321416311294,0.0977082674574499,0,Low Risk
30,7,USA,694,92233.02,1,1,63915.85,0.3065,0.25,0.3232,12,0,1,CUST001850,0,0.04305737577531202,0.05592318263993806,0,Low Risk
47,8,India,620,33759.49,2,1,165102.07,-0.471,0.84,0.3038,13,7,1,CUST004552,0,0.5437848155960991,0.8148538998489812,1,Medium Risk
63,11,India,625,48202.26,1,1,77885.46,0.1163,0.43,0.7361,11,0,1,CUST004117,0,0.10689798590726733,0.16600642759346507,0,Low Risk
28,14,USA,475,109907.38,1,1,41374.13,-0.4958,1.37,0.6143,9,0,1,CUST005605,0,0.4678150395081431,0.5404222248667442,0,Medium Risk
34,6,France,620,8249.1,3,0,158063.53,0.1979,0.1,0.1169,12,2,1,CUST006759,0,0.12812633910042479,0.1410337328372524,0,Low Risk
39,3,India,513,60994.15,2,0,87832.68,0.2316,1.27,0.4112,15,1,0,CUST001409,0,0.25053401759233035,0.3771199627764279,0,Low Risk
53,14,India,705,91308.63,1,1,143432.51,-0.041,0.04,0.5028,14,0,1,CUST002028,0,0.08964601697109911,0.0908379671632287,0,Low Risk
19,10,India,731,167309.41,2,1,126127.43,0.1353,1.08,0.084,14,0,1,CUST002841,0,0.10682795269815877,0.08233536752338988,0,Low Risk
58,2,Germany,670,14630.03,1,0,146247.66,0.0027,1.59,0.2334,13,7,1,CUST002294,1,0.7791416054593691,0.9228171150190039,1,High Risk
74,6,France,649,6143.12,3,1,179552.94,0.3853,0.49,0.2552,11,4,1,CUST009687,0,0.22756983707215508,0.37392212161033234,0,Low Risk
25,14,India,692,21086.44,2,1,80503.66,-0.2904,1.48,0.17,14,3,1,CUST007436,0,0.4886622083366251,0.579350867248447,0,Medium Risk
45,8,USA,672,131891.65,2,1,89741.29,0.5291,0.44,0.495,10,0,0,CUST009828,0,0.050814262249563785,0.04968335598374601,0,Low Risk
26,11,India,634,134336.47,1,1,46777.25,0.236,0.99,0.6208,8,0,1,CUST000162,0,0.059146939423999234,0.08272407133356384,0,Low Risk
73,10,France,707,32752.28,2,1,78941.83,-0.1479,1.29,0.3805,13,0,0,CUST003682,1,0.5323681337499223,0.6692499548519864,1,Medium Risk
70,9,India,582,69021.13,1,1,68895.79,0.3625,1.45,0.5388,13,2,0,CUST001461,0,0.3866427225859226,0.5507349256561347,0,Medium Risk
45,6,India,492,851.2,1,1,26387.53,0.2564,0.11,0.2833,8,1,0,CUST007210,0,0.25456178653646766,0.3377284786414233,0,Low Risk
72,13,France,540,93766.24,2,1,90726.67,0.1579,0.05,0.1577,12,3,1,CUST004204,0,0.17566438672774573,0.29901496340465433,0,Low Risk
35,0,Germany,577,127261.33,1,1,62762.32,0.0391,0.47,0.5255,9,0,1,CUST010111,0,0.13294371719897902,0.2172933375899562,0,Low Risk
67,1,India,577,84240.72,3,0,58952.88,-0.1932,0.44,0.0586,10,5,0,CUST001800,0,0.4461545656538322,0.7421623625339556,0,Medium Risk
30,4,France,704,158900.5,2,1,112422.02,-0.2168,1.72,0.132,8,0,1,CUST006266,0,0.45327387681356823,0.49179022341593576,0,Medium Risk
60,11,Germany,795,25338.64,2,1,138242.63,0.1021,0.94,0.5421,13,5,1,CUST007586,0,0.2192723741708542,0.46170954839597267,0,Low Risk
19,10,France,601,25630.44,1,1,157869.7,0.0092,0.36,0.4775,13,5,1,CUST007701,0,0.246162120219676,0.26169169350272453,0,Low Risk
